2026-07-30 17:57:24,521 | INFO     | __main__ | Starting Telegram Digital Product Sales Bot...
2026-07-30 18:27:16,304 | INFO     | __main__ | Starting Telegram Digital Product Sales Bot...
2026-07-30 18:27:17,252 | INFO     | __main__ | Starting Telegram Digital Product Sales Bot...
2026-07-30 18:29:02,552 | INFO     | __main__ | Starting Telegram Digital Product Sales Bot...
2026-07-30 18:29:02,562 | INFO     | app.database.bootstrap | Database tables ensured (create_all).
2026-07-30 18:29:02,569 | INFO     | app.database.bootstrap | Default settings seeded.
2026-07-30 18:29:05,862 | INFO     | __main__ | Bot is polling...
2026-07-30 18:29:05,863 | INFO     | aiogram.dispatcher | Start polling
2026-07-30 18:29:06,006 | INFO     | aiogram.dispatcher | Run polling for bot @Tenkyushopbot id=8591349938 - 'Tenkyu Shop'
2026-07-30 18:29:16,091 | INFO     | aiogram.event | Update id=883467172 is handled. Duration 664 ms by bot id=8591349938
2026-07-30 18:29:19,669 | INFO     | aiogram.event | Update id=883467173 is handled. Duration 244 ms by bot id=8591349938
2026-07-30 18:29:26,502 | INFO     | aiogram.event | Update id=883467174 is handled. Duration 239 ms by bot id=8591349938
2026-07-30 18:29:29,105 | INFO     | aiogram.event | Update id=883467175 is handled. Duration 221 ms by bot id=8591349938
2026-07-30 18:29:31,995 | INFO     | aiogram.event | Update id=883467176 is handled. Duration 522 ms by bot id=8591349938
2026-07-30 18:29:38,243 | ERROR    | app.middlewares.error_handling | Unhandled exception while processing update
Traceback (most recent call last):
  File "/Users/mehriddinmengturayev/Downloads/shopbot/app/middlewares/error_handling.py", line 33, in __call__
    return await handler(event, data)
           ^^^^^^^^^^^^^^^^^^^^^^^^^^
  File "/Users/mehriddinmengturayev/Downloads/shopbot/app/middlewares/throttling.py", line 40, in __call__
    return await handler(event, data)
           ^^^^^^^^^^^^^^^^^^^^^^^^^^
  File "/Users/mehriddinmengturayev/Downloads/shopbot/app/middlewares/db_session.py", line 27, in __call__
    return await handler(event, data)
           ^^^^^^^^^^^^^^^^^^^^^^^^^^
  File "/Users/mehriddinmengturayev/Downloads/shopbot/app/middlewares/user_context.py", line 41, in __call__
    return await handler(event, data)
           ^^^^^^^^^^^^^^^^^^^^^^^^^^
  File "/Users/mehriddinmengturayev/Downloads/shopbot/.venv/lib/python3.13/site-packages/aiogram/dispatcher/event/telegram.py", line 121, in trigger
    return await wrapped_inner(event, kwargs)
           ^^^^^^^^^^^^^^^^^^^^^^^^^^^^^^^^^^
  File "/Users/mehriddinmengturayev/Downloads/shopbot/.venv/lib/python3.13/site-packages/aiogram/dispatcher/event/handler.py", line 43, in call
    return await wrapped()
           ^^^^^^^^^^^^^^^
  File "/Users/mehriddinmengturayev/Downloads/shopbot/.venv/lib/python3.13/site-packages/aiogram/dispatcher/dispatcher.py", line 276, in _listen_update
    return await self.propagate_event(update_type=update_type, event=event, **kwargs)
           ^^^^^^^^^^^^^^^^^^^^^^^^^^^^^^^^^^^^^^^^^^^^^^^^^^^^^^^^^^^^^^^^^^^^^^^^^^
  File "/Users/mehriddinmengturayev/Downloads/shopbot/.venv/lib/python3.13/site-packages/aiogram/dispatcher/router.py", line 146, in propagate_event
    return await observer.wrap_outer_middleware(_wrapped, event=event, data=kwargs)
           ^^^^^^^^^^^^^^^^^^^^^^^^^^^^^^^^^^^^^^^^^^^^^^^^^^^^^^^^^^^^^^^^^^^^^^^^
  File "/Users/mehriddinmengturayev/Downloads/shopbot/.venv/lib/python3.13/site-packages/aiogram/dispatcher/router.py", line 141, in _wrapped
    return await self._propagate_event(
           ^^^^^^^^^^^^^^^^^^^^^^^^^^^^
        observer=observer, update_type=update_type, event=telegram_event, **data
        ^^^^^^^^^^^^^^^^^^^^^^^^^^^^^^^^^^^^^^^^^^^^^^^^^^^^^^^^^^^^^^^^^^^^^^^^
    )
    ^
  File "/Users/mehriddinmengturayev/Downloads/shopbot/.venv/lib/python3.13/site-packages/aiogram/dispatcher/router.py", line 174, in _propagate_event
    response = await router.propagate_event(update_type=update_type, event=event, **kwargs)
               ^^^^^^^^^^^^^^^^^^^^^^^^^^^^^^^^^^^^^^^^^^^^^^^^^^^^^^^^^^^^^^^^^^^^^^^^^^^^
  File "/Users/mehriddinmengturayev/Downloads/shopbot/.venv/lib/python3.13/site-packages/aiogram/dispatcher/router.py", line 146, in propagate_event
    return await observer.wrap_outer_middleware(_wrapped, event=event, data=kwargs)
           ^^^^^^^^^^^^^^^^^^^^^^^^^^^^^^^^^^^^^^^^^^^^^^^^^^^^^^^^^^^^^^^^^^^^^^^^
  File "/Users/mehriddinmengturayev/Downloads/shopbot/.venv/lib/python3.13/site-packages/aiogram/dispatcher/router.py", line 141, in _wrapped
    return await self._propagate_event(
           ^^^^^^^^^^^^^^^^^^^^^^^^^^^^
        observer=observer, update_type=update_type, event=telegram_event, **data
        ^^^^^^^^^^^^^^^^^^^^^^^^^^^^^^^^^^^^^^^^^^^^^^^^^^^^^^^^^^^^^^^^^^^^^^^^
    )
    ^
  File "/Users/mehriddinmengturayev/Downloads/shopbot/.venv/lib/python3.13/site-packages/aiogram/dispatcher/router.py", line 174, in _propagate_event
    response = await router.propagate_event(update_type=update_type, event=event, **kwargs)
               ^^^^^^^^^^^^^^^^^^^^^^^^^^^^^^^^^^^^^^^^^^^^^^^^^^^^^^^^^^^^^^^^^^^^^^^^^^^^
  File "/Users/mehriddinmengturayev/Downloads/shopbot/.venv/lib/python3.13/site-packages/aiogram/dispatcher/router.py", line 146, in propagate_event
    return await observer.wrap_outer_middleware(_wrapped, event=event, data=kwargs)
           ^^^^^^^^^^^^^^^^^^^^^^^^^^^^^^^^^^^^^^^^^^^^^^^^^^^^^^^^^^^^^^^^^^^^^^^^
  File "/Users/mehriddinmengturayev/Downloads/shopbot/.venv/lib/python3.13/site-packages/aiogram/dispatcher/router.py", line 141, in _wrapped
    return await self._propagate_event(
           ^^^^^^^^^^^^^^^^^^^^^^^^^^^^
        observer=observer, update_type=update_type, event=telegram_event, **data
        ^^^^^^^^^^^^^^^^^^^^^^^^^^^^^^^^^^^^^^^^^^^^^^^^^^^^^^^^^^^^^^^^^^^^^^^^
    )
    ^
  File "/Users/mehriddinmengturayev/Downloads/shopbot/.venv/lib/python3.13/site-packages/aiogram/dispatcher/router.py", line 166, in _propagate_event
    response = await observer.trigger(event, **kwargs)
               ^^^^^^^^^^^^^^^^^^^^^^^^^^^^^^^^^^^^^^^
  File "/Users/mehriddinmengturayev/Downloads/shopbot/.venv/lib/python3.13/site-packages/aiogram/dispatcher/event/telegram.py", line 121, in trigger
    return await wrapped_inner(event, kwargs)
           ^^^^^^^^^^^^^^^^^^^^^^^^^^^^^^^^^^
  File "/Users/mehriddinmengturayev/Downloads/shopbot/.venv/lib/python3.13/site-packages/aiogram/dispatcher/event/handler.py", line 43, in call
    return await wrapped()
           ^^^^^^^^^^^^^^^
  File "/Users/mehriddinmengturayev/Downloads/shopbot/app/handlers/user/reviews.py", line 42, in rate
    await callback.message.answer(" ", reply_markup=skip_review_text_kb(lang))
  File "/Users/mehriddinmengturayev/Downloads/shopbot/.venv/lib/python3.13/site-packages/aiogram/methods/base.py", line 84, in emit
    return await bot(self)
           ^^^^^^^^^^^^^^^
  File "/Users/mehriddinmengturayev/Downloads/shopbot/.venv/lib/python3.13/site-packages/aiogram/client/bot.py", line 494, in __call__
    return await self.session(self, method, timeout=request_timeout)
           ^^^^^^^^^^^^^^^^^^^^^^^^^^^^^^^^^^^^^^^^^^^^^^^^^^^^^^^^^
  File "/Users/mehriddinmengturayev/Downloads/shopbot/.venv/lib/python3.13/site-packages/aiogram/client/session/base.py", line 254, in __call__
    return cast(TelegramType, await middleware(bot, method))
                              ^^^^^^^^^^^^^^^^^^^^^^^^^^^^^
  File "/Users/mehriddinmengturayev/Downloads/shopbot/.venv/lib/python3.13/site-packages/aiogram/client/session/aiohttp.py", line 189, in make_request
    response = self.check_response(
        bot=bot, method=method, status_code=resp.status, content=raw_result
    )
  File "/Users/mehriddinmengturayev/Downloads/shopbot/.venv/lib/python3.13/site-packages/aiogram/client/session/base.py", line 120, in check_response
    raise TelegramBadRequest(method=method, message=description)
aiogram.exceptions.TelegramBadRequest: Telegram server says - Bad Request: text must be non-empty
2026-07-30 18:29:38,251 | INFO     | aiogram.event | Update id=883467177 is handled. Duration 472 ms by bot id=8591349938
2026-07-30 18:29:45,086 | INFO     | aiogram.event | Update id=883467178 is handled. Duration 257 ms by bot id=8591349938
2026-07-30 18:29:48,842 | INFO     | aiogram.event | Update id=883467179 is handled. Duration 452 ms by bot id=8591349938
2026-07-30 18:30:20,371 | INFO     | aiogram.event | Update id=883467180 is handled. Duration 660 ms by bot id=8591349938
2026-07-30 18:30:24,498 | INFO     | aiogram.event | Update id=883467181 is handled. Duration 169 ms by bot id=8591349938
2026-07-30 18:30:26,180 | INFO     | aiogram.event | Update id=883467182 is handled. Duration 188 ms by bot id=8591349938
2026-07-30 18:30:28,662 | INFO     | aiogram.event | Update id=883467183 is handled. Duration 522 ms by bot id=8591349938
2026-07-30 18:30:30,717 | INFO     | aiogram.event | Update id=883467184 is handled. Duration 202 ms by bot id=8591349938
2026-07-30 18:30:33,019 | INFO     | aiogram.event | Update id=883467185 is handled. Duration 611 ms by bot id=8591349938
2026-07-30 18:30:34,920 | INFO     | aiogram.event | Update id=883467186 is handled. Duration 209 ms by bot id=8591349938
2026-07-30 18:30:36,876 | INFO     | aiogram.event | Update id=883467187 is handled. Duration 524 ms by bot id=8591349938
2026-07-30 18:30:49,086 | INFO     | aiogram.event | Update id=883467188 is handled. Duration 239 ms by bot id=8591349938
2026-07-30 18:30:53,431 | INFO     | aiogram.event | Update id=883467189 is handled. Duration 178 ms by bot id=8591349938
2026-07-30 18:30:55,809 | INFO     | aiogram.event | Update id=883467190 is not handled. Duration 9 ms by bot id=8591349938
2026-07-30 18:31:00,959 | INFO     | aiogram.event | Update id=883467191 is not handled. Duration 9 ms by bot id=8591349938
2026-07-30 18:31:07,623 | INFO     | aiogram.event | Update id=883467192 is not handled. Duration 9 ms by bot id=8591349938
2026-07-30 18:31:12,376 | INFO     | aiogram.event | Update id=883467193 is handled. Duration 618 ms by bot id=8591349938
2026-07-30 18:31:15,727 | INFO     | aiogram.event | Update id=883467194 is not handled. Duration 6 ms by bot id=8591349938
2026-07-30 18:31:19,454 | INFO     | aiogram.event | Update id=883467195 is handled. Duration 250 ms by bot id=8591349938
2026-07-30 18:31:24,256 | INFO     | aiogram.event | Update id=883467196 is handled. Duration 264 ms by bot id=8591349938
2026-07-30 18:31:27,540 | INFO     | aiogram.event | Update id=883467197 is handled. Duration 251 ms by bot id=8591349938
2026-07-30 18:31:35,615 | INFO     | aiogram.event | Update id=883467198 is handled. Duration 260 ms by bot id=8591349938
2026-07-30 18:31:37,155 | INFO     | aiogram.event | Update id=883467199 is not handled. Duration 9 ms by bot id=8591349938
2026-07-30 18:32:33,653 | INFO     | aiogram.event | Update id=883467200 is handled. Duration 523 ms by bot id=8591349938
2026-07-30 18:32:37,334 | INFO     | aiogram.event | Update id=883467201 is handled. Duration 202 ms by bot id=8591349938
2026-07-30 18:32:58,350 | ERROR    | app.middlewares.error_handling | Unhandled exception while processing update
Traceback (most recent call last):
  File "/Users/mehriddinmengturayev/Downloads/shopbot/app/middlewares/error_handling.py", line 33, in __call__
    return await handler(event, data)
           ^^^^^^^^^^^^^^^^^^^^^^^^^^
  File "/Users/mehriddinmengturayev/Downloads/shopbot/app/middlewares/throttling.py", line 40, in __call__
    return await handler(event, data)
           ^^^^^^^^^^^^^^^^^^^^^^^^^^
  File "/Users/mehriddinmengturayev/Downloads/shopbot/app/middlewares/db_session.py", line 27, in __call__
    return await handler(event, data)
           ^^^^^^^^^^^^^^^^^^^^^^^^^^
  File "/Users/mehriddinmengturayev/Downloads/shopbot/app/middlewares/user_context.py", line 41, in __call__
    return await handler(event, data)
           ^^^^^^^^^^^^^^^^^^^^^^^^^^
  File "/Users/mehriddinmengturayev/Downloads/shopbot/.venv/lib/python3.13/site-packages/aiogram/dispatcher/event/telegram.py", line 121, in trigger
    return await wrapped_inner(event, kwargs)
           ^^^^^^^^^^^^^^^^^^^^^^^^^^^^^^^^^^
  File "/Users/mehriddinmengturayev/Downloads/shopbot/.venv/lib/python3.13/site-packages/aiogram/dispatcher/event/handler.py", line 43, in call
    return await wrapped()
           ^^^^^^^^^^^^^^^
  File "/Users/mehriddinmengturayev/Downloads/shopbot/.venv/lib/python3.13/site-packages/aiogram/dispatcher/dispatcher.py", line 276, in _listen_update
    return await self.propagate_event(update_type=update_type, event=event, **kwargs)
           ^^^^^^^^^^^^^^^^^^^^^^^^^^^^^^^^^^^^^^^^^^^^^^^^^^^^^^^^^^^^^^^^^^^^^^^^^^
  File "/Users/mehriddinmengturayev/Downloads/shopbot/.venv/lib/python3.13/site-packages/aiogram/dispatcher/router.py", line 146, in propagate_event
    return await observer.wrap_outer_middleware(_wrapped, event=event, data=kwargs)
           ^^^^^^^^^^^^^^^^^^^^^^^^^^^^^^^^^^^^^^^^^^^^^^^^^^^^^^^^^^^^^^^^^^^^^^^^
  File "/Users/mehriddinmengturayev/Downloads/shopbot/.venv/lib/python3.13/site-packages/aiogram/dispatcher/router.py", line 141, in _wrapped
    return await self._propagate_event(
           ^^^^^^^^^^^^^^^^^^^^^^^^^^^^
        observer=observer, update_type=update_type, event=telegram_event, **data
        ^^^^^^^^^^^^^^^^^^^^^^^^^^^^^^^^^^^^^^^^^^^^^^^^^^^^^^^^^^^^^^^^^^^^^^^^
    )
    ^
  File "/Users/mehriddinmengturayev/Downloads/shopbot/.venv/lib/python3.13/site-packages/aiogram/dispatcher/router.py", line 174, in _propagate_event
    response = await router.propagate_event(update_type=update_type, event=event, **kwargs)
               ^^^^^^^^^^^^^^^^^^^^^^^^^^^^^^^^^^^^^^^^^^^^^^^^^^^^^^^^^^^^^^^^^^^^^^^^^^^^
  File "/Users/mehriddinmengturayev/Downloads/shopbot/.venv/lib/python3.13/site-packages/aiogram/dispatcher/router.py", line 146, in propagate_event
    return await observer.wrap_outer_middleware(_wrapped, event=event, data=kwargs)
           ^^^^^^^^^^^^^^^^^^^^^^^^^^^^^^^^^^^^^^^^^^^^^^^^^^^^^^^^^^^^^^^^^^^^^^^^
  File "/Users/mehriddinmengturayev/Downloads/shopbot/.venv/lib/python3.13/site-packages/aiogram/dispatcher/router.py", line 141, in _wrapped
    return await self._propagate_event(
           ^^^^^^^^^^^^^^^^^^^^^^^^^^^^
        observer=observer, update_type=update_type, event=telegram_event, **data
        ^^^^^^^^^^^^^^^^^^^^^^^^^^^^^^^^^^^^^^^^^^^^^^^^^^^^^^^^^^^^^^^^^^^^^^^^
    )
    ^
  File "/Users/mehriddinmengturayev/Downloads/shopbot/.venv/lib/python3.13/site-packages/aiogram/dispatcher/router.py", line 174, in _propagate_event
    response = await router.propagate_event(update_type=update_type, event=event, **kwargs)
               ^^^^^^^^^^^^^^^^^^^^^^^^^^^^^^^^^^^^^^^^^^^^^^^^^^^^^^^^^^^^^^^^^^^^^^^^^^^^
  File "/Users/mehriddinmengturayev/Downloads/shopbot/.venv/lib/python3.13/site-packages/aiogram/dispatcher/router.py", line 146, in propagate_event
    return await observer.wrap_outer_middleware(_wrapped, event=event, data=kwargs)
           ^^^^^^^^^^^^^^^^^^^^^^^^^^^^^^^^^^^^^^^^^^^^^^^^^^^^^^^^^^^^^^^^^^^^^^^^
  File "/Users/mehriddinmengturayev/Downloads/shopbot/.venv/lib/python3.13/site-packages/aiogram/dispatcher/router.py", line 141, in _wrapped
    return await self._propagate_event(
           ^^^^^^^^^^^^^^^^^^^^^^^^^^^^
        observer=observer, update_type=update_type, event=telegram_event, **data
        ^^^^^^^^^^^^^^^^^^^^^^^^^^^^^^^^^^^^^^^^^^^^^^^^^^^^^^^^^^^^^^^^^^^^^^^^
    )
    ^
  File "/Users/mehriddinmengturayev/Downloads/shopbot/.venv/lib/python3.13/site-packages/aiogram/dispatcher/router.py", line 166, in _propagate_event
    response = await observer.trigger(event, **kwargs)
               ^^^^^^^^^^^^^^^^^^^^^^^^^^^^^^^^^^^^^^^
  File "/Users/mehriddinmengturayev/Downloads/shopbot/.venv/lib/python3.13/site-packages/aiogram/dispatcher/event/telegram.py", line 121, in trigger
    return await wrapped_inner(event, kwargs)
           ^^^^^^^^^^^^^^^^^^^^^^^^^^^^^^^^^^
  File "/Users/mehriddinmengturayev/Downloads/shopbot/.venv/lib/python3.13/site-packages/aiogram/dispatcher/event/handler.py", line 43, in call
    return await wrapped()
           ^^^^^^^^^^^^^^^
  File "/Users/mehriddinmengturayev/Downloads/shopbot/app/handlers/admin/settings.py", line 50, in settings_toggle
    await callback.message.edit_reply_markup(reply_markup=admin_settings_menu_kb())
  File "/Users/mehriddinmengturayev/Downloads/shopbot/.venv/lib/python3.13/site-packages/aiogram/methods/base.py", line 84, in emit
    return await bot(self)
           ^^^^^^^^^^^^^^^
  File "/Users/mehriddinmengturayev/Downloads/shopbot/.venv/lib/python3.13/site-packages/aiogram/client/bot.py", line 494, in __call__
    return await self.session(self, method, timeout=request_timeout)
           ^^^^^^^^^^^^^^^^^^^^^^^^^^^^^^^^^^^^^^^^^^^^^^^^^^^^^^^^^
  File "/Users/mehriddinmengturayev/Downloads/shopbot/.venv/lib/python3.13/site-packages/aiogram/client/session/base.py", line 254, in __call__
    return cast(TelegramType, await middleware(bot, method))
                              ^^^^^^^^^^^^^^^^^^^^^^^^^^^^^
  File "/Users/mehriddinmengturayev/Downloads/shopbot/.venv/lib/python3.13/site-packages/aiogram/client/session/aiohttp.py", line 189, in make_request
    response = self.check_response(
        bot=bot, method=method, status_code=resp.status, content=raw_result
    )
  File "/Users/mehriddinmengturayev/Downloads/shopbot/.venv/lib/python3.13/site-packages/aiogram/client/session/base.py", line 120, in check_response
    raise TelegramBadRequest(method=method, message=description)
aiogram.exceptions.TelegramBadRequest: Telegram server says - Bad Request: message is not modified: specified new message content and reply markup are exactly the same as a current content and reply markup of the message
2026-07-30 18:32:58,359 | INFO     | aiogram.event | Update id=883467202 is handled. Duration 937 ms by bot id=8591349938
2026-07-30 18:33:01,311 | ERROR    | app.middlewares.error_handling | Unhandled exception while processing update
Traceback (most recent call last):
  File "/Users/mehriddinmengturayev/Downloads/shopbot/app/middlewares/error_handling.py", line 33, in __call__
    return await handler(event, data)
           ^^^^^^^^^^^^^^^^^^^^^^^^^^
  File "/Users/mehriddinmengturayev/Downloads/shopbot/app/middlewares/throttling.py", line 40, in __call__
    return await handler(event, data)
           ^^^^^^^^^^^^^^^^^^^^^^^^^^
  File "/Users/mehriddinmengturayev/Downloads/shopbot/app/middlewares/db_session.py", line 27, in __call__
    return await handler(event, data)
           ^^^^^^^^^^^^^^^^^^^^^^^^^^
  File "/Users/mehriddinmengturayev/Downloads/shopbot/app/middlewares/user_context.py", line 41, in __call__
    return await handler(event, data)
           ^^^^^^^^^^^^^^^^^^^^^^^^^^
  File "/Users/mehriddinmengturayev/Downloads/shopbot/.venv/lib/python3.13/site-packages/aiogram/dispatcher/event/telegram.py", line 121, in trigger
    return await wrapped_inner(event, kwargs)
           ^^^^^^^^^^^^^^^^^^^^^^^^^^^^^^^^^^
  File "/Users/mehriddinmengturayev/Downloads/shopbot/.venv/lib/python3.13/site-packages/aiogram/dispatcher/event/handler.py", line 43, in call
    return await wrapped()
           ^^^^^^^^^^^^^^^
  File "/Users/mehriddinmengturayev/Downloads/shopbot/.venv/lib/python3.13/site-packages/aiogram/dispatcher/dispatcher.py", line 276, in _listen_update
    return await self.propagate_event(update_type=update_type, event=event, **kwargs)
           ^^^^^^^^^^^^^^^^^^^^^^^^^^^^^^^^^^^^^^^^^^^^^^^^^^^^^^^^^^^^^^^^^^^^^^^^^^
  File "/Users/mehriddinmengturayev/Downloads/shopbot/.venv/lib/python3.13/site-packages/aiogram/dispatcher/router.py", line 146, in propagate_event
    return await observer.wrap_outer_middleware(_wrapped, event=event, data=kwargs)
           ^^^^^^^^^^^^^^^^^^^^^^^^^^^^^^^^^^^^^^^^^^^^^^^^^^^^^^^^^^^^^^^^^^^^^^^^
  File "/Users/mehriddinmengturayev/Downloads/shopbot/.venv/lib/python3.13/site-packages/aiogram/dispatcher/router.py", line 141, in _wrapped
    return await self._propagate_event(
           ^^^^^^^^^^^^^^^^^^^^^^^^^^^^
        observer=observer, update_type=update_type, event=telegram_event, **data
        ^^^^^^^^^^^^^^^^^^^^^^^^^^^^^^^^^^^^^^^^^^^^^^^^^^^^^^^^^^^^^^^^^^^^^^^^
    )
    ^
  File "/Users/mehriddinmengturayev/Downloads/shopbot/.venv/lib/python3.13/site-packages/aiogram/dispatcher/router.py", line 174, in _propagate_event
    response = await router.propagate_event(update_type=update_type, event=event, **kwargs)
               ^^^^^^^^^^^^^^^^^^^^^^^^^^^^^^^^^^^^^^^^^^^^^^^^^^^^^^^^^^^^^^^^^^^^^^^^^^^^
  File "/Users/mehriddinmengturayev/Downloads/shopbot/.venv/lib/python3.13/site-packages/aiogram/dispatcher/router.py", line 146, in propagate_event
    return await observer.wrap_outer_middleware(_wrapped, event=event, data=kwargs)
           ^^^^^^^^^^^^^^^^^^^^^^^^^^^^^^^^^^^^^^^^^^^^^^^^^^^^^^^^^^^^^^^^^^^^^^^^
  File "/Users/mehriddinmengturayev/Downloads/shopbot/.venv/lib/python3.13/site-packages/aiogram/dispatcher/router.py", line 141, in _wrapped
    return await self._propagate_event(
           ^^^^^^^^^^^^^^^^^^^^^^^^^^^^
        observer=observer, update_type=update_type, event=telegram_event, **data
        ^^^^^^^^^^^^^^^^^^^^^^^^^^^^^^^^^^^^^^^^^^^^^^^^^^^^^^^^^^^^^^^^^^^^^^^^
    )
    ^
  File "/Users/mehriddinmengturayev/Downloads/shopbot/.venv/lib/python3.13/site-packages/aiogram/dispatcher/router.py", line 174, in _propagate_event
    response = await router.propagate_event(update_type=update_type, event=event, **kwargs)
               ^^^^^^^^^^^^^^^^^^^^^^^^^^^^^^^^^^^^^^^^^^^^^^^^^^^^^^^^^^^^^^^^^^^^^^^^^^^^
  File "/Users/mehriddinmengturayev/Downloads/shopbot/.venv/lib/python3.13/site-packages/aiogram/dispatcher/router.py", line 146, in propagate_event
    return await observer.wrap_outer_middleware(_wrapped, event=event, data=kwargs)
           ^^^^^^^^^^^^^^^^^^^^^^^^^^^^^^^^^^^^^^^^^^^^^^^^^^^^^^^^^^^^^^^^^^^^^^^^
  File "/Users/mehriddinmengturayev/Downloads/shopbot/.venv/lib/python3.13/site-packages/aiogram/dispatcher/router.py", line 141, in _wrapped
    return await self._propagate_event(
           ^^^^^^^^^^^^^^^^^^^^^^^^^^^^
        observer=observer, update_type=update_type, event=telegram_event, **data
        ^^^^^^^^^^^^^^^^^^^^^^^^^^^^^^^^^^^^^^^^^^^^^^^^^^^^^^^^^^^^^^^^^^^^^^^^
    )
    ^
  File "/Users/mehriddinmengturayev/Downloads/shopbot/.venv/lib/python3.13/site-packages/aiogram/dispatcher/router.py", line 166, in _propagate_event
    response = await observer.trigger(event, **kwargs)
               ^^^^^^^^^^^^^^^^^^^^^^^^^^^^^^^^^^^^^^^
  File "/Users/mehriddinmengturayev/Downloads/shopbot/.venv/lib/python3.13/site-packages/aiogram/dispatcher/event/telegram.py", line 121, in trigger
    return await wrapped_inner(event, kwargs)
           ^^^^^^^^^^^^^^^^^^^^^^^^^^^^^^^^^^
  File "/Users/mehriddinmengturayev/Downloads/shopbot/.venv/lib/python3.13/site-packages/aiogram/dispatcher/event/handler.py", line 43, in call
    return await wrapped()
           ^^^^^^^^^^^^^^^
  File "/Users/mehriddinmengturayev/Downloads/shopbot/app/handlers/admin/settings.py", line 50, in settings_toggle
    await callback.message.edit_reply_markup(reply_markup=admin_settings_menu_kb())
  File "/Users/mehriddinmengturayev/Downloads/shopbot/.venv/lib/python3.13/site-packages/aiogram/methods/base.py", line 84, in emit
    return await bot(self)
           ^^^^^^^^^^^^^^^
  File "/Users/mehriddinmengturayev/Downloads/shopbot/.venv/lib/python3.13/site-packages/aiogram/client/bot.py", line 494, in __call__
    return await self.session(self, method, timeout=request_timeout)
           ^^^^^^^^^^^^^^^^^^^^^^^^^^^^^^^^^^^^^^^^^^^^^^^^^^^^^^^^^
  File "/Users/mehriddinmengturayev/Downloads/shopbot/.venv/lib/python3.13/site-packages/aiogram/client/session/base.py", line 254, in __call__
    return cast(TelegramType, await middleware(bot, method))
                              ^^^^^^^^^^^^^^^^^^^^^^^^^^^^^
  File "/Users/mehriddinmengturayev/Downloads/shopbot/.venv/lib/python3.13/site-packages/aiogram/client/session/aiohttp.py", line 189, in make_request
    response = self.check_response(
        bot=bot, method=method, status_code=resp.status, content=raw_result
    )
  File "/Users/mehriddinmengturayev/Downloads/shopbot/.venv/lib/python3.13/site-packages/aiogram/client/session/base.py", line 120, in check_response
    raise TelegramBadRequest(method=method, message=description)
aiogram.exceptions.TelegramBadRequest: Telegram server says - Bad Request: message is not modified: specified new message content and reply markup are exactly the same as a current content and reply markup of the message
2026-07-30 18:33:01,316 | INFO     | aiogram.event | Update id=883467203 is handled. Duration 480 ms by bot id=8591349938
2026-07-30 18:33:04,193 | ERROR    | app.middlewares.error_handling | Unhandled exception while processing update
Traceback (most recent call last):
  File "/Users/mehriddinmengturayev/Downloads/shopbot/app/middlewares/error_handling.py", line 33, in __call__
    return await handler(event, data)
           ^^^^^^^^^^^^^^^^^^^^^^^^^^
  File "/Users/mehriddinmengturayev/Downloads/shopbot/app/middlewares/throttling.py", line 40, in __call__
    return await handler(event, data)
           ^^^^^^^^^^^^^^^^^^^^^^^^^^
  File "/Users/mehriddinmengturayev/Downloads/shopbot/app/middlewares/db_session.py", line 27, in __call__
    return await handler(event, data)
           ^^^^^^^^^^^^^^^^^^^^^^^^^^
  File "/Users/mehriddinmengturayev/Downloads/shopbot/app/middlewares/user_context.py", line 41, in __call__
    return await handler(event, data)
           ^^^^^^^^^^^^^^^^^^^^^^^^^^
  File "/Users/mehriddinmengturayev/Downloads/shopbot/.venv/lib/python3.13/site-packages/aiogram/dispatcher/event/telegram.py", line 121, in trigger
    return await wrapped_inner(event, kwargs)
           ^^^^^^^^^^^^^^^^^^^^^^^^^^^^^^^^^^
  File "/Users/mehriddinmengturayev/Downloads/shopbot/.venv/lib/python3.13/site-packages/aiogram/dispatcher/event/handler.py", line 43, in call
    return await wrapped()
           ^^^^^^^^^^^^^^^
  File "/Users/mehriddinmengturayev/Downloads/shopbot/.venv/lib/python3.13/site-packages/aiogram/dispatcher/dispatcher.py", line 276, in _listen_update
    return await self.propagate_event(update_type=update_type, event=event, **kwargs)
           ^^^^^^^^^^^^^^^^^^^^^^^^^^^^^^^^^^^^^^^^^^^^^^^^^^^^^^^^^^^^^^^^^^^^^^^^^^
  File "/Users/mehriddinmengturayev/Downloads/shopbot/.venv/lib/python3.13/site-packages/aiogram/dispatcher/router.py", line 146, in propagate_event
    return await observer.wrap_outer_middleware(_wrapped, event=event, data=kwargs)
           ^^^^^^^^^^^^^^^^^^^^^^^^^^^^^^^^^^^^^^^^^^^^^^^^^^^^^^^^^^^^^^^^^^^^^^^^
  File "/Users/mehriddinmengturayev/Downloads/shopbot/.venv/lib/python3.13/site-packages/aiogram/dispatcher/router.py", line 141, in _wrapped
    return await self._propagate_event(
           ^^^^^^^^^^^^^^^^^^^^^^^^^^^^
        observer=observer, update_type=update_type, event=telegram_event, **data
        ^^^^^^^^^^^^^^^^^^^^^^^^^^^^^^^^^^^^^^^^^^^^^^^^^^^^^^^^^^^^^^^^^^^^^^^^
    )
    ^
  File "/Users/mehriddinmengturayev/Downloads/shopbot/.venv/lib/python3.13/site-packages/aiogram/dispatcher/router.py", line 174, in _propagate_event
    response = await router.propagate_event(update_type=update_type, event=event, **kwargs)
               ^^^^^^^^^^^^^^^^^^^^^^^^^^^^^^^^^^^^^^^^^^^^^^^^^^^^^^^^^^^^^^^^^^^^^^^^^^^^
  File "/Users/mehriddinmengturayev/Downloads/shopbot/.venv/lib/python3.13/site-packages/aiogram/dispatcher/router.py", line 146, in propagate_event
    return await observer.wrap_outer_middleware(_wrapped, event=event, data=kwargs)
           ^^^^^^^^^^^^^^^^^^^^^^^^^^^^^^^^^^^^^^^^^^^^^^^^^^^^^^^^^^^^^^^^^^^^^^^^
  File "/Users/mehriddinmengturayev/Downloads/shopbot/.venv/lib/python3.13/site-packages/aiogram/dispatcher/router.py", line 141, in _wrapped
    return await self._propagate_event(
           ^^^^^^^^^^^^^^^^^^^^^^^^^^^^
        observer=observer, update_type=update_type, event=telegram_event, **data
        ^^^^^^^^^^^^^^^^^^^^^^^^^^^^^^^^^^^^^^^^^^^^^^^^^^^^^^^^^^^^^^^^^^^^^^^^
    )
    ^
  File "/Users/mehriddinmengturayev/Downloads/shopbot/.venv/lib/python3.13/site-packages/aiogram/dispatcher/router.py", line 174, in _propagate_event
    response = await router.propagate_event(update_type=update_type, event=event, **kwargs)
               ^^^^^^^^^^^^^^^^^^^^^^^^^^^^^^^^^^^^^^^^^^^^^^^^^^^^^^^^^^^^^^^^^^^^^^^^^^^^
  File "/Users/mehriddinmengturayev/Downloads/shopbot/.venv/lib/python3.13/site-packages/aiogram/dispatcher/router.py", line 146, in propagate_event
    return await observer.wrap_outer_middleware(_wrapped, event=event, data=kwargs)
           ^^^^^^^^^^^^^^^^^^^^^^^^^^^^^^^^^^^^^^^^^^^^^^^^^^^^^^^^^^^^^^^^^^^^^^^^
  File "/Users/mehriddinmengturayev/Downloads/shopbot/.venv/lib/python3.13/site-packages/aiogram/dispatcher/router.py", line 141, in _wrapped
    return await self._propagate_event(
           ^^^^^^^^^^^^^^^^^^^^^^^^^^^^
        observer=observer, update_type=update_type, event=telegram_event, **data
        ^^^^^^^^^^^^^^^^^^^^^^^^^^^^^^^^^^^^^^^^^^^^^^^^^^^^^^^^^^^^^^^^^^^^^^^^
    )
    ^
  File "/Users/mehriddinmengturayev/Downloads/shopbot/.venv/lib/python3.13/site-packages/aiogram/dispatcher/router.py", line 166, in _propagate_event
    response = await observer.trigger(event, **kwargs)
               ^^^^^^^^^^^^^^^^^^^^^^^^^^^^^^^^^^^^^^^
  File "/Users/mehriddinmengturayev/Downloads/shopbot/.venv/lib/python3.13/site-packages/aiogram/dispatcher/event/telegram.py", line 121, in trigger
    return await wrapped_inner(event, kwargs)
           ^^^^^^^^^^^^^^^^^^^^^^^^^^^^^^^^^^
  File "/Users/mehriddinmengturayev/Downloads/shopbot/.venv/lib/python3.13/site-packages/aiogram/dispatcher/event/handler.py", line 43, in call
    return await wrapped()
           ^^^^^^^^^^^^^^^
  File "/Users/mehriddinmengturayev/Downloads/shopbot/app/handlers/admin/settings.py", line 50, in settings_toggle
    await callback.message.edit_reply_markup(reply_markup=admin_settings_menu_kb())
  File "/Users/mehriddinmengturayev/Downloads/shopbot/.venv/lib/python3.13/site-packages/aiogram/methods/base.py", line 84, in emit
    return await bot(self)
           ^^^^^^^^^^^^^^^
  File "/Users/mehriddinmengturayev/Downloads/shopbot/.venv/lib/python3.13/site-packages/aiogram/client/bot.py", line 494, in __call__
    return await self.session(self, method, timeout=request_timeout)
           ^^^^^^^^^^^^^^^^^^^^^^^^^^^^^^^^^^^^^^^^^^^^^^^^^^^^^^^^^
  File "/Users/mehriddinmengturayev/Downloads/shopbot/.venv/lib/python3.13/site-packages/aiogram/client/session/base.py", line 254, in __call__
    return cast(TelegramType, await middleware(bot, method))
                              ^^^^^^^^^^^^^^^^^^^^^^^^^^^^^
  File "/Users/mehriddinmengturayev/Downloads/shopbot/.venv/lib/python3.13/site-packages/aiogram/client/session/aiohttp.py", line 189, in make_request
    response = self.check_response(
        bot=bot, method=method, status_code=resp.status, content=raw_result
    )
  File "/Users/mehriddinmengturayev/Downloads/shopbot/.venv/lib/python3.13/site-packages/aiogram/client/session/base.py", line 120, in check_response
    raise TelegramBadRequest(method=method, message=description)
aiogram.exceptions.TelegramBadRequest: Telegram server says - Bad Request: message is not modified: specified new message content and reply markup are exactly the same as a current content and reply markup of the message
2026-07-30 18:33:04,196 | INFO     | aiogram.event | Update id=883467204 is handled. Duration 480 ms by bot id=8591349938
2026-07-30 18:33:06,159 | ERROR    | app.middlewares.error_handling | Unhandled exception while processing update
Traceback (most recent call last):
  File "/Users/mehriddinmengturayev/Downloads/shopbot/app/middlewares/error_handling.py", line 33, in __call__
    return await handler(event, data)
           ^^^^^^^^^^^^^^^^^^^^^^^^^^
  File "/Users/mehriddinmengturayev/Downloads/shopbot/app/middlewares/throttling.py", line 40, in __call__
    return await handler(event, data)
           ^^^^^^^^^^^^^^^^^^^^^^^^^^
  File "/Users/mehriddinmengturayev/Downloads/shopbot/app/middlewares/db_session.py", line 27, in __call__
    return await handler(event, data)
           ^^^^^^^^^^^^^^^^^^^^^^^^^^
  File "/Users/mehriddinmengturayev/Downloads/shopbot/app/middlewares/user_context.py", line 41, in __call__
    return await handler(event, data)
           ^^^^^^^^^^^^^^^^^^^^^^^^^^
  File "/Users/mehriddinmengturayev/Downloads/shopbot/.venv/lib/python3.13/site-packages/aiogram/dispatcher/event/telegram.py", line 121, in trigger
    return await wrapped_inner(event, kwargs)
           ^^^^^^^^^^^^^^^^^^^^^^^^^^^^^^^^^^
  File "/Users/mehriddinmengturayev/Downloads/shopbot/.venv/lib/python3.13/site-packages/aiogram/dispatcher/event/handler.py", line 43, in call
    return await wrapped()
           ^^^^^^^^^^^^^^^
  File "/Users/mehriddinmengturayev/Downloads/shopbot/.venv/lib/python3.13/site-packages/aiogram/dispatcher/dispatcher.py", line 276, in _listen_update
    return await self.propagate_event(update_type=update_type, event=event, **kwargs)
           ^^^^^^^^^^^^^^^^^^^^^^^^^^^^^^^^^^^^^^^^^^^^^^^^^^^^^^^^^^^^^^^^^^^^^^^^^^
  File "/Users/mehriddinmengturayev/Downloads/shopbot/.venv/lib/python3.13/site-packages/aiogram/dispatcher/router.py", line 146, in propagate_event
    return await observer.wrap_outer_middleware(_wrapped, event=event, data=kwargs)
           ^^^^^^^^^^^^^^^^^^^^^^^^^^^^^^^^^^^^^^^^^^^^^^^^^^^^^^^^^^^^^^^^^^^^^^^^
  File "/Users/mehriddinmengturayev/Downloads/shopbot/.venv/lib/python3.13/site-packages/aiogram/dispatcher/router.py", line 141, in _wrapped
    return await self._propagate_event(
           ^^^^^^^^^^^^^^^^^^^^^^^^^^^^
        observer=observer, update_type=update_type, event=telegram_event, **data
        ^^^^^^^^^^^^^^^^^^^^^^^^^^^^^^^^^^^^^^^^^^^^^^^^^^^^^^^^^^^^^^^^^^^^^^^^
    )
    ^
  File "/Users/mehriddinmengturayev/Downloads/shopbot/.venv/lib/python3.13/site-packages/aiogram/dispatcher/router.py", line 174, in _propagate_event
    response = await router.propagate_event(update_type=update_type, event=event, **kwargs)
               ^^^^^^^^^^^^^^^^^^^^^^^^^^^^^^^^^^^^^^^^^^^^^^^^^^^^^^^^^^^^^^^^^^^^^^^^^^^^
  File "/Users/mehriddinmengturayev/Downloads/shopbot/.venv/lib/python3.13/site-packages/aiogram/dispatcher/router.py", line 146, in propagate_event
    return await observer.wrap_outer_middleware(_wrapped, event=event, data=kwargs)
           ^^^^^^^^^^^^^^^^^^^^^^^^^^^^^^^^^^^^^^^^^^^^^^^^^^^^^^^^^^^^^^^^^^^^^^^^
  File "/Users/mehriddinmengturayev/Downloads/shopbot/.venv/lib/python3.13/site-packages/aiogram/dispatcher/router.py", line 141, in _wrapped
    return await self._propagate_event(
           ^^^^^^^^^^^^^^^^^^^^^^^^^^^^
        observer=observer, update_type=update_type, event=telegram_event, **data
        ^^^^^^^^^^^^^^^^^^^^^^^^^^^^^^^^^^^^^^^^^^^^^^^^^^^^^^^^^^^^^^^^^^^^^^^^
    )
    ^
  File "/Users/mehriddinmengturayev/Downloads/shopbot/.venv/lib/python3.13/site-packages/aiogram/dispatcher/router.py", line 174, in _propagate_event
    response = await router.propagate_event(update_type=update_type, event=event, **kwargs)
               ^^^^^^^^^^^^^^^^^^^^^^^^^^^^^^^^^^^^^^^^^^^^^^^^^^^^^^^^^^^^^^^^^^^^^^^^^^^^
  File "/Users/mehriddinmengturayev/Downloads/shopbot/.venv/lib/python3.13/site-packages/aiogram/dispatcher/router.py", line 146, in propagate_event
    return await observer.wrap_outer_middleware(_wrapped, event=event, data=kwargs)
           ^^^^^^^^^^^^^^^^^^^^^^^^^^^^^^^^^^^^^^^^^^^^^^^^^^^^^^^^^^^^^^^^^^^^^^^^
  File "/Users/mehriddinmengturayev/Downloads/shopbot/.venv/lib/python3.13/site-packages/aiogram/dispatcher/router.py", line 141, in _wrapped
    return await self._propagate_event(
           ^^^^^^^^^^^^^^^^^^^^^^^^^^^^
        observer=observer, update_type=update_type, event=telegram_event, **data
        ^^^^^^^^^^^^^^^^^^^^^^^^^^^^^^^^^^^^^^^^^^^^^^^^^^^^^^^^^^^^^^^^^^^^^^^^
    )
    ^
  File "/Users/mehriddinmengturayev/Downloads/shopbot/.venv/lib/python3.13/site-packages/aiogram/dispatcher/router.py", line 166, in _propagate_event
    response = await observer.trigger(event, **kwargs)
               ^^^^^^^^^^^^^^^^^^^^^^^^^^^^^^^^^^^^^^^
  File "/Users/mehriddinmengturayev/Downloads/shopbot/.venv/lib/python3.13/site-packages/aiogram/dispatcher/event/telegram.py", line 121, in trigger
    return await wrapped_inner(event, kwargs)
           ^^^^^^^^^^^^^^^^^^^^^^^^^^^^^^^^^^
  File "/Users/mehriddinmengturayev/Downloads/shopbot/.venv/lib/python3.13/site-packages/aiogram/dispatcher/event/handler.py", line 43, in call
    return await wrapped()
           ^^^^^^^^^^^^^^^
  File "/Users/mehriddinmengturayev/Downloads/shopbot/app/handlers/admin/settings.py", line 50, in settings_toggle
    await callback.message.edit_reply_markup(reply_markup=admin_settings_menu_kb())
  File "/Users/mehriddinmengturayev/Downloads/shopbot/.venv/lib/python3.13/site-packages/aiogram/methods/base.py", line 84, in emit
    return await bot(self)
           ^^^^^^^^^^^^^^^
  File "/Users/mehriddinmengturayev/Downloads/shopbot/.venv/lib/python3.13/site-packages/aiogram/client/bot.py", line 494, in __call__
    return await self.session(self, method, timeout=request_timeout)
           ^^^^^^^^^^^^^^^^^^^^^^^^^^^^^^^^^^^^^^^^^^^^^^^^^^^^^^^^^
  File "/Users/mehriddinmengturayev/Downloads/shopbot/.venv/lib/python3.13/site-packages/aiogram/client/session/base.py", line 254, in __call__
    return cast(TelegramType, await middleware(bot, method))
                              ^^^^^^^^^^^^^^^^^^^^^^^^^^^^^
  File "/Users/mehriddinmengturayev/Downloads/shopbot/.venv/lib/python3.13/site-packages/aiogram/client/session/aiohttp.py", line 189, in make_request
    response = self.check_response(
        bot=bot, method=method, status_code=resp.status, content=raw_result
    )
  File "/Users/mehriddinmengturayev/Downloads/shopbot/.venv/lib/python3.13/site-packages/aiogram/client/session/base.py", line 120, in check_response
    raise TelegramBadRequest(method=method, message=description)
aiogram.exceptions.TelegramBadRequest: Telegram server says - Bad Request: message is not modified: specified new message content and reply markup are exactly the same as a current content and reply markup of the message
2026-07-30 18:33:06,165 | INFO     | aiogram.event | Update id=883467205 is handled. Duration 490 ms by bot id=8591349938
2026-07-30 18:33:08,512 | ERROR    | app.middlewares.error_handling | Unhandled exception while processing update
Traceback (most recent call last):
  File "/Users/mehriddinmengturayev/Downloads/shopbot/app/middlewares/error_handling.py", line 33, in __call__
    return await handler(event, data)
           ^^^^^^^^^^^^^^^^^^^^^^^^^^
  File "/Users/mehriddinmengturayev/Downloads/shopbot/app/middlewares/throttling.py", line 40, in __call__
    return await handler(event, data)
           ^^^^^^^^^^^^^^^^^^^^^^^^^^
  File "/Users/mehriddinmengturayev/Downloads/shopbot/app/middlewares/db_session.py", line 27, in __call__
    return await handler(event, data)
           ^^^^^^^^^^^^^^^^^^^^^^^^^^
  File "/Users/mehriddinmengturayev/Downloads/shopbot/app/middlewares/user_context.py", line 41, in __call__
    return await handler(event, data)
           ^^^^^^^^^^^^^^^^^^^^^^^^^^
  File "/Users/mehriddinmengturayev/Downloads/shopbot/.venv/lib/python3.13/site-packages/aiogram/dispatcher/event/telegram.py", line 121, in trigger
    return await wrapped_inner(event, kwargs)
           ^^^^^^^^^^^^^^^^^^^^^^^^^^^^^^^^^^
  File "/Users/mehriddinmengturayev/Downloads/shopbot/.venv/lib/python3.13/site-packages/aiogram/dispatcher/event/handler.py", line 43, in call
    return await wrapped()
           ^^^^^^^^^^^^^^^
  File "/Users/mehriddinmengturayev/Downloads/shopbot/.venv/lib/python3.13/site-packages/aiogram/dispatcher/dispatcher.py", line 276, in _listen_update
    return await self.propagate_event(update_type=update_type, event=event, **kwargs)
           ^^^^^^^^^^^^^^^^^^^^^^^^^^^^^^^^^^^^^^^^^^^^^^^^^^^^^^^^^^^^^^^^^^^^^^^^^^
  File "/Users/mehriddinmengturayev/Downloads/shopbot/.venv/lib/python3.13/site-packages/aiogram/dispatcher/router.py", line 146, in propagate_event
    return await observer.wrap_outer_middleware(_wrapped, event=event, data=kwargs)
           ^^^^^^^^^^^^^^^^^^^^^^^^^^^^^^^^^^^^^^^^^^^^^^^^^^^^^^^^^^^^^^^^^^^^^^^^
  File "/Users/mehriddinmengturayev/Downloads/shopbot/.venv/lib/python3.13/site-packages/aiogram/dispatcher/router.py", line 141, in _wrapped
    return await self._propagate_event(
           ^^^^^^^^^^^^^^^^^^^^^^^^^^^^
        observer=observer, update_type=update_type, event=telegram_event, **data
        ^^^^^^^^^^^^^^^^^^^^^^^^^^^^^^^^^^^^^^^^^^^^^^^^^^^^^^^^^^^^^^^^^^^^^^^^
    )
    ^
  File "/Users/mehriddinmengturayev/Downloads/shopbot/.venv/lib/python3.13/site-packages/aiogram/dispatcher/router.py", line 174, in _propagate_event
    response = await router.propagate_event(update_type=update_type, event=event, **kwargs)
               ^^^^^^^^^^^^^^^^^^^^^^^^^^^^^^^^^^^^^^^^^^^^^^^^^^^^^^^^^^^^^^^^^^^^^^^^^^^^
  File "/Users/mehriddinmengturayev/Downloads/shopbot/.venv/lib/python3.13/site-packages/aiogram/dispatcher/router.py", line 146, in propagate_event
    return await observer.wrap_outer_middleware(_wrapped, event=event, data=kwargs)
           ^^^^^^^^^^^^^^^^^^^^^^^^^^^^^^^^^^^^^^^^^^^^^^^^^^^^^^^^^^^^^^^^^^^^^^^^
  File "/Users/mehriddinmengturayev/Downloads/shopbot/.venv/lib/python3.13/site-packages/aiogram/dispatcher/router.py", line 141, in _wrapped
    return await self._propagate_event(
           ^^^^^^^^^^^^^^^^^^^^^^^^^^^^
        observer=observer, update_type=update_type, event=telegram_event, **data
        ^^^^^^^^^^^^^^^^^^^^^^^^^^^^^^^^^^^^^^^^^^^^^^^^^^^^^^^^^^^^^^^^^^^^^^^^
    )
    ^
  File "/Users/mehriddinmengturayev/Downloads/shopbot/.venv/lib/python3.13/site-packages/aiogram/dispatcher/router.py", line 174, in _propagate_event
    response = await router.propagate_event(update_type=update_type, event=event, **kwargs)
               ^^^^^^^^^^^^^^^^^^^^^^^^^^^^^^^^^^^^^^^^^^^^^^^^^^^^^^^^^^^^^^^^^^^^^^^^^^^^
  File "/Users/mehriddinmengturayev/Downloads/shopbot/.venv/lib/python3.13/site-packages/aiogram/dispatcher/router.py", line 146, in propagate_event
    return await observer.wrap_outer_middleware(_wrapped, event=event, data=kwargs)
           ^^^^^^^^^^^^^^^^^^^^^^^^^^^^^^^^^^^^^^^^^^^^^^^^^^^^^^^^^^^^^^^^^^^^^^^^
  File "/Users/mehriddinmengturayev/Downloads/shopbot/.venv/lib/python3.13/site-packages/aiogram/dispatcher/router.py", line 141, in _wrapped
    return await self._propagate_event(
           ^^^^^^^^^^^^^^^^^^^^^^^^^^^^
        observer=observer, update_type=update_type, event=telegram_event, **data
        ^^^^^^^^^^^^^^^^^^^^^^^^^^^^^^^^^^^^^^^^^^^^^^^^^^^^^^^^^^^^^^^^^^^^^^^^
    )
    ^
  File "/Users/mehriddinmengturayev/Downloads/shopbot/.venv/lib/python3.13/site-packages/aiogram/dispatcher/router.py", line 166, in _propagate_event
    response = await observer.trigger(event, **kwargs)
               ^^^^^^^^^^^^^^^^^^^^^^^^^^^^^^^^^^^^^^^
  File "/Users/mehriddinmengturayev/Downloads/shopbot/.venv/lib/python3.13/site-packages/aiogram/dispatcher/event/telegram.py", line 121, in trigger
    return await wrapped_inner(event, kwargs)
           ^^^^^^^^^^^^^^^^^^^^^^^^^^^^^^^^^^
  File "/Users/mehriddinmengturayev/Downloads/shopbot/.venv/lib/python3.13/site-packages/aiogram/dispatcher/event/handler.py", line 43, in call
    return await wrapped()
           ^^^^^^^^^^^^^^^
  File "/Users/mehriddinmengturayev/Downloads/shopbot/app/handlers/admin/settings.py", line 50, in settings_toggle
    await callback.message.edit_reply_markup(reply_markup=admin_settings_menu_kb())
  File "/Users/mehriddinmengturayev/Downloads/shopbot/.venv/lib/python3.13/site-packages/aiogram/methods/base.py", line 84, in emit
    return await bot(self)
           ^^^^^^^^^^^^^^^
  File "/Users/mehriddinmengturayev/Downloads/shopbot/.venv/lib/python3.13/site-packages/aiogram/client/bot.py", line 494, in __call__
    return await self.session(self, method, timeout=request_timeout)
           ^^^^^^^^^^^^^^^^^^^^^^^^^^^^^^^^^^^^^^^^^^^^^^^^^^^^^^^^^
  File "/Users/mehriddinmengturayev/Downloads/shopbot/.venv/lib/python3.13/site-packages/aiogram/client/session/base.py", line 254, in __call__
    return cast(TelegramType, await middleware(bot, method))
                              ^^^^^^^^^^^^^^^^^^^^^^^^^^^^^
  File "/Users/mehriddinmengturayev/Downloads/shopbot/.venv/lib/python3.13/site-packages/aiogram/client/session/aiohttp.py", line 189, in make_request
    response = self.check_response(
        bot=bot, method=method, status_code=resp.status, content=raw_result
    )
  File "/Users/mehriddinmengturayev/Downloads/shopbot/.venv/lib/python3.13/site-packages/aiogram/client/session/base.py", line 120, in check_response
    raise TelegramBadRequest(method=method, message=description)
aiogram.exceptions.TelegramBadRequest: Telegram server says - Bad Request: message is not modified: specified new message content and reply markup are exactly the same as a current content and reply markup of the message
2026-07-30 18:33:08,518 | INFO     | aiogram.event | Update id=883467206 is handled. Duration 477 ms by bot id=8591349938
2026-07-30 18:33:09,759 | ERROR    | app.middlewares.error_handling | Unhandled exception while processing update
Traceback (most recent call last):
  File "/Users/mehriddinmengturayev/Downloads/shopbot/app/middlewares/error_handling.py", line 33, in __call__
    return await handler(event, data)
           ^^^^^^^^^^^^^^^^^^^^^^^^^^
  File "/Users/mehriddinmengturayev/Downloads/shopbot/app/middlewares/throttling.py", line 40, in __call__
    return await handler(event, data)
           ^^^^^^^^^^^^^^^^^^^^^^^^^^
  File "/Users/mehriddinmengturayev/Downloads/shopbot/app/middlewares/db_session.py", line 27, in __call__
    return await handler(event, data)
           ^^^^^^^^^^^^^^^^^^^^^^^^^^
  File "/Users/mehriddinmengturayev/Downloads/shopbot/app/middlewares/user_context.py", line 41, in __call__
    return await handler(event, data)
           ^^^^^^^^^^^^^^^^^^^^^^^^^^
  File "/Users/mehriddinmengturayev/Downloads/shopbot/.venv/lib/python3.13/site-packages/aiogram/dispatcher/event/telegram.py", line 121, in trigger
    return await wrapped_inner(event, kwargs)
           ^^^^^^^^^^^^^^^^^^^^^^^^^^^^^^^^^^
  File "/Users/mehriddinmengturayev/Downloads/shopbot/.venv/lib/python3.13/site-packages/aiogram/dispatcher/event/handler.py", line 43, in call
    return await wrapped()
           ^^^^^^^^^^^^^^^
  File "/Users/mehriddinmengturayev/Downloads/shopbot/.venv/lib/python3.13/site-packages/aiogram/dispatcher/dispatcher.py", line 276, in _listen_update
    return await self.propagate_event(update_type=update_type, event=event, **kwargs)
           ^^^^^^^^^^^^^^^^^^^^^^^^^^^^^^^^^^^^^^^^^^^^^^^^^^^^^^^^^^^^^^^^^^^^^^^^^^
  File "/Users/mehriddinmengturayev/Downloads/shopbot/.venv/lib/python3.13/site-packages/aiogram/dispatcher/router.py", line 146, in propagate_event
    return await observer.wrap_outer_middleware(_wrapped, event=event, data=kwargs)
           ^^^^^^^^^^^^^^^^^^^^^^^^^^^^^^^^^^^^^^^^^^^^^^^^^^^^^^^^^^^^^^^^^^^^^^^^
  File "/Users/mehriddinmengturayev/Downloads/shopbot/.venv/lib/python3.13/site-packages/aiogram/dispatcher/router.py", line 141, in _wrapped
    return await self._propagate_event(
           ^^^^^^^^^^^^^^^^^^^^^^^^^^^^
        observer=observer, update_type=update_type, event=telegram_event, **data
        ^^^^^^^^^^^^^^^^^^^^^^^^^^^^^^^^^^^^^^^^^^^^^^^^^^^^^^^^^^^^^^^^^^^^^^^^
    )
    ^
  File "/Users/mehriddinmengturayev/Downloads/shopbot/.venv/lib/python3.13/site-packages/aiogram/dispatcher/router.py", line 174, in _propagate_event
    response = await router.propagate_event(update_type=update_type, event=event, **kwargs)
               ^^^^^^^^^^^^^^^^^^^^^^^^^^^^^^^^^^^^^^^^^^^^^^^^^^^^^^^^^^^^^^^^^^^^^^^^^^^^
  File "/Users/mehriddinmengturayev/Downloads/shopbot/.venv/lib/python3.13/site-packages/aiogram/dispatcher/router.py", line 146, in propagate_event
    return await observer.wrap_outer_middleware(_wrapped, event=event, data=kwargs)
           ^^^^^^^^^^^^^^^^^^^^^^^^^^^^^^^^^^^^^^^^^^^^^^^^^^^^^^^^^^^^^^^^^^^^^^^^
  File "/Users/mehriddinmengturayev/Downloads/shopbot/.venv/lib/python3.13/site-packages/aiogram/dispatcher/router.py", line 141, in _wrapped
    return await self._propagate_event(
           ^^^^^^^^^^^^^^^^^^^^^^^^^^^^
        observer=observer, update_type=update_type, event=telegram_event, **data
        ^^^^^^^^^^^^^^^^^^^^^^^^^^^^^^^^^^^^^^^^^^^^^^^^^^^^^^^^^^^^^^^^^^^^^^^^
    )
    ^
  File "/Users/mehriddinmengturayev/Downloads/shopbot/.venv/lib/python3.13/site-packages/aiogram/dispatcher/router.py", line 174, in _propagate_event
    response = await router.propagate_event(update_type=update_type, event=event, **kwargs)
               ^^^^^^^^^^^^^^^^^^^^^^^^^^^^^^^^^^^^^^^^^^^^^^^^^^^^^^^^^^^^^^^^^^^^^^^^^^^^
  File "/Users/mehriddinmengturayev/Downloads/shopbot/.venv/lib/python3.13/site-packages/aiogram/dispatcher/router.py", line 146, in propagate_event
    return await observer.wrap_outer_middleware(_wrapped, event=event, data=kwargs)
           ^^^^^^^^^^^^^^^^^^^^^^^^^^^^^^^^^^^^^^^^^^^^^^^^^^^^^^^^^^^^^^^^^^^^^^^^
  File "/Users/mehriddinmengturayev/Downloads/shopbot/.venv/lib/python3.13/site-packages/aiogram/dispatcher/router.py", line 141, in _wrapped
    return await self._propagate_event(
           ^^^^^^^^^^^^^^^^^^^^^^^^^^^^
        observer=observer, update_type=update_type, event=telegram_event, **data
        ^^^^^^^^^^^^^^^^^^^^^^^^^^^^^^^^^^^^^^^^^^^^^^^^^^^^^^^^^^^^^^^^^^^^^^^^
    )
    ^
  File "/Users/mehriddinmengturayev/Downloads/shopbot/.venv/lib/python3.13/site-packages/aiogram/dispatcher/router.py", line 166, in _propagate_event
    response = await observer.trigger(event, **kwargs)
               ^^^^^^^^^^^^^^^^^^^^^^^^^^^^^^^^^^^^^^^
  File "/Users/mehriddinmengturayev/Downloads/shopbot/.venv/lib/python3.13/site-packages/aiogram/dispatcher/event/telegram.py", line 121, in trigger
    return await wrapped_inner(event, kwargs)
           ^^^^^^^^^^^^^^^^^^^^^^^^^^^^^^^^^^
  File "/Users/mehriddinmengturayev/Downloads/shopbot/.venv/lib/python3.13/site-packages/aiogram/dispatcher/event/handler.py", line 43, in call
    return await wrapped()
           ^^^^^^^^^^^^^^^
  File "/Users/mehriddinmengturayev/Downloads/shopbot/app/handlers/admin/settings.py", line 50, in settings_toggle
    await callback.message.edit_reply_markup(reply_markup=admin_settings_menu_kb())
  File "/Users/mehriddinmengturayev/Downloads/shopbot/.venv/lib/python3.13/site-packages/aiogram/methods/base.py", line 84, in emit
    return await bot(self)
           ^^^^^^^^^^^^^^^
  File "/Users/mehriddinmengturayev/Downloads/shopbot/.venv/lib/python3.13/site-packages/aiogram/client/bot.py", line 494, in __call__
    return await self.session(self, method, timeout=request_timeout)
           ^^^^^^^^^^^^^^^^^^^^^^^^^^^^^^^^^^^^^^^^^^^^^^^^^^^^^^^^^
  File "/Users/mehriddinmengturayev/Downloads/shopbot/.venv/lib/python3.13/site-packages/aiogram/client/session/base.py", line 254, in __call__
    return cast(TelegramType, await middleware(bot, method))
                              ^^^^^^^^^^^^^^^^^^^^^^^^^^^^^
  File "/Users/mehriddinmengturayev/Downloads/shopbot/.venv/lib/python3.13/site-packages/aiogram/client/session/aiohttp.py", line 189, in make_request
    response = self.check_response(
        bot=bot, method=method, status_code=resp.status, content=raw_result
    )
  File "/Users/mehriddinmengturayev/Downloads/shopbot/.venv/lib/python3.13/site-packages/aiogram/client/session/base.py", line 120, in check_response
    raise TelegramBadRequest(method=method, message=description)
aiogram.exceptions.TelegramBadRequest: Telegram server says - Bad Request: message is not modified: specified new message content and reply markup are exactly the same as a current content and reply markup of the message
2026-07-30 18:33:09,765 | INFO     | aiogram.event | Update id=883467207 is handled. Duration 466 ms by bot id=8591349938
2026-07-30 18:33:11,021 | INFO     | aiogram.event | Update id=883467208 is handled. Duration 474 ms by bot id=8591349938
2026-07-30 18:33:13,394 | INFO     | aiogram.event | Update id=883467209 is handled. Duration 556 ms by bot id=8591349938
2026-07-30 18:33:22,256 | INFO     | aiogram.event | Update id=883467210 is handled. Duration 351 ms by bot id=8591349938
2026-07-30 18:33:25,112 | INFO     | aiogram.event | Update id=883467211 is handled. Duration 554 ms by bot id=8591349938
2026-07-30 18:33:27,420 | INFO     | aiogram.event | Update id=883467212 is handled. Duration 656 ms by bot id=8591349938
2026-07-30 18:33:35,061 | INFO     | aiogram.event | Update id=883467213 is handled. Duration 267 ms by bot id=8591349938
2026-07-30 18:33:38,204 | INFO     | aiogram.event | Update id=883467214 is handled. Duration 571 ms by bot id=8591349938
2026-07-30 18:33:39,857 | INFO     | aiogram.event | Update id=883467215 is handled. Duration 491 ms by bot id=8591349938
2026-07-30 18:33:44,192 | INFO     | aiogram.event | Update id=883467216 is handled. Duration 281 ms by bot id=8591349938
2026-07-30 18:33:47,002 | INFO     | aiogram.event | Update id=883467217 is handled. Duration 468 ms by bot id=8591349938
2026-07-30 18:33:49,777 | INFO     | aiogram.event | Update id=883467218 is handled. Duration 482 ms by bot id=8591349938
2026-07-30 18:33:51,113 | INFO     | aiogram.event | Update id=883467219 is handled. Duration 281 ms by bot id=8591349938
2026-07-30 18:33:53,270 | INFO     | aiogram.event | Update id=883467220 is not handled. Duration 8 ms by bot id=8591349938
2026-07-30 18:35:06,120 | INFO     | aiogram.event | Update id=883467221 is handled. Duration 467 ms by bot id=8591349938
2026-07-30 18:35:10,980 | INFO     | aiogram.event | Update id=883467222 is handled. Duration 199 ms by bot id=8591349938
2026-07-30 18:35:12,909 | INFO     | aiogram.event | Update id=883467223 is handled. Duration 430 ms by bot id=8591349938
2026-07-30 18:35:20,330 | INFO     | aiogram.event | Update id=883467224 is handled. Duration 257 ms by bot id=8591349938
2026-07-30 18:36:50,722 | INFO     | aiogram.event | Update id=883467225 is handled. Duration 486 ms by bot id=8591349938
2026-07-30 18:36:51,766 | INFO     | aiogram.event | Update id=883467226 is handled. Duration 228 ms by bot id=8591349938
2026-07-30 18:36:55,458 | INFO     | aiogram.event | Update id=883467227 is handled. Duration 458 ms by bot id=8591349938
2026-07-30 18:37:00,669 | INFO     | aiogram.event | Update id=883467228 is handled. Duration 299 ms by bot id=8591349938
2026-07-30 18:38:23,926 | WARNING  | aiogram.dispatcher | Received SIGINT signal
2026-07-30 18:38:23,927 | INFO     | aiogram.dispatcher | Polling stopped for bot @Tenkyushopbot id=8591349938 - 'Tenkyu Shop'
2026-07-30 18:38:23,927 | INFO     | aiogram.dispatcher | Polling stopped
2026-07-30 18:38:27,412 | INFO     | __main__ | Starting Telegram Digital Product Sales Bot...
2026-07-30 18:38:27,415 | INFO     | app.database.bootstrap | Database tables ensured (create_all).
2026-07-30 18:38:27,945 | INFO     | __main__ | Bot is polling...
2026-07-30 18:38:27,946 | INFO     | aiogram.dispatcher | Start polling
2026-07-30 18:38:28,074 | INFO     | aiogram.dispatcher | Run polling for bot @Tenkyushopbot id=8591349938 - 'Tenkyu Shop'
2026-07-30 18:38:43,251 | INFO     | aiogram.event | Update id=883467229 is handled. Duration 541 ms by bot id=8591349938
2026-07-30 18:38:50,043 | INFO     | aiogram.event | Update id=883467230 is handled. Duration 221 ms by bot id=8591349938
2026-07-30 18:38:51,966 | INFO     | aiogram.event | Update id=883467231 is handled. Duration 210 ms by bot id=8591349938
2026-07-30 18:38:54,117 | INFO     | aiogram.event | Update id=883467232 is handled. Duration 390 ms by bot id=8591349938
2026-07-30 18:38:59,987 | INFO     | aiogram.event | Update id=883467233 is handled. Duration 215 ms by bot id=8591349938
2026-07-30 18:39:09,487 | INFO     | aiogram.event | Update id=883467234 is handled. Duration 199 ms by bot id=8591349938
2026-07-30 18:39:14,641 | INFO     | admin_actions | product_created id=1 name=gemini pro admin=1403306196
2026-07-30 18:39:14,836 | INFO     | aiogram.event | Update id=883467235 is handled. Duration 217 ms by bot id=8591349938
2026-07-30 18:39:22,281 | INFO     | aiogram.event | Update id=883467236 is handled. Duration 387 ms by bot id=8591349938
2026-07-30 18:39:31,291 | INFO     | admin_actions | product_field_edited id=1 field=emoji admin=1403306196
2026-07-30 18:39:31,657 | INFO     | aiogram.event | Update id=883467237 is handled. Duration 381 ms by bot id=8591349938
2026-07-30 18:39:43,196 | INFO     | aiogram.event | Update id=883467238 is handled. Duration 200 ms by bot id=8591349938
2026-07-30 18:39:47,181 | INFO     | aiogram.event | Update id=883467239 is handled. Duration 448 ms by bot id=8591349938
2026-07-30 18:39:50,850 | INFO     | aiogram.event | Update id=883467240 is handled. Duration 290 ms by bot id=8591349938
2026-07-30 18:39:51,926 | INFO     | aiogram.event | Update id=883467241 is handled. Duration 204 ms by bot id=8591349938
2026-07-30 18:39:54,409 | INFO     | aiogram.event | Update id=883467242 is handled. Duration 427 ms by bot id=8591349938
2026-07-30 18:41:12,629 | INFO     | aiogram.event | Update id=883467243 is handled. Duration 661 ms by bot id=8591349938
2026-07-30 18:41:13,516 | INFO     | aiogram.event | Update id=883467244 is handled. Duration 258 ms by bot id=8591349938
2026-07-30 18:41:20,593 | INFO     | aiogram.event | Update id=883467245 is handled. Duration 196 ms by bot id=8591349938
2026-07-30 18:41:23,579 | INFO     | aiogram.event | Update id=883467246 is handled. Duration 245 ms by bot id=8591349938
2026-07-30 18:41:25,573 | INFO     | aiogram.event | Update id=883467247 is handled. Duration 525 ms by bot id=8591349938
2026-07-30 18:41:29,232 | INFO     | aiogram.event | Update id=883467248 is handled. Duration 373 ms by bot id=8591349938
2026-07-30 18:41:38,334 | INFO     | admin_actions | product_field_edited id=1 field=description admin=1403306196
2026-07-30 18:41:38,526 | INFO     | aiogram.event | Update id=883467249 is handled. Duration 217 ms by bot id=8591349938
2026-07-30 18:41:47,639 | INFO     | aiogram.event | Update id=883467250 is handled. Duration 372 ms by bot id=8591349938
2026-07-30 18:41:56,246 | INFO     | admin_actions | product_image_updated id=1 admin=1403306196
2026-07-30 18:41:56,442 | INFO     | aiogram.event | Update id=883467251 is handled. Duration 214 ms by bot id=8591349938
2026-07-30 18:41:59,329 | INFO     | aiogram.event | Update id=883467252 is handled. Duration 361 ms by bot id=8591349938
2026-07-30 18:42:14,119 | INFO     | admin_actions | product_field_edited id=1 field=payment_instructions admin=1403306196
2026-07-30 18:42:14,310 | INFO     | aiogram.event | Update id=883467253 is handled. Duration 208 ms by bot id=8591349938
2026-07-30 18:42:17,589 | INFO     | aiogram.event | Update id=883467254 is handled. Duration 456 ms by bot id=8591349938
2026-07-30 18:42:22,318 | INFO     | aiogram.event | Update id=883467255 is handled. Duration 373 ms by bot id=8591349938
2026-07-30 18:42:27,315 | INFO     | aiogram.event | Update id=883467256 is handled. Duration 390 ms by bot id=8591349938
2026-07-30 18:42:33,443 | INFO     | aiogram.event | Update id=883467257 is handled. Duration 376 ms by bot id=8591349938
2026-07-30 18:42:40,630 | INFO     | aiogram.event | Update id=883467258 is handled. Duration 496 ms by bot id=8591349938
2026-07-30 18:42:46,221 | INFO     | aiogram.event | Update id=883467259 is handled. Duration 251 ms by bot id=8591349938
2026-07-30 18:42:47,431 | INFO     | aiogram.event | Update id=883467260 is handled. Duration 222 ms by bot id=8591349938
2026-07-30 18:42:49,693 | INFO     | aiogram.event | Update id=883467261 is handled. Duration 554 ms by bot id=8591349938
2026-07-30 18:43:09,986 | INFO     | aiogram.event | Update id=883467262 is handled. Duration 610 ms by bot id=8591349938
2026-07-30 18:43:12,891 | INFO     | aiogram.event | Update id=883467263 is handled. Duration 272 ms by bot id=8591349938
2026-07-30 18:43:15,178 | INFO     | aiogram.event | Update id=883467264 is handled. Duration 428 ms by bot id=8591349938
2026-07-30 18:43:18,613 | INFO     | aiogram.event | Update id=883467265 is handled. Duration 370 ms by bot id=8591349938
2026-07-30 18:43:20,120 | INFO     | aiogram.event | Update id=883467266 is handled. Duration 384 ms by bot id=8591349938
2026-07-30 18:43:23,142 | INFO     | aiogram.event | Update id=883467267 is handled. Duration 308 ms by bot id=8591349938
2026-07-30 18:43:24,517 | INFO     | aiogram.event | Update id=883467268 is handled. Duration 223 ms by bot id=8591349938
2026-07-30 18:43:26,149 | INFO     | aiogram.event | Update id=883467269 is handled. Duration 207 ms by bot id=8591349938
2026-07-30 18:43:29,613 | INFO     | aiogram.event | Update id=883467270 is handled. Duration 587 ms by bot id=8591349938
2026-07-30 18:43:34,483 | INFO     | aiogram.event | Update id=883467271 is handled. Duration 422 ms by bot id=8591349938
2026-07-30 18:43:40,670 | INFO     | orders | order_created id=8AA8FADFF7FE user=1403306196 product=gemini pro price=39000.00
2026-07-30 18:43:41,093 | INFO     | aiogram.event | Update id=883467272 is handled. Duration 441 ms by bot id=8591349938
2026-07-30 18:43:48,088 | INFO     | payments | payment_proof_submitted order=8AA8FADFF7FE user_id=1
2026-07-30 18:43:48,589 | INFO     | aiogram.event | Update id=883467273 is handled. Duration 529 ms by bot id=8591349938
2026-07-30 18:43:53,569 | INFO     | orders | order_approved id=8AA8FADFF7FE admin=1403306196 product=1
2026-07-30 18:43:53,572 | INFO     | admin_actions | order_approved order=1 admin=1403306196
2026-07-30 18:43:54,278 | INFO     | aiogram.event | Update id=883467274 is handled. Duration 724 ms by bot id=8591349938
2026-07-30 18:44:07,340 | INFO     | aiogram.event | Update id=883467275 is not handled. Duration 11 ms by bot id=8591349938
2026-07-30 18:44:14,501 | INFO     | orders | order_delivered id=8AA8FADFF7FE mode=manual admin=1403306196
2026-07-30 18:44:14,502 | INFO     | admin_actions | order_manual_delivered order=1 admin=1403306196
2026-07-30 18:44:15,223 | INFO     | aiogram.event | Update id=883467276 is handled. Duration 739 ms by bot id=8591349938
2026-07-30 19:45:32,317 | ERROR    | aiogram.dispatcher | Failed to fetch updates - TelegramNetworkError: HTTP Client says - Request timeout error
2026-07-30 19:45:32,320 | WARNING  | aiogram.dispatcher | Sleep for 1.000000 seconds and try again... (tryings = 0, bot id = 8591349938)
2026-07-30 19:45:44,036 | INFO     | aiogram.dispatcher | Connection established (tryings = 1, bot id = 8591349938)
2026-07-30 20:37:20,032 | ERROR    | aiogram.dispatcher | Failed to fetch updates - TelegramNetworkError: HTTP Client says - Request timeout error
2026-07-30 20:37:20,034 | WARNING  | aiogram.dispatcher | Sleep for 1.000000 seconds and try again... (tryings = 0, bot id = 8591349938)
2026-07-30 20:37:21,470 | INFO     | aiogram.dispatcher | Connection established (tryings = 1, bot id = 8591349938)
2026-07-30 20:37:22,005 | INFO     | aiogram.event | Update id=883467277 is handled. Duration 532 ms by bot id=8591349938
2026-07-30 20:37:39,133 | INFO     | aiogram.event | Update id=883467278 is handled. Duration 635 ms by bot id=8591349938
2026-07-30 20:37:41,171 | INFO     | aiogram.event | Update id=883467279 is handled. Duration 651 ms by bot id=8591349938
2026-07-30 20:37:42,800 | INFO     | aiogram.event | Update id=883467280 is handled. Duration 422 ms by bot id=8591349938
2026-07-30 20:37:45,508 | INFO     | aiogram.event | Update id=883467281 is handled. Duration 727 ms by bot id=8591349938
2026-07-30 20:37:49,965 | INFO     | aiogram.event | Update id=883467282 is handled. Duration 238 ms by bot id=8591349938
2026-07-30 20:38:02,840 | INFO     | aiogram.event | Update id=883467283 is handled. Duration 297 ms by bot id=8591349938
2026-07-30 20:38:35,393 | WARNING  | aiogram.dispatcher | Received SIGINT signal
2026-07-30 20:38:35,395 | INFO     | aiogram.dispatcher | Polling stopped for bot @Tenkyushopbot id=8591349938 - 'Tenkyu Shop'
2026-07-30 20:38:35,395 | INFO     | aiogram.dispatcher | Polling stopped
2026-07-30 20:38:37,937 | INFO     | __main__ | Starting Telegram Digital Product Sales Bot...
2026-07-30 20:38:37,942 | INFO     | app.database.bootstrap | Database tables ensured (create_all).
2026-07-30 20:38:37,949 | INFO     | app.database.bootstrap | Default settings seeded.
2026-07-30 20:38:37,953 | INFO     | providers | Crypto payment poller started (interval=20.0s)
2026-07-30 20:38:37,956 | ERROR    | providers | Crypto poller iteration failed
Traceback (most recent call last):
  File "/Users/mehriddinmengturayev/Downloads/shopbot/.venv/lib/python3.13/site-packages/sqlalchemy/engine/base.py", line 1967, in _exec_single_context
    self.dialect.do_execute(
    ~~~~~~~~~~~~~~~~~~~~~~~^
        cursor, str_statement, effective_parameters, context
        ^^^^^^^^^^^^^^^^^^^^^^^^^^^^^^^^^^^^^^^^^^^^^^^^^^^^
    )
    ^
  File "/Users/mehriddinmengturayev/Downloads/shopbot/.venv/lib/python3.13/site-packages/sqlalchemy/engine/default.py", line 941, in do_execute
    cursor.execute(statement, parameters)
    ~~~~~~~~~~~~~~^^^^^^^^^^^^^^^^^^^^^^^
  File "/Users/mehriddinmengturayev/Downloads/shopbot/.venv/lib/python3.13/site-packages/sqlalchemy/dialects/sqlite/aiosqlite.py", line 147, in execute
    self._adapt_connection._handle_exception(error)
    ~~~~~~~~~~~~~~~~~~~~~~~~~~~~~~~~~~~~~~~~^^^^^^^
  File "/Users/mehriddinmengturayev/Downloads/shopbot/.venv/lib/python3.13/site-packages/sqlalchemy/dialects/sqlite/aiosqlite.py", line 298, in _handle_exception
    raise error
  File "/Users/mehriddinmengturayev/Downloads/shopbot/.venv/lib/python3.13/site-packages/sqlalchemy/dialects/sqlite/aiosqlite.py", line 129, in execute
    self.await_(_cursor.execute(operation, parameters))
    ~~~~~~~~~~~^^^^^^^^^^^^^^^^^^^^^^^^^^^^^^^^^^^^^^^^
  File "/Users/mehriddinmengturayev/Downloads/shopbot/.venv/lib/python3.13/site-packages/sqlalchemy/util/_concurrency_py3k.py", line 132, in await_only
    return current.parent.switch(awaitable)  # type: ignore[no-any-return,attr-defined] # noqa: E501
           ~~~~~~~~~~~~~~~~~~~~~^^^^^^^^^^^
  File "/Users/mehriddinmengturayev/Downloads/shopbot/.venv/lib/python3.13/site-packages/sqlalchemy/util/_concurrency_py3k.py", line 196, in greenlet_spawn
    value = await result
            ^^^^^^^^^^^^
  File "/Users/mehriddinmengturayev/Downloads/shopbot/.venv/lib/python3.13/site-packages/aiosqlite/cursor.py", line 48, in execute
    await self._execute(self._cursor.execute, sql, parameters)
  File "/Users/mehriddinmengturayev/Downloads/shopbot/.venv/lib/python3.13/site-packages/aiosqlite/cursor.py", line 40, in _execute
    return await self._conn._execute(fn, *args, **kwargs)
           ^^^^^^^^^^^^^^^^^^^^^^^^^^^^^^^^^^^^^^^^^^^^^^
  File "/Users/mehriddinmengturayev/Downloads/shopbot/.venv/lib/python3.13/site-packages/aiosqlite/core.py", line 132, in _execute
    return await future
           ^^^^^^^^^^^^
  File "/Users/mehriddinmengturayev/Downloads/shopbot/.venv/lib/python3.13/site-packages/aiosqlite/core.py", line 115, in run
    result = function()
sqlite3.OperationalError: no such column: orders.payment_method

The above exception was the direct cause of the following exception:

Traceback (most recent call last):
  File "/Users/mehriddinmengturayev/Downloads/shopbot/app/services/crypto_poller.py", line 33, in crypto_poller_loop
    await _poll_once(bot)
  File "/Users/mehriddinmengturayev/Downloads/shopbot/app/services/crypto_poller.py", line 44, in _poll_once
    pending = await orders_repo.list_awaiting_crypto_payment()
              ^^^^^^^^^^^^^^^^^^^^^^^^^^^^^^^^^^^^^^^^^^^^^^^^
  File "/Users/mehriddinmengturayev/Downloads/shopbot/app/repositories/order_repo.py", line 47, in list_awaiting_crypto_payment
    result = await self.session.execute(
             ^^^^^^^^^^^^^^^^^^^^^^^^^^^
    ...<3 lines>...
    )
    ^
  File "/Users/mehriddinmengturayev/Downloads/shopbot/.venv/lib/python3.13/site-packages/sqlalchemy/ext/asyncio/session.py", line 461, in execute
    result = await greenlet_spawn(
             ^^^^^^^^^^^^^^^^^^^^^
    ...<6 lines>...
    )
    ^
  File "/Users/mehriddinmengturayev/Downloads/shopbot/.venv/lib/python3.13/site-packages/sqlalchemy/util/_concurrency_py3k.py", line 201, in greenlet_spawn
    result = context.throw(*sys.exc_info())
  File "/Users/mehriddinmengturayev/Downloads/shopbot/.venv/lib/python3.13/site-packages/sqlalchemy/orm/session.py", line 2362, in execute
    return self._execute_internal(
           ~~~~~~~~~~~~~~~~~~~~~~^
        statement,
        ^^^^^^^^^^
    ...<4 lines>...
        _add_event=_add_event,
        ^^^^^^^^^^^^^^^^^^^^^^
    )
    ^
  File "/Users/mehriddinmengturayev/Downloads/shopbot/.venv/lib/python3.13/site-packages/sqlalchemy/orm/session.py", line 2247, in _execute_internal
    result: Result[Any] = compile_state_cls.orm_execute_statement(
                          ~~~~~~~~~~~~~~~~~~~~~~~~~~~~~~~~~~~~~~~^
        self,
        ^^^^^
    ...<4 lines>...
        conn,
        ^^^^^
    )
    ^
  File "/Users/mehriddinmengturayev/Downloads/shopbot/.venv/lib/python3.13/site-packages/sqlalchemy/orm/context.py", line 305, in orm_execute_statement
    result = conn.execute(
        statement, params or {}, execution_options=execution_options
    )
  File "/Users/mehriddinmengturayev/Downloads/shopbot/.venv/lib/python3.13/site-packages/sqlalchemy/engine/base.py", line 1418, in execute
    return meth(
        self,
        distilled_parameters,
        execution_options or NO_OPTIONS,
    )
  File "/Users/mehriddinmengturayev/Downloads/shopbot/.venv/lib/python3.13/site-packages/sqlalchemy/sql/elements.py", line 515, in _execute_on_connection
    return connection._execute_clauseelement(
           ~~~~~~~~~~~~~~~~~~~~~~~~~~~~~~~~~^
        self, distilled_params, execution_options
        ^^^^^^^^^^^^^^^^^^^^^^^^^^^^^^^^^^^^^^^^^
    )
    ^
  File "/Users/mehriddinmengturayev/Downloads/shopbot/.venv/lib/python3.13/site-packages/sqlalchemy/engine/base.py", line 1640, in _execute_clauseelement
    ret = self._execute_context(
        dialect,
    ...<8 lines>...
        cache_hit=cache_hit,
    )
  File "/Users/mehriddinmengturayev/Downloads/shopbot/.venv/lib/python3.13/site-packages/sqlalchemy/engine/base.py", line 1846, in _execute_context
    return self._exec_single_context(
           ~~~~~~~~~~~~~~~~~~~~~~~~~^
        dialect, context, statement, parameters
        ^^^^^^^^^^^^^^^^^^^^^^^^^^^^^^^^^^^^^^^
    )
    ^
  File "/Users/mehriddinmengturayev/Downloads/shopbot/.venv/lib/python3.13/site-packages/sqlalchemy/engine/base.py", line 1986, in _exec_single_context
    self._handle_dbapi_exception(
    ~~~~~~~~~~~~~~~~~~~~~~~~~~~~^
        e, str_statement, effective_parameters, cursor, context
        ^^^^^^^^^^^^^^^^^^^^^^^^^^^^^^^^^^^^^^^^^^^^^^^^^^^^^^^
    )
    ^
  File "/Users/mehriddinmengturayev/Downloads/shopbot/.venv/lib/python3.13/site-packages/sqlalchemy/engine/base.py", line 2355, in _handle_dbapi_exception
    raise sqlalchemy_exception.with_traceback(exc_info[2]) from e
  File "/Users/mehriddinmengturayev/Downloads/shopbot/.venv/lib/python3.13/site-packages/sqlalchemy/engine/base.py", line 1967, in _exec_single_context
    self.dialect.do_execute(
    ~~~~~~~~~~~~~~~~~~~~~~~^
        cursor, str_statement, effective_parameters, context
        ^^^^^^^^^^^^^^^^^^^^^^^^^^^^^^^^^^^^^^^^^^^^^^^^^^^^
    )
    ^
  File "/Users/mehriddinmengturayev/Downloads/shopbot/.venv/lib/python3.13/site-packages/sqlalchemy/engine/default.py", line 941, in do_execute
    cursor.execute(statement, parameters)
    ~~~~~~~~~~~~~~^^^^^^^^^^^^^^^^^^^^^^^
  File "/Users/mehriddinmengturayev/Downloads/shopbot/.venv/lib/python3.13/site-packages/sqlalchemy/dialects/sqlite/aiosqlite.py", line 147, in execute
    self._adapt_connection._handle_exception(error)
    ~~~~~~~~~~~~~~~~~~~~~~~~~~~~~~~~~~~~~~~~^^^^^^^
  File "/Users/mehriddinmengturayev/Downloads/shopbot/.venv/lib/python3.13/site-packages/sqlalchemy/dialects/sqlite/aiosqlite.py", line 298, in _handle_exception
    raise error
  File "/Users/mehriddinmengturayev/Downloads/shopbot/.venv/lib/python3.13/site-packages/sqlalchemy/dialects/sqlite/aiosqlite.py", line 129, in execute
    self.await_(_cursor.execute(operation, parameters))
    ~~~~~~~~~~~^^^^^^^^^^^^^^^^^^^^^^^^^^^^^^^^^^^^^^^^
  File "/Users/mehriddinmengturayev/Downloads/shopbot/.venv/lib/python3.13/site-packages/sqlalchemy/util/_concurrency_py3k.py", line 132, in await_only
    return current.parent.switch(awaitable)  # type: ignore[no-any-return,attr-defined] # noqa: E501
           ~~~~~~~~~~~~~~~~~~~~~^^^^^^^^^^^
  File "/Users/mehriddinmengturayev/Downloads/shopbot/.venv/lib/python3.13/site-packages/sqlalchemy/util/_concurrency_py3k.py", line 196, in greenlet_spawn
    value = await result
            ^^^^^^^^^^^^
  File "/Users/mehriddinmengturayev/Downloads/shopbot/.venv/lib/python3.13/site-packages/aiosqlite/cursor.py", line 48, in execute
    await self._execute(self._cursor.execute, sql, parameters)
  File "/Users/mehriddinmengturayev/Downloads/shopbot/.venv/lib/python3.13/site-packages/aiosqlite/cursor.py", line 40, in _execute
    return await self._conn._execute(fn, *args, **kwargs)
           ^^^^^^^^^^^^^^^^^^^^^^^^^^^^^^^^^^^^^^^^^^^^^^
  File "/Users/mehriddinmengturayev/Downloads/shopbot/.venv/lib/python3.13/site-packages/aiosqlite/core.py", line 132, in _execute
    return await future
           ^^^^^^^^^^^^
  File "/Users/mehriddinmengturayev/Downloads/shopbot/.venv/lib/python3.13/site-packages/aiosqlite/core.py", line 115, in run
    result = function()
sqlalchemy.exc.OperationalError: (sqlite3.OperationalError) no such column: orders.payment_method
[SQL: SELECT orders.id, orders.order_uuid, orders.user_id, orders.product_id, orders.price_at_purchase, orders.currency, orders.status, orders.payment_method, orders.crypto_provider, orders.crypto_invoice_id, orders.crypto_pay_url, orders.decided_by_admin_id, orders.decided_at, orders.rejection_reason, orders.delivered_payload, orders.delivered_at, orders.created_at, orders.updated_at 
FROM orders 
WHERE orders.status = ?]
[parameters: ('AWAITING_CRYPTO_PAYMENT',)]
(Background on this error at: https://sqlalche.me/e/20/e3q8)
2026-07-30 20:38:38,379 | INFO     | __main__ | Bot is polling...
2026-07-30 20:38:38,380 | INFO     | aiogram.dispatcher | Start polling
2026-07-30 20:38:38,505 | INFO     | aiogram.dispatcher | Run polling for bot @Tenkyushopbot id=8591349938 - 'Tenkyu Shop'
2026-07-30 20:38:42,946 | INFO     | aiogram.event | Update id=883467284 is handled. Duration 496 ms by bot id=8591349938
2026-07-30 20:38:48,536 | INFO     | aiogram.event | Update id=883467285 is handled. Duration 190 ms by bot id=8591349938
2026-07-30 20:38:57,752 | INFO     | aiogram.event | Update id=883467286 is handled. Duration 361 ms by bot id=8591349938
2026-07-30 20:38:57,972 | ERROR    | providers | Crypto poller iteration failed
Traceback (most recent call last):
  File "/Users/mehriddinmengturayev/Downloads/shopbot/.venv/lib/python3.13/site-packages/sqlalchemy/engine/base.py", line 1967, in _exec_single_context
    self.dialect.do_execute(
    ~~~~~~~~~~~~~~~~~~~~~~~^
        cursor, str_statement, effective_parameters, context
        ^^^^^^^^^^^^^^^^^^^^^^^^^^^^^^^^^^^^^^^^^^^^^^^^^^^^
    )
    ^
  File "/Users/mehriddinmengturayev/Downloads/shopbot/.venv/lib/python3.13/site-packages/sqlalchemy/engine/default.py", line 941, in do_execute
    cursor.execute(statement, parameters)
    ~~~~~~~~~~~~~~^^^^^^^^^^^^^^^^^^^^^^^
  File "/Users/mehriddinmengturayev/Downloads/shopbot/.venv/lib/python3.13/site-packages/sqlalchemy/dialects/sqlite/aiosqlite.py", line 147, in execute
    self._adapt_connection._handle_exception(error)
    ~~~~~~~~~~~~~~~~~~~~~~~~~~~~~~~~~~~~~~~~^^^^^^^
  File "/Users/mehriddinmengturayev/Downloads/shopbot/.venv/lib/python3.13/site-packages/sqlalchemy/dialects/sqlite/aiosqlite.py", line 298, in _handle_exception
    raise error
  File "/Users/mehriddinmengturayev/Downloads/shopbot/.venv/lib/python3.13/site-packages/sqlalchemy/dialects/sqlite/aiosqlite.py", line 129, in execute
    self.await_(_cursor.execute(operation, parameters))
    ~~~~~~~~~~~^^^^^^^^^^^^^^^^^^^^^^^^^^^^^^^^^^^^^^^^
  File "/Users/mehriddinmengturayev/Downloads/shopbot/.venv/lib/python3.13/site-packages/sqlalchemy/util/_concurrency_py3k.py", line 132, in await_only
    return current.parent.switch(awaitable)  # type: ignore[no-any-return,attr-defined] # noqa: E501
           ~~~~~~~~~~~~~~~~~~~~~^^^^^^^^^^^
  File "/Users/mehriddinmengturayev/Downloads/shopbot/.venv/lib/python3.13/site-packages/sqlalchemy/util/_concurrency_py3k.py", line 196, in greenlet_spawn
    value = await result
            ^^^^^^^^^^^^
  File "/Users/mehriddinmengturayev/Downloads/shopbot/.venv/lib/python3.13/site-packages/aiosqlite/cursor.py", line 48, in execute
    await self._execute(self._cursor.execute, sql, parameters)
  File "/Users/mehriddinmengturayev/Downloads/shopbot/.venv/lib/python3.13/site-packages/aiosqlite/cursor.py", line 40, in _execute
    return await self._conn._execute(fn, *args, **kwargs)
           ^^^^^^^^^^^^^^^^^^^^^^^^^^^^^^^^^^^^^^^^^^^^^^
  File "/Users/mehriddinmengturayev/Downloads/shopbot/.venv/lib/python3.13/site-packages/aiosqlite/core.py", line 132, in _execute
    return await future
           ^^^^^^^^^^^^
  File "/Users/mehriddinmengturayev/Downloads/shopbot/.venv/lib/python3.13/site-packages/aiosqlite/core.py", line 115, in run
    result = function()
sqlite3.OperationalError: no such column: orders.payment_method

The above exception was the direct cause of the following exception:

Traceback (most recent call last):
  File "/Users/mehriddinmengturayev/Downloads/shopbot/app/services/crypto_poller.py", line 33, in crypto_poller_loop
    await _poll_once(bot)
  File "/Users/mehriddinmengturayev/Downloads/shopbot/app/services/crypto_poller.py", line 44, in _poll_once
    pending = await orders_repo.list_awaiting_crypto_payment()
              ^^^^^^^^^^^^^^^^^^^^^^^^^^^^^^^^^^^^^^^^^^^^^^^^
  File "/Users/mehriddinmengturayev/Downloads/shopbot/app/repositories/order_repo.py", line 47, in list_awaiting_crypto_payment
    result = await self.session.execute(
             ^^^^^^^^^^^^^^^^^^^^^^^^^^^
    ...<3 lines>...
    )
    ^
  File "/Users/mehriddinmengturayev/Downloads/shopbot/.venv/lib/python3.13/site-packages/sqlalchemy/ext/asyncio/session.py", line 461, in execute
    result = await greenlet_spawn(
             ^^^^^^^^^^^^^^^^^^^^^
    ...<6 lines>...
    )
    ^
  File "/Users/mehriddinmengturayev/Downloads/shopbot/.venv/lib/python3.13/site-packages/sqlalchemy/util/_concurrency_py3k.py", line 201, in greenlet_spawn
    result = context.throw(*sys.exc_info())
  File "/Users/mehriddinmengturayev/Downloads/shopbot/.venv/lib/python3.13/site-packages/sqlalchemy/orm/session.py", line 2362, in execute
    return self._execute_internal(
           ~~~~~~~~~~~~~~~~~~~~~~^
        statement,
        ^^^^^^^^^^
    ...<4 lines>...
        _add_event=_add_event,
        ^^^^^^^^^^^^^^^^^^^^^^
    )
    ^
  File "/Users/mehriddinmengturayev/Downloads/shopbot/.venv/lib/python3.13/site-packages/sqlalchemy/orm/session.py", line 2247, in _execute_internal
    result: Result[Any] = compile_state_cls.orm_execute_statement(
                          ~~~~~~~~~~~~~~~~~~~~~~~~~~~~~~~~~~~~~~~^
        self,
        ^^^^^
    ...<4 lines>...
        conn,
        ^^^^^
    )
    ^
  File "/Users/mehriddinmengturayev/Downloads/shopbot/.venv/lib/python3.13/site-packages/sqlalchemy/orm/context.py", line 305, in orm_execute_statement
    result = conn.execute(
        statement, params or {}, execution_options=execution_options
    )
  File "/Users/mehriddinmengturayev/Downloads/shopbot/.venv/lib/python3.13/site-packages/sqlalchemy/engine/base.py", line 1418, in execute
    return meth(
        self,
        distilled_parameters,
        execution_options or NO_OPTIONS,
    )
  File "/Users/mehriddinmengturayev/Downloads/shopbot/.venv/lib/python3.13/site-packages/sqlalchemy/sql/elements.py", line 515, in _execute_on_connection
    return connection._execute_clauseelement(
           ~~~~~~~~~~~~~~~~~~~~~~~~~~~~~~~~~^
        self, distilled_params, execution_options
        ^^^^^^^^^^^^^^^^^^^^^^^^^^^^^^^^^^^^^^^^^
    )
    ^
  File "/Users/mehriddinmengturayev/Downloads/shopbot/.venv/lib/python3.13/site-packages/sqlalchemy/engine/base.py", line 1640, in _execute_clauseelement
    ret = self._execute_context(
        dialect,
    ...<8 lines>...
        cache_hit=cache_hit,
    )
  File "/Users/mehriddinmengturayev/Downloads/shopbot/.venv/lib/python3.13/site-packages/sqlalchemy/engine/base.py", line 1846, in _execute_context
    return self._exec_single_context(
           ~~~~~~~~~~~~~~~~~~~~~~~~~^
        dialect, context, statement, parameters
        ^^^^^^^^^^^^^^^^^^^^^^^^^^^^^^^^^^^^^^^
    )
    ^
  File "/Users/mehriddinmengturayev/Downloads/shopbot/.venv/lib/python3.13/site-packages/sqlalchemy/engine/base.py", line 1986, in _exec_single_context
    self._handle_dbapi_exception(
    ~~~~~~~~~~~~~~~~~~~~~~~~~~~~^
        e, str_statement, effective_parameters, cursor, context
        ^^^^^^^^^^^^^^^^^^^^^^^^^^^^^^^^^^^^^^^^^^^^^^^^^^^^^^^
    )
    ^
  File "/Users/mehriddinmengturayev/Downloads/shopbot/.venv/lib/python3.13/site-packages/sqlalchemy/engine/base.py", line 2355, in _handle_dbapi_exception
    raise sqlalchemy_exception.with_traceback(exc_info[2]) from e
  File "/Users/mehriddinmengturayev/Downloads/shopbot/.venv/lib/python3.13/site-packages/sqlalchemy/engine/base.py", line 1967, in _exec_single_context
    self.dialect.do_execute(
    ~~~~~~~~~~~~~~~~~~~~~~~^
        cursor, str_statement, effective_parameters, context
        ^^^^^^^^^^^^^^^^^^^^^^^^^^^^^^^^^^^^^^^^^^^^^^^^^^^^
    )
    ^
  File "/Users/mehriddinmengturayev/Downloads/shopbot/.venv/lib/python3.13/site-packages/sqlalchemy/engine/default.py", line 941, in do_execute
    cursor.execute(statement, parameters)
    ~~~~~~~~~~~~~~^^^^^^^^^^^^^^^^^^^^^^^
  File "/Users/mehriddinmengturayev/Downloads/shopbot/.venv/lib/python3.13/site-packages/sqlalchemy/dialects/sqlite/aiosqlite.py", line 147, in execute
    self._adapt_connection._handle_exception(error)
    ~~~~~~~~~~~~~~~~~~~~~~~~~~~~~~~~~~~~~~~~^^^^^^^
  File "/Users/mehriddinmengturayev/Downloads/shopbot/.venv/lib/python3.13/site-packages/sqlalchemy/dialects/sqlite/aiosqlite.py", line 298, in _handle_exception
    raise error
  File "/Users/mehriddinmengturayev/Downloads/shopbot/.venv/lib/python3.13/site-packages/sqlalchemy/dialects/sqlite/aiosqlite.py", line 129, in execute
    self.await_(_cursor.execute(operation, parameters))
    ~~~~~~~~~~~^^^^^^^^^^^^^^^^^^^^^^^^^^^^^^^^^^^^^^^^
  File "/Users/mehriddinmengturayev/Downloads/shopbot/.venv/lib/python3.13/site-packages/sqlalchemy/util/_concurrency_py3k.py", line 132, in await_only
    return current.parent.switch(awaitable)  # type: ignore[no-any-return,attr-defined] # noqa: E501
           ~~~~~~~~~~~~~~~~~~~~~^^^^^^^^^^^
  File "/Users/mehriddinmengturayev/Downloads/shopbot/.venv/lib/python3.13/site-packages/sqlalchemy/util/_concurrency_py3k.py", line 196, in greenlet_spawn
    value = await result
            ^^^^^^^^^^^^
  File "/Users/mehriddinmengturayev/Downloads/shopbot/.venv/lib/python3.13/site-packages/aiosqlite/cursor.py", line 48, in execute
    await self._execute(self._cursor.execute, sql, parameters)
  File "/Users/mehriddinmengturayev/Downloads/shopbot/.venv/lib/python3.13/site-packages/aiosqlite/cursor.py", line 40, in _execute
    return await self._conn._execute(fn, *args, **kwargs)
           ^^^^^^^^^^^^^^^^^^^^^^^^^^^^^^^^^^^^^^^^^^^^^^
  File "/Users/mehriddinmengturayev/Downloads/shopbot/.venv/lib/python3.13/site-packages/aiosqlite/core.py", line 132, in _execute
    return await future
           ^^^^^^^^^^^^
  File "/Users/mehriddinmengturayev/Downloads/shopbot/.venv/lib/python3.13/site-packages/aiosqlite/core.py", line 115, in run
    result = function()
sqlalchemy.exc.OperationalError: (sqlite3.OperationalError) no such column: orders.payment_method
[SQL: SELECT orders.id, orders.order_uuid, orders.user_id, orders.product_id, orders.price_at_purchase, orders.currency, orders.status, orders.payment_method, orders.crypto_provider, orders.crypto_invoice_id, orders.crypto_pay_url, orders.decided_by_admin_id, orders.decided_at, orders.rejection_reason, orders.delivered_payload, orders.delivered_at, orders.created_at, orders.updated_at 
FROM orders 
WHERE orders.status = ?]
[parameters: ('AWAITING_CRYPTO_PAYMENT',)]
(Background on this error at: https://sqlalche.me/e/20/e3q8)
2026-07-30 20:39:04,370 | INFO     | admin_actions | support_reply_relayed admin=1403306196 user=1403306196
2026-07-30 20:39:04,574 | INFO     | aiogram.event | Update id=883467287 is handled. Duration 369 ms by bot id=8591349938
2026-07-30 20:39:08,032 | INFO     | aiogram.event | Update id=883467288 is handled. Duration 9 ms by bot id=8591349938
2026-07-30 20:39:12,807 | ERROR    | app.middlewares.error_handling | Unhandled exception while processing update
Traceback (most recent call last):
  File "/Users/mehriddinmengturayev/Downloads/shopbot/.venv/lib/python3.13/site-packages/sqlalchemy/engine/base.py", line 1967, in _exec_single_context
    self.dialect.do_execute(
    ~~~~~~~~~~~~~~~~~~~~~~~^
        cursor, str_statement, effective_parameters, context
        ^^^^^^^^^^^^^^^^^^^^^^^^^^^^^^^^^^^^^^^^^^^^^^^^^^^^
    )
    ^
  File "/Users/mehriddinmengturayev/Downloads/shopbot/.venv/lib/python3.13/site-packages/sqlalchemy/engine/default.py", line 941, in do_execute
    cursor.execute(statement, parameters)
    ~~~~~~~~~~~~~~^^^^^^^^^^^^^^^^^^^^^^^
  File "/Users/mehriddinmengturayev/Downloads/shopbot/.venv/lib/python3.13/site-packages/sqlalchemy/dialects/sqlite/aiosqlite.py", line 147, in execute
    self._adapt_connection._handle_exception(error)
    ~~~~~~~~~~~~~~~~~~~~~~~~~~~~~~~~~~~~~~~~^^^^^^^
  File "/Users/mehriddinmengturayev/Downloads/shopbot/.venv/lib/python3.13/site-packages/sqlalchemy/dialects/sqlite/aiosqlite.py", line 298, in _handle_exception
    raise error
  File "/Users/mehriddinmengturayev/Downloads/shopbot/.venv/lib/python3.13/site-packages/sqlalchemy/dialects/sqlite/aiosqlite.py", line 129, in execute
    self.await_(_cursor.execute(operation, parameters))
    ~~~~~~~~~~~^^^^^^^^^^^^^^^^^^^^^^^^^^^^^^^^^^^^^^^^
  File "/Users/mehriddinmengturayev/Downloads/shopbot/.venv/lib/python3.13/site-packages/sqlalchemy/util/_concurrency_py3k.py", line 132, in await_only
    return current.parent.switch(awaitable)  # type: ignore[no-any-return,attr-defined] # noqa: E501
           ~~~~~~~~~~~~~~~~~~~~~^^^^^^^^^^^
  File "/Users/mehriddinmengturayev/Downloads/shopbot/.venv/lib/python3.13/site-packages/sqlalchemy/util/_concurrency_py3k.py", line 196, in greenlet_spawn
    value = await result
            ^^^^^^^^^^^^
  File "/Users/mehriddinmengturayev/Downloads/shopbot/.venv/lib/python3.13/site-packages/aiosqlite/cursor.py", line 48, in execute
    await self._execute(self._cursor.execute, sql, parameters)
  File "/Users/mehriddinmengturayev/Downloads/shopbot/.venv/lib/python3.13/site-packages/aiosqlite/cursor.py", line 40, in _execute
    return await self._conn._execute(fn, *args, **kwargs)
           ^^^^^^^^^^^^^^^^^^^^^^^^^^^^^^^^^^^^^^^^^^^^^^
  File "/Users/mehriddinmengturayev/Downloads/shopbot/.venv/lib/python3.13/site-packages/aiosqlite/core.py", line 132, in _execute
    return await future
           ^^^^^^^^^^^^
  File "/Users/mehriddinmengturayev/Downloads/shopbot/.venv/lib/python3.13/site-packages/aiosqlite/core.py", line 115, in run
    result = function()
sqlite3.OperationalError: no such column: products.price_usd

The above exception was the direct cause of the following exception:

Traceback (most recent call last):
  File "/Users/mehriddinmengturayev/Downloads/shopbot/app/middlewares/error_handling.py", line 33, in __call__
    return await handler(event, data)
           ^^^^^^^^^^^^^^^^^^^^^^^^^^
  File "/Users/mehriddinmengturayev/Downloads/shopbot/app/middlewares/throttling.py", line 40, in __call__
    return await handler(event, data)
           ^^^^^^^^^^^^^^^^^^^^^^^^^^
  File "/Users/mehriddinmengturayev/Downloads/shopbot/app/middlewares/db_session.py", line 27, in __call__
    return await handler(event, data)
           ^^^^^^^^^^^^^^^^^^^^^^^^^^
  File "/Users/mehriddinmengturayev/Downloads/shopbot/app/middlewares/user_context.py", line 41, in __call__
    return await handler(event, data)
           ^^^^^^^^^^^^^^^^^^^^^^^^^^
  File "/Users/mehriddinmengturayev/Downloads/shopbot/.venv/lib/python3.13/site-packages/aiogram/dispatcher/event/telegram.py", line 121, in trigger
    return await wrapped_inner(event, kwargs)
           ^^^^^^^^^^^^^^^^^^^^^^^^^^^^^^^^^^
  File "/Users/mehriddinmengturayev/Downloads/shopbot/.venv/lib/python3.13/site-packages/aiogram/dispatcher/event/handler.py", line 43, in call
    return await wrapped()
           ^^^^^^^^^^^^^^^
  File "/Users/mehriddinmengturayev/Downloads/shopbot/.venv/lib/python3.13/site-packages/aiogram/dispatcher/dispatcher.py", line 276, in _listen_update
    return await self.propagate_event(update_type=update_type, event=event, **kwargs)
           ^^^^^^^^^^^^^^^^^^^^^^^^^^^^^^^^^^^^^^^^^^^^^^^^^^^^^^^^^^^^^^^^^^^^^^^^^^
  File "/Users/mehriddinmengturayev/Downloads/shopbot/.venv/lib/python3.13/site-packages/aiogram/dispatcher/router.py", line 146, in propagate_event
    return await observer.wrap_outer_middleware(_wrapped, event=event, data=kwargs)
           ^^^^^^^^^^^^^^^^^^^^^^^^^^^^^^^^^^^^^^^^^^^^^^^^^^^^^^^^^^^^^^^^^^^^^^^^
  File "/Users/mehriddinmengturayev/Downloads/shopbot/.venv/lib/python3.13/site-packages/aiogram/dispatcher/router.py", line 141, in _wrapped
    return await self._propagate_event(
           ^^^^^^^^^^^^^^^^^^^^^^^^^^^^
        observer=observer, update_type=update_type, event=telegram_event, **data
        ^^^^^^^^^^^^^^^^^^^^^^^^^^^^^^^^^^^^^^^^^^^^^^^^^^^^^^^^^^^^^^^^^^^^^^^^
    )
    ^
  File "/Users/mehriddinmengturayev/Downloads/shopbot/.venv/lib/python3.13/site-packages/aiogram/dispatcher/router.py", line 174, in _propagate_event
    response = await router.propagate_event(update_type=update_type, event=event, **kwargs)
               ^^^^^^^^^^^^^^^^^^^^^^^^^^^^^^^^^^^^^^^^^^^^^^^^^^^^^^^^^^^^^^^^^^^^^^^^^^^^
  File "/Users/mehriddinmengturayev/Downloads/shopbot/.venv/lib/python3.13/site-packages/aiogram/dispatcher/router.py", line 146, in propagate_event
    return await observer.wrap_outer_middleware(_wrapped, event=event, data=kwargs)
           ^^^^^^^^^^^^^^^^^^^^^^^^^^^^^^^^^^^^^^^^^^^^^^^^^^^^^^^^^^^^^^^^^^^^^^^^
  File "/Users/mehriddinmengturayev/Downloads/shopbot/.venv/lib/python3.13/site-packages/aiogram/dispatcher/router.py", line 141, in _wrapped
    return await self._propagate_event(
           ^^^^^^^^^^^^^^^^^^^^^^^^^^^^
        observer=observer, update_type=update_type, event=telegram_event, **data
        ^^^^^^^^^^^^^^^^^^^^^^^^^^^^^^^^^^^^^^^^^^^^^^^^^^^^^^^^^^^^^^^^^^^^^^^^
    )
    ^
  File "/Users/mehriddinmengturayev/Downloads/shopbot/.venv/lib/python3.13/site-packages/aiogram/dispatcher/router.py", line 174, in _propagate_event
    response = await router.propagate_event(update_type=update_type, event=event, **kwargs)
               ^^^^^^^^^^^^^^^^^^^^^^^^^^^^^^^^^^^^^^^^^^^^^^^^^^^^^^^^^^^^^^^^^^^^^^^^^^^^
  File "/Users/mehriddinmengturayev/Downloads/shopbot/.venv/lib/python3.13/site-packages/aiogram/dispatcher/router.py", line 146, in propagate_event
    return await observer.wrap_outer_middleware(_wrapped, event=event, data=kwargs)
           ^^^^^^^^^^^^^^^^^^^^^^^^^^^^^^^^^^^^^^^^^^^^^^^^^^^^^^^^^^^^^^^^^^^^^^^^
  File "/Users/mehriddinmengturayev/Downloads/shopbot/.venv/lib/python3.13/site-packages/aiogram/dispatcher/router.py", line 141, in _wrapped
    return await self._propagate_event(
           ^^^^^^^^^^^^^^^^^^^^^^^^^^^^
        observer=observer, update_type=update_type, event=telegram_event, **data
        ^^^^^^^^^^^^^^^^^^^^^^^^^^^^^^^^^^^^^^^^^^^^^^^^^^^^^^^^^^^^^^^^^^^^^^^^
    )
    ^
  File "/Users/mehriddinmengturayev/Downloads/shopbot/.venv/lib/python3.13/site-packages/aiogram/dispatcher/router.py", line 166, in _propagate_event
    response = await observer.trigger(event, **kwargs)
               ^^^^^^^^^^^^^^^^^^^^^^^^^^^^^^^^^^^^^^^
  File "/Users/mehriddinmengturayev/Downloads/shopbot/.venv/lib/python3.13/site-packages/aiogram/dispatcher/event/telegram.py", line 121, in trigger
    return await wrapped_inner(event, kwargs)
           ^^^^^^^^^^^^^^^^^^^^^^^^^^^^^^^^^^
  File "/Users/mehriddinmengturayev/Downloads/shopbot/.venv/lib/python3.13/site-packages/aiogram/dispatcher/event/handler.py", line 43, in call
    return await wrapped()
           ^^^^^^^^^^^^^^^
  File "/Users/mehriddinmengturayev/Downloads/shopbot/app/handlers/user/shop.py", line 60, in open_shop
    views = await service.list_shop()
            ^^^^^^^^^^^^^^^^^^^^^^^^^
  File "/Users/mehriddinmengturayev/Downloads/shopbot/app/services/product_service.py", line 28, in list_shop
    items = await self.products.list_visible()
            ^^^^^^^^^^^^^^^^^^^^^^^^^^^^^^^^^^
  File "/Users/mehriddinmengturayev/Downloads/shopbot/app/repositories/product_repo.py", line 16, in list_visible
    result = await self.session.execute(
             ^^^^^^^^^^^^^^^^^^^^^^^^^^^
    ...<3 lines>...
    )
    ^
  File "/Users/mehriddinmengturayev/Downloads/shopbot/.venv/lib/python3.13/site-packages/sqlalchemy/ext/asyncio/session.py", line 461, in execute
    result = await greenlet_spawn(
             ^^^^^^^^^^^^^^^^^^^^^
    ...<6 lines>...
    )
    ^
  File "/Users/mehriddinmengturayev/Downloads/shopbot/.venv/lib/python3.13/site-packages/sqlalchemy/util/_concurrency_py3k.py", line 201, in greenlet_spawn
    result = context.throw(*sys.exc_info())
  File "/Users/mehriddinmengturayev/Downloads/shopbot/.venv/lib/python3.13/site-packages/sqlalchemy/orm/session.py", line 2362, in execute
    return self._execute_internal(
           ~~~~~~~~~~~~~~~~~~~~~~^
        statement,
        ^^^^^^^^^^
    ...<4 lines>...
        _add_event=_add_event,
        ^^^^^^^^^^^^^^^^^^^^^^
    )
    ^
  File "/Users/mehriddinmengturayev/Downloads/shopbot/.venv/lib/python3.13/site-packages/sqlalchemy/orm/session.py", line 2247, in _execute_internal
    result: Result[Any] = compile_state_cls.orm_execute_statement(
                          ~~~~~~~~~~~~~~~~~~~~~~~~~~~~~~~~~~~~~~~^
        self,
        ^^^^^
    ...<4 lines>...
        conn,
        ^^^^^
    )
    ^
  File "/Users/mehriddinmengturayev/Downloads/shopbot/.venv/lib/python3.13/site-packages/sqlalchemy/orm/context.py", line 305, in orm_execute_statement
    result = conn.execute(
        statement, params or {}, execution_options=execution_options
    )
  File "/Users/mehriddinmengturayev/Downloads/shopbot/.venv/lib/python3.13/site-packages/sqlalchemy/engine/base.py", line 1418, in execute
    return meth(
        self,
        distilled_parameters,
        execution_options or NO_OPTIONS,
    )
  File "/Users/mehriddinmengturayev/Downloads/shopbot/.venv/lib/python3.13/site-packages/sqlalchemy/sql/elements.py", line 515, in _execute_on_connection
    return connection._execute_clauseelement(
           ~~~~~~~~~~~~~~~~~~~~~~~~~~~~~~~~~^
        self, distilled_params, execution_options
        ^^^^^^^^^^^^^^^^^^^^^^^^^^^^^^^^^^^^^^^^^
    )
    ^
  File "/Users/mehriddinmengturayev/Downloads/shopbot/.venv/lib/python3.13/site-packages/sqlalchemy/engine/base.py", line 1640, in _execute_clauseelement
    ret = self._execute_context(
        dialect,
    ...<8 lines>...
        cache_hit=cache_hit,
    )
  File "/Users/mehriddinmengturayev/Downloads/shopbot/.venv/lib/python3.13/site-packages/sqlalchemy/engine/base.py", line 1846, in _execute_context
    return self._exec_single_context(
           ~~~~~~~~~~~~~~~~~~~~~~~~~^
        dialect, context, statement, parameters
        ^^^^^^^^^^^^^^^^^^^^^^^^^^^^^^^^^^^^^^^
    )
    ^
  File "/Users/mehriddinmengturayev/Downloads/shopbot/.venv/lib/python3.13/site-packages/sqlalchemy/engine/base.py", line 1986, in _exec_single_context
    self._handle_dbapi_exception(
    ~~~~~~~~~~~~~~~~~~~~~~~~~~~~^
        e, str_statement, effective_parameters, cursor, context
        ^^^^^^^^^^^^^^^^^^^^^^^^^^^^^^^^^^^^^^^^^^^^^^^^^^^^^^^
    )
    ^
  File "/Users/mehriddinmengturayev/Downloads/shopbot/.venv/lib/python3.13/site-packages/sqlalchemy/engine/base.py", line 2355, in _handle_dbapi_exception
    raise sqlalchemy_exception.with_traceback(exc_info[2]) from e
  File "/Users/mehriddinmengturayev/Downloads/shopbot/.venv/lib/python3.13/site-packages/sqlalchemy/engine/base.py", line 1967, in _exec_single_context
    self.dialect.do_execute(
    ~~~~~~~~~~~~~~~~~~~~~~~^
        cursor, str_statement, effective_parameters, context
        ^^^^^^^^^^^^^^^^^^^^^^^^^^^^^^^^^^^^^^^^^^^^^^^^^^^^
    )
    ^
  File "/Users/mehriddinmengturayev/Downloads/shopbot/.venv/lib/python3.13/site-packages/sqlalchemy/engine/default.py", line 941, in do_execute
    cursor.execute(statement, parameters)
    ~~~~~~~~~~~~~~^^^^^^^^^^^^^^^^^^^^^^^
  File "/Users/mehriddinmengturayev/Downloads/shopbot/.venv/lib/python3.13/site-packages/sqlalchemy/dialects/sqlite/aiosqlite.py", line 147, in execute
    self._adapt_connection._handle_exception(error)
    ~~~~~~~~~~~~~~~~~~~~~~~~~~~~~~~~~~~~~~~~^^^^^^^
  File "/Users/mehriddinmengturayev/Downloads/shopbot/.venv/lib/python3.13/site-packages/sqlalchemy/dialects/sqlite/aiosqlite.py", line 298, in _handle_exception
    raise error
  File "/Users/mehriddinmengturayev/Downloads/shopbot/.venv/lib/python3.13/site-packages/sqlalchemy/dialects/sqlite/aiosqlite.py", line 129, in execute
    self.await_(_cursor.execute(operation, parameters))
    ~~~~~~~~~~~^^^^^^^^^^^^^^^^^^^^^^^^^^^^^^^^^^^^^^^^
  File "/Users/mehriddinmengturayev/Downloads/shopbot/.venv/lib/python3.13/site-packages/sqlalchemy/util/_concurrency_py3k.py", line 132, in await_only
    return current.parent.switch(awaitable)  # type: ignore[no-any-return,attr-defined] # noqa: E501
           ~~~~~~~~~~~~~~~~~~~~~^^^^^^^^^^^
  File "/Users/mehriddinmengturayev/Downloads/shopbot/.venv/lib/python3.13/site-packages/sqlalchemy/util/_concurrency_py3k.py", line 196, in greenlet_spawn
    value = await result
            ^^^^^^^^^^^^
  File "/Users/mehriddinmengturayev/Downloads/shopbot/.venv/lib/python3.13/site-packages/aiosqlite/cursor.py", line 48, in execute
    await self._execute(self._cursor.execute, sql, parameters)
  File "/Users/mehriddinmengturayev/Downloads/shopbot/.venv/lib/python3.13/site-packages/aiosqlite/cursor.py", line 40, in _execute
    return await self._conn._execute(fn, *args, **kwargs)
           ^^^^^^^^^^^^^^^^^^^^^^^^^^^^^^^^^^^^^^^^^^^^^^
  File "/Users/mehriddinmengturayev/Downloads/shopbot/.venv/lib/python3.13/site-packages/aiosqlite/core.py", line 132, in _execute
    return await future
           ^^^^^^^^^^^^
  File "/Users/mehriddinmengturayev/Downloads/shopbot/.venv/lib/python3.13/site-packages/aiosqlite/core.py", line 115, in run
    result = function()
sqlalchemy.exc.OperationalError: (sqlite3.OperationalError) no such column: products.price_usd
[SQL: SELECT products.id, products.name, products.emoji, products.description, products.price, products.currency, products.price_usd, products.image_file_id, products.delivery_mode, products.provider_key, products.manual_delivery_hint, products.payment_instructions, products.is_visible, products.sort_order, products.created_at, products.updated_at 
FROM products 
WHERE products.is_visible IS 1 ORDER BY products.sort_order, products.id]
(Background on this error at: https://sqlalche.me/e/20/e3q8)
2026-07-30 20:39:12,816 | INFO     | aiogram.event | Update id=883467289 is handled. Duration 25 ms by bot id=8591349938
2026-07-30 20:39:17,991 | ERROR    | providers | Crypto poller iteration failed
Traceback (most recent call last):
  File "/Users/mehriddinmengturayev/Downloads/shopbot/.venv/lib/python3.13/site-packages/sqlalchemy/engine/base.py", line 1967, in _exec_single_context
    self.dialect.do_execute(
    ~~~~~~~~~~~~~~~~~~~~~~~^
        cursor, str_statement, effective_parameters, context
        ^^^^^^^^^^^^^^^^^^^^^^^^^^^^^^^^^^^^^^^^^^^^^^^^^^^^
    )
    ^
  File "/Users/mehriddinmengturayev/Downloads/shopbot/.venv/lib/python3.13/site-packages/sqlalchemy/engine/default.py", line 941, in do_execute
    cursor.execute(statement, parameters)
    ~~~~~~~~~~~~~~^^^^^^^^^^^^^^^^^^^^^^^
  File "/Users/mehriddinmengturayev/Downloads/shopbot/.venv/lib/python3.13/site-packages/sqlalchemy/dialects/sqlite/aiosqlite.py", line 147, in execute
    self._adapt_connection._handle_exception(error)
    ~~~~~~~~~~~~~~~~~~~~~~~~~~~~~~~~~~~~~~~~^^^^^^^
  File "/Users/mehriddinmengturayev/Downloads/shopbot/.venv/lib/python3.13/site-packages/sqlalchemy/dialects/sqlite/aiosqlite.py", line 298, in _handle_exception
    raise error
  File "/Users/mehriddinmengturayev/Downloads/shopbot/.venv/lib/python3.13/site-packages/sqlalchemy/dialects/sqlite/aiosqlite.py", line 129, in execute
    self.await_(_cursor.execute(operation, parameters))
    ~~~~~~~~~~~^^^^^^^^^^^^^^^^^^^^^^^^^^^^^^^^^^^^^^^^
  File "/Users/mehriddinmengturayev/Downloads/shopbot/.venv/lib/python3.13/site-packages/sqlalchemy/util/_concurrency_py3k.py", line 132, in await_only
    return current.parent.switch(awaitable)  # type: ignore[no-any-return,attr-defined] # noqa: E501
           ~~~~~~~~~~~~~~~~~~~~~^^^^^^^^^^^
  File "/Users/mehriddinmengturayev/Downloads/shopbot/.venv/lib/python3.13/site-packages/sqlalchemy/util/_concurrency_py3k.py", line 196, in greenlet_spawn
    value = await result
            ^^^^^^^^^^^^
  File "/Users/mehriddinmengturayev/Downloads/shopbot/.venv/lib/python3.13/site-packages/aiosqlite/cursor.py", line 48, in execute
    await self._execute(self._cursor.execute, sql, parameters)
  File "/Users/mehriddinmengturayev/Downloads/shopbot/.venv/lib/python3.13/site-packages/aiosqlite/cursor.py", line 40, in _execute
    return await self._conn._execute(fn, *args, **kwargs)
           ^^^^^^^^^^^^^^^^^^^^^^^^^^^^^^^^^^^^^^^^^^^^^^
  File "/Users/mehriddinmengturayev/Downloads/shopbot/.venv/lib/python3.13/site-packages/aiosqlite/core.py", line 132, in _execute
    return await future
           ^^^^^^^^^^^^
  File "/Users/mehriddinmengturayev/Downloads/shopbot/.venv/lib/python3.13/site-packages/aiosqlite/core.py", line 115, in run
    result = function()
sqlite3.OperationalError: no such column: orders.payment_method

The above exception was the direct cause of the following exception:

Traceback (most recent call last):
  File "/Users/mehriddinmengturayev/Downloads/shopbot/app/services/crypto_poller.py", line 33, in crypto_poller_loop
    await _poll_once(bot)
  File "/Users/mehriddinmengturayev/Downloads/shopbot/app/services/crypto_poller.py", line 44, in _poll_once
    pending = await orders_repo.list_awaiting_crypto_payment()
              ^^^^^^^^^^^^^^^^^^^^^^^^^^^^^^^^^^^^^^^^^^^^^^^^
  File "/Users/mehriddinmengturayev/Downloads/shopbot/app/repositories/order_repo.py", line 47, in list_awaiting_crypto_payment
    result = await self.session.execute(
             ^^^^^^^^^^^^^^^^^^^^^^^^^^^
    ...<3 lines>...
    )
    ^
  File "/Users/mehriddinmengturayev/Downloads/shopbot/.venv/lib/python3.13/site-packages/sqlalchemy/ext/asyncio/session.py", line 461, in execute
    result = await greenlet_spawn(
             ^^^^^^^^^^^^^^^^^^^^^
    ...<6 lines>...
    )
    ^
  File "/Users/mehriddinmengturayev/Downloads/shopbot/.venv/lib/python3.13/site-packages/sqlalchemy/util/_concurrency_py3k.py", line 201, in greenlet_spawn
    result = context.throw(*sys.exc_info())
  File "/Users/mehriddinmengturayev/Downloads/shopbot/.venv/lib/python3.13/site-packages/sqlalchemy/orm/session.py", line 2362, in execute
    return self._execute_internal(
           ~~~~~~~~~~~~~~~~~~~~~~^
        statement,
        ^^^^^^^^^^
    ...<4 lines>...
        _add_event=_add_event,
        ^^^^^^^^^^^^^^^^^^^^^^
    )
    ^
  File "/Users/mehriddinmengturayev/Downloads/shopbot/.venv/lib/python3.13/site-packages/sqlalchemy/orm/session.py", line 2247, in _execute_internal
    result: Result[Any] = compile_state_cls.orm_execute_statement(
                          ~~~~~~~~~~~~~~~~~~~~~~~~~~~~~~~~~~~~~~~^
        self,
        ^^^^^
    ...<4 lines>...
        conn,
        ^^^^^
    )
    ^
  File "/Users/mehriddinmengturayev/Downloads/shopbot/.venv/lib/python3.13/site-packages/sqlalchemy/orm/context.py", line 305, in orm_execute_statement
    result = conn.execute(
        statement, params or {}, execution_options=execution_options
    )
  File "/Users/mehriddinmengturayev/Downloads/shopbot/.venv/lib/python3.13/site-packages/sqlalchemy/engine/base.py", line 1418, in execute
    return meth(
        self,
        distilled_parameters,
        execution_options or NO_OPTIONS,
    )
  File "/Users/mehriddinmengturayev/Downloads/shopbot/.venv/lib/python3.13/site-packages/sqlalchemy/sql/elements.py", line 515, in _execute_on_connection
    return connection._execute_clauseelement(
           ~~~~~~~~~~~~~~~~~~~~~~~~~~~~~~~~~^
        self, distilled_params, execution_options
        ^^^^^^^^^^^^^^^^^^^^^^^^^^^^^^^^^^^^^^^^^
    )
    ^
  File "/Users/mehriddinmengturayev/Downloads/shopbot/.venv/lib/python3.13/site-packages/sqlalchemy/engine/base.py", line 1640, in _execute_clauseelement
    ret = self._execute_context(
        dialect,
    ...<8 lines>...
        cache_hit=cache_hit,
    )
  File "/Users/mehriddinmengturayev/Downloads/shopbot/.venv/lib/python3.13/site-packages/sqlalchemy/engine/base.py", line 1846, in _execute_context
    return self._exec_single_context(
           ~~~~~~~~~~~~~~~~~~~~~~~~~^
        dialect, context, statement, parameters
        ^^^^^^^^^^^^^^^^^^^^^^^^^^^^^^^^^^^^^^^
    )
    ^
  File "/Users/mehriddinmengturayev/Downloads/shopbot/.venv/lib/python3.13/site-packages/sqlalchemy/engine/base.py", line 1986, in _exec_single_context
    self._handle_dbapi_exception(
    ~~~~~~~~~~~~~~~~~~~~~~~~~~~~^
        e, str_statement, effective_parameters, cursor, context
        ^^^^^^^^^^^^^^^^^^^^^^^^^^^^^^^^^^^^^^^^^^^^^^^^^^^^^^^
    )
    ^
  File "/Users/mehriddinmengturayev/Downloads/shopbot/.venv/lib/python3.13/site-packages/sqlalchemy/engine/base.py", line 2355, in _handle_dbapi_exception
    raise sqlalchemy_exception.with_traceback(exc_info[2]) from e
  File "/Users/mehriddinmengturayev/Downloads/shopbot/.venv/lib/python3.13/site-packages/sqlalchemy/engine/base.py", line 1967, in _exec_single_context
    self.dialect.do_execute(
    ~~~~~~~~~~~~~~~~~~~~~~~^
        cursor, str_statement, effective_parameters, context
        ^^^^^^^^^^^^^^^^^^^^^^^^^^^^^^^^^^^^^^^^^^^^^^^^^^^^
    )
    ^
  File "/Users/mehriddinmengturayev/Downloads/shopbot/.venv/lib/python3.13/site-packages/sqlalchemy/engine/default.py", line 941, in do_execute
    cursor.execute(statement, parameters)
    ~~~~~~~~~~~~~~^^^^^^^^^^^^^^^^^^^^^^^
  File "/Users/mehriddinmengturayev/Downloads/shopbot/.venv/lib/python3.13/site-packages/sqlalchemy/dialects/sqlite/aiosqlite.py", line 147, in execute
    self._adapt_connection._handle_exception(error)
    ~~~~~~~~~~~~~~~~~~~~~~~~~~~~~~~~~~~~~~~~^^^^^^^
  File "/Users/mehriddinmengturayev/Downloads/shopbot/.venv/lib/python3.13/site-packages/sqlalchemy/dialects/sqlite/aiosqlite.py", line 298, in _handle_exception
    raise error
  File "/Users/mehriddinmengturayev/Downloads/shopbot/.venv/lib/python3.13/site-packages/sqlalchemy/dialects/sqlite/aiosqlite.py", line 129, in execute
    self.await_(_cursor.execute(operation, parameters))
    ~~~~~~~~~~~^^^^^^^^^^^^^^^^^^^^^^^^^^^^^^^^^^^^^^^^
  File "/Users/mehriddinmengturayev/Downloads/shopbot/.venv/lib/python3.13/site-packages/sqlalchemy/util/_concurrency_py3k.py", line 132, in await_only
    return current.parent.switch(awaitable)  # type: ignore[no-any-return,attr-defined] # noqa: E501
           ~~~~~~~~~~~~~~~~~~~~~^^^^^^^^^^^
  File "/Users/mehriddinmengturayev/Downloads/shopbot/.venv/lib/python3.13/site-packages/sqlalchemy/util/_concurrency_py3k.py", line 196, in greenlet_spawn
    value = await result
            ^^^^^^^^^^^^
  File "/Users/mehriddinmengturayev/Downloads/shopbot/.venv/lib/python3.13/site-packages/aiosqlite/cursor.py", line 48, in execute
    await self._execute(self._cursor.execute, sql, parameters)
  File "/Users/mehriddinmengturayev/Downloads/shopbot/.venv/lib/python3.13/site-packages/aiosqlite/cursor.py", line 40, in _execute
    return await self._conn._execute(fn, *args, **kwargs)
           ^^^^^^^^^^^^^^^^^^^^^^^^^^^^^^^^^^^^^^^^^^^^^^
  File "/Users/mehriddinmengturayev/Downloads/shopbot/.venv/lib/python3.13/site-packages/aiosqlite/core.py", line 132, in _execute
    return await future
           ^^^^^^^^^^^^
  File "/Users/mehriddinmengturayev/Downloads/shopbot/.venv/lib/python3.13/site-packages/aiosqlite/core.py", line 115, in run
    result = function()
sqlalchemy.exc.OperationalError: (sqlite3.OperationalError) no such column: orders.payment_method
[SQL: SELECT orders.id, orders.order_uuid, orders.user_id, orders.product_id, orders.price_at_purchase, orders.currency, orders.status, orders.payment_method, orders.crypto_provider, orders.crypto_invoice_id, orders.crypto_pay_url, orders.decided_by_admin_id, orders.decided_at, orders.rejection_reason, orders.delivered_payload, orders.delivered_at, orders.created_at, orders.updated_at 
FROM orders 
WHERE orders.status = ?]
[parameters: ('AWAITING_CRYPTO_PAYMENT',)]
(Background on this error at: https://sqlalche.me/e/20/e3q8)
2026-07-30 20:39:18,174 | ERROR    | app.middlewares.error_handling | Unhandled exception while processing update
Traceback (most recent call last):
  File "/Users/mehriddinmengturayev/Downloads/shopbot/.venv/lib/python3.13/site-packages/sqlalchemy/engine/base.py", line 1967, in _exec_single_context
    self.dialect.do_execute(
    ~~~~~~~~~~~~~~~~~~~~~~~^
        cursor, str_statement, effective_parameters, context
        ^^^^^^^^^^^^^^^^^^^^^^^^^^^^^^^^^^^^^^^^^^^^^^^^^^^^
    )
    ^
  File "/Users/mehriddinmengturayev/Downloads/shopbot/.venv/lib/python3.13/site-packages/sqlalchemy/engine/default.py", line 941, in do_execute
    cursor.execute(statement, parameters)
    ~~~~~~~~~~~~~~^^^^^^^^^^^^^^^^^^^^^^^
  File "/Users/mehriddinmengturayev/Downloads/shopbot/.venv/lib/python3.13/site-packages/sqlalchemy/dialects/sqlite/aiosqlite.py", line 147, in execute
    self._adapt_connection._handle_exception(error)
    ~~~~~~~~~~~~~~~~~~~~~~~~~~~~~~~~~~~~~~~~^^^^^^^
  File "/Users/mehriddinmengturayev/Downloads/shopbot/.venv/lib/python3.13/site-packages/sqlalchemy/dialects/sqlite/aiosqlite.py", line 298, in _handle_exception
    raise error
  File "/Users/mehriddinmengturayev/Downloads/shopbot/.venv/lib/python3.13/site-packages/sqlalchemy/dialects/sqlite/aiosqlite.py", line 129, in execute
    self.await_(_cursor.execute(operation, parameters))
    ~~~~~~~~~~~^^^^^^^^^^^^^^^^^^^^^^^^^^^^^^^^^^^^^^^^
  File "/Users/mehriddinmengturayev/Downloads/shopbot/.venv/lib/python3.13/site-packages/sqlalchemy/util/_concurrency_py3k.py", line 132, in await_only
    return current.parent.switch(awaitable)  # type: ignore[no-any-return,attr-defined] # noqa: E501
           ~~~~~~~~~~~~~~~~~~~~~^^^^^^^^^^^
  File "/Users/mehriddinmengturayev/Downloads/shopbot/.venv/lib/python3.13/site-packages/sqlalchemy/util/_concurrency_py3k.py", line 196, in greenlet_spawn
    value = await result
            ^^^^^^^^^^^^
  File "/Users/mehriddinmengturayev/Downloads/shopbot/.venv/lib/python3.13/site-packages/aiosqlite/cursor.py", line 48, in execute
    await self._execute(self._cursor.execute, sql, parameters)
  File "/Users/mehriddinmengturayev/Downloads/shopbot/.venv/lib/python3.13/site-packages/aiosqlite/cursor.py", line 40, in _execute
    return await self._conn._execute(fn, *args, **kwargs)
           ^^^^^^^^^^^^^^^^^^^^^^^^^^^^^^^^^^^^^^^^^^^^^^
  File "/Users/mehriddinmengturayev/Downloads/shopbot/.venv/lib/python3.13/site-packages/aiosqlite/core.py", line 132, in _execute
    return await future
           ^^^^^^^^^^^^
  File "/Users/mehriddinmengturayev/Downloads/shopbot/.venv/lib/python3.13/site-packages/aiosqlite/core.py", line 115, in run
    result = function()
sqlite3.OperationalError: no such column: orders.payment_method

The above exception was the direct cause of the following exception:

Traceback (most recent call last):
  File "/Users/mehriddinmengturayev/Downloads/shopbot/app/middlewares/error_handling.py", line 33, in __call__
    return await handler(event, data)
           ^^^^^^^^^^^^^^^^^^^^^^^^^^
  File "/Users/mehriddinmengturayev/Downloads/shopbot/app/middlewares/throttling.py", line 40, in __call__
    return await handler(event, data)
           ^^^^^^^^^^^^^^^^^^^^^^^^^^
  File "/Users/mehriddinmengturayev/Downloads/shopbot/app/middlewares/db_session.py", line 27, in __call__
    return await handler(event, data)
           ^^^^^^^^^^^^^^^^^^^^^^^^^^
  File "/Users/mehriddinmengturayev/Downloads/shopbot/app/middlewares/user_context.py", line 41, in __call__
    return await handler(event, data)
           ^^^^^^^^^^^^^^^^^^^^^^^^^^
  File "/Users/mehriddinmengturayev/Downloads/shopbot/.venv/lib/python3.13/site-packages/aiogram/dispatcher/event/telegram.py", line 121, in trigger
    return await wrapped_inner(event, kwargs)
           ^^^^^^^^^^^^^^^^^^^^^^^^^^^^^^^^^^
  File "/Users/mehriddinmengturayev/Downloads/shopbot/.venv/lib/python3.13/site-packages/aiogram/dispatcher/event/handler.py", line 43, in call
    return await wrapped()
           ^^^^^^^^^^^^^^^
  File "/Users/mehriddinmengturayev/Downloads/shopbot/.venv/lib/python3.13/site-packages/aiogram/dispatcher/dispatcher.py", line 276, in _listen_update
    return await self.propagate_event(update_type=update_type, event=event, **kwargs)
           ^^^^^^^^^^^^^^^^^^^^^^^^^^^^^^^^^^^^^^^^^^^^^^^^^^^^^^^^^^^^^^^^^^^^^^^^^^
  File "/Users/mehriddinmengturayev/Downloads/shopbot/.venv/lib/python3.13/site-packages/aiogram/dispatcher/router.py", line 146, in propagate_event
    return await observer.wrap_outer_middleware(_wrapped, event=event, data=kwargs)
           ^^^^^^^^^^^^^^^^^^^^^^^^^^^^^^^^^^^^^^^^^^^^^^^^^^^^^^^^^^^^^^^^^^^^^^^^
  File "/Users/mehriddinmengturayev/Downloads/shopbot/.venv/lib/python3.13/site-packages/aiogram/dispatcher/router.py", line 141, in _wrapped
    return await self._propagate_event(
           ^^^^^^^^^^^^^^^^^^^^^^^^^^^^
        observer=observer, update_type=update_type, event=telegram_event, **data
        ^^^^^^^^^^^^^^^^^^^^^^^^^^^^^^^^^^^^^^^^^^^^^^^^^^^^^^^^^^^^^^^^^^^^^^^^
    )
    ^
  File "/Users/mehriddinmengturayev/Downloads/shopbot/.venv/lib/python3.13/site-packages/aiogram/dispatcher/router.py", line 174, in _propagate_event
    response = await router.propagate_event(update_type=update_type, event=event, **kwargs)
               ^^^^^^^^^^^^^^^^^^^^^^^^^^^^^^^^^^^^^^^^^^^^^^^^^^^^^^^^^^^^^^^^^^^^^^^^^^^^
  File "/Users/mehriddinmengturayev/Downloads/shopbot/.venv/lib/python3.13/site-packages/aiogram/dispatcher/router.py", line 146, in propagate_event
    return await observer.wrap_outer_middleware(_wrapped, event=event, data=kwargs)
           ^^^^^^^^^^^^^^^^^^^^^^^^^^^^^^^^^^^^^^^^^^^^^^^^^^^^^^^^^^^^^^^^^^^^^^^^
  File "/Users/mehriddinmengturayev/Downloads/shopbot/.venv/lib/python3.13/site-packages/aiogram/dispatcher/router.py", line 141, in _wrapped
    return await self._propagate_event(
           ^^^^^^^^^^^^^^^^^^^^^^^^^^^^
        observer=observer, update_type=update_type, event=telegram_event, **data
        ^^^^^^^^^^^^^^^^^^^^^^^^^^^^^^^^^^^^^^^^^^^^^^^^^^^^^^^^^^^^^^^^^^^^^^^^
    )
    ^
  File "/Users/mehriddinmengturayev/Downloads/shopbot/.venv/lib/python3.13/site-packages/aiogram/dispatcher/router.py", line 174, in _propagate_event
    response = await router.propagate_event(update_type=update_type, event=event, **kwargs)
               ^^^^^^^^^^^^^^^^^^^^^^^^^^^^^^^^^^^^^^^^^^^^^^^^^^^^^^^^^^^^^^^^^^^^^^^^^^^^
  File "/Users/mehriddinmengturayev/Downloads/shopbot/.venv/lib/python3.13/site-packages/aiogram/dispatcher/router.py", line 146, in propagate_event
    return await observer.wrap_outer_middleware(_wrapped, event=event, data=kwargs)
           ^^^^^^^^^^^^^^^^^^^^^^^^^^^^^^^^^^^^^^^^^^^^^^^^^^^^^^^^^^^^^^^^^^^^^^^^
  File "/Users/mehriddinmengturayev/Downloads/shopbot/.venv/lib/python3.13/site-packages/aiogram/dispatcher/router.py", line 141, in _wrapped
    return await self._propagate_event(
           ^^^^^^^^^^^^^^^^^^^^^^^^^^^^
        observer=observer, update_type=update_type, event=telegram_event, **data
        ^^^^^^^^^^^^^^^^^^^^^^^^^^^^^^^^^^^^^^^^^^^^^^^^^^^^^^^^^^^^^^^^^^^^^^^^
    )
    ^
  File "/Users/mehriddinmengturayev/Downloads/shopbot/.venv/lib/python3.13/site-packages/aiogram/dispatcher/router.py", line 166, in _propagate_event
    response = await observer.trigger(event, **kwargs)
               ^^^^^^^^^^^^^^^^^^^^^^^^^^^^^^^^^^^^^^^
  File "/Users/mehriddinmengturayev/Downloads/shopbot/.venv/lib/python3.13/site-packages/aiogram/dispatcher/event/telegram.py", line 121, in trigger
    return await wrapped_inner(event, kwargs)
           ^^^^^^^^^^^^^^^^^^^^^^^^^^^^^^^^^^
  File "/Users/mehriddinmengturayev/Downloads/shopbot/.venv/lib/python3.13/site-packages/aiogram/dispatcher/event/handler.py", line 43, in call
    return await wrapped()
           ^^^^^^^^^^^^^^^
  File "/Users/mehriddinmengturayev/Downloads/shopbot/app/handlers/user/orders.py", line 17, in my_orders
    orders = await OrderRepository(session).list_by_user(user.id)
             ^^^^^^^^^^^^^^^^^^^^^^^^^^^^^^^^^^^^^^^^^^^^^^^^^^^^
  File "/Users/mehriddinmengturayev/Downloads/shopbot/app/repositories/order_repo.py", line 74, in list_by_user
    result = await self.session.execute(
             ^^^^^^^^^^^^^^^^^^^^^^^^^^^
    ...<5 lines>...
    )
    ^
  File "/Users/mehriddinmengturayev/Downloads/shopbot/.venv/lib/python3.13/site-packages/sqlalchemy/ext/asyncio/session.py", line 461, in execute
    result = await greenlet_spawn(
             ^^^^^^^^^^^^^^^^^^^^^
    ...<6 lines>...
    )
    ^
  File "/Users/mehriddinmengturayev/Downloads/shopbot/.venv/lib/python3.13/site-packages/sqlalchemy/util/_concurrency_py3k.py", line 201, in greenlet_spawn
    result = context.throw(*sys.exc_info())
  File "/Users/mehriddinmengturayev/Downloads/shopbot/.venv/lib/python3.13/site-packages/sqlalchemy/orm/session.py", line 2362, in execute
    return self._execute_internal(
           ~~~~~~~~~~~~~~~~~~~~~~^
        statement,
        ^^^^^^^^^^
    ...<4 lines>...
        _add_event=_add_event,
        ^^^^^^^^^^^^^^^^^^^^^^
    )
    ^
  File "/Users/mehriddinmengturayev/Downloads/shopbot/.venv/lib/python3.13/site-packages/sqlalchemy/orm/session.py", line 2247, in _execute_internal
    result: Result[Any] = compile_state_cls.orm_execute_statement(
                          ~~~~~~~~~~~~~~~~~~~~~~~~~~~~~~~~~~~~~~~^
        self,
        ^^^^^
    ...<4 lines>...
        conn,
        ^^^^^
    )
    ^
  File "/Users/mehriddinmengturayev/Downloads/shopbot/.venv/lib/python3.13/site-packages/sqlalchemy/orm/context.py", line 305, in orm_execute_statement
    result = conn.execute(
        statement, params or {}, execution_options=execution_options
    )
  File "/Users/mehriddinmengturayev/Downloads/shopbot/.venv/lib/python3.13/site-packages/sqlalchemy/engine/base.py", line 1418, in execute
    return meth(
        self,
        distilled_parameters,
        execution_options or NO_OPTIONS,
    )
  File "/Users/mehriddinmengturayev/Downloads/shopbot/.venv/lib/python3.13/site-packages/sqlalchemy/sql/elements.py", line 515, in _execute_on_connection
    return connection._execute_clauseelement(
           ~~~~~~~~~~~~~~~~~~~~~~~~~~~~~~~~~^
        self, distilled_params, execution_options
        ^^^^^^^^^^^^^^^^^^^^^^^^^^^^^^^^^^^^^^^^^
    )
    ^
  File "/Users/mehriddinmengturayev/Downloads/shopbot/.venv/lib/python3.13/site-packages/sqlalchemy/engine/base.py", line 1640, in _execute_clauseelement
    ret = self._execute_context(
        dialect,
    ...<8 lines>...
        cache_hit=cache_hit,
    )
  File "/Users/mehriddinmengturayev/Downloads/shopbot/.venv/lib/python3.13/site-packages/sqlalchemy/engine/base.py", line 1846, in _execute_context
    return self._exec_single_context(
           ~~~~~~~~~~~~~~~~~~~~~~~~~^
        dialect, context, statement, parameters
        ^^^^^^^^^^^^^^^^^^^^^^^^^^^^^^^^^^^^^^^
    )
    ^
  File "/Users/mehriddinmengturayev/Downloads/shopbot/.venv/lib/python3.13/site-packages/sqlalchemy/engine/base.py", line 1986, in _exec_single_context
    self._handle_dbapi_exception(
    ~~~~~~~~~~~~~~~~~~~~~~~~~~~~^
        e, str_statement, effective_parameters, cursor, context
        ^^^^^^^^^^^^^^^^^^^^^^^^^^^^^^^^^^^^^^^^^^^^^^^^^^^^^^^
    )
    ^
  File "/Users/mehriddinmengturayev/Downloads/shopbot/.venv/lib/python3.13/site-packages/sqlalchemy/engine/base.py", line 2355, in _handle_dbapi_exception
    raise sqlalchemy_exception.with_traceback(exc_info[2]) from e
  File "/Users/mehriddinmengturayev/Downloads/shopbot/.venv/lib/python3.13/site-packages/sqlalchemy/engine/base.py", line 1967, in _exec_single_context
    self.dialect.do_execute(
    ~~~~~~~~~~~~~~~~~~~~~~~^
        cursor, str_statement, effective_parameters, context
        ^^^^^^^^^^^^^^^^^^^^^^^^^^^^^^^^^^^^^^^^^^^^^^^^^^^^
    )
    ^
  File "/Users/mehriddinmengturayev/Downloads/shopbot/.venv/lib/python3.13/site-packages/sqlalchemy/engine/default.py", line 941, in do_execute
    cursor.execute(statement, parameters)
    ~~~~~~~~~~~~~~^^^^^^^^^^^^^^^^^^^^^^^
  File "/Users/mehriddinmengturayev/Downloads/shopbot/.venv/lib/python3.13/site-packages/sqlalchemy/dialects/sqlite/aiosqlite.py", line 147, in execute
    self._adapt_connection._handle_exception(error)
    ~~~~~~~~~~~~~~~~~~~~~~~~~~~~~~~~~~~~~~~~^^^^^^^
  File "/Users/mehriddinmengturayev/Downloads/shopbot/.venv/lib/python3.13/site-packages/sqlalchemy/dialects/sqlite/aiosqlite.py", line 298, in _handle_exception
    raise error
  File "/Users/mehriddinmengturayev/Downloads/shopbot/.venv/lib/python3.13/site-packages/sqlalchemy/dialects/sqlite/aiosqlite.py", line 129, in execute
    self.await_(_cursor.execute(operation, parameters))
    ~~~~~~~~~~~^^^^^^^^^^^^^^^^^^^^^^^^^^^^^^^^^^^^^^^^
  File "/Users/mehriddinmengturayev/Downloads/shopbot/.venv/lib/python3.13/site-packages/sqlalchemy/util/_concurrency_py3k.py", line 132, in await_only
    return current.parent.switch(awaitable)  # type: ignore[no-any-return,attr-defined] # noqa: E501
           ~~~~~~~~~~~~~~~~~~~~~^^^^^^^^^^^
  File "/Users/mehriddinmengturayev/Downloads/shopbot/.venv/lib/python3.13/site-packages/sqlalchemy/util/_concurrency_py3k.py", line 196, in greenlet_spawn
    value = await result
            ^^^^^^^^^^^^
  File "/Users/mehriddinmengturayev/Downloads/shopbot/.venv/lib/python3.13/site-packages/aiosqlite/cursor.py", line 48, in execute
    await self._execute(self._cursor.execute, sql, parameters)
  File "/Users/mehriddinmengturayev/Downloads/shopbot/.venv/lib/python3.13/site-packages/aiosqlite/cursor.py", line 40, in _execute
    return await self._conn._execute(fn, *args, **kwargs)
           ^^^^^^^^^^^^^^^^^^^^^^^^^^^^^^^^^^^^^^^^^^^^^^
  File "/Users/mehriddinmengturayev/Downloads/shopbot/.venv/lib/python3.13/site-packages/aiosqlite/core.py", line 132, in _execute
    return await future
           ^^^^^^^^^^^^
  File "/Users/mehriddinmengturayev/Downloads/shopbot/.venv/lib/python3.13/site-packages/aiosqlite/core.py", line 115, in run
    result = function()
sqlalchemy.exc.OperationalError: (sqlite3.OperationalError) no such column: orders.payment_method
[SQL: SELECT orders.id, orders.order_uuid, orders.user_id, orders.product_id, orders.price_at_purchase, orders.currency, orders.status, orders.payment_method, orders.crypto_provider, orders.crypto_invoice_id, orders.crypto_pay_url, orders.decided_by_admin_id, orders.decided_at, orders.rejection_reason, orders.delivered_payload, orders.delivered_at, orders.created_at, orders.updated_at 
FROM orders 
WHERE orders.user_id = ? ORDER BY orders.id DESC
 LIMIT ? OFFSET ?]
[parameters: (1, 20, 0)]
(Background on this error at: https://sqlalche.me/e/20/e3q8)
2026-07-30 20:39:18,181 | INFO     | aiogram.event | Update id=883467290 is handled. Duration 18 ms by bot id=8591349938
2026-07-30 20:39:22,058 | ERROR    | app.middlewares.error_handling | Unhandled exception while processing update
Traceback (most recent call last):
  File "/Users/mehriddinmengturayev/Downloads/shopbot/.venv/lib/python3.13/site-packages/sqlalchemy/engine/base.py", line 1967, in _exec_single_context
    self.dialect.do_execute(
    ~~~~~~~~~~~~~~~~~~~~~~~^
        cursor, str_statement, effective_parameters, context
        ^^^^^^^^^^^^^^^^^^^^^^^^^^^^^^^^^^^^^^^^^^^^^^^^^^^^
    )
    ^
  File "/Users/mehriddinmengturayev/Downloads/shopbot/.venv/lib/python3.13/site-packages/sqlalchemy/engine/default.py", line 941, in do_execute
    cursor.execute(statement, parameters)
    ~~~~~~~~~~~~~~^^^^^^^^^^^^^^^^^^^^^^^
  File "/Users/mehriddinmengturayev/Downloads/shopbot/.venv/lib/python3.13/site-packages/sqlalchemy/dialects/sqlite/aiosqlite.py", line 147, in execute
    self._adapt_connection._handle_exception(error)
    ~~~~~~~~~~~~~~~~~~~~~~~~~~~~~~~~~~~~~~~~^^^^^^^
  File "/Users/mehriddinmengturayev/Downloads/shopbot/.venv/lib/python3.13/site-packages/sqlalchemy/dialects/sqlite/aiosqlite.py", line 298, in _handle_exception
    raise error
  File "/Users/mehriddinmengturayev/Downloads/shopbot/.venv/lib/python3.13/site-packages/sqlalchemy/dialects/sqlite/aiosqlite.py", line 129, in execute
    self.await_(_cursor.execute(operation, parameters))
    ~~~~~~~~~~~^^^^^^^^^^^^^^^^^^^^^^^^^^^^^^^^^^^^^^^^
  File "/Users/mehriddinmengturayev/Downloads/shopbot/.venv/lib/python3.13/site-packages/sqlalchemy/util/_concurrency_py3k.py", line 132, in await_only
    return current.parent.switch(awaitable)  # type: ignore[no-any-return,attr-defined] # noqa: E501
           ~~~~~~~~~~~~~~~~~~~~~^^^^^^^^^^^
  File "/Users/mehriddinmengturayev/Downloads/shopbot/.venv/lib/python3.13/site-packages/sqlalchemy/util/_concurrency_py3k.py", line 196, in greenlet_spawn
    value = await result
            ^^^^^^^^^^^^
  File "/Users/mehriddinmengturayev/Downloads/shopbot/.venv/lib/python3.13/site-packages/aiosqlite/cursor.py", line 48, in execute
    await self._execute(self._cursor.execute, sql, parameters)
  File "/Users/mehriddinmengturayev/Downloads/shopbot/.venv/lib/python3.13/site-packages/aiosqlite/cursor.py", line 40, in _execute
    return await self._conn._execute(fn, *args, **kwargs)
           ^^^^^^^^^^^^^^^^^^^^^^^^^^^^^^^^^^^^^^^^^^^^^^
  File "/Users/mehriddinmengturayev/Downloads/shopbot/.venv/lib/python3.13/site-packages/aiosqlite/core.py", line 132, in _execute
    return await future
           ^^^^^^^^^^^^
  File "/Users/mehriddinmengturayev/Downloads/shopbot/.venv/lib/python3.13/site-packages/aiosqlite/core.py", line 115, in run
    result = function()
sqlite3.OperationalError: no such column: products.price_usd

The above exception was the direct cause of the following exception:

Traceback (most recent call last):
  File "/Users/mehriddinmengturayev/Downloads/shopbot/app/middlewares/error_handling.py", line 33, in __call__
    return await handler(event, data)
           ^^^^^^^^^^^^^^^^^^^^^^^^^^
  File "/Users/mehriddinmengturayev/Downloads/shopbot/app/middlewares/throttling.py", line 40, in __call__
    return await handler(event, data)
           ^^^^^^^^^^^^^^^^^^^^^^^^^^
  File "/Users/mehriddinmengturayev/Downloads/shopbot/app/middlewares/db_session.py", line 27, in __call__
    return await handler(event, data)
           ^^^^^^^^^^^^^^^^^^^^^^^^^^
  File "/Users/mehriddinmengturayev/Downloads/shopbot/app/middlewares/user_context.py", line 41, in __call__
    return await handler(event, data)
           ^^^^^^^^^^^^^^^^^^^^^^^^^^
  File "/Users/mehriddinmengturayev/Downloads/shopbot/.venv/lib/python3.13/site-packages/aiogram/dispatcher/event/telegram.py", line 121, in trigger
    return await wrapped_inner(event, kwargs)
           ^^^^^^^^^^^^^^^^^^^^^^^^^^^^^^^^^^
  File "/Users/mehriddinmengturayev/Downloads/shopbot/.venv/lib/python3.13/site-packages/aiogram/dispatcher/event/handler.py", line 43, in call
    return await wrapped()
           ^^^^^^^^^^^^^^^
  File "/Users/mehriddinmengturayev/Downloads/shopbot/.venv/lib/python3.13/site-packages/aiogram/dispatcher/dispatcher.py", line 276, in _listen_update
    return await self.propagate_event(update_type=update_type, event=event, **kwargs)
           ^^^^^^^^^^^^^^^^^^^^^^^^^^^^^^^^^^^^^^^^^^^^^^^^^^^^^^^^^^^^^^^^^^^^^^^^^^
  File "/Users/mehriddinmengturayev/Downloads/shopbot/.venv/lib/python3.13/site-packages/aiogram/dispatcher/router.py", line 146, in propagate_event
    return await observer.wrap_outer_middleware(_wrapped, event=event, data=kwargs)
           ^^^^^^^^^^^^^^^^^^^^^^^^^^^^^^^^^^^^^^^^^^^^^^^^^^^^^^^^^^^^^^^^^^^^^^^^
  File "/Users/mehriddinmengturayev/Downloads/shopbot/.venv/lib/python3.13/site-packages/aiogram/dispatcher/router.py", line 141, in _wrapped
    return await self._propagate_event(
           ^^^^^^^^^^^^^^^^^^^^^^^^^^^^
        observer=observer, update_type=update_type, event=telegram_event, **data
        ^^^^^^^^^^^^^^^^^^^^^^^^^^^^^^^^^^^^^^^^^^^^^^^^^^^^^^^^^^^^^^^^^^^^^^^^
    )
    ^
  File "/Users/mehriddinmengturayev/Downloads/shopbot/.venv/lib/python3.13/site-packages/aiogram/dispatcher/router.py", line 174, in _propagate_event
    response = await router.propagate_event(update_type=update_type, event=event, **kwargs)
               ^^^^^^^^^^^^^^^^^^^^^^^^^^^^^^^^^^^^^^^^^^^^^^^^^^^^^^^^^^^^^^^^^^^^^^^^^^^^
  File "/Users/mehriddinmengturayev/Downloads/shopbot/.venv/lib/python3.13/site-packages/aiogram/dispatcher/router.py", line 146, in propagate_event
    return await observer.wrap_outer_middleware(_wrapped, event=event, data=kwargs)
           ^^^^^^^^^^^^^^^^^^^^^^^^^^^^^^^^^^^^^^^^^^^^^^^^^^^^^^^^^^^^^^^^^^^^^^^^
  File "/Users/mehriddinmengturayev/Downloads/shopbot/.venv/lib/python3.13/site-packages/aiogram/dispatcher/router.py", line 141, in _wrapped
    return await self._propagate_event(
           ^^^^^^^^^^^^^^^^^^^^^^^^^^^^
        observer=observer, update_type=update_type, event=telegram_event, **data
        ^^^^^^^^^^^^^^^^^^^^^^^^^^^^^^^^^^^^^^^^^^^^^^^^^^^^^^^^^^^^^^^^^^^^^^^^
    )
    ^
  File "/Users/mehriddinmengturayev/Downloads/shopbot/.venv/lib/python3.13/site-packages/aiogram/dispatcher/router.py", line 174, in _propagate_event
    response = await router.propagate_event(update_type=update_type, event=event, **kwargs)
               ^^^^^^^^^^^^^^^^^^^^^^^^^^^^^^^^^^^^^^^^^^^^^^^^^^^^^^^^^^^^^^^^^^^^^^^^^^^^
  File "/Users/mehriddinmengturayev/Downloads/shopbot/.venv/lib/python3.13/site-packages/aiogram/dispatcher/router.py", line 146, in propagate_event
    return await observer.wrap_outer_middleware(_wrapped, event=event, data=kwargs)
           ^^^^^^^^^^^^^^^^^^^^^^^^^^^^^^^^^^^^^^^^^^^^^^^^^^^^^^^^^^^^^^^^^^^^^^^^
  File "/Users/mehriddinmengturayev/Downloads/shopbot/.venv/lib/python3.13/site-packages/aiogram/dispatcher/router.py", line 141, in _wrapped
    return await self._propagate_event(
           ^^^^^^^^^^^^^^^^^^^^^^^^^^^^
        observer=observer, update_type=update_type, event=telegram_event, **data
        ^^^^^^^^^^^^^^^^^^^^^^^^^^^^^^^^^^^^^^^^^^^^^^^^^^^^^^^^^^^^^^^^^^^^^^^^
    )
    ^
  File "/Users/mehriddinmengturayev/Downloads/shopbot/.venv/lib/python3.13/site-packages/aiogram/dispatcher/router.py", line 166, in _propagate_event
    response = await observer.trigger(event, **kwargs)
               ^^^^^^^^^^^^^^^^^^^^^^^^^^^^^^^^^^^^^^^
  File "/Users/mehriddinmengturayev/Downloads/shopbot/.venv/lib/python3.13/site-packages/aiogram/dispatcher/event/telegram.py", line 121, in trigger
    return await wrapped_inner(event, kwargs)
           ^^^^^^^^^^^^^^^^^^^^^^^^^^^^^^^^^^
  File "/Users/mehriddinmengturayev/Downloads/shopbot/.venv/lib/python3.13/site-packages/aiogram/dispatcher/event/handler.py", line 43, in call
    return await wrapped()
           ^^^^^^^^^^^^^^^
  File "/Users/mehriddinmengturayev/Downloads/shopbot/app/handlers/user/shop.py", line 60, in open_shop
    views = await service.list_shop()
            ^^^^^^^^^^^^^^^^^^^^^^^^^
  File "/Users/mehriddinmengturayev/Downloads/shopbot/app/services/product_service.py", line 28, in list_shop
    items = await self.products.list_visible()
            ^^^^^^^^^^^^^^^^^^^^^^^^^^^^^^^^^^
  File "/Users/mehriddinmengturayev/Downloads/shopbot/app/repositories/product_repo.py", line 16, in list_visible
    result = await self.session.execute(
             ^^^^^^^^^^^^^^^^^^^^^^^^^^^
    ...<3 lines>...
    )
    ^
  File "/Users/mehriddinmengturayev/Downloads/shopbot/.venv/lib/python3.13/site-packages/sqlalchemy/ext/asyncio/session.py", line 461, in execute
    result = await greenlet_spawn(
             ^^^^^^^^^^^^^^^^^^^^^
    ...<6 lines>...
    )
    ^
  File "/Users/mehriddinmengturayev/Downloads/shopbot/.venv/lib/python3.13/site-packages/sqlalchemy/util/_concurrency_py3k.py", line 201, in greenlet_spawn
    result = context.throw(*sys.exc_info())
  File "/Users/mehriddinmengturayev/Downloads/shopbot/.venv/lib/python3.13/site-packages/sqlalchemy/orm/session.py", line 2362, in execute
    return self._execute_internal(
           ~~~~~~~~~~~~~~~~~~~~~~^
        statement,
        ^^^^^^^^^^
    ...<4 lines>...
        _add_event=_add_event,
        ^^^^^^^^^^^^^^^^^^^^^^
    )
    ^
  File "/Users/mehriddinmengturayev/Downloads/shopbot/.venv/lib/python3.13/site-packages/sqlalchemy/orm/session.py", line 2247, in _execute_internal
    result: Result[Any] = compile_state_cls.orm_execute_statement(
                          ~~~~~~~~~~~~~~~~~~~~~~~~~~~~~~~~~~~~~~~^
        self,
        ^^^^^
    ...<4 lines>...
        conn,
        ^^^^^
    )
    ^
  File "/Users/mehriddinmengturayev/Downloads/shopbot/.venv/lib/python3.13/site-packages/sqlalchemy/orm/context.py", line 305, in orm_execute_statement
    result = conn.execute(
        statement, params or {}, execution_options=execution_options
    )
  File "/Users/mehriddinmengturayev/Downloads/shopbot/.venv/lib/python3.13/site-packages/sqlalchemy/engine/base.py", line 1418, in execute
    return meth(
        self,
        distilled_parameters,
        execution_options or NO_OPTIONS,
    )
  File "/Users/mehriddinmengturayev/Downloads/shopbot/.venv/lib/python3.13/site-packages/sqlalchemy/sql/elements.py", line 515, in _execute_on_connection
    return connection._execute_clauseelement(
           ~~~~~~~~~~~~~~~~~~~~~~~~~~~~~~~~~^
        self, distilled_params, execution_options
        ^^^^^^^^^^^^^^^^^^^^^^^^^^^^^^^^^^^^^^^^^
    )
    ^
  File "/Users/mehriddinmengturayev/Downloads/shopbot/.venv/lib/python3.13/site-packages/sqlalchemy/engine/base.py", line 1640, in _execute_clauseelement
    ret = self._execute_context(
        dialect,
    ...<8 lines>...
        cache_hit=cache_hit,
    )
  File "/Users/mehriddinmengturayev/Downloads/shopbot/.venv/lib/python3.13/site-packages/sqlalchemy/engine/base.py", line 1846, in _execute_context
    return self._exec_single_context(
           ~~~~~~~~~~~~~~~~~~~~~~~~~^
        dialect, context, statement, parameters
        ^^^^^^^^^^^^^^^^^^^^^^^^^^^^^^^^^^^^^^^
    )
    ^
  File "/Users/mehriddinmengturayev/Downloads/shopbot/.venv/lib/python3.13/site-packages/sqlalchemy/engine/base.py", line 1986, in _exec_single_context
    self._handle_dbapi_exception(
    ~~~~~~~~~~~~~~~~~~~~~~~~~~~~^
        e, str_statement, effective_parameters, cursor, context
        ^^^^^^^^^^^^^^^^^^^^^^^^^^^^^^^^^^^^^^^^^^^^^^^^^^^^^^^
    )
    ^
  File "/Users/mehriddinmengturayev/Downloads/shopbot/.venv/lib/python3.13/site-packages/sqlalchemy/engine/base.py", line 2355, in _handle_dbapi_exception
    raise sqlalchemy_exception.with_traceback(exc_info[2]) from e
  File "/Users/mehriddinmengturayev/Downloads/shopbot/.venv/lib/python3.13/site-packages/sqlalchemy/engine/base.py", line 1967, in _exec_single_context
    self.dialect.do_execute(
    ~~~~~~~~~~~~~~~~~~~~~~~^
        cursor, str_statement, effective_parameters, context
        ^^^^^^^^^^^^^^^^^^^^^^^^^^^^^^^^^^^^^^^^^^^^^^^^^^^^
    )
    ^
  File "/Users/mehriddinmengturayev/Downloads/shopbot/.venv/lib/python3.13/site-packages/sqlalchemy/engine/default.py", line 941, in do_execute
    cursor.execute(statement, parameters)
    ~~~~~~~~~~~~~~^^^^^^^^^^^^^^^^^^^^^^^
  File "/Users/mehriddinmengturayev/Downloads/shopbot/.venv/lib/python3.13/site-packages/sqlalchemy/dialects/sqlite/aiosqlite.py", line 147, in execute
    self._adapt_connection._handle_exception(error)
    ~~~~~~~~~~~~~~~~~~~~~~~~~~~~~~~~~~~~~~~~^^^^^^^
  File "/Users/mehriddinmengturayev/Downloads/shopbot/.venv/lib/python3.13/site-packages/sqlalchemy/dialects/sqlite/aiosqlite.py", line 298, in _handle_exception
    raise error
  File "/Users/mehriddinmengturayev/Downloads/shopbot/.venv/lib/python3.13/site-packages/sqlalchemy/dialects/sqlite/aiosqlite.py", line 129, in execute
    self.await_(_cursor.execute(operation, parameters))
    ~~~~~~~~~~~^^^^^^^^^^^^^^^^^^^^^^^^^^^^^^^^^^^^^^^^
  File "/Users/mehriddinmengturayev/Downloads/shopbot/.venv/lib/python3.13/site-packages/sqlalchemy/util/_concurrency_py3k.py", line 132, in await_only
    return current.parent.switch(awaitable)  # type: ignore[no-any-return,attr-defined] # noqa: E501
           ~~~~~~~~~~~~~~~~~~~~~^^^^^^^^^^^
  File "/Users/mehriddinmengturayev/Downloads/shopbot/.venv/lib/python3.13/site-packages/sqlalchemy/util/_concurrency_py3k.py", line 196, in greenlet_spawn
    value = await result
            ^^^^^^^^^^^^
  File "/Users/mehriddinmengturayev/Downloads/shopbot/.venv/lib/python3.13/site-packages/aiosqlite/cursor.py", line 48, in execute
    await self._execute(self._cursor.execute, sql, parameters)
  File "/Users/mehriddinmengturayev/Downloads/shopbot/.venv/lib/python3.13/site-packages/aiosqlite/cursor.py", line 40, in _execute
    return await self._conn._execute(fn, *args, **kwargs)
           ^^^^^^^^^^^^^^^^^^^^^^^^^^^^^^^^^^^^^^^^^^^^^^
  File "/Users/mehriddinmengturayev/Downloads/shopbot/.venv/lib/python3.13/site-packages/aiosqlite/core.py", line 132, in _execute
    return await future
           ^^^^^^^^^^^^
  File "/Users/mehriddinmengturayev/Downloads/shopbot/.venv/lib/python3.13/site-packages/aiosqlite/core.py", line 115, in run
    result = function()
sqlalchemy.exc.OperationalError: (sqlite3.OperationalError) no such column: products.price_usd
[SQL: SELECT products.id, products.name, products.emoji, products.description, products.price, products.currency, products.price_usd, products.image_file_id, products.delivery_mode, products.provider_key, products.manual_delivery_hint, products.payment_instructions, products.is_visible, products.sort_order, products.created_at, products.updated_at 
FROM products 
WHERE products.is_visible IS 1 ORDER BY products.sort_order, products.id]
(Background on this error at: https://sqlalche.me/e/20/e3q8)
2026-07-30 20:39:22,066 | INFO     | aiogram.event | Update id=883467291 is handled. Duration 17 ms by bot id=8591349938
2026-07-30 20:39:27,087 | INFO     | aiogram.event | Update id=883467292 is handled. Duration 441 ms by bot id=8591349938
2026-07-30 20:39:29,259 | ERROR    | app.middlewares.error_handling | Unhandled exception while processing update
Traceback (most recent call last):
  File "/Users/mehriddinmengturayev/Downloads/shopbot/.venv/lib/python3.13/site-packages/sqlalchemy/engine/base.py", line 1967, in _exec_single_context
    self.dialect.do_execute(
    ~~~~~~~~~~~~~~~~~~~~~~~^
        cursor, str_statement, effective_parameters, context
        ^^^^^^^^^^^^^^^^^^^^^^^^^^^^^^^^^^^^^^^^^^^^^^^^^^^^
    )
    ^
  File "/Users/mehriddinmengturayev/Downloads/shopbot/.venv/lib/python3.13/site-packages/sqlalchemy/engine/default.py", line 941, in do_execute
    cursor.execute(statement, parameters)
    ~~~~~~~~~~~~~~^^^^^^^^^^^^^^^^^^^^^^^
  File "/Users/mehriddinmengturayev/Downloads/shopbot/.venv/lib/python3.13/site-packages/sqlalchemy/dialects/sqlite/aiosqlite.py", line 147, in execute
    self._adapt_connection._handle_exception(error)
    ~~~~~~~~~~~~~~~~~~~~~~~~~~~~~~~~~~~~~~~~^^^^^^^
  File "/Users/mehriddinmengturayev/Downloads/shopbot/.venv/lib/python3.13/site-packages/sqlalchemy/dialects/sqlite/aiosqlite.py", line 298, in _handle_exception
    raise error
  File "/Users/mehriddinmengturayev/Downloads/shopbot/.venv/lib/python3.13/site-packages/sqlalchemy/dialects/sqlite/aiosqlite.py", line 129, in execute
    self.await_(_cursor.execute(operation, parameters))
    ~~~~~~~~~~~^^^^^^^^^^^^^^^^^^^^^^^^^^^^^^^^^^^^^^^^
  File "/Users/mehriddinmengturayev/Downloads/shopbot/.venv/lib/python3.13/site-packages/sqlalchemy/util/_concurrency_py3k.py", line 132, in await_only
    return current.parent.switch(awaitable)  # type: ignore[no-any-return,attr-defined] # noqa: E501
           ~~~~~~~~~~~~~~~~~~~~~^^^^^^^^^^^
  File "/Users/mehriddinmengturayev/Downloads/shopbot/.venv/lib/python3.13/site-packages/sqlalchemy/util/_concurrency_py3k.py", line 196, in greenlet_spawn
    value = await result
            ^^^^^^^^^^^^
  File "/Users/mehriddinmengturayev/Downloads/shopbot/.venv/lib/python3.13/site-packages/aiosqlite/cursor.py", line 48, in execute
    await self._execute(self._cursor.execute, sql, parameters)
  File "/Users/mehriddinmengturayev/Downloads/shopbot/.venv/lib/python3.13/site-packages/aiosqlite/cursor.py", line 40, in _execute
    return await self._conn._execute(fn, *args, **kwargs)
           ^^^^^^^^^^^^^^^^^^^^^^^^^^^^^^^^^^^^^^^^^^^^^^
  File "/Users/mehriddinmengturayev/Downloads/shopbot/.venv/lib/python3.13/site-packages/aiosqlite/core.py", line 132, in _execute
    return await future
           ^^^^^^^^^^^^
  File "/Users/mehriddinmengturayev/Downloads/shopbot/.venv/lib/python3.13/site-packages/aiosqlite/core.py", line 115, in run
    result = function()
sqlite3.OperationalError: no such column: products.price_usd

The above exception was the direct cause of the following exception:

Traceback (most recent call last):
  File "/Users/mehriddinmengturayev/Downloads/shopbot/app/middlewares/error_handling.py", line 33, in __call__
    return await handler(event, data)
           ^^^^^^^^^^^^^^^^^^^^^^^^^^
  File "/Users/mehriddinmengturayev/Downloads/shopbot/app/middlewares/throttling.py", line 40, in __call__
    return await handler(event, data)
           ^^^^^^^^^^^^^^^^^^^^^^^^^^
  File "/Users/mehriddinmengturayev/Downloads/shopbot/app/middlewares/db_session.py", line 27, in __call__
    return await handler(event, data)
           ^^^^^^^^^^^^^^^^^^^^^^^^^^
  File "/Users/mehriddinmengturayev/Downloads/shopbot/app/middlewares/user_context.py", line 41, in __call__
    return await handler(event, data)
           ^^^^^^^^^^^^^^^^^^^^^^^^^^
  File "/Users/mehriddinmengturayev/Downloads/shopbot/.venv/lib/python3.13/site-packages/aiogram/dispatcher/event/telegram.py", line 121, in trigger
    return await wrapped_inner(event, kwargs)
           ^^^^^^^^^^^^^^^^^^^^^^^^^^^^^^^^^^
  File "/Users/mehriddinmengturayev/Downloads/shopbot/.venv/lib/python3.13/site-packages/aiogram/dispatcher/event/handler.py", line 43, in call
    return await wrapped()
           ^^^^^^^^^^^^^^^
  File "/Users/mehriddinmengturayev/Downloads/shopbot/.venv/lib/python3.13/site-packages/aiogram/dispatcher/dispatcher.py", line 276, in _listen_update
    return await self.propagate_event(update_type=update_type, event=event, **kwargs)
           ^^^^^^^^^^^^^^^^^^^^^^^^^^^^^^^^^^^^^^^^^^^^^^^^^^^^^^^^^^^^^^^^^^^^^^^^^^
  File "/Users/mehriddinmengturayev/Downloads/shopbot/.venv/lib/python3.13/site-packages/aiogram/dispatcher/router.py", line 146, in propagate_event
    return await observer.wrap_outer_middleware(_wrapped, event=event, data=kwargs)
           ^^^^^^^^^^^^^^^^^^^^^^^^^^^^^^^^^^^^^^^^^^^^^^^^^^^^^^^^^^^^^^^^^^^^^^^^
  File "/Users/mehriddinmengturayev/Downloads/shopbot/.venv/lib/python3.13/site-packages/aiogram/dispatcher/router.py", line 141, in _wrapped
    return await self._propagate_event(
           ^^^^^^^^^^^^^^^^^^^^^^^^^^^^
        observer=observer, update_type=update_type, event=telegram_event, **data
        ^^^^^^^^^^^^^^^^^^^^^^^^^^^^^^^^^^^^^^^^^^^^^^^^^^^^^^^^^^^^^^^^^^^^^^^^
    )
    ^
  File "/Users/mehriddinmengturayev/Downloads/shopbot/.venv/lib/python3.13/site-packages/aiogram/dispatcher/router.py", line 174, in _propagate_event
    response = await router.propagate_event(update_type=update_type, event=event, **kwargs)
               ^^^^^^^^^^^^^^^^^^^^^^^^^^^^^^^^^^^^^^^^^^^^^^^^^^^^^^^^^^^^^^^^^^^^^^^^^^^^
  File "/Users/mehriddinmengturayev/Downloads/shopbot/.venv/lib/python3.13/site-packages/aiogram/dispatcher/router.py", line 146, in propagate_event
    return await observer.wrap_outer_middleware(_wrapped, event=event, data=kwargs)
           ^^^^^^^^^^^^^^^^^^^^^^^^^^^^^^^^^^^^^^^^^^^^^^^^^^^^^^^^^^^^^^^^^^^^^^^^
  File "/Users/mehriddinmengturayev/Downloads/shopbot/.venv/lib/python3.13/site-packages/aiogram/dispatcher/router.py", line 141, in _wrapped
    return await self._propagate_event(
           ^^^^^^^^^^^^^^^^^^^^^^^^^^^^
        observer=observer, update_type=update_type, event=telegram_event, **data
        ^^^^^^^^^^^^^^^^^^^^^^^^^^^^^^^^^^^^^^^^^^^^^^^^^^^^^^^^^^^^^^^^^^^^^^^^
    )
    ^
  File "/Users/mehriddinmengturayev/Downloads/shopbot/.venv/lib/python3.13/site-packages/aiogram/dispatcher/router.py", line 174, in _propagate_event
    response = await router.propagate_event(update_type=update_type, event=event, **kwargs)
               ^^^^^^^^^^^^^^^^^^^^^^^^^^^^^^^^^^^^^^^^^^^^^^^^^^^^^^^^^^^^^^^^^^^^^^^^^^^^
  File "/Users/mehriddinmengturayev/Downloads/shopbot/.venv/lib/python3.13/site-packages/aiogram/dispatcher/router.py", line 146, in propagate_event
    return await observer.wrap_outer_middleware(_wrapped, event=event, data=kwargs)
           ^^^^^^^^^^^^^^^^^^^^^^^^^^^^^^^^^^^^^^^^^^^^^^^^^^^^^^^^^^^^^^^^^^^^^^^^
  File "/Users/mehriddinmengturayev/Downloads/shopbot/.venv/lib/python3.13/site-packages/aiogram/dispatcher/router.py", line 141, in _wrapped
    return await self._propagate_event(
           ^^^^^^^^^^^^^^^^^^^^^^^^^^^^
        observer=observer, update_type=update_type, event=telegram_event, **data
        ^^^^^^^^^^^^^^^^^^^^^^^^^^^^^^^^^^^^^^^^^^^^^^^^^^^^^^^^^^^^^^^^^^^^^^^^
    )
    ^
  File "/Users/mehriddinmengturayev/Downloads/shopbot/.venv/lib/python3.13/site-packages/aiogram/dispatcher/router.py", line 166, in _propagate_event
    response = await observer.trigger(event, **kwargs)
               ^^^^^^^^^^^^^^^^^^^^^^^^^^^^^^^^^^^^^^^
  File "/Users/mehriddinmengturayev/Downloads/shopbot/.venv/lib/python3.13/site-packages/aiogram/dispatcher/event/telegram.py", line 121, in trigger
    return await wrapped_inner(event, kwargs)
           ^^^^^^^^^^^^^^^^^^^^^^^^^^^^^^^^^^
  File "/Users/mehriddinmengturayev/Downloads/shopbot/.venv/lib/python3.13/site-packages/aiogram/dispatcher/event/handler.py", line 43, in call
    return await wrapped()
           ^^^^^^^^^^^^^^^
  File "/Users/mehriddinmengturayev/Downloads/shopbot/app/handlers/user/shop.py", line 60, in open_shop
    views = await service.list_shop()
            ^^^^^^^^^^^^^^^^^^^^^^^^^
  File "/Users/mehriddinmengturayev/Downloads/shopbot/app/services/product_service.py", line 28, in list_shop
    items = await self.products.list_visible()
            ^^^^^^^^^^^^^^^^^^^^^^^^^^^^^^^^^^
  File "/Users/mehriddinmengturayev/Downloads/shopbot/app/repositories/product_repo.py", line 16, in list_visible
    result = await self.session.execute(
             ^^^^^^^^^^^^^^^^^^^^^^^^^^^
    ...<3 lines>...
    )
    ^
  File "/Users/mehriddinmengturayev/Downloads/shopbot/.venv/lib/python3.13/site-packages/sqlalchemy/ext/asyncio/session.py", line 461, in execute
    result = await greenlet_spawn(
             ^^^^^^^^^^^^^^^^^^^^^
    ...<6 lines>...
    )
    ^
  File "/Users/mehriddinmengturayev/Downloads/shopbot/.venv/lib/python3.13/site-packages/sqlalchemy/util/_concurrency_py3k.py", line 201, in greenlet_spawn
    result = context.throw(*sys.exc_info())
  File "/Users/mehriddinmengturayev/Downloads/shopbot/.venv/lib/python3.13/site-packages/sqlalchemy/orm/session.py", line 2362, in execute
    return self._execute_internal(
           ~~~~~~~~~~~~~~~~~~~~~~^
        statement,
        ^^^^^^^^^^
    ...<4 lines>...
        _add_event=_add_event,
        ^^^^^^^^^^^^^^^^^^^^^^
    )
    ^
  File "/Users/mehriddinmengturayev/Downloads/shopbot/.venv/lib/python3.13/site-packages/sqlalchemy/orm/session.py", line 2247, in _execute_internal
    result: Result[Any] = compile_state_cls.orm_execute_statement(
                          ~~~~~~~~~~~~~~~~~~~~~~~~~~~~~~~~~~~~~~~^
        self,
        ^^^^^
    ...<4 lines>...
        conn,
        ^^^^^
    )
    ^
  File "/Users/mehriddinmengturayev/Downloads/shopbot/.venv/lib/python3.13/site-packages/sqlalchemy/orm/context.py", line 305, in orm_execute_statement
    result = conn.execute(
        statement, params or {}, execution_options=execution_options
    )
  File "/Users/mehriddinmengturayev/Downloads/shopbot/.venv/lib/python3.13/site-packages/sqlalchemy/engine/base.py", line 1418, in execute
    return meth(
        self,
        distilled_parameters,
        execution_options or NO_OPTIONS,
    )
  File "/Users/mehriddinmengturayev/Downloads/shopbot/.venv/lib/python3.13/site-packages/sqlalchemy/sql/elements.py", line 515, in _execute_on_connection
    return connection._execute_clauseelement(
           ~~~~~~~~~~~~~~~~~~~~~~~~~~~~~~~~~^
        self, distilled_params, execution_options
        ^^^^^^^^^^^^^^^^^^^^^^^^^^^^^^^^^^^^^^^^^
    )
    ^
  File "/Users/mehriddinmengturayev/Downloads/shopbot/.venv/lib/python3.13/site-packages/sqlalchemy/engine/base.py", line 1640, in _execute_clauseelement
    ret = self._execute_context(
        dialect,
    ...<8 lines>...
        cache_hit=cache_hit,
    )
  File "/Users/mehriddinmengturayev/Downloads/shopbot/.venv/lib/python3.13/site-packages/sqlalchemy/engine/base.py", line 1846, in _execute_context
    return self._exec_single_context(
           ~~~~~~~~~~~~~~~~~~~~~~~~~^
        dialect, context, statement, parameters
        ^^^^^^^^^^^^^^^^^^^^^^^^^^^^^^^^^^^^^^^
    )
    ^
  File "/Users/mehriddinmengturayev/Downloads/shopbot/.venv/lib/python3.13/site-packages/sqlalchemy/engine/base.py", line 1986, in _exec_single_context
    self._handle_dbapi_exception(
    ~~~~~~~~~~~~~~~~~~~~~~~~~~~~^
        e, str_statement, effective_parameters, cursor, context
        ^^^^^^^^^^^^^^^^^^^^^^^^^^^^^^^^^^^^^^^^^^^^^^^^^^^^^^^
    )
    ^
  File "/Users/mehriddinmengturayev/Downloads/shopbot/.venv/lib/python3.13/site-packages/sqlalchemy/engine/base.py", line 2355, in _handle_dbapi_exception
    raise sqlalchemy_exception.with_traceback(exc_info[2]) from e
  File "/Users/mehriddinmengturayev/Downloads/shopbot/.venv/lib/python3.13/site-packages/sqlalchemy/engine/base.py", line 1967, in _exec_single_context
    self.dialect.do_execute(
    ~~~~~~~~~~~~~~~~~~~~~~~^
        cursor, str_statement, effective_parameters, context
        ^^^^^^^^^^^^^^^^^^^^^^^^^^^^^^^^^^^^^^^^^^^^^^^^^^^^
    )
    ^
  File "/Users/mehriddinmengturayev/Downloads/shopbot/.venv/lib/python3.13/site-packages/sqlalchemy/engine/default.py", line 941, in do_execute
    cursor.execute(statement, parameters)
    ~~~~~~~~~~~~~~^^^^^^^^^^^^^^^^^^^^^^^
  File "/Users/mehriddinmengturayev/Downloads/shopbot/.venv/lib/python3.13/site-packages/sqlalchemy/dialects/sqlite/aiosqlite.py", line 147, in execute
    self._adapt_connection._handle_exception(error)
    ~~~~~~~~~~~~~~~~~~~~~~~~~~~~~~~~~~~~~~~~^^^^^^^
  File "/Users/mehriddinmengturayev/Downloads/shopbot/.venv/lib/python3.13/site-packages/sqlalchemy/dialects/sqlite/aiosqlite.py", line 298, in _handle_exception
    raise error
  File "/Users/mehriddinmengturayev/Downloads/shopbot/.venv/lib/python3.13/site-packages/sqlalchemy/dialects/sqlite/aiosqlite.py", line 129, in execute
    self.await_(_cursor.execute(operation, parameters))
    ~~~~~~~~~~~^^^^^^^^^^^^^^^^^^^^^^^^^^^^^^^^^^^^^^^^
  File "/Users/mehriddinmengturayev/Downloads/shopbot/.venv/lib/python3.13/site-packages/sqlalchemy/util/_concurrency_py3k.py", line 132, in await_only
    return current.parent.switch(awaitable)  # type: ignore[no-any-return,attr-defined] # noqa: E501
           ~~~~~~~~~~~~~~~~~~~~~^^^^^^^^^^^
  File "/Users/mehriddinmengturayev/Downloads/shopbot/.venv/lib/python3.13/site-packages/sqlalchemy/util/_concurrency_py3k.py", line 196, in greenlet_spawn
    value = await result
            ^^^^^^^^^^^^
  File "/Users/mehriddinmengturayev/Downloads/shopbot/.venv/lib/python3.13/site-packages/aiosqlite/cursor.py", line 48, in execute
    await self._execute(self._cursor.execute, sql, parameters)
  File "/Users/mehriddinmengturayev/Downloads/shopbot/.venv/lib/python3.13/site-packages/aiosqlite/cursor.py", line 40, in _execute
    return await self._conn._execute(fn, *args, **kwargs)
           ^^^^^^^^^^^^^^^^^^^^^^^^^^^^^^^^^^^^^^^^^^^^^^
  File "/Users/mehriddinmengturayev/Downloads/shopbot/.venv/lib/python3.13/site-packages/aiosqlite/core.py", line 132, in _execute
    return await future
           ^^^^^^^^^^^^
  File "/Users/mehriddinmengturayev/Downloads/shopbot/.venv/lib/python3.13/site-packages/aiosqlite/core.py", line 115, in run
    result = function()
sqlalchemy.exc.OperationalError: (sqlite3.OperationalError) no such column: products.price_usd
[SQL: SELECT products.id, products.name, products.emoji, products.description, products.price, products.currency, products.price_usd, products.image_file_id, products.delivery_mode, products.provider_key, products.manual_delivery_hint, products.payment_instructions, products.is_visible, products.sort_order, products.created_at, products.updated_at 
FROM products 
WHERE products.is_visible IS 1 ORDER BY products.sort_order, products.id]
(Background on this error at: https://sqlalche.me/e/20/e3q8)
2026-07-30 20:39:29,265 | INFO     | aiogram.event | Update id=883467293 is handled. Duration 19 ms by bot id=8591349938
2026-07-30 20:39:32,656 | ERROR    | app.middlewares.error_handling | Unhandled exception while processing update
Traceback (most recent call last):
  File "/Users/mehriddinmengturayev/Downloads/shopbot/.venv/lib/python3.13/site-packages/sqlalchemy/engine/base.py", line 1967, in _exec_single_context
    self.dialect.do_execute(
    ~~~~~~~~~~~~~~~~~~~~~~~^
        cursor, str_statement, effective_parameters, context
        ^^^^^^^^^^^^^^^^^^^^^^^^^^^^^^^^^^^^^^^^^^^^^^^^^^^^
    )
    ^
  File "/Users/mehriddinmengturayev/Downloads/shopbot/.venv/lib/python3.13/site-packages/sqlalchemy/engine/default.py", line 941, in do_execute
    cursor.execute(statement, parameters)
    ~~~~~~~~~~~~~~^^^^^^^^^^^^^^^^^^^^^^^
  File "/Users/mehriddinmengturayev/Downloads/shopbot/.venv/lib/python3.13/site-packages/sqlalchemy/dialects/sqlite/aiosqlite.py", line 147, in execute
    self._adapt_connection._handle_exception(error)
    ~~~~~~~~~~~~~~~~~~~~~~~~~~~~~~~~~~~~~~~~^^^^^^^
  File "/Users/mehriddinmengturayev/Downloads/shopbot/.venv/lib/python3.13/site-packages/sqlalchemy/dialects/sqlite/aiosqlite.py", line 298, in _handle_exception
    raise error
  File "/Users/mehriddinmengturayev/Downloads/shopbot/.venv/lib/python3.13/site-packages/sqlalchemy/dialects/sqlite/aiosqlite.py", line 129, in execute
    self.await_(_cursor.execute(operation, parameters))
    ~~~~~~~~~~~^^^^^^^^^^^^^^^^^^^^^^^^^^^^^^^^^^^^^^^^
  File "/Users/mehriddinmengturayev/Downloads/shopbot/.venv/lib/python3.13/site-packages/sqlalchemy/util/_concurrency_py3k.py", line 132, in await_only
    return current.parent.switch(awaitable)  # type: ignore[no-any-return,attr-defined] # noqa: E501
           ~~~~~~~~~~~~~~~~~~~~~^^^^^^^^^^^
  File "/Users/mehriddinmengturayev/Downloads/shopbot/.venv/lib/python3.13/site-packages/sqlalchemy/util/_concurrency_py3k.py", line 196, in greenlet_spawn
    value = await result
            ^^^^^^^^^^^^
  File "/Users/mehriddinmengturayev/Downloads/shopbot/.venv/lib/python3.13/site-packages/aiosqlite/cursor.py", line 48, in execute
    await self._execute(self._cursor.execute, sql, parameters)
  File "/Users/mehriddinmengturayev/Downloads/shopbot/.venv/lib/python3.13/site-packages/aiosqlite/cursor.py", line 40, in _execute
    return await self._conn._execute(fn, *args, **kwargs)
           ^^^^^^^^^^^^^^^^^^^^^^^^^^^^^^^^^^^^^^^^^^^^^^
  File "/Users/mehriddinmengturayev/Downloads/shopbot/.venv/lib/python3.13/site-packages/aiosqlite/core.py", line 132, in _execute
    return await future
           ^^^^^^^^^^^^
  File "/Users/mehriddinmengturayev/Downloads/shopbot/.venv/lib/python3.13/site-packages/aiosqlite/core.py", line 115, in run
    result = function()
sqlite3.OperationalError: no such column: orders.payment_method

The above exception was the direct cause of the following exception:

Traceback (most recent call last):
  File "/Users/mehriddinmengturayev/Downloads/shopbot/app/middlewares/error_handling.py", line 33, in __call__
    return await handler(event, data)
           ^^^^^^^^^^^^^^^^^^^^^^^^^^
  File "/Users/mehriddinmengturayev/Downloads/shopbot/app/middlewares/throttling.py", line 40, in __call__
    return await handler(event, data)
           ^^^^^^^^^^^^^^^^^^^^^^^^^^
  File "/Users/mehriddinmengturayev/Downloads/shopbot/app/middlewares/db_session.py", line 27, in __call__
    return await handler(event, data)
           ^^^^^^^^^^^^^^^^^^^^^^^^^^
  File "/Users/mehriddinmengturayev/Downloads/shopbot/app/middlewares/user_context.py", line 41, in __call__
    return await handler(event, data)
           ^^^^^^^^^^^^^^^^^^^^^^^^^^
  File "/Users/mehriddinmengturayev/Downloads/shopbot/.venv/lib/python3.13/site-packages/aiogram/dispatcher/event/telegram.py", line 121, in trigger
    return await wrapped_inner(event, kwargs)
           ^^^^^^^^^^^^^^^^^^^^^^^^^^^^^^^^^^
  File "/Users/mehriddinmengturayev/Downloads/shopbot/.venv/lib/python3.13/site-packages/aiogram/dispatcher/event/handler.py", line 43, in call
    return await wrapped()
           ^^^^^^^^^^^^^^^
  File "/Users/mehriddinmengturayev/Downloads/shopbot/.venv/lib/python3.13/site-packages/aiogram/dispatcher/dispatcher.py", line 276, in _listen_update
    return await self.propagate_event(update_type=update_type, event=event, **kwargs)
           ^^^^^^^^^^^^^^^^^^^^^^^^^^^^^^^^^^^^^^^^^^^^^^^^^^^^^^^^^^^^^^^^^^^^^^^^^^
  File "/Users/mehriddinmengturayev/Downloads/shopbot/.venv/lib/python3.13/site-packages/aiogram/dispatcher/router.py", line 146, in propagate_event
    return await observer.wrap_outer_middleware(_wrapped, event=event, data=kwargs)
           ^^^^^^^^^^^^^^^^^^^^^^^^^^^^^^^^^^^^^^^^^^^^^^^^^^^^^^^^^^^^^^^^^^^^^^^^
  File "/Users/mehriddinmengturayev/Downloads/shopbot/.venv/lib/python3.13/site-packages/aiogram/dispatcher/router.py", line 141, in _wrapped
    return await self._propagate_event(
           ^^^^^^^^^^^^^^^^^^^^^^^^^^^^
        observer=observer, update_type=update_type, event=telegram_event, **data
        ^^^^^^^^^^^^^^^^^^^^^^^^^^^^^^^^^^^^^^^^^^^^^^^^^^^^^^^^^^^^^^^^^^^^^^^^
    )
    ^
  File "/Users/mehriddinmengturayev/Downloads/shopbot/.venv/lib/python3.13/site-packages/aiogram/dispatcher/router.py", line 174, in _propagate_event
    response = await router.propagate_event(update_type=update_type, event=event, **kwargs)
               ^^^^^^^^^^^^^^^^^^^^^^^^^^^^^^^^^^^^^^^^^^^^^^^^^^^^^^^^^^^^^^^^^^^^^^^^^^^^
  File "/Users/mehriddinmengturayev/Downloads/shopbot/.venv/lib/python3.13/site-packages/aiogram/dispatcher/router.py", line 146, in propagate_event
    return await observer.wrap_outer_middleware(_wrapped, event=event, data=kwargs)
           ^^^^^^^^^^^^^^^^^^^^^^^^^^^^^^^^^^^^^^^^^^^^^^^^^^^^^^^^^^^^^^^^^^^^^^^^
  File "/Users/mehriddinmengturayev/Downloads/shopbot/.venv/lib/python3.13/site-packages/aiogram/dispatcher/router.py", line 141, in _wrapped
    return await self._propagate_event(
           ^^^^^^^^^^^^^^^^^^^^^^^^^^^^
        observer=observer, update_type=update_type, event=telegram_event, **data
        ^^^^^^^^^^^^^^^^^^^^^^^^^^^^^^^^^^^^^^^^^^^^^^^^^^^^^^^^^^^^^^^^^^^^^^^^
    )
    ^
  File "/Users/mehriddinmengturayev/Downloads/shopbot/.venv/lib/python3.13/site-packages/aiogram/dispatcher/router.py", line 174, in _propagate_event
    response = await router.propagate_event(update_type=update_type, event=event, **kwargs)
               ^^^^^^^^^^^^^^^^^^^^^^^^^^^^^^^^^^^^^^^^^^^^^^^^^^^^^^^^^^^^^^^^^^^^^^^^^^^^
  File "/Users/mehriddinmengturayev/Downloads/shopbot/.venv/lib/python3.13/site-packages/aiogram/dispatcher/router.py", line 146, in propagate_event
    return await observer.wrap_outer_middleware(_wrapped, event=event, data=kwargs)
           ^^^^^^^^^^^^^^^^^^^^^^^^^^^^^^^^^^^^^^^^^^^^^^^^^^^^^^^^^^^^^^^^^^^^^^^^
  File "/Users/mehriddinmengturayev/Downloads/shopbot/.venv/lib/python3.13/site-packages/aiogram/dispatcher/router.py", line 141, in _wrapped
    return await self._propagate_event(
           ^^^^^^^^^^^^^^^^^^^^^^^^^^^^
        observer=observer, update_type=update_type, event=telegram_event, **data
        ^^^^^^^^^^^^^^^^^^^^^^^^^^^^^^^^^^^^^^^^^^^^^^^^^^^^^^^^^^^^^^^^^^^^^^^^
    )
    ^
  File "/Users/mehriddinmengturayev/Downloads/shopbot/.venv/lib/python3.13/site-packages/aiogram/dispatcher/router.py", line 166, in _propagate_event
    response = await observer.trigger(event, **kwargs)
               ^^^^^^^^^^^^^^^^^^^^^^^^^^^^^^^^^^^^^^^
  File "/Users/mehriddinmengturayev/Downloads/shopbot/.venv/lib/python3.13/site-packages/aiogram/dispatcher/event/telegram.py", line 121, in trigger
    return await wrapped_inner(event, kwargs)
           ^^^^^^^^^^^^^^^^^^^^^^^^^^^^^^^^^^
  File "/Users/mehriddinmengturayev/Downloads/shopbot/.venv/lib/python3.13/site-packages/aiogram/dispatcher/event/handler.py", line 43, in call
    return await wrapped()
           ^^^^^^^^^^^^^^^
  File "/Users/mehriddinmengturayev/Downloads/shopbot/app/handlers/user/orders.py", line 17, in my_orders
    orders = await OrderRepository(session).list_by_user(user.id)
             ^^^^^^^^^^^^^^^^^^^^^^^^^^^^^^^^^^^^^^^^^^^^^^^^^^^^
  File "/Users/mehriddinmengturayev/Downloads/shopbot/app/repositories/order_repo.py", line 74, in list_by_user
    result = await self.session.execute(
             ^^^^^^^^^^^^^^^^^^^^^^^^^^^
    ...<5 lines>...
    )
    ^
  File "/Users/mehriddinmengturayev/Downloads/shopbot/.venv/lib/python3.13/site-packages/sqlalchemy/ext/asyncio/session.py", line 461, in execute
    result = await greenlet_spawn(
             ^^^^^^^^^^^^^^^^^^^^^
    ...<6 lines>...
    )
    ^
  File "/Users/mehriddinmengturayev/Downloads/shopbot/.venv/lib/python3.13/site-packages/sqlalchemy/util/_concurrency_py3k.py", line 201, in greenlet_spawn
    result = context.throw(*sys.exc_info())
  File "/Users/mehriddinmengturayev/Downloads/shopbot/.venv/lib/python3.13/site-packages/sqlalchemy/orm/session.py", line 2362, in execute
    return self._execute_internal(
           ~~~~~~~~~~~~~~~~~~~~~~^
        statement,
        ^^^^^^^^^^
    ...<4 lines>...
        _add_event=_add_event,
        ^^^^^^^^^^^^^^^^^^^^^^
    )
    ^
  File "/Users/mehriddinmengturayev/Downloads/shopbot/.venv/lib/python3.13/site-packages/sqlalchemy/orm/session.py", line 2247, in _execute_internal
    result: Result[Any] = compile_state_cls.orm_execute_statement(
                          ~~~~~~~~~~~~~~~~~~~~~~~~~~~~~~~~~~~~~~~^
        self,
        ^^^^^
    ...<4 lines>...
        conn,
        ^^^^^
    )
    ^
  File "/Users/mehriddinmengturayev/Downloads/shopbot/.venv/lib/python3.13/site-packages/sqlalchemy/orm/context.py", line 305, in orm_execute_statement
    result = conn.execute(
        statement, params or {}, execution_options=execution_options
    )
  File "/Users/mehriddinmengturayev/Downloads/shopbot/.venv/lib/python3.13/site-packages/sqlalchemy/engine/base.py", line 1418, in execute
    return meth(
        self,
        distilled_parameters,
        execution_options or NO_OPTIONS,
    )
  File "/Users/mehriddinmengturayev/Downloads/shopbot/.venv/lib/python3.13/site-packages/sqlalchemy/sql/elements.py", line 515, in _execute_on_connection
    return connection._execute_clauseelement(
           ~~~~~~~~~~~~~~~~~~~~~~~~~~~~~~~~~^
        self, distilled_params, execution_options
        ^^^^^^^^^^^^^^^^^^^^^^^^^^^^^^^^^^^^^^^^^
    )
    ^
  File "/Users/mehriddinmengturayev/Downloads/shopbot/.venv/lib/python3.13/site-packages/sqlalchemy/engine/base.py", line 1640, in _execute_clauseelement
    ret = self._execute_context(
        dialect,
    ...<8 lines>...
        cache_hit=cache_hit,
    )
  File "/Users/mehriddinmengturayev/Downloads/shopbot/.venv/lib/python3.13/site-packages/sqlalchemy/engine/base.py", line 1846, in _execute_context
    return self._exec_single_context(
           ~~~~~~~~~~~~~~~~~~~~~~~~~^
        dialect, context, statement, parameters
        ^^^^^^^^^^^^^^^^^^^^^^^^^^^^^^^^^^^^^^^
    )
    ^
  File "/Users/mehriddinmengturayev/Downloads/shopbot/.venv/lib/python3.13/site-packages/sqlalchemy/engine/base.py", line 1986, in _exec_single_context
    self._handle_dbapi_exception(
    ~~~~~~~~~~~~~~~~~~~~~~~~~~~~^
        e, str_statement, effective_parameters, cursor, context
        ^^^^^^^^^^^^^^^^^^^^^^^^^^^^^^^^^^^^^^^^^^^^^^^^^^^^^^^
    )
    ^
  File "/Users/mehriddinmengturayev/Downloads/shopbot/.venv/lib/python3.13/site-packages/sqlalchemy/engine/base.py", line 2355, in _handle_dbapi_exception
    raise sqlalchemy_exception.with_traceback(exc_info[2]) from e
  File "/Users/mehriddinmengturayev/Downloads/shopbot/.venv/lib/python3.13/site-packages/sqlalchemy/engine/base.py", line 1967, in _exec_single_context
    self.dialect.do_execute(
    ~~~~~~~~~~~~~~~~~~~~~~~^
        cursor, str_statement, effective_parameters, context
        ^^^^^^^^^^^^^^^^^^^^^^^^^^^^^^^^^^^^^^^^^^^^^^^^^^^^
    )
    ^
  File "/Users/mehriddinmengturayev/Downloads/shopbot/.venv/lib/python3.13/site-packages/sqlalchemy/engine/default.py", line 941, in do_execute
    cursor.execute(statement, parameters)
    ~~~~~~~~~~~~~~^^^^^^^^^^^^^^^^^^^^^^^
  File "/Users/mehriddinmengturayev/Downloads/shopbot/.venv/lib/python3.13/site-packages/sqlalchemy/dialects/sqlite/aiosqlite.py", line 147, in execute
    self._adapt_connection._handle_exception(error)
    ~~~~~~~~~~~~~~~~~~~~~~~~~~~~~~~~~~~~~~~~^^^^^^^
  File "/Users/mehriddinmengturayev/Downloads/shopbot/.venv/lib/python3.13/site-packages/sqlalchemy/dialects/sqlite/aiosqlite.py", line 298, in _handle_exception
    raise error
  File "/Users/mehriddinmengturayev/Downloads/shopbot/.venv/lib/python3.13/site-packages/sqlalchemy/dialects/sqlite/aiosqlite.py", line 129, in execute
    self.await_(_cursor.execute(operation, parameters))
    ~~~~~~~~~~~^^^^^^^^^^^^^^^^^^^^^^^^^^^^^^^^^^^^^^^^
  File "/Users/mehriddinmengturayev/Downloads/shopbot/.venv/lib/python3.13/site-packages/sqlalchemy/util/_concurrency_py3k.py", line 132, in await_only
    return current.parent.switch(awaitable)  # type: ignore[no-any-return,attr-defined] # noqa: E501
           ~~~~~~~~~~~~~~~~~~~~~^^^^^^^^^^^
  File "/Users/mehriddinmengturayev/Downloads/shopbot/.venv/lib/python3.13/site-packages/sqlalchemy/util/_concurrency_py3k.py", line 196, in greenlet_spawn
    value = await result
            ^^^^^^^^^^^^
  File "/Users/mehriddinmengturayev/Downloads/shopbot/.venv/lib/python3.13/site-packages/aiosqlite/cursor.py", line 48, in execute
    await self._execute(self._cursor.execute, sql, parameters)
  File "/Users/mehriddinmengturayev/Downloads/shopbot/.venv/lib/python3.13/site-packages/aiosqlite/cursor.py", line 40, in _execute
    return await self._conn._execute(fn, *args, **kwargs)
           ^^^^^^^^^^^^^^^^^^^^^^^^^^^^^^^^^^^^^^^^^^^^^^
  File "/Users/mehriddinmengturayev/Downloads/shopbot/.venv/lib/python3.13/site-packages/aiosqlite/core.py", line 132, in _execute
    return await future
           ^^^^^^^^^^^^
  File "/Users/mehriddinmengturayev/Downloads/shopbot/.venv/lib/python3.13/site-packages/aiosqlite/core.py", line 115, in run
    result = function()
sqlalchemy.exc.OperationalError: (sqlite3.OperationalError) no such column: orders.payment_method
[SQL: SELECT orders.id, orders.order_uuid, orders.user_id, orders.product_id, orders.price_at_purchase, orders.currency, orders.status, orders.payment_method, orders.crypto_provider, orders.crypto_invoice_id, orders.crypto_pay_url, orders.decided_by_admin_id, orders.decided_at, orders.rejection_reason, orders.delivered_payload, orders.delivered_at, orders.created_at, orders.updated_at 
FROM orders 
WHERE orders.user_id = ? ORDER BY orders.id DESC
 LIMIT ? OFFSET ?]
[parameters: (1, 20, 0)]
(Background on this error at: https://sqlalche.me/e/20/e3q8)
2026-07-30 20:39:32,663 | INFO     | aiogram.event | Update id=883467294 is handled. Duration 17 ms by bot id=8591349938
2026-07-30 20:39:34,603 | INFO     | aiogram.event | Update id=883467295 is handled. Duration 375 ms by bot id=8591349938
2026-07-30 20:39:36,018 | INFO     | aiogram.event | Update id=883467296 is handled. Duration 175 ms by bot id=8591349938
2026-07-30 20:39:37,696 | INFO     | aiogram.event | Update id=883467297 is handled. Duration 199 ms by bot id=8591349938
2026-07-30 20:39:38,009 | ERROR    | providers | Crypto poller iteration failed
Traceback (most recent call last):
  File "/Users/mehriddinmengturayev/Downloads/shopbot/.venv/lib/python3.13/site-packages/sqlalchemy/engine/base.py", line 1967, in _exec_single_context
    self.dialect.do_execute(
    ~~~~~~~~~~~~~~~~~~~~~~~^
        cursor, str_statement, effective_parameters, context
        ^^^^^^^^^^^^^^^^^^^^^^^^^^^^^^^^^^^^^^^^^^^^^^^^^^^^
    )
    ^
  File "/Users/mehriddinmengturayev/Downloads/shopbot/.venv/lib/python3.13/site-packages/sqlalchemy/engine/default.py", line 941, in do_execute
    cursor.execute(statement, parameters)
    ~~~~~~~~~~~~~~^^^^^^^^^^^^^^^^^^^^^^^
  File "/Users/mehriddinmengturayev/Downloads/shopbot/.venv/lib/python3.13/site-packages/sqlalchemy/dialects/sqlite/aiosqlite.py", line 147, in execute
    self._adapt_connection._handle_exception(error)
    ~~~~~~~~~~~~~~~~~~~~~~~~~~~~~~~~~~~~~~~~^^^^^^^
  File "/Users/mehriddinmengturayev/Downloads/shopbot/.venv/lib/python3.13/site-packages/sqlalchemy/dialects/sqlite/aiosqlite.py", line 298, in _handle_exception
    raise error
  File "/Users/mehriddinmengturayev/Downloads/shopbot/.venv/lib/python3.13/site-packages/sqlalchemy/dialects/sqlite/aiosqlite.py", line 129, in execute
    self.await_(_cursor.execute(operation, parameters))
    ~~~~~~~~~~~^^^^^^^^^^^^^^^^^^^^^^^^^^^^^^^^^^^^^^^^
  File "/Users/mehriddinmengturayev/Downloads/shopbot/.venv/lib/python3.13/site-packages/sqlalchemy/util/_concurrency_py3k.py", line 132, in await_only
    return current.parent.switch(awaitable)  # type: ignore[no-any-return,attr-defined] # noqa: E501
           ~~~~~~~~~~~~~~~~~~~~~^^^^^^^^^^^
  File "/Users/mehriddinmengturayev/Downloads/shopbot/.venv/lib/python3.13/site-packages/sqlalchemy/util/_concurrency_py3k.py", line 196, in greenlet_spawn
    value = await result
            ^^^^^^^^^^^^
  File "/Users/mehriddinmengturayev/Downloads/shopbot/.venv/lib/python3.13/site-packages/aiosqlite/cursor.py", line 48, in execute
    await self._execute(self._cursor.execute, sql, parameters)
  File "/Users/mehriddinmengturayev/Downloads/shopbot/.venv/lib/python3.13/site-packages/aiosqlite/cursor.py", line 40, in _execute
    return await self._conn._execute(fn, *args, **kwargs)
           ^^^^^^^^^^^^^^^^^^^^^^^^^^^^^^^^^^^^^^^^^^^^^^
  File "/Users/mehriddinmengturayev/Downloads/shopbot/.venv/lib/python3.13/site-packages/aiosqlite/core.py", line 132, in _execute
    return await future
           ^^^^^^^^^^^^
  File "/Users/mehriddinmengturayev/Downloads/shopbot/.venv/lib/python3.13/site-packages/aiosqlite/core.py", line 115, in run
    result = function()
sqlite3.OperationalError: no such column: orders.payment_method

The above exception was the direct cause of the following exception:

Traceback (most recent call last):
  File "/Users/mehriddinmengturayev/Downloads/shopbot/app/services/crypto_poller.py", line 33, in crypto_poller_loop
    await _poll_once(bot)
  File "/Users/mehriddinmengturayev/Downloads/shopbot/app/services/crypto_poller.py", line 44, in _poll_once
    pending = await orders_repo.list_awaiting_crypto_payment()
              ^^^^^^^^^^^^^^^^^^^^^^^^^^^^^^^^^^^^^^^^^^^^^^^^
  File "/Users/mehriddinmengturayev/Downloads/shopbot/app/repositories/order_repo.py", line 47, in list_awaiting_crypto_payment
    result = await self.session.execute(
             ^^^^^^^^^^^^^^^^^^^^^^^^^^^
    ...<3 lines>...
    )
    ^
  File "/Users/mehriddinmengturayev/Downloads/shopbot/.venv/lib/python3.13/site-packages/sqlalchemy/ext/asyncio/session.py", line 461, in execute
    result = await greenlet_spawn(
             ^^^^^^^^^^^^^^^^^^^^^
    ...<6 lines>...
    )
    ^
  File "/Users/mehriddinmengturayev/Downloads/shopbot/.venv/lib/python3.13/site-packages/sqlalchemy/util/_concurrency_py3k.py", line 201, in greenlet_spawn
    result = context.throw(*sys.exc_info())
  File "/Users/mehriddinmengturayev/Downloads/shopbot/.venv/lib/python3.13/site-packages/sqlalchemy/orm/session.py", line 2362, in execute
    return self._execute_internal(
           ~~~~~~~~~~~~~~~~~~~~~~^
        statement,
        ^^^^^^^^^^
    ...<4 lines>...
        _add_event=_add_event,
        ^^^^^^^^^^^^^^^^^^^^^^
    )
    ^
  File "/Users/mehriddinmengturayev/Downloads/shopbot/.venv/lib/python3.13/site-packages/sqlalchemy/orm/session.py", line 2247, in _execute_internal
    result: Result[Any] = compile_state_cls.orm_execute_statement(
                          ~~~~~~~~~~~~~~~~~~~~~~~~~~~~~~~~~~~~~~~^
        self,
        ^^^^^
    ...<4 lines>...
        conn,
        ^^^^^
    )
    ^
  File "/Users/mehriddinmengturayev/Downloads/shopbot/.venv/lib/python3.13/site-packages/sqlalchemy/orm/context.py", line 305, in orm_execute_statement
    result = conn.execute(
        statement, params or {}, execution_options=execution_options
    )
  File "/Users/mehriddinmengturayev/Downloads/shopbot/.venv/lib/python3.13/site-packages/sqlalchemy/engine/base.py", line 1418, in execute
    return meth(
        self,
        distilled_parameters,
        execution_options or NO_OPTIONS,
    )
  File "/Users/mehriddinmengturayev/Downloads/shopbot/.venv/lib/python3.13/site-packages/sqlalchemy/sql/elements.py", line 515, in _execute_on_connection
    return connection._execute_clauseelement(
           ~~~~~~~~~~~~~~~~~~~~~~~~~~~~~~~~~^
        self, distilled_params, execution_options
        ^^^^^^^^^^^^^^^^^^^^^^^^^^^^^^^^^^^^^^^^^
    )
    ^
  File "/Users/mehriddinmengturayev/Downloads/shopbot/.venv/lib/python3.13/site-packages/sqlalchemy/engine/base.py", line 1640, in _execute_clauseelement
    ret = self._execute_context(
        dialect,
    ...<8 lines>...
        cache_hit=cache_hit,
    )
  File "/Users/mehriddinmengturayev/Downloads/shopbot/.venv/lib/python3.13/site-packages/sqlalchemy/engine/base.py", line 1846, in _execute_context
    return self._exec_single_context(
           ~~~~~~~~~~~~~~~~~~~~~~~~~^
        dialect, context, statement, parameters
        ^^^^^^^^^^^^^^^^^^^^^^^^^^^^^^^^^^^^^^^
    )
    ^
  File "/Users/mehriddinmengturayev/Downloads/shopbot/.venv/lib/python3.13/site-packages/sqlalchemy/engine/base.py", line 1986, in _exec_single_context
    self._handle_dbapi_exception(
    ~~~~~~~~~~~~~~~~~~~~~~~~~~~~^
        e, str_statement, effective_parameters, cursor, context
        ^^^^^^^^^^^^^^^^^^^^^^^^^^^^^^^^^^^^^^^^^^^^^^^^^^^^^^^
    )
    ^
  File "/Users/mehriddinmengturayev/Downloads/shopbot/.venv/lib/python3.13/site-packages/sqlalchemy/engine/base.py", line 2355, in _handle_dbapi_exception
    raise sqlalchemy_exception.with_traceback(exc_info[2]) from e
  File "/Users/mehriddinmengturayev/Downloads/shopbot/.venv/lib/python3.13/site-packages/sqlalchemy/engine/base.py", line 1967, in _exec_single_context
    self.dialect.do_execute(
    ~~~~~~~~~~~~~~~~~~~~~~~^
        cursor, str_statement, effective_parameters, context
        ^^^^^^^^^^^^^^^^^^^^^^^^^^^^^^^^^^^^^^^^^^^^^^^^^^^^
    )
    ^
  File "/Users/mehriddinmengturayev/Downloads/shopbot/.venv/lib/python3.13/site-packages/sqlalchemy/engine/default.py", line 941, in do_execute
    cursor.execute(statement, parameters)
    ~~~~~~~~~~~~~~^^^^^^^^^^^^^^^^^^^^^^^
  File "/Users/mehriddinmengturayev/Downloads/shopbot/.venv/lib/python3.13/site-packages/sqlalchemy/dialects/sqlite/aiosqlite.py", line 147, in execute
    self._adapt_connection._handle_exception(error)
    ~~~~~~~~~~~~~~~~~~~~~~~~~~~~~~~~~~~~~~~~^^^^^^^
  File "/Users/mehriddinmengturayev/Downloads/shopbot/.venv/lib/python3.13/site-packages/sqlalchemy/dialects/sqlite/aiosqlite.py", line 298, in _handle_exception
    raise error
  File "/Users/mehriddinmengturayev/Downloads/shopbot/.venv/lib/python3.13/site-packages/sqlalchemy/dialects/sqlite/aiosqlite.py", line 129, in execute
    self.await_(_cursor.execute(operation, parameters))
    ~~~~~~~~~~~^^^^^^^^^^^^^^^^^^^^^^^^^^^^^^^^^^^^^^^^
  File "/Users/mehriddinmengturayev/Downloads/shopbot/.venv/lib/python3.13/site-packages/sqlalchemy/util/_concurrency_py3k.py", line 132, in await_only
    return current.parent.switch(awaitable)  # type: ignore[no-any-return,attr-defined] # noqa: E501
           ~~~~~~~~~~~~~~~~~~~~~^^^^^^^^^^^
  File "/Users/mehriddinmengturayev/Downloads/shopbot/.venv/lib/python3.13/site-packages/sqlalchemy/util/_concurrency_py3k.py", line 196, in greenlet_spawn
    value = await result
            ^^^^^^^^^^^^
  File "/Users/mehriddinmengturayev/Downloads/shopbot/.venv/lib/python3.13/site-packages/aiosqlite/cursor.py", line 48, in execute
    await self._execute(self._cursor.execute, sql, parameters)
  File "/Users/mehriddinmengturayev/Downloads/shopbot/.venv/lib/python3.13/site-packages/aiosqlite/cursor.py", line 40, in _execute
    return await self._conn._execute(fn, *args, **kwargs)
           ^^^^^^^^^^^^^^^^^^^^^^^^^^^^^^^^^^^^^^^^^^^^^^
  File "/Users/mehriddinmengturayev/Downloads/shopbot/.venv/lib/python3.13/site-packages/aiosqlite/core.py", line 132, in _execute
    return await future
           ^^^^^^^^^^^^
  File "/Users/mehriddinmengturayev/Downloads/shopbot/.venv/lib/python3.13/site-packages/aiosqlite/core.py", line 115, in run
    result = function()
sqlalchemy.exc.OperationalError: (sqlite3.OperationalError) no such column: orders.payment_method
[SQL: SELECT orders.id, orders.order_uuid, orders.user_id, orders.product_id, orders.price_at_purchase, orders.currency, orders.status, orders.payment_method, orders.crypto_provider, orders.crypto_invoice_id, orders.crypto_pay_url, orders.decided_by_admin_id, orders.decided_at, orders.rejection_reason, orders.delivered_payload, orders.delivered_at, orders.created_at, orders.updated_at 
FROM orders 
WHERE orders.status = ?]
[parameters: ('AWAITING_CRYPTO_PAYMENT',)]
(Background on this error at: https://sqlalche.me/e/20/e3q8)
2026-07-30 20:39:39,038 | ERROR    | app.middlewares.error_handling | Unhandled exception while processing update
Traceback (most recent call last):
  File "/Users/mehriddinmengturayev/Downloads/shopbot/.venv/lib/python3.13/site-packages/sqlalchemy/engine/base.py", line 1967, in _exec_single_context
    self.dialect.do_execute(
    ~~~~~~~~~~~~~~~~~~~~~~~^
        cursor, str_statement, effective_parameters, context
        ^^^^^^^^^^^^^^^^^^^^^^^^^^^^^^^^^^^^^^^^^^^^^^^^^^^^
    )
    ^
  File "/Users/mehriddinmengturayev/Downloads/shopbot/.venv/lib/python3.13/site-packages/sqlalchemy/engine/default.py", line 941, in do_execute
    cursor.execute(statement, parameters)
    ~~~~~~~~~~~~~~^^^^^^^^^^^^^^^^^^^^^^^
  File "/Users/mehriddinmengturayev/Downloads/shopbot/.venv/lib/python3.13/site-packages/sqlalchemy/dialects/sqlite/aiosqlite.py", line 147, in execute
    self._adapt_connection._handle_exception(error)
    ~~~~~~~~~~~~~~~~~~~~~~~~~~~~~~~~~~~~~~~~^^^^^^^
  File "/Users/mehriddinmengturayev/Downloads/shopbot/.venv/lib/python3.13/site-packages/sqlalchemy/dialects/sqlite/aiosqlite.py", line 298, in _handle_exception
    raise error
  File "/Users/mehriddinmengturayev/Downloads/shopbot/.venv/lib/python3.13/site-packages/sqlalchemy/dialects/sqlite/aiosqlite.py", line 129, in execute
    self.await_(_cursor.execute(operation, parameters))
    ~~~~~~~~~~~^^^^^^^^^^^^^^^^^^^^^^^^^^^^^^^^^^^^^^^^
  File "/Users/mehriddinmengturayev/Downloads/shopbot/.venv/lib/python3.13/site-packages/sqlalchemy/util/_concurrency_py3k.py", line 132, in await_only
    return current.parent.switch(awaitable)  # type: ignore[no-any-return,attr-defined] # noqa: E501
           ~~~~~~~~~~~~~~~~~~~~~^^^^^^^^^^^
  File "/Users/mehriddinmengturayev/Downloads/shopbot/.venv/lib/python3.13/site-packages/sqlalchemy/util/_concurrency_py3k.py", line 196, in greenlet_spawn
    value = await result
            ^^^^^^^^^^^^
  File "/Users/mehriddinmengturayev/Downloads/shopbot/.venv/lib/python3.13/site-packages/aiosqlite/cursor.py", line 48, in execute
    await self._execute(self._cursor.execute, sql, parameters)
  File "/Users/mehriddinmengturayev/Downloads/shopbot/.venv/lib/python3.13/site-packages/aiosqlite/cursor.py", line 40, in _execute
    return await self._conn._execute(fn, *args, **kwargs)
           ^^^^^^^^^^^^^^^^^^^^^^^^^^^^^^^^^^^^^^^^^^^^^^
  File "/Users/mehriddinmengturayev/Downloads/shopbot/.venv/lib/python3.13/site-packages/aiosqlite/core.py", line 132, in _execute
    return await future
           ^^^^^^^^^^^^
  File "/Users/mehriddinmengturayev/Downloads/shopbot/.venv/lib/python3.13/site-packages/aiosqlite/core.py", line 115, in run
    result = function()
sqlite3.OperationalError: no such column: products.price_usd

The above exception was the direct cause of the following exception:

Traceback (most recent call last):
  File "/Users/mehriddinmengturayev/Downloads/shopbot/app/middlewares/error_handling.py", line 33, in __call__
    return await handler(event, data)
           ^^^^^^^^^^^^^^^^^^^^^^^^^^
  File "/Users/mehriddinmengturayev/Downloads/shopbot/app/middlewares/throttling.py", line 40, in __call__
    return await handler(event, data)
           ^^^^^^^^^^^^^^^^^^^^^^^^^^
  File "/Users/mehriddinmengturayev/Downloads/shopbot/app/middlewares/db_session.py", line 27, in __call__
    return await handler(event, data)
           ^^^^^^^^^^^^^^^^^^^^^^^^^^
  File "/Users/mehriddinmengturayev/Downloads/shopbot/app/middlewares/user_context.py", line 41, in __call__
    return await handler(event, data)
           ^^^^^^^^^^^^^^^^^^^^^^^^^^
  File "/Users/mehriddinmengturayev/Downloads/shopbot/.venv/lib/python3.13/site-packages/aiogram/dispatcher/event/telegram.py", line 121, in trigger
    return await wrapped_inner(event, kwargs)
           ^^^^^^^^^^^^^^^^^^^^^^^^^^^^^^^^^^
  File "/Users/mehriddinmengturayev/Downloads/shopbot/.venv/lib/python3.13/site-packages/aiogram/dispatcher/event/handler.py", line 43, in call
    return await wrapped()
           ^^^^^^^^^^^^^^^
  File "/Users/mehriddinmengturayev/Downloads/shopbot/.venv/lib/python3.13/site-packages/aiogram/dispatcher/dispatcher.py", line 276, in _listen_update
    return await self.propagate_event(update_type=update_type, event=event, **kwargs)
           ^^^^^^^^^^^^^^^^^^^^^^^^^^^^^^^^^^^^^^^^^^^^^^^^^^^^^^^^^^^^^^^^^^^^^^^^^^
  File "/Users/mehriddinmengturayev/Downloads/shopbot/.venv/lib/python3.13/site-packages/aiogram/dispatcher/router.py", line 146, in propagate_event
    return await observer.wrap_outer_middleware(_wrapped, event=event, data=kwargs)
           ^^^^^^^^^^^^^^^^^^^^^^^^^^^^^^^^^^^^^^^^^^^^^^^^^^^^^^^^^^^^^^^^^^^^^^^^
  File "/Users/mehriddinmengturayev/Downloads/shopbot/.venv/lib/python3.13/site-packages/aiogram/dispatcher/router.py", line 141, in _wrapped
    return await self._propagate_event(
           ^^^^^^^^^^^^^^^^^^^^^^^^^^^^
        observer=observer, update_type=update_type, event=telegram_event, **data
        ^^^^^^^^^^^^^^^^^^^^^^^^^^^^^^^^^^^^^^^^^^^^^^^^^^^^^^^^^^^^^^^^^^^^^^^^
    )
    ^
  File "/Users/mehriddinmengturayev/Downloads/shopbot/.venv/lib/python3.13/site-packages/aiogram/dispatcher/router.py", line 174, in _propagate_event
    response = await router.propagate_event(update_type=update_type, event=event, **kwargs)
               ^^^^^^^^^^^^^^^^^^^^^^^^^^^^^^^^^^^^^^^^^^^^^^^^^^^^^^^^^^^^^^^^^^^^^^^^^^^^
  File "/Users/mehriddinmengturayev/Downloads/shopbot/.venv/lib/python3.13/site-packages/aiogram/dispatcher/router.py", line 146, in propagate_event
    return await observer.wrap_outer_middleware(_wrapped, event=event, data=kwargs)
           ^^^^^^^^^^^^^^^^^^^^^^^^^^^^^^^^^^^^^^^^^^^^^^^^^^^^^^^^^^^^^^^^^^^^^^^^
  File "/Users/mehriddinmengturayev/Downloads/shopbot/.venv/lib/python3.13/site-packages/aiogram/dispatcher/router.py", line 141, in _wrapped
    return await self._propagate_event(
           ^^^^^^^^^^^^^^^^^^^^^^^^^^^^
        observer=observer, update_type=update_type, event=telegram_event, **data
        ^^^^^^^^^^^^^^^^^^^^^^^^^^^^^^^^^^^^^^^^^^^^^^^^^^^^^^^^^^^^^^^^^^^^^^^^
    )
    ^
  File "/Users/mehriddinmengturayev/Downloads/shopbot/.venv/lib/python3.13/site-packages/aiogram/dispatcher/router.py", line 174, in _propagate_event
    response = await router.propagate_event(update_type=update_type, event=event, **kwargs)
               ^^^^^^^^^^^^^^^^^^^^^^^^^^^^^^^^^^^^^^^^^^^^^^^^^^^^^^^^^^^^^^^^^^^^^^^^^^^^
  File "/Users/mehriddinmengturayev/Downloads/shopbot/.venv/lib/python3.13/site-packages/aiogram/dispatcher/router.py", line 146, in propagate_event
    return await observer.wrap_outer_middleware(_wrapped, event=event, data=kwargs)
           ^^^^^^^^^^^^^^^^^^^^^^^^^^^^^^^^^^^^^^^^^^^^^^^^^^^^^^^^^^^^^^^^^^^^^^^^
  File "/Users/mehriddinmengturayev/Downloads/shopbot/.venv/lib/python3.13/site-packages/aiogram/dispatcher/router.py", line 141, in _wrapped
    return await self._propagate_event(
           ^^^^^^^^^^^^^^^^^^^^^^^^^^^^
        observer=observer, update_type=update_type, event=telegram_event, **data
        ^^^^^^^^^^^^^^^^^^^^^^^^^^^^^^^^^^^^^^^^^^^^^^^^^^^^^^^^^^^^^^^^^^^^^^^^
    )
    ^
  File "/Users/mehriddinmengturayev/Downloads/shopbot/.venv/lib/python3.13/site-packages/aiogram/dispatcher/router.py", line 166, in _propagate_event
    response = await observer.trigger(event, **kwargs)
               ^^^^^^^^^^^^^^^^^^^^^^^^^^^^^^^^^^^^^^^
  File "/Users/mehriddinmengturayev/Downloads/shopbot/.venv/lib/python3.13/site-packages/aiogram/dispatcher/event/telegram.py", line 121, in trigger
    return await wrapped_inner(event, kwargs)
           ^^^^^^^^^^^^^^^^^^^^^^^^^^^^^^^^^^
  File "/Users/mehriddinmengturayev/Downloads/shopbot/.venv/lib/python3.13/site-packages/aiogram/dispatcher/event/handler.py", line 43, in call
    return await wrapped()
           ^^^^^^^^^^^^^^^
  File "/Users/mehriddinmengturayev/Downloads/shopbot/app/handlers/user/shop.py", line 60, in open_shop
    views = await service.list_shop()
            ^^^^^^^^^^^^^^^^^^^^^^^^^
  File "/Users/mehriddinmengturayev/Downloads/shopbot/app/services/product_service.py", line 28, in list_shop
    items = await self.products.list_visible()
            ^^^^^^^^^^^^^^^^^^^^^^^^^^^^^^^^^^
  File "/Users/mehriddinmengturayev/Downloads/shopbot/app/repositories/product_repo.py", line 16, in list_visible
    result = await self.session.execute(
             ^^^^^^^^^^^^^^^^^^^^^^^^^^^
    ...<3 lines>...
    )
    ^
  File "/Users/mehriddinmengturayev/Downloads/shopbot/.venv/lib/python3.13/site-packages/sqlalchemy/ext/asyncio/session.py", line 461, in execute
    result = await greenlet_spawn(
             ^^^^^^^^^^^^^^^^^^^^^
    ...<6 lines>...
    )
    ^
  File "/Users/mehriddinmengturayev/Downloads/shopbot/.venv/lib/python3.13/site-packages/sqlalchemy/util/_concurrency_py3k.py", line 201, in greenlet_spawn
    result = context.throw(*sys.exc_info())
  File "/Users/mehriddinmengturayev/Downloads/shopbot/.venv/lib/python3.13/site-packages/sqlalchemy/orm/session.py", line 2362, in execute
    return self._execute_internal(
           ~~~~~~~~~~~~~~~~~~~~~~^
        statement,
        ^^^^^^^^^^
    ...<4 lines>...
        _add_event=_add_event,
        ^^^^^^^^^^^^^^^^^^^^^^
    )
    ^
  File "/Users/mehriddinmengturayev/Downloads/shopbot/.venv/lib/python3.13/site-packages/sqlalchemy/orm/session.py", line 2247, in _execute_internal
    result: Result[Any] = compile_state_cls.orm_execute_statement(
                          ~~~~~~~~~~~~~~~~~~~~~~~~~~~~~~~~~~~~~~~^
        self,
        ^^^^^
    ...<4 lines>...
        conn,
        ^^^^^
    )
    ^
  File "/Users/mehriddinmengturayev/Downloads/shopbot/.venv/lib/python3.13/site-packages/sqlalchemy/orm/context.py", line 305, in orm_execute_statement
    result = conn.execute(
        statement, params or {}, execution_options=execution_options
    )
  File "/Users/mehriddinmengturayev/Downloads/shopbot/.venv/lib/python3.13/site-packages/sqlalchemy/engine/base.py", line 1418, in execute
    return meth(
        self,
        distilled_parameters,
        execution_options or NO_OPTIONS,
    )
  File "/Users/mehriddinmengturayev/Downloads/shopbot/.venv/lib/python3.13/site-packages/sqlalchemy/sql/elements.py", line 515, in _execute_on_connection
    return connection._execute_clauseelement(
           ~~~~~~~~~~~~~~~~~~~~~~~~~~~~~~~~~^
        self, distilled_params, execution_options
        ^^^^^^^^^^^^^^^^^^^^^^^^^^^^^^^^^^^^^^^^^
    )
    ^
  File "/Users/mehriddinmengturayev/Downloads/shopbot/.venv/lib/python3.13/site-packages/sqlalchemy/engine/base.py", line 1640, in _execute_clauseelement
    ret = self._execute_context(
        dialect,
    ...<8 lines>...
        cache_hit=cache_hit,
    )
  File "/Users/mehriddinmengturayev/Downloads/shopbot/.venv/lib/python3.13/site-packages/sqlalchemy/engine/base.py", line 1846, in _execute_context
    return self._exec_single_context(
           ~~~~~~~~~~~~~~~~~~~~~~~~~^
        dialect, context, statement, parameters
        ^^^^^^^^^^^^^^^^^^^^^^^^^^^^^^^^^^^^^^^
    )
    ^
  File "/Users/mehriddinmengturayev/Downloads/shopbot/.venv/lib/python3.13/site-packages/sqlalchemy/engine/base.py", line 1986, in _exec_single_context
    self._handle_dbapi_exception(
    ~~~~~~~~~~~~~~~~~~~~~~~~~~~~^
        e, str_statement, effective_parameters, cursor, context
        ^^^^^^^^^^^^^^^^^^^^^^^^^^^^^^^^^^^^^^^^^^^^^^^^^^^^^^^
    )
    ^
  File "/Users/mehriddinmengturayev/Downloads/shopbot/.venv/lib/python3.13/site-packages/sqlalchemy/engine/base.py", line 2355, in _handle_dbapi_exception
    raise sqlalchemy_exception.with_traceback(exc_info[2]) from e
  File "/Users/mehriddinmengturayev/Downloads/shopbot/.venv/lib/python3.13/site-packages/sqlalchemy/engine/base.py", line 1967, in _exec_single_context
    self.dialect.do_execute(
    ~~~~~~~~~~~~~~~~~~~~~~~^
        cursor, str_statement, effective_parameters, context
        ^^^^^^^^^^^^^^^^^^^^^^^^^^^^^^^^^^^^^^^^^^^^^^^^^^^^
    )
    ^
  File "/Users/mehriddinmengturayev/Downloads/shopbot/.venv/lib/python3.13/site-packages/sqlalchemy/engine/default.py", line 941, in do_execute
    cursor.execute(statement, parameters)
    ~~~~~~~~~~~~~~^^^^^^^^^^^^^^^^^^^^^^^
  File "/Users/mehriddinmengturayev/Downloads/shopbot/.venv/lib/python3.13/site-packages/sqlalchemy/dialects/sqlite/aiosqlite.py", line 147, in execute
    self._adapt_connection._handle_exception(error)
    ~~~~~~~~~~~~~~~~~~~~~~~~~~~~~~~~~~~~~~~~^^^^^^^
  File "/Users/mehriddinmengturayev/Downloads/shopbot/.venv/lib/python3.13/site-packages/sqlalchemy/dialects/sqlite/aiosqlite.py", line 298, in _handle_exception
    raise error
  File "/Users/mehriddinmengturayev/Downloads/shopbot/.venv/lib/python3.13/site-packages/sqlalchemy/dialects/sqlite/aiosqlite.py", line 129, in execute
    self.await_(_cursor.execute(operation, parameters))
    ~~~~~~~~~~~^^^^^^^^^^^^^^^^^^^^^^^^^^^^^^^^^^^^^^^^
  File "/Users/mehriddinmengturayev/Downloads/shopbot/.venv/lib/python3.13/site-packages/sqlalchemy/util/_concurrency_py3k.py", line 132, in await_only
    return current.parent.switch(awaitable)  # type: ignore[no-any-return,attr-defined] # noqa: E501
           ~~~~~~~~~~~~~~~~~~~~~^^^^^^^^^^^
  File "/Users/mehriddinmengturayev/Downloads/shopbot/.venv/lib/python3.13/site-packages/sqlalchemy/util/_concurrency_py3k.py", line 196, in greenlet_spawn
    value = await result
            ^^^^^^^^^^^^
  File "/Users/mehriddinmengturayev/Downloads/shopbot/.venv/lib/python3.13/site-packages/aiosqlite/cursor.py", line 48, in execute
    await self._execute(self._cursor.execute, sql, parameters)
  File "/Users/mehriddinmengturayev/Downloads/shopbot/.venv/lib/python3.13/site-packages/aiosqlite/cursor.py", line 40, in _execute
    return await self._conn._execute(fn, *args, **kwargs)
           ^^^^^^^^^^^^^^^^^^^^^^^^^^^^^^^^^^^^^^^^^^^^^^
  File "/Users/mehriddinmengturayev/Downloads/shopbot/.venv/lib/python3.13/site-packages/aiosqlite/core.py", line 132, in _execute
    return await future
           ^^^^^^^^^^^^
  File "/Users/mehriddinmengturayev/Downloads/shopbot/.venv/lib/python3.13/site-packages/aiosqlite/core.py", line 115, in run
    result = function()
sqlalchemy.exc.OperationalError: (sqlite3.OperationalError) no such column: products.price_usd
[SQL: SELECT products.id, products.name, products.emoji, products.description, products.price, products.currency, products.price_usd, products.image_file_id, products.delivery_mode, products.provider_key, products.manual_delivery_hint, products.payment_instructions, products.is_visible, products.sort_order, products.created_at, products.updated_at 
FROM products 
WHERE products.is_visible IS 1 ORDER BY products.sort_order, products.id]
(Background on this error at: https://sqlalche.me/e/20/e3q8)
2026-07-30 20:39:39,045 | INFO     | aiogram.event | Update id=883467298 is handled. Duration 16 ms by bot id=8591349938
2026-07-30 20:39:48,118 | ERROR    | app.middlewares.error_handling | Unhandled exception while processing update
Traceback (most recent call last):
  File "/Users/mehriddinmengturayev/Downloads/shopbot/.venv/lib/python3.13/site-packages/sqlalchemy/engine/base.py", line 1967, in _exec_single_context
    self.dialect.do_execute(
    ~~~~~~~~~~~~~~~~~~~~~~~^
        cursor, str_statement, effective_parameters, context
        ^^^^^^^^^^^^^^^^^^^^^^^^^^^^^^^^^^^^^^^^^^^^^^^^^^^^
    )
    ^
  File "/Users/mehriddinmengturayev/Downloads/shopbot/.venv/lib/python3.13/site-packages/sqlalchemy/engine/default.py", line 941, in do_execute
    cursor.execute(statement, parameters)
    ~~~~~~~~~~~~~~^^^^^^^^^^^^^^^^^^^^^^^
  File "/Users/mehriddinmengturayev/Downloads/shopbot/.venv/lib/python3.13/site-packages/sqlalchemy/dialects/sqlite/aiosqlite.py", line 147, in execute
    self._adapt_connection._handle_exception(error)
    ~~~~~~~~~~~~~~~~~~~~~~~~~~~~~~~~~~~~~~~~^^^^^^^
  File "/Users/mehriddinmengturayev/Downloads/shopbot/.venv/lib/python3.13/site-packages/sqlalchemy/dialects/sqlite/aiosqlite.py", line 298, in _handle_exception
    raise error
  File "/Users/mehriddinmengturayev/Downloads/shopbot/.venv/lib/python3.13/site-packages/sqlalchemy/dialects/sqlite/aiosqlite.py", line 129, in execute
    self.await_(_cursor.execute(operation, parameters))
    ~~~~~~~~~~~^^^^^^^^^^^^^^^^^^^^^^^^^^^^^^^^^^^^^^^^
  File "/Users/mehriddinmengturayev/Downloads/shopbot/.venv/lib/python3.13/site-packages/sqlalchemy/util/_concurrency_py3k.py", line 132, in await_only
    return current.parent.switch(awaitable)  # type: ignore[no-any-return,attr-defined] # noqa: E501
           ~~~~~~~~~~~~~~~~~~~~~^^^^^^^^^^^
  File "/Users/mehriddinmengturayev/Downloads/shopbot/.venv/lib/python3.13/site-packages/sqlalchemy/util/_concurrency_py3k.py", line 196, in greenlet_spawn
    value = await result
            ^^^^^^^^^^^^
  File "/Users/mehriddinmengturayev/Downloads/shopbot/.venv/lib/python3.13/site-packages/aiosqlite/cursor.py", line 48, in execute
    await self._execute(self._cursor.execute, sql, parameters)
  File "/Users/mehriddinmengturayev/Downloads/shopbot/.venv/lib/python3.13/site-packages/aiosqlite/cursor.py", line 40, in _execute
    return await self._conn._execute(fn, *args, **kwargs)
           ^^^^^^^^^^^^^^^^^^^^^^^^^^^^^^^^^^^^^^^^^^^^^^
  File "/Users/mehriddinmengturayev/Downloads/shopbot/.venv/lib/python3.13/site-packages/aiosqlite/core.py", line 132, in _execute
    return await future
           ^^^^^^^^^^^^
  File "/Users/mehriddinmengturayev/Downloads/shopbot/.venv/lib/python3.13/site-packages/aiosqlite/core.py", line 115, in run
    result = function()
sqlite3.OperationalError: no such column: orders.payment_method

The above exception was the direct cause of the following exception:

Traceback (most recent call last):
  File "/Users/mehriddinmengturayev/Downloads/shopbot/app/middlewares/error_handling.py", line 33, in __call__
    return await handler(event, data)
           ^^^^^^^^^^^^^^^^^^^^^^^^^^
  File "/Users/mehriddinmengturayev/Downloads/shopbot/app/middlewares/throttling.py", line 40, in __call__
    return await handler(event, data)
           ^^^^^^^^^^^^^^^^^^^^^^^^^^
  File "/Users/mehriddinmengturayev/Downloads/shopbot/app/middlewares/db_session.py", line 27, in __call__
    return await handler(event, data)
           ^^^^^^^^^^^^^^^^^^^^^^^^^^
  File "/Users/mehriddinmengturayev/Downloads/shopbot/app/middlewares/user_context.py", line 41, in __call__
    return await handler(event, data)
           ^^^^^^^^^^^^^^^^^^^^^^^^^^
  File "/Users/mehriddinmengturayev/Downloads/shopbot/.venv/lib/python3.13/site-packages/aiogram/dispatcher/event/telegram.py", line 121, in trigger
    return await wrapped_inner(event, kwargs)
           ^^^^^^^^^^^^^^^^^^^^^^^^^^^^^^^^^^
  File "/Users/mehriddinmengturayev/Downloads/shopbot/.venv/lib/python3.13/site-packages/aiogram/dispatcher/event/handler.py", line 43, in call
    return await wrapped()
           ^^^^^^^^^^^^^^^
  File "/Users/mehriddinmengturayev/Downloads/shopbot/.venv/lib/python3.13/site-packages/aiogram/dispatcher/dispatcher.py", line 276, in _listen_update
    return await self.propagate_event(update_type=update_type, event=event, **kwargs)
           ^^^^^^^^^^^^^^^^^^^^^^^^^^^^^^^^^^^^^^^^^^^^^^^^^^^^^^^^^^^^^^^^^^^^^^^^^^
  File "/Users/mehriddinmengturayev/Downloads/shopbot/.venv/lib/python3.13/site-packages/aiogram/dispatcher/router.py", line 146, in propagate_event
    return await observer.wrap_outer_middleware(_wrapped, event=event, data=kwargs)
           ^^^^^^^^^^^^^^^^^^^^^^^^^^^^^^^^^^^^^^^^^^^^^^^^^^^^^^^^^^^^^^^^^^^^^^^^
  File "/Users/mehriddinmengturayev/Downloads/shopbot/.venv/lib/python3.13/site-packages/aiogram/dispatcher/router.py", line 141, in _wrapped
    return await self._propagate_event(
           ^^^^^^^^^^^^^^^^^^^^^^^^^^^^
        observer=observer, update_type=update_type, event=telegram_event, **data
        ^^^^^^^^^^^^^^^^^^^^^^^^^^^^^^^^^^^^^^^^^^^^^^^^^^^^^^^^^^^^^^^^^^^^^^^^
    )
    ^
  File "/Users/mehriddinmengturayev/Downloads/shopbot/.venv/lib/python3.13/site-packages/aiogram/dispatcher/router.py", line 174, in _propagate_event
    response = await router.propagate_event(update_type=update_type, event=event, **kwargs)
               ^^^^^^^^^^^^^^^^^^^^^^^^^^^^^^^^^^^^^^^^^^^^^^^^^^^^^^^^^^^^^^^^^^^^^^^^^^^^
  File "/Users/mehriddinmengturayev/Downloads/shopbot/.venv/lib/python3.13/site-packages/aiogram/dispatcher/router.py", line 146, in propagate_event
    return await observer.wrap_outer_middleware(_wrapped, event=event, data=kwargs)
           ^^^^^^^^^^^^^^^^^^^^^^^^^^^^^^^^^^^^^^^^^^^^^^^^^^^^^^^^^^^^^^^^^^^^^^^^
  File "/Users/mehriddinmengturayev/Downloads/shopbot/.venv/lib/python3.13/site-packages/aiogram/dispatcher/router.py", line 141, in _wrapped
    return await self._propagate_event(
           ^^^^^^^^^^^^^^^^^^^^^^^^^^^^
        observer=observer, update_type=update_type, event=telegram_event, **data
        ^^^^^^^^^^^^^^^^^^^^^^^^^^^^^^^^^^^^^^^^^^^^^^^^^^^^^^^^^^^^^^^^^^^^^^^^
    )
    ^
  File "/Users/mehriddinmengturayev/Downloads/shopbot/.venv/lib/python3.13/site-packages/aiogram/dispatcher/router.py", line 174, in _propagate_event
    response = await router.propagate_event(update_type=update_type, event=event, **kwargs)
               ^^^^^^^^^^^^^^^^^^^^^^^^^^^^^^^^^^^^^^^^^^^^^^^^^^^^^^^^^^^^^^^^^^^^^^^^^^^^
  File "/Users/mehriddinmengturayev/Downloads/shopbot/.venv/lib/python3.13/site-packages/aiogram/dispatcher/router.py", line 146, in propagate_event
    return await observer.wrap_outer_middleware(_wrapped, event=event, data=kwargs)
           ^^^^^^^^^^^^^^^^^^^^^^^^^^^^^^^^^^^^^^^^^^^^^^^^^^^^^^^^^^^^^^^^^^^^^^^^
  File "/Users/mehriddinmengturayev/Downloads/shopbot/.venv/lib/python3.13/site-packages/aiogram/dispatcher/router.py", line 141, in _wrapped
    return await self._propagate_event(
           ^^^^^^^^^^^^^^^^^^^^^^^^^^^^
        observer=observer, update_type=update_type, event=telegram_event, **data
        ^^^^^^^^^^^^^^^^^^^^^^^^^^^^^^^^^^^^^^^^^^^^^^^^^^^^^^^^^^^^^^^^^^^^^^^^
    )
    ^
  File "/Users/mehriddinmengturayev/Downloads/shopbot/.venv/lib/python3.13/site-packages/aiogram/dispatcher/router.py", line 166, in _propagate_event
    response = await observer.trigger(event, **kwargs)
               ^^^^^^^^^^^^^^^^^^^^^^^^^^^^^^^^^^^^^^^
  File "/Users/mehriddinmengturayev/Downloads/shopbot/.venv/lib/python3.13/site-packages/aiogram/dispatcher/event/telegram.py", line 121, in trigger
    return await wrapped_inner(event, kwargs)
           ^^^^^^^^^^^^^^^^^^^^^^^^^^^^^^^^^^
  File "/Users/mehriddinmengturayev/Downloads/shopbot/.venv/lib/python3.13/site-packages/aiogram/dispatcher/event/handler.py", line 43, in call
    return await wrapped()
           ^^^^^^^^^^^^^^^
  File "/Users/mehriddinmengturayev/Downloads/shopbot/app/handlers/user/orders.py", line 17, in my_orders
    orders = await OrderRepository(session).list_by_user(user.id)
             ^^^^^^^^^^^^^^^^^^^^^^^^^^^^^^^^^^^^^^^^^^^^^^^^^^^^
  File "/Users/mehriddinmengturayev/Downloads/shopbot/app/repositories/order_repo.py", line 74, in list_by_user
    result = await self.session.execute(
             ^^^^^^^^^^^^^^^^^^^^^^^^^^^
    ...<5 lines>...
    )
    ^
  File "/Users/mehriddinmengturayev/Downloads/shopbot/.venv/lib/python3.13/site-packages/sqlalchemy/ext/asyncio/session.py", line 461, in execute
    result = await greenlet_spawn(
             ^^^^^^^^^^^^^^^^^^^^^
    ...<6 lines>...
    )
    ^
  File "/Users/mehriddinmengturayev/Downloads/shopbot/.venv/lib/python3.13/site-packages/sqlalchemy/util/_concurrency_py3k.py", line 201, in greenlet_spawn
    result = context.throw(*sys.exc_info())
  File "/Users/mehriddinmengturayev/Downloads/shopbot/.venv/lib/python3.13/site-packages/sqlalchemy/orm/session.py", line 2362, in execute
    return self._execute_internal(
           ~~~~~~~~~~~~~~~~~~~~~~^
        statement,
        ^^^^^^^^^^
    ...<4 lines>...
        _add_event=_add_event,
        ^^^^^^^^^^^^^^^^^^^^^^
    )
    ^
  File "/Users/mehriddinmengturayev/Downloads/shopbot/.venv/lib/python3.13/site-packages/sqlalchemy/orm/session.py", line 2247, in _execute_internal
    result: Result[Any] = compile_state_cls.orm_execute_statement(
                          ~~~~~~~~~~~~~~~~~~~~~~~~~~~~~~~~~~~~~~~^
        self,
        ^^^^^
    ...<4 lines>...
        conn,
        ^^^^^
    )
    ^
  File "/Users/mehriddinmengturayev/Downloads/shopbot/.venv/lib/python3.13/site-packages/sqlalchemy/orm/context.py", line 305, in orm_execute_statement
    result = conn.execute(
        statement, params or {}, execution_options=execution_options
    )
  File "/Users/mehriddinmengturayev/Downloads/shopbot/.venv/lib/python3.13/site-packages/sqlalchemy/engine/base.py", line 1418, in execute
    return meth(
        self,
        distilled_parameters,
        execution_options or NO_OPTIONS,
    )
  File "/Users/mehriddinmengturayev/Downloads/shopbot/.venv/lib/python3.13/site-packages/sqlalchemy/sql/elements.py", line 515, in _execute_on_connection
    return connection._execute_clauseelement(
           ~~~~~~~~~~~~~~~~~~~~~~~~~~~~~~~~~^
        self, distilled_params, execution_options
        ^^^^^^^^^^^^^^^^^^^^^^^^^^^^^^^^^^^^^^^^^
    )
    ^
  File "/Users/mehriddinmengturayev/Downloads/shopbot/.venv/lib/python3.13/site-packages/sqlalchemy/engine/base.py", line 1640, in _execute_clauseelement
    ret = self._execute_context(
        dialect,
    ...<8 lines>...
        cache_hit=cache_hit,
    )
  File "/Users/mehriddinmengturayev/Downloads/shopbot/.venv/lib/python3.13/site-packages/sqlalchemy/engine/base.py", line 1846, in _execute_context
    return self._exec_single_context(
           ~~~~~~~~~~~~~~~~~~~~~~~~~^
        dialect, context, statement, parameters
        ^^^^^^^^^^^^^^^^^^^^^^^^^^^^^^^^^^^^^^^
    )
    ^
  File "/Users/mehriddinmengturayev/Downloads/shopbot/.venv/lib/python3.13/site-packages/sqlalchemy/engine/base.py", line 1986, in _exec_single_context
    self._handle_dbapi_exception(
    ~~~~~~~~~~~~~~~~~~~~~~~~~~~~^
        e, str_statement, effective_parameters, cursor, context
        ^^^^^^^^^^^^^^^^^^^^^^^^^^^^^^^^^^^^^^^^^^^^^^^^^^^^^^^
    )
    ^
  File "/Users/mehriddinmengturayev/Downloads/shopbot/.venv/lib/python3.13/site-packages/sqlalchemy/engine/base.py", line 2355, in _handle_dbapi_exception
    raise sqlalchemy_exception.with_traceback(exc_info[2]) from e
  File "/Users/mehriddinmengturayev/Downloads/shopbot/.venv/lib/python3.13/site-packages/sqlalchemy/engine/base.py", line 1967, in _exec_single_context
    self.dialect.do_execute(
    ~~~~~~~~~~~~~~~~~~~~~~~^
        cursor, str_statement, effective_parameters, context
        ^^^^^^^^^^^^^^^^^^^^^^^^^^^^^^^^^^^^^^^^^^^^^^^^^^^^
    )
    ^
  File "/Users/mehriddinmengturayev/Downloads/shopbot/.venv/lib/python3.13/site-packages/sqlalchemy/engine/default.py", line 941, in do_execute
    cursor.execute(statement, parameters)
    ~~~~~~~~~~~~~~^^^^^^^^^^^^^^^^^^^^^^^
  File "/Users/mehriddinmengturayev/Downloads/shopbot/.venv/lib/python3.13/site-packages/sqlalchemy/dialects/sqlite/aiosqlite.py", line 147, in execute
    self._adapt_connection._handle_exception(error)
    ~~~~~~~~~~~~~~~~~~~~~~~~~~~~~~~~~~~~~~~~^^^^^^^
  File "/Users/mehriddinmengturayev/Downloads/shopbot/.venv/lib/python3.13/site-packages/sqlalchemy/dialects/sqlite/aiosqlite.py", line 298, in _handle_exception
    raise error
  File "/Users/mehriddinmengturayev/Downloads/shopbot/.venv/lib/python3.13/site-packages/sqlalchemy/dialects/sqlite/aiosqlite.py", line 129, in execute
    self.await_(_cursor.execute(operation, parameters))
    ~~~~~~~~~~~^^^^^^^^^^^^^^^^^^^^^^^^^^^^^^^^^^^^^^^^
  File "/Users/mehriddinmengturayev/Downloads/shopbot/.venv/lib/python3.13/site-packages/sqlalchemy/util/_concurrency_py3k.py", line 132, in await_only
    return current.parent.switch(awaitable)  # type: ignore[no-any-return,attr-defined] # noqa: E501
           ~~~~~~~~~~~~~~~~~~~~~^^^^^^^^^^^
  File "/Users/mehriddinmengturayev/Downloads/shopbot/.venv/lib/python3.13/site-packages/sqlalchemy/util/_concurrency_py3k.py", line 196, in greenlet_spawn
    value = await result
            ^^^^^^^^^^^^
  File "/Users/mehriddinmengturayev/Downloads/shopbot/.venv/lib/python3.13/site-packages/aiosqlite/cursor.py", line 48, in execute
    await self._execute(self._cursor.execute, sql, parameters)
  File "/Users/mehriddinmengturayev/Downloads/shopbot/.venv/lib/python3.13/site-packages/aiosqlite/cursor.py", line 40, in _execute
    return await self._conn._execute(fn, *args, **kwargs)
           ^^^^^^^^^^^^^^^^^^^^^^^^^^^^^^^^^^^^^^^^^^^^^^
  File "/Users/mehriddinmengturayev/Downloads/shopbot/.venv/lib/python3.13/site-packages/aiosqlite/core.py", line 132, in _execute
    return await future
           ^^^^^^^^^^^^
  File "/Users/mehriddinmengturayev/Downloads/shopbot/.venv/lib/python3.13/site-packages/aiosqlite/core.py", line 115, in run
    result = function()
sqlalchemy.exc.OperationalError: (sqlite3.OperationalError) no such column: orders.payment_method
[SQL: SELECT orders.id, orders.order_uuid, orders.user_id, orders.product_id, orders.price_at_purchase, orders.currency, orders.status, orders.payment_method, orders.crypto_provider, orders.crypto_invoice_id, orders.crypto_pay_url, orders.decided_by_admin_id, orders.decided_at, orders.rejection_reason, orders.delivered_payload, orders.delivered_at, orders.created_at, orders.updated_at 
FROM orders 
WHERE orders.user_id = ? ORDER BY orders.id DESC
 LIMIT ? OFFSET ?]
[parameters: (1, 20, 0)]
(Background on this error at: https://sqlalche.me/e/20/e3q8)
2026-07-30 20:39:48,124 | INFO     | aiogram.event | Update id=883467299 is handled. Duration 22 ms by bot id=8591349938
2026-07-30 20:39:58,025 | ERROR    | providers | Crypto poller iteration failed
Traceback (most recent call last):
  File "/Users/mehriddinmengturayev/Downloads/shopbot/.venv/lib/python3.13/site-packages/sqlalchemy/engine/base.py", line 1967, in _exec_single_context
    self.dialect.do_execute(
    ~~~~~~~~~~~~~~~~~~~~~~~^
        cursor, str_statement, effective_parameters, context
        ^^^^^^^^^^^^^^^^^^^^^^^^^^^^^^^^^^^^^^^^^^^^^^^^^^^^
    )
    ^
  File "/Users/mehriddinmengturayev/Downloads/shopbot/.venv/lib/python3.13/site-packages/sqlalchemy/engine/default.py", line 941, in do_execute
    cursor.execute(statement, parameters)
    ~~~~~~~~~~~~~~^^^^^^^^^^^^^^^^^^^^^^^
  File "/Users/mehriddinmengturayev/Downloads/shopbot/.venv/lib/python3.13/site-packages/sqlalchemy/dialects/sqlite/aiosqlite.py", line 147, in execute
    self._adapt_connection._handle_exception(error)
    ~~~~~~~~~~~~~~~~~~~~~~~~~~~~~~~~~~~~~~~~^^^^^^^
  File "/Users/mehriddinmengturayev/Downloads/shopbot/.venv/lib/python3.13/site-packages/sqlalchemy/dialects/sqlite/aiosqlite.py", line 298, in _handle_exception
    raise error
  File "/Users/mehriddinmengturayev/Downloads/shopbot/.venv/lib/python3.13/site-packages/sqlalchemy/dialects/sqlite/aiosqlite.py", line 129, in execute
    self.await_(_cursor.execute(operation, parameters))
    ~~~~~~~~~~~^^^^^^^^^^^^^^^^^^^^^^^^^^^^^^^^^^^^^^^^
  File "/Users/mehriddinmengturayev/Downloads/shopbot/.venv/lib/python3.13/site-packages/sqlalchemy/util/_concurrency_py3k.py", line 132, in await_only
    return current.parent.switch(awaitable)  # type: ignore[no-any-return,attr-defined] # noqa: E501
           ~~~~~~~~~~~~~~~~~~~~~^^^^^^^^^^^
  File "/Users/mehriddinmengturayev/Downloads/shopbot/.venv/lib/python3.13/site-packages/sqlalchemy/util/_concurrency_py3k.py", line 196, in greenlet_spawn
    value = await result
            ^^^^^^^^^^^^
  File "/Users/mehriddinmengturayev/Downloads/shopbot/.venv/lib/python3.13/site-packages/aiosqlite/cursor.py", line 48, in execute
    await self._execute(self._cursor.execute, sql, parameters)
  File "/Users/mehriddinmengturayev/Downloads/shopbot/.venv/lib/python3.13/site-packages/aiosqlite/cursor.py", line 40, in _execute
    return await self._conn._execute(fn, *args, **kwargs)
           ^^^^^^^^^^^^^^^^^^^^^^^^^^^^^^^^^^^^^^^^^^^^^^
  File "/Users/mehriddinmengturayev/Downloads/shopbot/.venv/lib/python3.13/site-packages/aiosqlite/core.py", line 132, in _execute
    return await future
           ^^^^^^^^^^^^
  File "/Users/mehriddinmengturayev/Downloads/shopbot/.venv/lib/python3.13/site-packages/aiosqlite/core.py", line 115, in run
    result = function()
sqlite3.OperationalError: no such column: orders.payment_method

The above exception was the direct cause of the following exception:

Traceback (most recent call last):
  File "/Users/mehriddinmengturayev/Downloads/shopbot/app/services/crypto_poller.py", line 33, in crypto_poller_loop
    await _poll_once(bot)
  File "/Users/mehriddinmengturayev/Downloads/shopbot/app/services/crypto_poller.py", line 44, in _poll_once
    pending = await orders_repo.list_awaiting_crypto_payment()
              ^^^^^^^^^^^^^^^^^^^^^^^^^^^^^^^^^^^^^^^^^^^^^^^^
  File "/Users/mehriddinmengturayev/Downloads/shopbot/app/repositories/order_repo.py", line 47, in list_awaiting_crypto_payment
    result = await self.session.execute(
             ^^^^^^^^^^^^^^^^^^^^^^^^^^^
    ...<3 lines>...
    )
    ^
  File "/Users/mehriddinmengturayev/Downloads/shopbot/.venv/lib/python3.13/site-packages/sqlalchemy/ext/asyncio/session.py", line 461, in execute
    result = await greenlet_spawn(
             ^^^^^^^^^^^^^^^^^^^^^
    ...<6 lines>...
    )
    ^
  File "/Users/mehriddinmengturayev/Downloads/shopbot/.venv/lib/python3.13/site-packages/sqlalchemy/util/_concurrency_py3k.py", line 201, in greenlet_spawn
    result = context.throw(*sys.exc_info())
  File "/Users/mehriddinmengturayev/Downloads/shopbot/.venv/lib/python3.13/site-packages/sqlalchemy/orm/session.py", line 2362, in execute
    return self._execute_internal(
           ~~~~~~~~~~~~~~~~~~~~~~^
        statement,
        ^^^^^^^^^^
    ...<4 lines>...
        _add_event=_add_event,
        ^^^^^^^^^^^^^^^^^^^^^^
    )
    ^
  File "/Users/mehriddinmengturayev/Downloads/shopbot/.venv/lib/python3.13/site-packages/sqlalchemy/orm/session.py", line 2247, in _execute_internal
    result: Result[Any] = compile_state_cls.orm_execute_statement(
                          ~~~~~~~~~~~~~~~~~~~~~~~~~~~~~~~~~~~~~~~^
        self,
        ^^^^^
    ...<4 lines>...
        conn,
        ^^^^^
    )
    ^
  File "/Users/mehriddinmengturayev/Downloads/shopbot/.venv/lib/python3.13/site-packages/sqlalchemy/orm/context.py", line 305, in orm_execute_statement
    result = conn.execute(
        statement, params or {}, execution_options=execution_options
    )
  File "/Users/mehriddinmengturayev/Downloads/shopbot/.venv/lib/python3.13/site-packages/sqlalchemy/engine/base.py", line 1418, in execute
    return meth(
        self,
        distilled_parameters,
        execution_options or NO_OPTIONS,
    )
  File "/Users/mehriddinmengturayev/Downloads/shopbot/.venv/lib/python3.13/site-packages/sqlalchemy/sql/elements.py", line 515, in _execute_on_connection
    return connection._execute_clauseelement(
           ~~~~~~~~~~~~~~~~~~~~~~~~~~~~~~~~~^
        self, distilled_params, execution_options
        ^^^^^^^^^^^^^^^^^^^^^^^^^^^^^^^^^^^^^^^^^
    )
    ^
  File "/Users/mehriddinmengturayev/Downloads/shopbot/.venv/lib/python3.13/site-packages/sqlalchemy/engine/base.py", line 1640, in _execute_clauseelement
    ret = self._execute_context(
        dialect,
    ...<8 lines>...
        cache_hit=cache_hit,
    )
  File "/Users/mehriddinmengturayev/Downloads/shopbot/.venv/lib/python3.13/site-packages/sqlalchemy/engine/base.py", line 1846, in _execute_context
    return self._exec_single_context(
           ~~~~~~~~~~~~~~~~~~~~~~~~~^
        dialect, context, statement, parameters
        ^^^^^^^^^^^^^^^^^^^^^^^^^^^^^^^^^^^^^^^
    )
    ^
  File "/Users/mehriddinmengturayev/Downloads/shopbot/.venv/lib/python3.13/site-packages/sqlalchemy/engine/base.py", line 1986, in _exec_single_context
    self._handle_dbapi_exception(
    ~~~~~~~~~~~~~~~~~~~~~~~~~~~~^
        e, str_statement, effective_parameters, cursor, context
        ^^^^^^^^^^^^^^^^^^^^^^^^^^^^^^^^^^^^^^^^^^^^^^^^^^^^^^^
    )
    ^
  File "/Users/mehriddinmengturayev/Downloads/shopbot/.venv/lib/python3.13/site-packages/sqlalchemy/engine/base.py", line 2355, in _handle_dbapi_exception
    raise sqlalchemy_exception.with_traceback(exc_info[2]) from e
  File "/Users/mehriddinmengturayev/Downloads/shopbot/.venv/lib/python3.13/site-packages/sqlalchemy/engine/base.py", line 1967, in _exec_single_context
    self.dialect.do_execute(
    ~~~~~~~~~~~~~~~~~~~~~~~^
        cursor, str_statement, effective_parameters, context
        ^^^^^^^^^^^^^^^^^^^^^^^^^^^^^^^^^^^^^^^^^^^^^^^^^^^^
    )
    ^
  File "/Users/mehriddinmengturayev/Downloads/shopbot/.venv/lib/python3.13/site-packages/sqlalchemy/engine/default.py", line 941, in do_execute
    cursor.execute(statement, parameters)
    ~~~~~~~~~~~~~~^^^^^^^^^^^^^^^^^^^^^^^
  File "/Users/mehriddinmengturayev/Downloads/shopbot/.venv/lib/python3.13/site-packages/sqlalchemy/dialects/sqlite/aiosqlite.py", line 147, in execute
    self._adapt_connection._handle_exception(error)
    ~~~~~~~~~~~~~~~~~~~~~~~~~~~~~~~~~~~~~~~~^^^^^^^
  File "/Users/mehriddinmengturayev/Downloads/shopbot/.venv/lib/python3.13/site-packages/sqlalchemy/dialects/sqlite/aiosqlite.py", line 298, in _handle_exception
    raise error
  File "/Users/mehriddinmengturayev/Downloads/shopbot/.venv/lib/python3.13/site-packages/sqlalchemy/dialects/sqlite/aiosqlite.py", line 129, in execute
    self.await_(_cursor.execute(operation, parameters))
    ~~~~~~~~~~~^^^^^^^^^^^^^^^^^^^^^^^^^^^^^^^^^^^^^^^^
  File "/Users/mehriddinmengturayev/Downloads/shopbot/.venv/lib/python3.13/site-packages/sqlalchemy/util/_concurrency_py3k.py", line 132, in await_only
    return current.parent.switch(awaitable)  # type: ignore[no-any-return,attr-defined] # noqa: E501
           ~~~~~~~~~~~~~~~~~~~~~^^^^^^^^^^^
  File "/Users/mehriddinmengturayev/Downloads/shopbot/.venv/lib/python3.13/site-packages/sqlalchemy/util/_concurrency_py3k.py", line 196, in greenlet_spawn
    value = await result
            ^^^^^^^^^^^^
  File "/Users/mehriddinmengturayev/Downloads/shopbot/.venv/lib/python3.13/site-packages/aiosqlite/cursor.py", line 48, in execute
    await self._execute(self._cursor.execute, sql, parameters)
  File "/Users/mehriddinmengturayev/Downloads/shopbot/.venv/lib/python3.13/site-packages/aiosqlite/cursor.py", line 40, in _execute
    return await self._conn._execute(fn, *args, **kwargs)
           ^^^^^^^^^^^^^^^^^^^^^^^^^^^^^^^^^^^^^^^^^^^^^^
  File "/Users/mehriddinmengturayev/Downloads/shopbot/.venv/lib/python3.13/site-packages/aiosqlite/core.py", line 132, in _execute
    return await future
           ^^^^^^^^^^^^
  File "/Users/mehriddinmengturayev/Downloads/shopbot/.venv/lib/python3.13/site-packages/aiosqlite/core.py", line 115, in run
    result = function()
sqlalchemy.exc.OperationalError: (sqlite3.OperationalError) no such column: orders.payment_method
[SQL: SELECT orders.id, orders.order_uuid, orders.user_id, orders.product_id, orders.price_at_purchase, orders.currency, orders.status, orders.payment_method, orders.crypto_provider, orders.crypto_invoice_id, orders.crypto_pay_url, orders.decided_by_admin_id, orders.decided_at, orders.rejection_reason, orders.delivered_payload, orders.delivered_at, orders.created_at, orders.updated_at 
FROM orders 
WHERE orders.status = ?]
[parameters: ('AWAITING_CRYPTO_PAYMENT',)]
(Background on this error at: https://sqlalche.me/e/20/e3q8)
2026-07-30 20:40:16,126 | INFO     | aiogram.event | Update id=883467300 is handled. Duration 438 ms by bot id=8591349938
2026-07-30 20:40:18,044 | ERROR    | providers | Crypto poller iteration failed
Traceback (most recent call last):
  File "/Users/mehriddinmengturayev/Downloads/shopbot/.venv/lib/python3.13/site-packages/sqlalchemy/engine/base.py", line 1967, in _exec_single_context
    self.dialect.do_execute(
    ~~~~~~~~~~~~~~~~~~~~~~~^
        cursor, str_statement, effective_parameters, context
        ^^^^^^^^^^^^^^^^^^^^^^^^^^^^^^^^^^^^^^^^^^^^^^^^^^^^
    )
    ^
  File "/Users/mehriddinmengturayev/Downloads/shopbot/.venv/lib/python3.13/site-packages/sqlalchemy/engine/default.py", line 941, in do_execute
    cursor.execute(statement, parameters)
    ~~~~~~~~~~~~~~^^^^^^^^^^^^^^^^^^^^^^^
  File "/Users/mehriddinmengturayev/Downloads/shopbot/.venv/lib/python3.13/site-packages/sqlalchemy/dialects/sqlite/aiosqlite.py", line 147, in execute
    self._adapt_connection._handle_exception(error)
    ~~~~~~~~~~~~~~~~~~~~~~~~~~~~~~~~~~~~~~~~^^^^^^^
  File "/Users/mehriddinmengturayev/Downloads/shopbot/.venv/lib/python3.13/site-packages/sqlalchemy/dialects/sqlite/aiosqlite.py", line 298, in _handle_exception
    raise error
  File "/Users/mehriddinmengturayev/Downloads/shopbot/.venv/lib/python3.13/site-packages/sqlalchemy/dialects/sqlite/aiosqlite.py", line 129, in execute
    self.await_(_cursor.execute(operation, parameters))
    ~~~~~~~~~~~^^^^^^^^^^^^^^^^^^^^^^^^^^^^^^^^^^^^^^^^
  File "/Users/mehriddinmengturayev/Downloads/shopbot/.venv/lib/python3.13/site-packages/sqlalchemy/util/_concurrency_py3k.py", line 132, in await_only
    return current.parent.switch(awaitable)  # type: ignore[no-any-return,attr-defined] # noqa: E501
           ~~~~~~~~~~~~~~~~~~~~~^^^^^^^^^^^
  File "/Users/mehriddinmengturayev/Downloads/shopbot/.venv/lib/python3.13/site-packages/sqlalchemy/util/_concurrency_py3k.py", line 196, in greenlet_spawn
    value = await result
            ^^^^^^^^^^^^
  File "/Users/mehriddinmengturayev/Downloads/shopbot/.venv/lib/python3.13/site-packages/aiosqlite/cursor.py", line 48, in execute
    await self._execute(self._cursor.execute, sql, parameters)
  File "/Users/mehriddinmengturayev/Downloads/shopbot/.venv/lib/python3.13/site-packages/aiosqlite/cursor.py", line 40, in _execute
    return await self._conn._execute(fn, *args, **kwargs)
           ^^^^^^^^^^^^^^^^^^^^^^^^^^^^^^^^^^^^^^^^^^^^^^
  File "/Users/mehriddinmengturayev/Downloads/shopbot/.venv/lib/python3.13/site-packages/aiosqlite/core.py", line 132, in _execute
    return await future
           ^^^^^^^^^^^^
  File "/Users/mehriddinmengturayev/Downloads/shopbot/.venv/lib/python3.13/site-packages/aiosqlite/core.py", line 115, in run
    result = function()
sqlite3.OperationalError: no such column: orders.payment_method

The above exception was the direct cause of the following exception:

Traceback (most recent call last):
  File "/Users/mehriddinmengturayev/Downloads/shopbot/app/services/crypto_poller.py", line 33, in crypto_poller_loop
    await _poll_once(bot)
  File "/Users/mehriddinmengturayev/Downloads/shopbot/app/services/crypto_poller.py", line 44, in _poll_once
    pending = await orders_repo.list_awaiting_crypto_payment()
              ^^^^^^^^^^^^^^^^^^^^^^^^^^^^^^^^^^^^^^^^^^^^^^^^
  File "/Users/mehriddinmengturayev/Downloads/shopbot/app/repositories/order_repo.py", line 47, in list_awaiting_crypto_payment
    result = await self.session.execute(
             ^^^^^^^^^^^^^^^^^^^^^^^^^^^
    ...<3 lines>...
    )
    ^
  File "/Users/mehriddinmengturayev/Downloads/shopbot/.venv/lib/python3.13/site-packages/sqlalchemy/ext/asyncio/session.py", line 461, in execute
    result = await greenlet_spawn(
             ^^^^^^^^^^^^^^^^^^^^^
    ...<6 lines>...
    )
    ^
  File "/Users/mehriddinmengturayev/Downloads/shopbot/.venv/lib/python3.13/site-packages/sqlalchemy/util/_concurrency_py3k.py", line 201, in greenlet_spawn
    result = context.throw(*sys.exc_info())
  File "/Users/mehriddinmengturayev/Downloads/shopbot/.venv/lib/python3.13/site-packages/sqlalchemy/orm/session.py", line 2362, in execute
    return self._execute_internal(
           ~~~~~~~~~~~~~~~~~~~~~~^
        statement,
        ^^^^^^^^^^
    ...<4 lines>...
        _add_event=_add_event,
        ^^^^^^^^^^^^^^^^^^^^^^
    )
    ^
  File "/Users/mehriddinmengturayev/Downloads/shopbot/.venv/lib/python3.13/site-packages/sqlalchemy/orm/session.py", line 2247, in _execute_internal
    result: Result[Any] = compile_state_cls.orm_execute_statement(
                          ~~~~~~~~~~~~~~~~~~~~~~~~~~~~~~~~~~~~~~~^
        self,
        ^^^^^
    ...<4 lines>...
        conn,
        ^^^^^
    )
    ^
  File "/Users/mehriddinmengturayev/Downloads/shopbot/.venv/lib/python3.13/site-packages/sqlalchemy/orm/context.py", line 305, in orm_execute_statement
    result = conn.execute(
        statement, params or {}, execution_options=execution_options
    )
  File "/Users/mehriddinmengturayev/Downloads/shopbot/.venv/lib/python3.13/site-packages/sqlalchemy/engine/base.py", line 1418, in execute
    return meth(
        self,
        distilled_parameters,
        execution_options or NO_OPTIONS,
    )
  File "/Users/mehriddinmengturayev/Downloads/shopbot/.venv/lib/python3.13/site-packages/sqlalchemy/sql/elements.py", line 515, in _execute_on_connection
    return connection._execute_clauseelement(
           ~~~~~~~~~~~~~~~~~~~~~~~~~~~~~~~~~^
        self, distilled_params, execution_options
        ^^^^^^^^^^^^^^^^^^^^^^^^^^^^^^^^^^^^^^^^^
    )
    ^
  File "/Users/mehriddinmengturayev/Downloads/shopbot/.venv/lib/python3.13/site-packages/sqlalchemy/engine/base.py", line 1640, in _execute_clauseelement
    ret = self._execute_context(
        dialect,
    ...<8 lines>...
        cache_hit=cache_hit,
    )
  File "/Users/mehriddinmengturayev/Downloads/shopbot/.venv/lib/python3.13/site-packages/sqlalchemy/engine/base.py", line 1846, in _execute_context
    return self._exec_single_context(
           ~~~~~~~~~~~~~~~~~~~~~~~~~^
        dialect, context, statement, parameters
        ^^^^^^^^^^^^^^^^^^^^^^^^^^^^^^^^^^^^^^^
    )
    ^
  File "/Users/mehriddinmengturayev/Downloads/shopbot/.venv/lib/python3.13/site-packages/sqlalchemy/engine/base.py", line 1986, in _exec_single_context
    self._handle_dbapi_exception(
    ~~~~~~~~~~~~~~~~~~~~~~~~~~~~^
        e, str_statement, effective_parameters, cursor, context
        ^^^^^^^^^^^^^^^^^^^^^^^^^^^^^^^^^^^^^^^^^^^^^^^^^^^^^^^
    )
    ^
  File "/Users/mehriddinmengturayev/Downloads/shopbot/.venv/lib/python3.13/site-packages/sqlalchemy/engine/base.py", line 2355, in _handle_dbapi_exception
    raise sqlalchemy_exception.with_traceback(exc_info[2]) from e
  File "/Users/mehriddinmengturayev/Downloads/shopbot/.venv/lib/python3.13/site-packages/sqlalchemy/engine/base.py", line 1967, in _exec_single_context
    self.dialect.do_execute(
    ~~~~~~~~~~~~~~~~~~~~~~~^
        cursor, str_statement, effective_parameters, context
        ^^^^^^^^^^^^^^^^^^^^^^^^^^^^^^^^^^^^^^^^^^^^^^^^^^^^
    )
    ^
  File "/Users/mehriddinmengturayev/Downloads/shopbot/.venv/lib/python3.13/site-packages/sqlalchemy/engine/default.py", line 941, in do_execute
    cursor.execute(statement, parameters)
    ~~~~~~~~~~~~~~^^^^^^^^^^^^^^^^^^^^^^^
  File "/Users/mehriddinmengturayev/Downloads/shopbot/.venv/lib/python3.13/site-packages/sqlalchemy/dialects/sqlite/aiosqlite.py", line 147, in execute
    self._adapt_connection._handle_exception(error)
    ~~~~~~~~~~~~~~~~~~~~~~~~~~~~~~~~~~~~~~~~^^^^^^^
  File "/Users/mehriddinmengturayev/Downloads/shopbot/.venv/lib/python3.13/site-packages/sqlalchemy/dialects/sqlite/aiosqlite.py", line 298, in _handle_exception
    raise error
  File "/Users/mehriddinmengturayev/Downloads/shopbot/.venv/lib/python3.13/site-packages/sqlalchemy/dialects/sqlite/aiosqlite.py", line 129, in execute
    self.await_(_cursor.execute(operation, parameters))
    ~~~~~~~~~~~^^^^^^^^^^^^^^^^^^^^^^^^^^^^^^^^^^^^^^^^
  File "/Users/mehriddinmengturayev/Downloads/shopbot/.venv/lib/python3.13/site-packages/sqlalchemy/util/_concurrency_py3k.py", line 132, in await_only
    return current.parent.switch(awaitable)  # type: ignore[no-any-return,attr-defined] # noqa: E501
           ~~~~~~~~~~~~~~~~~~~~~^^^^^^^^^^^
  File "/Users/mehriddinmengturayev/Downloads/shopbot/.venv/lib/python3.13/site-packages/sqlalchemy/util/_concurrency_py3k.py", line 196, in greenlet_spawn
    value = await result
            ^^^^^^^^^^^^
  File "/Users/mehriddinmengturayev/Downloads/shopbot/.venv/lib/python3.13/site-packages/aiosqlite/cursor.py", line 48, in execute
    await self._execute(self._cursor.execute, sql, parameters)
  File "/Users/mehriddinmengturayev/Downloads/shopbot/.venv/lib/python3.13/site-packages/aiosqlite/cursor.py", line 40, in _execute
    return await self._conn._execute(fn, *args, **kwargs)
           ^^^^^^^^^^^^^^^^^^^^^^^^^^^^^^^^^^^^^^^^^^^^^^
  File "/Users/mehriddinmengturayev/Downloads/shopbot/.venv/lib/python3.13/site-packages/aiosqlite/core.py", line 132, in _execute
    return await future
           ^^^^^^^^^^^^
  File "/Users/mehriddinmengturayev/Downloads/shopbot/.venv/lib/python3.13/site-packages/aiosqlite/core.py", line 115, in run
    result = function()
sqlalchemy.exc.OperationalError: (sqlite3.OperationalError) no such column: orders.payment_method
[SQL: SELECT orders.id, orders.order_uuid, orders.user_id, orders.product_id, orders.price_at_purchase, orders.currency, orders.status, orders.payment_method, orders.crypto_provider, orders.crypto_invoice_id, orders.crypto_pay_url, orders.decided_by_admin_id, orders.decided_at, orders.rejection_reason, orders.delivered_payload, orders.delivered_at, orders.created_at, orders.updated_at 
FROM orders 
WHERE orders.status = ?]
[parameters: ('AWAITING_CRYPTO_PAYMENT',)]
(Background on this error at: https://sqlalche.me/e/20/e3q8)
2026-07-30 20:40:20,420 | ERROR    | app.middlewares.error_handling | Unhandled exception while processing update
Traceback (most recent call last):
  File "/Users/mehriddinmengturayev/Downloads/shopbot/.venv/lib/python3.13/site-packages/sqlalchemy/engine/base.py", line 1967, in _exec_single_context
    self.dialect.do_execute(
    ~~~~~~~~~~~~~~~~~~~~~~~^
        cursor, str_statement, effective_parameters, context
        ^^^^^^^^^^^^^^^^^^^^^^^^^^^^^^^^^^^^^^^^^^^^^^^^^^^^
    )
    ^
  File "/Users/mehriddinmengturayev/Downloads/shopbot/.venv/lib/python3.13/site-packages/sqlalchemy/engine/default.py", line 941, in do_execute
    cursor.execute(statement, parameters)
    ~~~~~~~~~~~~~~^^^^^^^^^^^^^^^^^^^^^^^
  File "/Users/mehriddinmengturayev/Downloads/shopbot/.venv/lib/python3.13/site-packages/sqlalchemy/dialects/sqlite/aiosqlite.py", line 147, in execute
    self._adapt_connection._handle_exception(error)
    ~~~~~~~~~~~~~~~~~~~~~~~~~~~~~~~~~~~~~~~~^^^^^^^
  File "/Users/mehriddinmengturayev/Downloads/shopbot/.venv/lib/python3.13/site-packages/sqlalchemy/dialects/sqlite/aiosqlite.py", line 298, in _handle_exception
    raise error
  File "/Users/mehriddinmengturayev/Downloads/shopbot/.venv/lib/python3.13/site-packages/sqlalchemy/dialects/sqlite/aiosqlite.py", line 129, in execute
    self.await_(_cursor.execute(operation, parameters))
    ~~~~~~~~~~~^^^^^^^^^^^^^^^^^^^^^^^^^^^^^^^^^^^^^^^^
  File "/Users/mehriddinmengturayev/Downloads/shopbot/.venv/lib/python3.13/site-packages/sqlalchemy/util/_concurrency_py3k.py", line 132, in await_only
    return current.parent.switch(awaitable)  # type: ignore[no-any-return,attr-defined] # noqa: E501
           ~~~~~~~~~~~~~~~~~~~~~^^^^^^^^^^^
  File "/Users/mehriddinmengturayev/Downloads/shopbot/.venv/lib/python3.13/site-packages/sqlalchemy/util/_concurrency_py3k.py", line 196, in greenlet_spawn
    value = await result
            ^^^^^^^^^^^^
  File "/Users/mehriddinmengturayev/Downloads/shopbot/.venv/lib/python3.13/site-packages/aiosqlite/cursor.py", line 48, in execute
    await self._execute(self._cursor.execute, sql, parameters)
  File "/Users/mehriddinmengturayev/Downloads/shopbot/.venv/lib/python3.13/site-packages/aiosqlite/cursor.py", line 40, in _execute
    return await self._conn._execute(fn, *args, **kwargs)
           ^^^^^^^^^^^^^^^^^^^^^^^^^^^^^^^^^^^^^^^^^^^^^^
  File "/Users/mehriddinmengturayev/Downloads/shopbot/.venv/lib/python3.13/site-packages/aiosqlite/core.py", line 132, in _execute
    return await future
           ^^^^^^^^^^^^
  File "/Users/mehriddinmengturayev/Downloads/shopbot/.venv/lib/python3.13/site-packages/aiosqlite/core.py", line 115, in run
    result = function()
sqlite3.OperationalError: no such column: products.price_usd

The above exception was the direct cause of the following exception:

Traceback (most recent call last):
  File "/Users/mehriddinmengturayev/Downloads/shopbot/app/middlewares/error_handling.py", line 33, in __call__
    return await handler(event, data)
           ^^^^^^^^^^^^^^^^^^^^^^^^^^
  File "/Users/mehriddinmengturayev/Downloads/shopbot/app/middlewares/throttling.py", line 40, in __call__
    return await handler(event, data)
           ^^^^^^^^^^^^^^^^^^^^^^^^^^
  File "/Users/mehriddinmengturayev/Downloads/shopbot/app/middlewares/db_session.py", line 27, in __call__
    return await handler(event, data)
           ^^^^^^^^^^^^^^^^^^^^^^^^^^
  File "/Users/mehriddinmengturayev/Downloads/shopbot/app/middlewares/user_context.py", line 41, in __call__
    return await handler(event, data)
           ^^^^^^^^^^^^^^^^^^^^^^^^^^
  File "/Users/mehriddinmengturayev/Downloads/shopbot/.venv/lib/python3.13/site-packages/aiogram/dispatcher/event/telegram.py", line 121, in trigger
    return await wrapped_inner(event, kwargs)
           ^^^^^^^^^^^^^^^^^^^^^^^^^^^^^^^^^^
  File "/Users/mehriddinmengturayev/Downloads/shopbot/.venv/lib/python3.13/site-packages/aiogram/dispatcher/event/handler.py", line 43, in call
    return await wrapped()
           ^^^^^^^^^^^^^^^
  File "/Users/mehriddinmengturayev/Downloads/shopbot/.venv/lib/python3.13/site-packages/aiogram/dispatcher/dispatcher.py", line 276, in _listen_update
    return await self.propagate_event(update_type=update_type, event=event, **kwargs)
           ^^^^^^^^^^^^^^^^^^^^^^^^^^^^^^^^^^^^^^^^^^^^^^^^^^^^^^^^^^^^^^^^^^^^^^^^^^
  File "/Users/mehriddinmengturayev/Downloads/shopbot/.venv/lib/python3.13/site-packages/aiogram/dispatcher/router.py", line 146, in propagate_event
    return await observer.wrap_outer_middleware(_wrapped, event=event, data=kwargs)
           ^^^^^^^^^^^^^^^^^^^^^^^^^^^^^^^^^^^^^^^^^^^^^^^^^^^^^^^^^^^^^^^^^^^^^^^^
  File "/Users/mehriddinmengturayev/Downloads/shopbot/.venv/lib/python3.13/site-packages/aiogram/dispatcher/router.py", line 141, in _wrapped
    return await self._propagate_event(
           ^^^^^^^^^^^^^^^^^^^^^^^^^^^^
        observer=observer, update_type=update_type, event=telegram_event, **data
        ^^^^^^^^^^^^^^^^^^^^^^^^^^^^^^^^^^^^^^^^^^^^^^^^^^^^^^^^^^^^^^^^^^^^^^^^
    )
    ^
  File "/Users/mehriddinmengturayev/Downloads/shopbot/.venv/lib/python3.13/site-packages/aiogram/dispatcher/router.py", line 174, in _propagate_event
    response = await router.propagate_event(update_type=update_type, event=event, **kwargs)
               ^^^^^^^^^^^^^^^^^^^^^^^^^^^^^^^^^^^^^^^^^^^^^^^^^^^^^^^^^^^^^^^^^^^^^^^^^^^^
  File "/Users/mehriddinmengturayev/Downloads/shopbot/.venv/lib/python3.13/site-packages/aiogram/dispatcher/router.py", line 146, in propagate_event
    return await observer.wrap_outer_middleware(_wrapped, event=event, data=kwargs)
           ^^^^^^^^^^^^^^^^^^^^^^^^^^^^^^^^^^^^^^^^^^^^^^^^^^^^^^^^^^^^^^^^^^^^^^^^
  File "/Users/mehriddinmengturayev/Downloads/shopbot/.venv/lib/python3.13/site-packages/aiogram/dispatcher/router.py", line 141, in _wrapped
    return await self._propagate_event(
           ^^^^^^^^^^^^^^^^^^^^^^^^^^^^
        observer=observer, update_type=update_type, event=telegram_event, **data
        ^^^^^^^^^^^^^^^^^^^^^^^^^^^^^^^^^^^^^^^^^^^^^^^^^^^^^^^^^^^^^^^^^^^^^^^^
    )
    ^
  File "/Users/mehriddinmengturayev/Downloads/shopbot/.venv/lib/python3.13/site-packages/aiogram/dispatcher/router.py", line 174, in _propagate_event
    response = await router.propagate_event(update_type=update_type, event=event, **kwargs)
               ^^^^^^^^^^^^^^^^^^^^^^^^^^^^^^^^^^^^^^^^^^^^^^^^^^^^^^^^^^^^^^^^^^^^^^^^^^^^
  File "/Users/mehriddinmengturayev/Downloads/shopbot/.venv/lib/python3.13/site-packages/aiogram/dispatcher/router.py", line 146, in propagate_event
    return await observer.wrap_outer_middleware(_wrapped, event=event, data=kwargs)
           ^^^^^^^^^^^^^^^^^^^^^^^^^^^^^^^^^^^^^^^^^^^^^^^^^^^^^^^^^^^^^^^^^^^^^^^^
  File "/Users/mehriddinmengturayev/Downloads/shopbot/.venv/lib/python3.13/site-packages/aiogram/dispatcher/router.py", line 141, in _wrapped
    return await self._propagate_event(
           ^^^^^^^^^^^^^^^^^^^^^^^^^^^^
        observer=observer, update_type=update_type, event=telegram_event, **data
        ^^^^^^^^^^^^^^^^^^^^^^^^^^^^^^^^^^^^^^^^^^^^^^^^^^^^^^^^^^^^^^^^^^^^^^^^
    )
    ^
  File "/Users/mehriddinmengturayev/Downloads/shopbot/.venv/lib/python3.13/site-packages/aiogram/dispatcher/router.py", line 166, in _propagate_event
    response = await observer.trigger(event, **kwargs)
               ^^^^^^^^^^^^^^^^^^^^^^^^^^^^^^^^^^^^^^^
  File "/Users/mehriddinmengturayev/Downloads/shopbot/.venv/lib/python3.13/site-packages/aiogram/dispatcher/event/telegram.py", line 121, in trigger
    return await wrapped_inner(event, kwargs)
           ^^^^^^^^^^^^^^^^^^^^^^^^^^^^^^^^^^
  File "/Users/mehriddinmengturayev/Downloads/shopbot/.venv/lib/python3.13/site-packages/aiogram/dispatcher/event/handler.py", line 43, in call
    return await wrapped()
           ^^^^^^^^^^^^^^^
  File "/Users/mehriddinmengturayev/Downloads/shopbot/app/handlers/admin/products.py", line 65, in products_menu
    products = await ProductRepository(session).list_all()
               ^^^^^^^^^^^^^^^^^^^^^^^^^^^^^^^^^^^^^^^^^^^
  File "/Users/mehriddinmengturayev/Downloads/shopbot/app/repositories/product_repo.py", line 24, in list_all
    result = await self.session.execute(
             ^^^^^^^^^^^^^^^^^^^^^^^^^^^
        select(Product).order_by(Product.sort_order, Product.id)
        ^^^^^^^^^^^^^^^^^^^^^^^^^^^^^^^^^^^^^^^^^^^^^^^^^^^^^^^^
    )
    ^
  File "/Users/mehriddinmengturayev/Downloads/shopbot/.venv/lib/python3.13/site-packages/sqlalchemy/ext/asyncio/session.py", line 461, in execute
    result = await greenlet_spawn(
             ^^^^^^^^^^^^^^^^^^^^^
    ...<6 lines>...
    )
    ^
  File "/Users/mehriddinmengturayev/Downloads/shopbot/.venv/lib/python3.13/site-packages/sqlalchemy/util/_concurrency_py3k.py", line 201, in greenlet_spawn
    result = context.throw(*sys.exc_info())
  File "/Users/mehriddinmengturayev/Downloads/shopbot/.venv/lib/python3.13/site-packages/sqlalchemy/orm/session.py", line 2362, in execute
    return self._execute_internal(
           ~~~~~~~~~~~~~~~~~~~~~~^
        statement,
        ^^^^^^^^^^
    ...<4 lines>...
        _add_event=_add_event,
        ^^^^^^^^^^^^^^^^^^^^^^
    )
    ^
  File "/Users/mehriddinmengturayev/Downloads/shopbot/.venv/lib/python3.13/site-packages/sqlalchemy/orm/session.py", line 2247, in _execute_internal
    result: Result[Any] = compile_state_cls.orm_execute_statement(
                          ~~~~~~~~~~~~~~~~~~~~~~~~~~~~~~~~~~~~~~~^
        self,
        ^^^^^
    ...<4 lines>...
        conn,
        ^^^^^
    )
    ^
  File "/Users/mehriddinmengturayev/Downloads/shopbot/.venv/lib/python3.13/site-packages/sqlalchemy/orm/context.py", line 305, in orm_execute_statement
    result = conn.execute(
        statement, params or {}, execution_options=execution_options
    )
  File "/Users/mehriddinmengturayev/Downloads/shopbot/.venv/lib/python3.13/site-packages/sqlalchemy/engine/base.py", line 1418, in execute
    return meth(
        self,
        distilled_parameters,
        execution_options or NO_OPTIONS,
    )
  File "/Users/mehriddinmengturayev/Downloads/shopbot/.venv/lib/python3.13/site-packages/sqlalchemy/sql/elements.py", line 515, in _execute_on_connection
    return connection._execute_clauseelement(
           ~~~~~~~~~~~~~~~~~~~~~~~~~~~~~~~~~^
        self, distilled_params, execution_options
        ^^^^^^^^^^^^^^^^^^^^^^^^^^^^^^^^^^^^^^^^^
    )
    ^
  File "/Users/mehriddinmengturayev/Downloads/shopbot/.venv/lib/python3.13/site-packages/sqlalchemy/engine/base.py", line 1640, in _execute_clauseelement
    ret = self._execute_context(
        dialect,
    ...<8 lines>...
        cache_hit=cache_hit,
    )
  File "/Users/mehriddinmengturayev/Downloads/shopbot/.venv/lib/python3.13/site-packages/sqlalchemy/engine/base.py", line 1846, in _execute_context
    return self._exec_single_context(
           ~~~~~~~~~~~~~~~~~~~~~~~~~^
        dialect, context, statement, parameters
        ^^^^^^^^^^^^^^^^^^^^^^^^^^^^^^^^^^^^^^^
    )
    ^
  File "/Users/mehriddinmengturayev/Downloads/shopbot/.venv/lib/python3.13/site-packages/sqlalchemy/engine/base.py", line 1986, in _exec_single_context
    self._handle_dbapi_exception(
    ~~~~~~~~~~~~~~~~~~~~~~~~~~~~^
        e, str_statement, effective_parameters, cursor, context
        ^^^^^^^^^^^^^^^^^^^^^^^^^^^^^^^^^^^^^^^^^^^^^^^^^^^^^^^
    )
    ^
  File "/Users/mehriddinmengturayev/Downloads/shopbot/.venv/lib/python3.13/site-packages/sqlalchemy/engine/base.py", line 2355, in _handle_dbapi_exception
    raise sqlalchemy_exception.with_traceback(exc_info[2]) from e
  File "/Users/mehriddinmengturayev/Downloads/shopbot/.venv/lib/python3.13/site-packages/sqlalchemy/engine/base.py", line 1967, in _exec_single_context
    self.dialect.do_execute(
    ~~~~~~~~~~~~~~~~~~~~~~~^
        cursor, str_statement, effective_parameters, context
        ^^^^^^^^^^^^^^^^^^^^^^^^^^^^^^^^^^^^^^^^^^^^^^^^^^^^
    )
    ^
  File "/Users/mehriddinmengturayev/Downloads/shopbot/.venv/lib/python3.13/site-packages/sqlalchemy/engine/default.py", line 941, in do_execute
    cursor.execute(statement, parameters)
    ~~~~~~~~~~~~~~^^^^^^^^^^^^^^^^^^^^^^^
  File "/Users/mehriddinmengturayev/Downloads/shopbot/.venv/lib/python3.13/site-packages/sqlalchemy/dialects/sqlite/aiosqlite.py", line 147, in execute
    self._adapt_connection._handle_exception(error)
    ~~~~~~~~~~~~~~~~~~~~~~~~~~~~~~~~~~~~~~~~^^^^^^^
  File "/Users/mehriddinmengturayev/Downloads/shopbot/.venv/lib/python3.13/site-packages/sqlalchemy/dialects/sqlite/aiosqlite.py", line 298, in _handle_exception
    raise error
  File "/Users/mehriddinmengturayev/Downloads/shopbot/.venv/lib/python3.13/site-packages/sqlalchemy/dialects/sqlite/aiosqlite.py", line 129, in execute
    self.await_(_cursor.execute(operation, parameters))
    ~~~~~~~~~~~^^^^^^^^^^^^^^^^^^^^^^^^^^^^^^^^^^^^^^^^
  File "/Users/mehriddinmengturayev/Downloads/shopbot/.venv/lib/python3.13/site-packages/sqlalchemy/util/_concurrency_py3k.py", line 132, in await_only
    return current.parent.switch(awaitable)  # type: ignore[no-any-return,attr-defined] # noqa: E501
           ~~~~~~~~~~~~~~~~~~~~~^^^^^^^^^^^
  File "/Users/mehriddinmengturayev/Downloads/shopbot/.venv/lib/python3.13/site-packages/sqlalchemy/util/_concurrency_py3k.py", line 196, in greenlet_spawn
    value = await result
            ^^^^^^^^^^^^
  File "/Users/mehriddinmengturayev/Downloads/shopbot/.venv/lib/python3.13/site-packages/aiosqlite/cursor.py", line 48, in execute
    await self._execute(self._cursor.execute, sql, parameters)
  File "/Users/mehriddinmengturayev/Downloads/shopbot/.venv/lib/python3.13/site-packages/aiosqlite/cursor.py", line 40, in _execute
    return await self._conn._execute(fn, *args, **kwargs)
           ^^^^^^^^^^^^^^^^^^^^^^^^^^^^^^^^^^^^^^^^^^^^^^
  File "/Users/mehriddinmengturayev/Downloads/shopbot/.venv/lib/python3.13/site-packages/aiosqlite/core.py", line 132, in _execute
    return await future
           ^^^^^^^^^^^^
  File "/Users/mehriddinmengturayev/Downloads/shopbot/.venv/lib/python3.13/site-packages/aiosqlite/core.py", line 115, in run
    result = function()
sqlalchemy.exc.OperationalError: (sqlite3.OperationalError) no such column: products.price_usd
[SQL: SELECT products.id, products.name, products.emoji, products.description, products.price, products.currency, products.price_usd, products.image_file_id, products.delivery_mode, products.provider_key, products.manual_delivery_hint, products.payment_instructions, products.is_visible, products.sort_order, products.created_at, products.updated_at 
FROM products ORDER BY products.sort_order, products.id]
(Background on this error at: https://sqlalche.me/e/20/e3q8)
2026-07-30 20:40:20,427 | INFO     | aiogram.event | Update id=883467301 is handled. Duration 18 ms by bot id=8591349938
2026-07-30 20:40:38,060 | ERROR    | providers | Crypto poller iteration failed
Traceback (most recent call last):
  File "/Users/mehriddinmengturayev/Downloads/shopbot/.venv/lib/python3.13/site-packages/sqlalchemy/engine/base.py", line 1967, in _exec_single_context
    self.dialect.do_execute(
    ~~~~~~~~~~~~~~~~~~~~~~~^
        cursor, str_statement, effective_parameters, context
        ^^^^^^^^^^^^^^^^^^^^^^^^^^^^^^^^^^^^^^^^^^^^^^^^^^^^
    )
    ^
  File "/Users/mehriddinmengturayev/Downloads/shopbot/.venv/lib/python3.13/site-packages/sqlalchemy/engine/default.py", line 941, in do_execute
    cursor.execute(statement, parameters)
    ~~~~~~~~~~~~~~^^^^^^^^^^^^^^^^^^^^^^^
  File "/Users/mehriddinmengturayev/Downloads/shopbot/.venv/lib/python3.13/site-packages/sqlalchemy/dialects/sqlite/aiosqlite.py", line 147, in execute
    self._adapt_connection._handle_exception(error)
    ~~~~~~~~~~~~~~~~~~~~~~~~~~~~~~~~~~~~~~~~^^^^^^^
  File "/Users/mehriddinmengturayev/Downloads/shopbot/.venv/lib/python3.13/site-packages/sqlalchemy/dialects/sqlite/aiosqlite.py", line 298, in _handle_exception
    raise error
  File "/Users/mehriddinmengturayev/Downloads/shopbot/.venv/lib/python3.13/site-packages/sqlalchemy/dialects/sqlite/aiosqlite.py", line 129, in execute
    self.await_(_cursor.execute(operation, parameters))
    ~~~~~~~~~~~^^^^^^^^^^^^^^^^^^^^^^^^^^^^^^^^^^^^^^^^
  File "/Users/mehriddinmengturayev/Downloads/shopbot/.venv/lib/python3.13/site-packages/sqlalchemy/util/_concurrency_py3k.py", line 132, in await_only
    return current.parent.switch(awaitable)  # type: ignore[no-any-return,attr-defined] # noqa: E501
           ~~~~~~~~~~~~~~~~~~~~~^^^^^^^^^^^
  File "/Users/mehriddinmengturayev/Downloads/shopbot/.venv/lib/python3.13/site-packages/sqlalchemy/util/_concurrency_py3k.py", line 196, in greenlet_spawn
    value = await result
            ^^^^^^^^^^^^
  File "/Users/mehriddinmengturayev/Downloads/shopbot/.venv/lib/python3.13/site-packages/aiosqlite/cursor.py", line 48, in execute
    await self._execute(self._cursor.execute, sql, parameters)
  File "/Users/mehriddinmengturayev/Downloads/shopbot/.venv/lib/python3.13/site-packages/aiosqlite/cursor.py", line 40, in _execute
    return await self._conn._execute(fn, *args, **kwargs)
           ^^^^^^^^^^^^^^^^^^^^^^^^^^^^^^^^^^^^^^^^^^^^^^
  File "/Users/mehriddinmengturayev/Downloads/shopbot/.venv/lib/python3.13/site-packages/aiosqlite/core.py", line 132, in _execute
    return await future
           ^^^^^^^^^^^^
  File "/Users/mehriddinmengturayev/Downloads/shopbot/.venv/lib/python3.13/site-packages/aiosqlite/core.py", line 115, in run
    result = function()
sqlite3.OperationalError: no such column: orders.payment_method

The above exception was the direct cause of the following exception:

Traceback (most recent call last):
  File "/Users/mehriddinmengturayev/Downloads/shopbot/app/services/crypto_poller.py", line 33, in crypto_poller_loop
    await _poll_once(bot)
  File "/Users/mehriddinmengturayev/Downloads/shopbot/app/services/crypto_poller.py", line 44, in _poll_once
    pending = await orders_repo.list_awaiting_crypto_payment()
              ^^^^^^^^^^^^^^^^^^^^^^^^^^^^^^^^^^^^^^^^^^^^^^^^
  File "/Users/mehriddinmengturayev/Downloads/shopbot/app/repositories/order_repo.py", line 47, in list_awaiting_crypto_payment
    result = await self.session.execute(
             ^^^^^^^^^^^^^^^^^^^^^^^^^^^
    ...<3 lines>...
    )
    ^
  File "/Users/mehriddinmengturayev/Downloads/shopbot/.venv/lib/python3.13/site-packages/sqlalchemy/ext/asyncio/session.py", line 461, in execute
    result = await greenlet_spawn(
             ^^^^^^^^^^^^^^^^^^^^^
    ...<6 lines>...
    )
    ^
  File "/Users/mehriddinmengturayev/Downloads/shopbot/.venv/lib/python3.13/site-packages/sqlalchemy/util/_concurrency_py3k.py", line 201, in greenlet_spawn
    result = context.throw(*sys.exc_info())
  File "/Users/mehriddinmengturayev/Downloads/shopbot/.venv/lib/python3.13/site-packages/sqlalchemy/orm/session.py", line 2362, in execute
    return self._execute_internal(
           ~~~~~~~~~~~~~~~~~~~~~~^
        statement,
        ^^^^^^^^^^
    ...<4 lines>...
        _add_event=_add_event,
        ^^^^^^^^^^^^^^^^^^^^^^
    )
    ^
  File "/Users/mehriddinmengturayev/Downloads/shopbot/.venv/lib/python3.13/site-packages/sqlalchemy/orm/session.py", line 2247, in _execute_internal
    result: Result[Any] = compile_state_cls.orm_execute_statement(
                          ~~~~~~~~~~~~~~~~~~~~~~~~~~~~~~~~~~~~~~~^
        self,
        ^^^^^
    ...<4 lines>...
        conn,
        ^^^^^
    )
    ^
  File "/Users/mehriddinmengturayev/Downloads/shopbot/.venv/lib/python3.13/site-packages/sqlalchemy/orm/context.py", line 305, in orm_execute_statement
    result = conn.execute(
        statement, params or {}, execution_options=execution_options
    )
  File "/Users/mehriddinmengturayev/Downloads/shopbot/.venv/lib/python3.13/site-packages/sqlalchemy/engine/base.py", line 1418, in execute
    return meth(
        self,
        distilled_parameters,
        execution_options or NO_OPTIONS,
    )
  File "/Users/mehriddinmengturayev/Downloads/shopbot/.venv/lib/python3.13/site-packages/sqlalchemy/sql/elements.py", line 515, in _execute_on_connection
    return connection._execute_clauseelement(
           ~~~~~~~~~~~~~~~~~~~~~~~~~~~~~~~~~^
        self, distilled_params, execution_options
        ^^^^^^^^^^^^^^^^^^^^^^^^^^^^^^^^^^^^^^^^^
    )
    ^
  File "/Users/mehriddinmengturayev/Downloads/shopbot/.venv/lib/python3.13/site-packages/sqlalchemy/engine/base.py", line 1640, in _execute_clauseelement
    ret = self._execute_context(
        dialect,
    ...<8 lines>...
        cache_hit=cache_hit,
    )
  File "/Users/mehriddinmengturayev/Downloads/shopbot/.venv/lib/python3.13/site-packages/sqlalchemy/engine/base.py", line 1846, in _execute_context
    return self._exec_single_context(
           ~~~~~~~~~~~~~~~~~~~~~~~~~^
        dialect, context, statement, parameters
        ^^^^^^^^^^^^^^^^^^^^^^^^^^^^^^^^^^^^^^^
    )
    ^
  File "/Users/mehriddinmengturayev/Downloads/shopbot/.venv/lib/python3.13/site-packages/sqlalchemy/engine/base.py", line 1986, in _exec_single_context
    self._handle_dbapi_exception(
    ~~~~~~~~~~~~~~~~~~~~~~~~~~~~^
        e, str_statement, effective_parameters, cursor, context
        ^^^^^^^^^^^^^^^^^^^^^^^^^^^^^^^^^^^^^^^^^^^^^^^^^^^^^^^
    )
    ^
  File "/Users/mehriddinmengturayev/Downloads/shopbot/.venv/lib/python3.13/site-packages/sqlalchemy/engine/base.py", line 2355, in _handle_dbapi_exception
    raise sqlalchemy_exception.with_traceback(exc_info[2]) from e
  File "/Users/mehriddinmengturayev/Downloads/shopbot/.venv/lib/python3.13/site-packages/sqlalchemy/engine/base.py", line 1967, in _exec_single_context
    self.dialect.do_execute(
    ~~~~~~~~~~~~~~~~~~~~~~~^
        cursor, str_statement, effective_parameters, context
        ^^^^^^^^^^^^^^^^^^^^^^^^^^^^^^^^^^^^^^^^^^^^^^^^^^^^
    )
    ^
  File "/Users/mehriddinmengturayev/Downloads/shopbot/.venv/lib/python3.13/site-packages/sqlalchemy/engine/default.py", line 941, in do_execute
    cursor.execute(statement, parameters)
    ~~~~~~~~~~~~~~^^^^^^^^^^^^^^^^^^^^^^^
  File "/Users/mehriddinmengturayev/Downloads/shopbot/.venv/lib/python3.13/site-packages/sqlalchemy/dialects/sqlite/aiosqlite.py", line 147, in execute
    self._adapt_connection._handle_exception(error)
    ~~~~~~~~~~~~~~~~~~~~~~~~~~~~~~~~~~~~~~~~^^^^^^^
  File "/Users/mehriddinmengturayev/Downloads/shopbot/.venv/lib/python3.13/site-packages/sqlalchemy/dialects/sqlite/aiosqlite.py", line 298, in _handle_exception
    raise error
  File "/Users/mehriddinmengturayev/Downloads/shopbot/.venv/lib/python3.13/site-packages/sqlalchemy/dialects/sqlite/aiosqlite.py", line 129, in execute
    self.await_(_cursor.execute(operation, parameters))
    ~~~~~~~~~~~^^^^^^^^^^^^^^^^^^^^^^^^^^^^^^^^^^^^^^^^
  File "/Users/mehriddinmengturayev/Downloads/shopbot/.venv/lib/python3.13/site-packages/sqlalchemy/util/_concurrency_py3k.py", line 132, in await_only
    return current.parent.switch(awaitable)  # type: ignore[no-any-return,attr-defined] # noqa: E501
           ~~~~~~~~~~~~~~~~~~~~~^^^^^^^^^^^
  File "/Users/mehriddinmengturayev/Downloads/shopbot/.venv/lib/python3.13/site-packages/sqlalchemy/util/_concurrency_py3k.py", line 196, in greenlet_spawn
    value = await result
            ^^^^^^^^^^^^
  File "/Users/mehriddinmengturayev/Downloads/shopbot/.venv/lib/python3.13/site-packages/aiosqlite/cursor.py", line 48, in execute
    await self._execute(self._cursor.execute, sql, parameters)
  File "/Users/mehriddinmengturayev/Downloads/shopbot/.venv/lib/python3.13/site-packages/aiosqlite/cursor.py", line 40, in _execute
    return await self._conn._execute(fn, *args, **kwargs)
           ^^^^^^^^^^^^^^^^^^^^^^^^^^^^^^^^^^^^^^^^^^^^^^
  File "/Users/mehriddinmengturayev/Downloads/shopbot/.venv/lib/python3.13/site-packages/aiosqlite/core.py", line 132, in _execute
    return await future
           ^^^^^^^^^^^^
  File "/Users/mehriddinmengturayev/Downloads/shopbot/.venv/lib/python3.13/site-packages/aiosqlite/core.py", line 115, in run
    result = function()
sqlalchemy.exc.OperationalError: (sqlite3.OperationalError) no such column: orders.payment_method
[SQL: SELECT orders.id, orders.order_uuid, orders.user_id, orders.product_id, orders.price_at_purchase, orders.currency, orders.status, orders.payment_method, orders.crypto_provider, orders.crypto_invoice_id, orders.crypto_pay_url, orders.decided_by_admin_id, orders.decided_at, orders.rejection_reason, orders.delivered_payload, orders.delivered_at, orders.created_at, orders.updated_at 
FROM orders 
WHERE orders.status = ?]
[parameters: ('AWAITING_CRYPTO_PAYMENT',)]
(Background on this error at: https://sqlalche.me/e/20/e3q8)
2026-07-30 20:40:58,077 | ERROR    | providers | Crypto poller iteration failed
Traceback (most recent call last):
  File "/Users/mehriddinmengturayev/Downloads/shopbot/.venv/lib/python3.13/site-packages/sqlalchemy/engine/base.py", line 1967, in _exec_single_context
    self.dialect.do_execute(
    ~~~~~~~~~~~~~~~~~~~~~~~^
        cursor, str_statement, effective_parameters, context
        ^^^^^^^^^^^^^^^^^^^^^^^^^^^^^^^^^^^^^^^^^^^^^^^^^^^^
    )
    ^
  File "/Users/mehriddinmengturayev/Downloads/shopbot/.venv/lib/python3.13/site-packages/sqlalchemy/engine/default.py", line 941, in do_execute
    cursor.execute(statement, parameters)
    ~~~~~~~~~~~~~~^^^^^^^^^^^^^^^^^^^^^^^
  File "/Users/mehriddinmengturayev/Downloads/shopbot/.venv/lib/python3.13/site-packages/sqlalchemy/dialects/sqlite/aiosqlite.py", line 147, in execute
    self._adapt_connection._handle_exception(error)
    ~~~~~~~~~~~~~~~~~~~~~~~~~~~~~~~~~~~~~~~~^^^^^^^
  File "/Users/mehriddinmengturayev/Downloads/shopbot/.venv/lib/python3.13/site-packages/sqlalchemy/dialects/sqlite/aiosqlite.py", line 298, in _handle_exception
    raise error
  File "/Users/mehriddinmengturayev/Downloads/shopbot/.venv/lib/python3.13/site-packages/sqlalchemy/dialects/sqlite/aiosqlite.py", line 129, in execute
    self.await_(_cursor.execute(operation, parameters))
    ~~~~~~~~~~~^^^^^^^^^^^^^^^^^^^^^^^^^^^^^^^^^^^^^^^^
  File "/Users/mehriddinmengturayev/Downloads/shopbot/.venv/lib/python3.13/site-packages/sqlalchemy/util/_concurrency_py3k.py", line 132, in await_only
    return current.parent.switch(awaitable)  # type: ignore[no-any-return,attr-defined] # noqa: E501
           ~~~~~~~~~~~~~~~~~~~~~^^^^^^^^^^^
  File "/Users/mehriddinmengturayev/Downloads/shopbot/.venv/lib/python3.13/site-packages/sqlalchemy/util/_concurrency_py3k.py", line 196, in greenlet_spawn
    value = await result
            ^^^^^^^^^^^^
  File "/Users/mehriddinmengturayev/Downloads/shopbot/.venv/lib/python3.13/site-packages/aiosqlite/cursor.py", line 48, in execute
    await self._execute(self._cursor.execute, sql, parameters)
  File "/Users/mehriddinmengturayev/Downloads/shopbot/.venv/lib/python3.13/site-packages/aiosqlite/cursor.py", line 40, in _execute
    return await self._conn._execute(fn, *args, **kwargs)
           ^^^^^^^^^^^^^^^^^^^^^^^^^^^^^^^^^^^^^^^^^^^^^^
  File "/Users/mehriddinmengturayev/Downloads/shopbot/.venv/lib/python3.13/site-packages/aiosqlite/core.py", line 132, in _execute
    return await future
           ^^^^^^^^^^^^
  File "/Users/mehriddinmengturayev/Downloads/shopbot/.venv/lib/python3.13/site-packages/aiosqlite/core.py", line 115, in run
    result = function()
sqlite3.OperationalError: no such column: orders.payment_method

The above exception was the direct cause of the following exception:

Traceback (most recent call last):
  File "/Users/mehriddinmengturayev/Downloads/shopbot/app/services/crypto_poller.py", line 33, in crypto_poller_loop
    await _poll_once(bot)
  File "/Users/mehriddinmengturayev/Downloads/shopbot/app/services/crypto_poller.py", line 44, in _poll_once
    pending = await orders_repo.list_awaiting_crypto_payment()
              ^^^^^^^^^^^^^^^^^^^^^^^^^^^^^^^^^^^^^^^^^^^^^^^^
  File "/Users/mehriddinmengturayev/Downloads/shopbot/app/repositories/order_repo.py", line 47, in list_awaiting_crypto_payment
    result = await self.session.execute(
             ^^^^^^^^^^^^^^^^^^^^^^^^^^^
    ...<3 lines>...
    )
    ^
  File "/Users/mehriddinmengturayev/Downloads/shopbot/.venv/lib/python3.13/site-packages/sqlalchemy/ext/asyncio/session.py", line 461, in execute
    result = await greenlet_spawn(
             ^^^^^^^^^^^^^^^^^^^^^
    ...<6 lines>...
    )
    ^
  File "/Users/mehriddinmengturayev/Downloads/shopbot/.venv/lib/python3.13/site-packages/sqlalchemy/util/_concurrency_py3k.py", line 201, in greenlet_spawn
    result = context.throw(*sys.exc_info())
  File "/Users/mehriddinmengturayev/Downloads/shopbot/.venv/lib/python3.13/site-packages/sqlalchemy/orm/session.py", line 2362, in execute
    return self._execute_internal(
           ~~~~~~~~~~~~~~~~~~~~~~^
        statement,
        ^^^^^^^^^^
    ...<4 lines>...
        _add_event=_add_event,
        ^^^^^^^^^^^^^^^^^^^^^^
    )
    ^
  File "/Users/mehriddinmengturayev/Downloads/shopbot/.venv/lib/python3.13/site-packages/sqlalchemy/orm/session.py", line 2247, in _execute_internal
    result: Result[Any] = compile_state_cls.orm_execute_statement(
                          ~~~~~~~~~~~~~~~~~~~~~~~~~~~~~~~~~~~~~~~^
        self,
        ^^^^^
    ...<4 lines>...
        conn,
        ^^^^^
    )
    ^
  File "/Users/mehriddinmengturayev/Downloads/shopbot/.venv/lib/python3.13/site-packages/sqlalchemy/orm/context.py", line 305, in orm_execute_statement
    result = conn.execute(
        statement, params or {}, execution_options=execution_options
    )
  File "/Users/mehriddinmengturayev/Downloads/shopbot/.venv/lib/python3.13/site-packages/sqlalchemy/engine/base.py", line 1418, in execute
    return meth(
        self,
        distilled_parameters,
        execution_options or NO_OPTIONS,
    )
  File "/Users/mehriddinmengturayev/Downloads/shopbot/.venv/lib/python3.13/site-packages/sqlalchemy/sql/elements.py", line 515, in _execute_on_connection
    return connection._execute_clauseelement(
           ~~~~~~~~~~~~~~~~~~~~~~~~~~~~~~~~~^
        self, distilled_params, execution_options
        ^^^^^^^^^^^^^^^^^^^^^^^^^^^^^^^^^^^^^^^^^
    )
    ^
  File "/Users/mehriddinmengturayev/Downloads/shopbot/.venv/lib/python3.13/site-packages/sqlalchemy/engine/base.py", line 1640, in _execute_clauseelement
    ret = self._execute_context(
        dialect,
    ...<8 lines>...
        cache_hit=cache_hit,
    )
  File "/Users/mehriddinmengturayev/Downloads/shopbot/.venv/lib/python3.13/site-packages/sqlalchemy/engine/base.py", line 1846, in _execute_context
    return self._exec_single_context(
           ~~~~~~~~~~~~~~~~~~~~~~~~~^
        dialect, context, statement, parameters
        ^^^^^^^^^^^^^^^^^^^^^^^^^^^^^^^^^^^^^^^
    )
    ^
  File "/Users/mehriddinmengturayev/Downloads/shopbot/.venv/lib/python3.13/site-packages/sqlalchemy/engine/base.py", line 1986, in _exec_single_context
    self._handle_dbapi_exception(
    ~~~~~~~~~~~~~~~~~~~~~~~~~~~~^
        e, str_statement, effective_parameters, cursor, context
        ^^^^^^^^^^^^^^^^^^^^^^^^^^^^^^^^^^^^^^^^^^^^^^^^^^^^^^^
    )
    ^
  File "/Users/mehriddinmengturayev/Downloads/shopbot/.venv/lib/python3.13/site-packages/sqlalchemy/engine/base.py", line 2355, in _handle_dbapi_exception
    raise sqlalchemy_exception.with_traceback(exc_info[2]) from e
  File "/Users/mehriddinmengturayev/Downloads/shopbot/.venv/lib/python3.13/site-packages/sqlalchemy/engine/base.py", line 1967, in _exec_single_context
    self.dialect.do_execute(
    ~~~~~~~~~~~~~~~~~~~~~~~^
        cursor, str_statement, effective_parameters, context
        ^^^^^^^^^^^^^^^^^^^^^^^^^^^^^^^^^^^^^^^^^^^^^^^^^^^^
    )
    ^
  File "/Users/mehriddinmengturayev/Downloads/shopbot/.venv/lib/python3.13/site-packages/sqlalchemy/engine/default.py", line 941, in do_execute
    cursor.execute(statement, parameters)
    ~~~~~~~~~~~~~~^^^^^^^^^^^^^^^^^^^^^^^
  File "/Users/mehriddinmengturayev/Downloads/shopbot/.venv/lib/python3.13/site-packages/sqlalchemy/dialects/sqlite/aiosqlite.py", line 147, in execute
    self._adapt_connection._handle_exception(error)
    ~~~~~~~~~~~~~~~~~~~~~~~~~~~~~~~~~~~~~~~~^^^^^^^
  File "/Users/mehriddinmengturayev/Downloads/shopbot/.venv/lib/python3.13/site-packages/sqlalchemy/dialects/sqlite/aiosqlite.py", line 298, in _handle_exception
    raise error
  File "/Users/mehriddinmengturayev/Downloads/shopbot/.venv/lib/python3.13/site-packages/sqlalchemy/dialects/sqlite/aiosqlite.py", line 129, in execute
    self.await_(_cursor.execute(operation, parameters))
    ~~~~~~~~~~~^^^^^^^^^^^^^^^^^^^^^^^^^^^^^^^^^^^^^^^^
  File "/Users/mehriddinmengturayev/Downloads/shopbot/.venv/lib/python3.13/site-packages/sqlalchemy/util/_concurrency_py3k.py", line 132, in await_only
    return current.parent.switch(awaitable)  # type: ignore[no-any-return,attr-defined] # noqa: E501
           ~~~~~~~~~~~~~~~~~~~~~^^^^^^^^^^^
  File "/Users/mehriddinmengturayev/Downloads/shopbot/.venv/lib/python3.13/site-packages/sqlalchemy/util/_concurrency_py3k.py", line 196, in greenlet_spawn
    value = await result
            ^^^^^^^^^^^^
  File "/Users/mehriddinmengturayev/Downloads/shopbot/.venv/lib/python3.13/site-packages/aiosqlite/cursor.py", line 48, in execute
    await self._execute(self._cursor.execute, sql, parameters)
  File "/Users/mehriddinmengturayev/Downloads/shopbot/.venv/lib/python3.13/site-packages/aiosqlite/cursor.py", line 40, in _execute
    return await self._conn._execute(fn, *args, **kwargs)
           ^^^^^^^^^^^^^^^^^^^^^^^^^^^^^^^^^^^^^^^^^^^^^^
  File "/Users/mehriddinmengturayev/Downloads/shopbot/.venv/lib/python3.13/site-packages/aiosqlite/core.py", line 132, in _execute
    return await future
           ^^^^^^^^^^^^
  File "/Users/mehriddinmengturayev/Downloads/shopbot/.venv/lib/python3.13/site-packages/aiosqlite/core.py", line 115, in run
    result = function()
sqlalchemy.exc.OperationalError: (sqlite3.OperationalError) no such column: orders.payment_method
[SQL: SELECT orders.id, orders.order_uuid, orders.user_id, orders.product_id, orders.price_at_purchase, orders.currency, orders.status, orders.payment_method, orders.crypto_provider, orders.crypto_invoice_id, orders.crypto_pay_url, orders.decided_by_admin_id, orders.decided_at, orders.rejection_reason, orders.delivered_payload, orders.delivered_at, orders.created_at, orders.updated_at 
FROM orders 
WHERE orders.status = ?]
[parameters: ('AWAITING_CRYPTO_PAYMENT',)]
(Background on this error at: https://sqlalche.me/e/20/e3q8)
2026-07-30 20:41:18,096 | ERROR    | providers | Crypto poller iteration failed
Traceback (most recent call last):
  File "/Users/mehriddinmengturayev/Downloads/shopbot/.venv/lib/python3.13/site-packages/sqlalchemy/engine/base.py", line 1967, in _exec_single_context
    self.dialect.do_execute(
    ~~~~~~~~~~~~~~~~~~~~~~~^
        cursor, str_statement, effective_parameters, context
        ^^^^^^^^^^^^^^^^^^^^^^^^^^^^^^^^^^^^^^^^^^^^^^^^^^^^
    )
    ^
  File "/Users/mehriddinmengturayev/Downloads/shopbot/.venv/lib/python3.13/site-packages/sqlalchemy/engine/default.py", line 941, in do_execute
    cursor.execute(statement, parameters)
    ~~~~~~~~~~~~~~^^^^^^^^^^^^^^^^^^^^^^^
  File "/Users/mehriddinmengturayev/Downloads/shopbot/.venv/lib/python3.13/site-packages/sqlalchemy/dialects/sqlite/aiosqlite.py", line 147, in execute
    self._adapt_connection._handle_exception(error)
    ~~~~~~~~~~~~~~~~~~~~~~~~~~~~~~~~~~~~~~~~^^^^^^^
  File "/Users/mehriddinmengturayev/Downloads/shopbot/.venv/lib/python3.13/site-packages/sqlalchemy/dialects/sqlite/aiosqlite.py", line 298, in _handle_exception
    raise error
  File "/Users/mehriddinmengturayev/Downloads/shopbot/.venv/lib/python3.13/site-packages/sqlalchemy/dialects/sqlite/aiosqlite.py", line 129, in execute
    self.await_(_cursor.execute(operation, parameters))
    ~~~~~~~~~~~^^^^^^^^^^^^^^^^^^^^^^^^^^^^^^^^^^^^^^^^
  File "/Users/mehriddinmengturayev/Downloads/shopbot/.venv/lib/python3.13/site-packages/sqlalchemy/util/_concurrency_py3k.py", line 132, in await_only
    return current.parent.switch(awaitable)  # type: ignore[no-any-return,attr-defined] # noqa: E501
           ~~~~~~~~~~~~~~~~~~~~~^^^^^^^^^^^
  File "/Users/mehriddinmengturayev/Downloads/shopbot/.venv/lib/python3.13/site-packages/sqlalchemy/util/_concurrency_py3k.py", line 196, in greenlet_spawn
    value = await result
            ^^^^^^^^^^^^
  File "/Users/mehriddinmengturayev/Downloads/shopbot/.venv/lib/python3.13/site-packages/aiosqlite/cursor.py", line 48, in execute
    await self._execute(self._cursor.execute, sql, parameters)
  File "/Users/mehriddinmengturayev/Downloads/shopbot/.venv/lib/python3.13/site-packages/aiosqlite/cursor.py", line 40, in _execute
    return await self._conn._execute(fn, *args, **kwargs)
           ^^^^^^^^^^^^^^^^^^^^^^^^^^^^^^^^^^^^^^^^^^^^^^
  File "/Users/mehriddinmengturayev/Downloads/shopbot/.venv/lib/python3.13/site-packages/aiosqlite/core.py", line 132, in _execute
    return await future
           ^^^^^^^^^^^^
  File "/Users/mehriddinmengturayev/Downloads/shopbot/.venv/lib/python3.13/site-packages/aiosqlite/core.py", line 115, in run
    result = function()
sqlite3.OperationalError: no such column: orders.payment_method

The above exception was the direct cause of the following exception:

Traceback (most recent call last):
  File "/Users/mehriddinmengturayev/Downloads/shopbot/app/services/crypto_poller.py", line 33, in crypto_poller_loop
    await _poll_once(bot)
  File "/Users/mehriddinmengturayev/Downloads/shopbot/app/services/crypto_poller.py", line 44, in _poll_once
    pending = await orders_repo.list_awaiting_crypto_payment()
              ^^^^^^^^^^^^^^^^^^^^^^^^^^^^^^^^^^^^^^^^^^^^^^^^
  File "/Users/mehriddinmengturayev/Downloads/shopbot/app/repositories/order_repo.py", line 47, in list_awaiting_crypto_payment
    result = await self.session.execute(
             ^^^^^^^^^^^^^^^^^^^^^^^^^^^
    ...<3 lines>...
    )
    ^
  File "/Users/mehriddinmengturayev/Downloads/shopbot/.venv/lib/python3.13/site-packages/sqlalchemy/ext/asyncio/session.py", line 461, in execute
    result = await greenlet_spawn(
             ^^^^^^^^^^^^^^^^^^^^^
    ...<6 lines>...
    )
    ^
  File "/Users/mehriddinmengturayev/Downloads/shopbot/.venv/lib/python3.13/site-packages/sqlalchemy/util/_concurrency_py3k.py", line 201, in greenlet_spawn
    result = context.throw(*sys.exc_info())
  File "/Users/mehriddinmengturayev/Downloads/shopbot/.venv/lib/python3.13/site-packages/sqlalchemy/orm/session.py", line 2362, in execute
    return self._execute_internal(
           ~~~~~~~~~~~~~~~~~~~~~~^
        statement,
        ^^^^^^^^^^
    ...<4 lines>...
        _add_event=_add_event,
        ^^^^^^^^^^^^^^^^^^^^^^
    )
    ^
  File "/Users/mehriddinmengturayev/Downloads/shopbot/.venv/lib/python3.13/site-packages/sqlalchemy/orm/session.py", line 2247, in _execute_internal
    result: Result[Any] = compile_state_cls.orm_execute_statement(
                          ~~~~~~~~~~~~~~~~~~~~~~~~~~~~~~~~~~~~~~~^
        self,
        ^^^^^
    ...<4 lines>...
        conn,
        ^^^^^
    )
    ^
  File "/Users/mehriddinmengturayev/Downloads/shopbot/.venv/lib/python3.13/site-packages/sqlalchemy/orm/context.py", line 305, in orm_execute_statement
    result = conn.execute(
        statement, params or {}, execution_options=execution_options
    )
  File "/Users/mehriddinmengturayev/Downloads/shopbot/.venv/lib/python3.13/site-packages/sqlalchemy/engine/base.py", line 1418, in execute
    return meth(
        self,
        distilled_parameters,
        execution_options or NO_OPTIONS,
    )
  File "/Users/mehriddinmengturayev/Downloads/shopbot/.venv/lib/python3.13/site-packages/sqlalchemy/sql/elements.py", line 515, in _execute_on_connection
    return connection._execute_clauseelement(
           ~~~~~~~~~~~~~~~~~~~~~~~~~~~~~~~~~^
        self, distilled_params, execution_options
        ^^^^^^^^^^^^^^^^^^^^^^^^^^^^^^^^^^^^^^^^^
    )
    ^
  File "/Users/mehriddinmengturayev/Downloads/shopbot/.venv/lib/python3.13/site-packages/sqlalchemy/engine/base.py", line 1640, in _execute_clauseelement
    ret = self._execute_context(
        dialect,
    ...<8 lines>...
        cache_hit=cache_hit,
    )
  File "/Users/mehriddinmengturayev/Downloads/shopbot/.venv/lib/python3.13/site-packages/sqlalchemy/engine/base.py", line 1846, in _execute_context
    return self._exec_single_context(
           ~~~~~~~~~~~~~~~~~~~~~~~~~^
        dialect, context, statement, parameters
        ^^^^^^^^^^^^^^^^^^^^^^^^^^^^^^^^^^^^^^^
    )
    ^
  File "/Users/mehriddinmengturayev/Downloads/shopbot/.venv/lib/python3.13/site-packages/sqlalchemy/engine/base.py", line 1986, in _exec_single_context
    self._handle_dbapi_exception(
    ~~~~~~~~~~~~~~~~~~~~~~~~~~~~^
        e, str_statement, effective_parameters, cursor, context
        ^^^^^^^^^^^^^^^^^^^^^^^^^^^^^^^^^^^^^^^^^^^^^^^^^^^^^^^
    )
    ^
  File "/Users/mehriddinmengturayev/Downloads/shopbot/.venv/lib/python3.13/site-packages/sqlalchemy/engine/base.py", line 2355, in _handle_dbapi_exception
    raise sqlalchemy_exception.with_traceback(exc_info[2]) from e
  File "/Users/mehriddinmengturayev/Downloads/shopbot/.venv/lib/python3.13/site-packages/sqlalchemy/engine/base.py", line 1967, in _exec_single_context
    self.dialect.do_execute(
    ~~~~~~~~~~~~~~~~~~~~~~~^
        cursor, str_statement, effective_parameters, context
        ^^^^^^^^^^^^^^^^^^^^^^^^^^^^^^^^^^^^^^^^^^^^^^^^^^^^
    )
    ^
  File "/Users/mehriddinmengturayev/Downloads/shopbot/.venv/lib/python3.13/site-packages/sqlalchemy/engine/default.py", line 941, in do_execute
    cursor.execute(statement, parameters)
    ~~~~~~~~~~~~~~^^^^^^^^^^^^^^^^^^^^^^^
  File "/Users/mehriddinmengturayev/Downloads/shopbot/.venv/lib/python3.13/site-packages/sqlalchemy/dialects/sqlite/aiosqlite.py", line 147, in execute
    self._adapt_connection._handle_exception(error)
    ~~~~~~~~~~~~~~~~~~~~~~~~~~~~~~~~~~~~~~~~^^^^^^^
  File "/Users/mehriddinmengturayev/Downloads/shopbot/.venv/lib/python3.13/site-packages/sqlalchemy/dialects/sqlite/aiosqlite.py", line 298, in _handle_exception
    raise error
  File "/Users/mehriddinmengturayev/Downloads/shopbot/.venv/lib/python3.13/site-packages/sqlalchemy/dialects/sqlite/aiosqlite.py", line 129, in execute
    self.await_(_cursor.execute(operation, parameters))
    ~~~~~~~~~~~^^^^^^^^^^^^^^^^^^^^^^^^^^^^^^^^^^^^^^^^
  File "/Users/mehriddinmengturayev/Downloads/shopbot/.venv/lib/python3.13/site-packages/sqlalchemy/util/_concurrency_py3k.py", line 132, in await_only
    return current.parent.switch(awaitable)  # type: ignore[no-any-return,attr-defined] # noqa: E501
           ~~~~~~~~~~~~~~~~~~~~~^^^^^^^^^^^
  File "/Users/mehriddinmengturayev/Downloads/shopbot/.venv/lib/python3.13/site-packages/sqlalchemy/util/_concurrency_py3k.py", line 196, in greenlet_spawn
    value = await result
            ^^^^^^^^^^^^
  File "/Users/mehriddinmengturayev/Downloads/shopbot/.venv/lib/python3.13/site-packages/aiosqlite/cursor.py", line 48, in execute
    await self._execute(self._cursor.execute, sql, parameters)
  File "/Users/mehriddinmengturayev/Downloads/shopbot/.venv/lib/python3.13/site-packages/aiosqlite/cursor.py", line 40, in _execute
    return await self._conn._execute(fn, *args, **kwargs)
           ^^^^^^^^^^^^^^^^^^^^^^^^^^^^^^^^^^^^^^^^^^^^^^
  File "/Users/mehriddinmengturayev/Downloads/shopbot/.venv/lib/python3.13/site-packages/aiosqlite/core.py", line 132, in _execute
    return await future
           ^^^^^^^^^^^^
  File "/Users/mehriddinmengturayev/Downloads/shopbot/.venv/lib/python3.13/site-packages/aiosqlite/core.py", line 115, in run
    result = function()
sqlalchemy.exc.OperationalError: (sqlite3.OperationalError) no such column: orders.payment_method
[SQL: SELECT orders.id, orders.order_uuid, orders.user_id, orders.product_id, orders.price_at_purchase, orders.currency, orders.status, orders.payment_method, orders.crypto_provider, orders.crypto_invoice_id, orders.crypto_pay_url, orders.decided_by_admin_id, orders.decided_at, orders.rejection_reason, orders.delivered_payload, orders.delivered_at, orders.created_at, orders.updated_at 
FROM orders 
WHERE orders.status = ?]
[parameters: ('AWAITING_CRYPTO_PAYMENT',)]
(Background on this error at: https://sqlalche.me/e/20/e3q8)
2026-07-30 20:41:38,112 | ERROR    | providers | Crypto poller iteration failed
Traceback (most recent call last):
  File "/Users/mehriddinmengturayev/Downloads/shopbot/.venv/lib/python3.13/site-packages/sqlalchemy/engine/base.py", line 1967, in _exec_single_context
    self.dialect.do_execute(
    ~~~~~~~~~~~~~~~~~~~~~~~^
        cursor, str_statement, effective_parameters, context
        ^^^^^^^^^^^^^^^^^^^^^^^^^^^^^^^^^^^^^^^^^^^^^^^^^^^^
    )
    ^
  File "/Users/mehriddinmengturayev/Downloads/shopbot/.venv/lib/python3.13/site-packages/sqlalchemy/engine/default.py", line 941, in do_execute
    cursor.execute(statement, parameters)
    ~~~~~~~~~~~~~~^^^^^^^^^^^^^^^^^^^^^^^
  File "/Users/mehriddinmengturayev/Downloads/shopbot/.venv/lib/python3.13/site-packages/sqlalchemy/dialects/sqlite/aiosqlite.py", line 147, in execute
    self._adapt_connection._handle_exception(error)
    ~~~~~~~~~~~~~~~~~~~~~~~~~~~~~~~~~~~~~~~~^^^^^^^
  File "/Users/mehriddinmengturayev/Downloads/shopbot/.venv/lib/python3.13/site-packages/sqlalchemy/dialects/sqlite/aiosqlite.py", line 298, in _handle_exception
    raise error
  File "/Users/mehriddinmengturayev/Downloads/shopbot/.venv/lib/python3.13/site-packages/sqlalchemy/dialects/sqlite/aiosqlite.py", line 129, in execute
    self.await_(_cursor.execute(operation, parameters))
    ~~~~~~~~~~~^^^^^^^^^^^^^^^^^^^^^^^^^^^^^^^^^^^^^^^^
  File "/Users/mehriddinmengturayev/Downloads/shopbot/.venv/lib/python3.13/site-packages/sqlalchemy/util/_concurrency_py3k.py", line 132, in await_only
    return current.parent.switch(awaitable)  # type: ignore[no-any-return,attr-defined] # noqa: E501
           ~~~~~~~~~~~~~~~~~~~~~^^^^^^^^^^^
  File "/Users/mehriddinmengturayev/Downloads/shopbot/.venv/lib/python3.13/site-packages/sqlalchemy/util/_concurrency_py3k.py", line 196, in greenlet_spawn
    value = await result
            ^^^^^^^^^^^^
  File "/Users/mehriddinmengturayev/Downloads/shopbot/.venv/lib/python3.13/site-packages/aiosqlite/cursor.py", line 48, in execute
    await self._execute(self._cursor.execute, sql, parameters)
  File "/Users/mehriddinmengturayev/Downloads/shopbot/.venv/lib/python3.13/site-packages/aiosqlite/cursor.py", line 40, in _execute
    return await self._conn._execute(fn, *args, **kwargs)
           ^^^^^^^^^^^^^^^^^^^^^^^^^^^^^^^^^^^^^^^^^^^^^^
  File "/Users/mehriddinmengturayev/Downloads/shopbot/.venv/lib/python3.13/site-packages/aiosqlite/core.py", line 132, in _execute
    return await future
           ^^^^^^^^^^^^
  File "/Users/mehriddinmengturayev/Downloads/shopbot/.venv/lib/python3.13/site-packages/aiosqlite/core.py", line 115, in run
    result = function()
sqlite3.OperationalError: no such column: orders.payment_method

The above exception was the direct cause of the following exception:

Traceback (most recent call last):
  File "/Users/mehriddinmengturayev/Downloads/shopbot/app/services/crypto_poller.py", line 33, in crypto_poller_loop
    await _poll_once(bot)
  File "/Users/mehriddinmengturayev/Downloads/shopbot/app/services/crypto_poller.py", line 44, in _poll_once
    pending = await orders_repo.list_awaiting_crypto_payment()
              ^^^^^^^^^^^^^^^^^^^^^^^^^^^^^^^^^^^^^^^^^^^^^^^^
  File "/Users/mehriddinmengturayev/Downloads/shopbot/app/repositories/order_repo.py", line 47, in list_awaiting_crypto_payment
    result = await self.session.execute(
             ^^^^^^^^^^^^^^^^^^^^^^^^^^^
    ...<3 lines>...
    )
    ^
  File "/Users/mehriddinmengturayev/Downloads/shopbot/.venv/lib/python3.13/site-packages/sqlalchemy/ext/asyncio/session.py", line 461, in execute
    result = await greenlet_spawn(
             ^^^^^^^^^^^^^^^^^^^^^
    ...<6 lines>...
    )
    ^
  File "/Users/mehriddinmengturayev/Downloads/shopbot/.venv/lib/python3.13/site-packages/sqlalchemy/util/_concurrency_py3k.py", line 201, in greenlet_spawn
    result = context.throw(*sys.exc_info())
  File "/Users/mehriddinmengturayev/Downloads/shopbot/.venv/lib/python3.13/site-packages/sqlalchemy/orm/session.py", line 2362, in execute
    return self._execute_internal(
           ~~~~~~~~~~~~~~~~~~~~~~^
        statement,
        ^^^^^^^^^^
    ...<4 lines>...
        _add_event=_add_event,
        ^^^^^^^^^^^^^^^^^^^^^^
    )
    ^
  File "/Users/mehriddinmengturayev/Downloads/shopbot/.venv/lib/python3.13/site-packages/sqlalchemy/orm/session.py", line 2247, in _execute_internal
    result: Result[Any] = compile_state_cls.orm_execute_statement(
                          ~~~~~~~~~~~~~~~~~~~~~~~~~~~~~~~~~~~~~~~^
        self,
        ^^^^^
    ...<4 lines>...
        conn,
        ^^^^^
    )
    ^
  File "/Users/mehriddinmengturayev/Downloads/shopbot/.venv/lib/python3.13/site-packages/sqlalchemy/orm/context.py", line 305, in orm_execute_statement
    result = conn.execute(
        statement, params or {}, execution_options=execution_options
    )
  File "/Users/mehriddinmengturayev/Downloads/shopbot/.venv/lib/python3.13/site-packages/sqlalchemy/engine/base.py", line 1418, in execute
    return meth(
        self,
        distilled_parameters,
        execution_options or NO_OPTIONS,
    )
  File "/Users/mehriddinmengturayev/Downloads/shopbot/.venv/lib/python3.13/site-packages/sqlalchemy/sql/elements.py", line 515, in _execute_on_connection
    return connection._execute_clauseelement(
           ~~~~~~~~~~~~~~~~~~~~~~~~~~~~~~~~~^
        self, distilled_params, execution_options
        ^^^^^^^^^^^^^^^^^^^^^^^^^^^^^^^^^^^^^^^^^
    )
    ^
  File "/Users/mehriddinmengturayev/Downloads/shopbot/.venv/lib/python3.13/site-packages/sqlalchemy/engine/base.py", line 1640, in _execute_clauseelement
    ret = self._execute_context(
        dialect,
    ...<8 lines>...
        cache_hit=cache_hit,
    )
  File "/Users/mehriddinmengturayev/Downloads/shopbot/.venv/lib/python3.13/site-packages/sqlalchemy/engine/base.py", line 1846, in _execute_context
    return self._exec_single_context(
           ~~~~~~~~~~~~~~~~~~~~~~~~~^
        dialect, context, statement, parameters
        ^^^^^^^^^^^^^^^^^^^^^^^^^^^^^^^^^^^^^^^
    )
    ^
  File "/Users/mehriddinmengturayev/Downloads/shopbot/.venv/lib/python3.13/site-packages/sqlalchemy/engine/base.py", line 1986, in _exec_single_context
    self._handle_dbapi_exception(
    ~~~~~~~~~~~~~~~~~~~~~~~~~~~~^
        e, str_statement, effective_parameters, cursor, context
        ^^^^^^^^^^^^^^^^^^^^^^^^^^^^^^^^^^^^^^^^^^^^^^^^^^^^^^^
    )
    ^
  File "/Users/mehriddinmengturayev/Downloads/shopbot/.venv/lib/python3.13/site-packages/sqlalchemy/engine/base.py", line 2355, in _handle_dbapi_exception
    raise sqlalchemy_exception.with_traceback(exc_info[2]) from e
  File "/Users/mehriddinmengturayev/Downloads/shopbot/.venv/lib/python3.13/site-packages/sqlalchemy/engine/base.py", line 1967, in _exec_single_context
    self.dialect.do_execute(
    ~~~~~~~~~~~~~~~~~~~~~~~^
        cursor, str_statement, effective_parameters, context
        ^^^^^^^^^^^^^^^^^^^^^^^^^^^^^^^^^^^^^^^^^^^^^^^^^^^^
    )
    ^
  File "/Users/mehriddinmengturayev/Downloads/shopbot/.venv/lib/python3.13/site-packages/sqlalchemy/engine/default.py", line 941, in do_execute
    cursor.execute(statement, parameters)
    ~~~~~~~~~~~~~~^^^^^^^^^^^^^^^^^^^^^^^
  File "/Users/mehriddinmengturayev/Downloads/shopbot/.venv/lib/python3.13/site-packages/sqlalchemy/dialects/sqlite/aiosqlite.py", line 147, in execute
    self._adapt_connection._handle_exception(error)
    ~~~~~~~~~~~~~~~~~~~~~~~~~~~~~~~~~~~~~~~~^^^^^^^
  File "/Users/mehriddinmengturayev/Downloads/shopbot/.venv/lib/python3.13/site-packages/sqlalchemy/dialects/sqlite/aiosqlite.py", line 298, in _handle_exception
    raise error
  File "/Users/mehriddinmengturayev/Downloads/shopbot/.venv/lib/python3.13/site-packages/sqlalchemy/dialects/sqlite/aiosqlite.py", line 129, in execute
    self.await_(_cursor.execute(operation, parameters))
    ~~~~~~~~~~~^^^^^^^^^^^^^^^^^^^^^^^^^^^^^^^^^^^^^^^^
  File "/Users/mehriddinmengturayev/Downloads/shopbot/.venv/lib/python3.13/site-packages/sqlalchemy/util/_concurrency_py3k.py", line 132, in await_only
    return current.parent.switch(awaitable)  # type: ignore[no-any-return,attr-defined] # noqa: E501
           ~~~~~~~~~~~~~~~~~~~~~^^^^^^^^^^^
  File "/Users/mehriddinmengturayev/Downloads/shopbot/.venv/lib/python3.13/site-packages/sqlalchemy/util/_concurrency_py3k.py", line 196, in greenlet_spawn
    value = await result
            ^^^^^^^^^^^^
  File "/Users/mehriddinmengturayev/Downloads/shopbot/.venv/lib/python3.13/site-packages/aiosqlite/cursor.py", line 48, in execute
    await self._execute(self._cursor.execute, sql, parameters)
  File "/Users/mehriddinmengturayev/Downloads/shopbot/.venv/lib/python3.13/site-packages/aiosqlite/cursor.py", line 40, in _execute
    return await self._conn._execute(fn, *args, **kwargs)
           ^^^^^^^^^^^^^^^^^^^^^^^^^^^^^^^^^^^^^^^^^^^^^^
  File "/Users/mehriddinmengturayev/Downloads/shopbot/.venv/lib/python3.13/site-packages/aiosqlite/core.py", line 132, in _execute
    return await future
           ^^^^^^^^^^^^
  File "/Users/mehriddinmengturayev/Downloads/shopbot/.venv/lib/python3.13/site-packages/aiosqlite/core.py", line 115, in run
    result = function()
sqlalchemy.exc.OperationalError: (sqlite3.OperationalError) no such column: orders.payment_method
[SQL: SELECT orders.id, orders.order_uuid, orders.user_id, orders.product_id, orders.price_at_purchase, orders.currency, orders.status, orders.payment_method, orders.crypto_provider, orders.crypto_invoice_id, orders.crypto_pay_url, orders.decided_by_admin_id, orders.decided_at, orders.rejection_reason, orders.delivered_payload, orders.delivered_at, orders.created_at, orders.updated_at 
FROM orders 
WHERE orders.status = ?]
[parameters: ('AWAITING_CRYPTO_PAYMENT',)]
(Background on this error at: https://sqlalche.me/e/20/e3q8)
2026-07-30 20:41:58,129 | ERROR    | providers | Crypto poller iteration failed
Traceback (most recent call last):
  File "/Users/mehriddinmengturayev/Downloads/shopbot/.venv/lib/python3.13/site-packages/sqlalchemy/engine/base.py", line 1967, in _exec_single_context
    self.dialect.do_execute(
    ~~~~~~~~~~~~~~~~~~~~~~~^
        cursor, str_statement, effective_parameters, context
        ^^^^^^^^^^^^^^^^^^^^^^^^^^^^^^^^^^^^^^^^^^^^^^^^^^^^
    )
    ^
  File "/Users/mehriddinmengturayev/Downloads/shopbot/.venv/lib/python3.13/site-packages/sqlalchemy/engine/default.py", line 941, in do_execute
    cursor.execute(statement, parameters)
    ~~~~~~~~~~~~~~^^^^^^^^^^^^^^^^^^^^^^^
  File "/Users/mehriddinmengturayev/Downloads/shopbot/.venv/lib/python3.13/site-packages/sqlalchemy/dialects/sqlite/aiosqlite.py", line 147, in execute
    self._adapt_connection._handle_exception(error)
    ~~~~~~~~~~~~~~~~~~~~~~~~~~~~~~~~~~~~~~~~^^^^^^^
  File "/Users/mehriddinmengturayev/Downloads/shopbot/.venv/lib/python3.13/site-packages/sqlalchemy/dialects/sqlite/aiosqlite.py", line 298, in _handle_exception
    raise error
  File "/Users/mehriddinmengturayev/Downloads/shopbot/.venv/lib/python3.13/site-packages/sqlalchemy/dialects/sqlite/aiosqlite.py", line 129, in execute
    self.await_(_cursor.execute(operation, parameters))
    ~~~~~~~~~~~^^^^^^^^^^^^^^^^^^^^^^^^^^^^^^^^^^^^^^^^
  File "/Users/mehriddinmengturayev/Downloads/shopbot/.venv/lib/python3.13/site-packages/sqlalchemy/util/_concurrency_py3k.py", line 132, in await_only
    return current.parent.switch(awaitable)  # type: ignore[no-any-return,attr-defined] # noqa: E501
           ~~~~~~~~~~~~~~~~~~~~~^^^^^^^^^^^
  File "/Users/mehriddinmengturayev/Downloads/shopbot/.venv/lib/python3.13/site-packages/sqlalchemy/util/_concurrency_py3k.py", line 196, in greenlet_spawn
    value = await result
            ^^^^^^^^^^^^
  File "/Users/mehriddinmengturayev/Downloads/shopbot/.venv/lib/python3.13/site-packages/aiosqlite/cursor.py", line 48, in execute
    await self._execute(self._cursor.execute, sql, parameters)
  File "/Users/mehriddinmengturayev/Downloads/shopbot/.venv/lib/python3.13/site-packages/aiosqlite/cursor.py", line 40, in _execute
    return await self._conn._execute(fn, *args, **kwargs)
           ^^^^^^^^^^^^^^^^^^^^^^^^^^^^^^^^^^^^^^^^^^^^^^
  File "/Users/mehriddinmengturayev/Downloads/shopbot/.venv/lib/python3.13/site-packages/aiosqlite/core.py", line 132, in _execute
    return await future
           ^^^^^^^^^^^^
  File "/Users/mehriddinmengturayev/Downloads/shopbot/.venv/lib/python3.13/site-packages/aiosqlite/core.py", line 115, in run
    result = function()
sqlite3.OperationalError: no such column: orders.payment_method

The above exception was the direct cause of the following exception:

Traceback (most recent call last):
  File "/Users/mehriddinmengturayev/Downloads/shopbot/app/services/crypto_poller.py", line 33, in crypto_poller_loop
    await _poll_once(bot)
  File "/Users/mehriddinmengturayev/Downloads/shopbot/app/services/crypto_poller.py", line 44, in _poll_once
    pending = await orders_repo.list_awaiting_crypto_payment()
              ^^^^^^^^^^^^^^^^^^^^^^^^^^^^^^^^^^^^^^^^^^^^^^^^
  File "/Users/mehriddinmengturayev/Downloads/shopbot/app/repositories/order_repo.py", line 47, in list_awaiting_crypto_payment
    result = await self.session.execute(
             ^^^^^^^^^^^^^^^^^^^^^^^^^^^
    ...<3 lines>...
    )
    ^
  File "/Users/mehriddinmengturayev/Downloads/shopbot/.venv/lib/python3.13/site-packages/sqlalchemy/ext/asyncio/session.py", line 461, in execute
    result = await greenlet_spawn(
             ^^^^^^^^^^^^^^^^^^^^^
    ...<6 lines>...
    )
    ^
  File "/Users/mehriddinmengturayev/Downloads/shopbot/.venv/lib/python3.13/site-packages/sqlalchemy/util/_concurrency_py3k.py", line 201, in greenlet_spawn
    result = context.throw(*sys.exc_info())
  File "/Users/mehriddinmengturayev/Downloads/shopbot/.venv/lib/python3.13/site-packages/sqlalchemy/orm/session.py", line 2362, in execute
    return self._execute_internal(
           ~~~~~~~~~~~~~~~~~~~~~~^
        statement,
        ^^^^^^^^^^
    ...<4 lines>...
        _add_event=_add_event,
        ^^^^^^^^^^^^^^^^^^^^^^
    )
    ^
  File "/Users/mehriddinmengturayev/Downloads/shopbot/.venv/lib/python3.13/site-packages/sqlalchemy/orm/session.py", line 2247, in _execute_internal
    result: Result[Any] = compile_state_cls.orm_execute_statement(
                          ~~~~~~~~~~~~~~~~~~~~~~~~~~~~~~~~~~~~~~~^
        self,
        ^^^^^
    ...<4 lines>...
        conn,
        ^^^^^
    )
    ^
  File "/Users/mehriddinmengturayev/Downloads/shopbot/.venv/lib/python3.13/site-packages/sqlalchemy/orm/context.py", line 305, in orm_execute_statement
    result = conn.execute(
        statement, params or {}, execution_options=execution_options
    )
  File "/Users/mehriddinmengturayev/Downloads/shopbot/.venv/lib/python3.13/site-packages/sqlalchemy/engine/base.py", line 1418, in execute
    return meth(
        self,
        distilled_parameters,
        execution_options or NO_OPTIONS,
    )
  File "/Users/mehriddinmengturayev/Downloads/shopbot/.venv/lib/python3.13/site-packages/sqlalchemy/sql/elements.py", line 515, in _execute_on_connection
    return connection._execute_clauseelement(
           ~~~~~~~~~~~~~~~~~~~~~~~~~~~~~~~~~^
        self, distilled_params, execution_options
        ^^^^^^^^^^^^^^^^^^^^^^^^^^^^^^^^^^^^^^^^^
    )
    ^
  File "/Users/mehriddinmengturayev/Downloads/shopbot/.venv/lib/python3.13/site-packages/sqlalchemy/engine/base.py", line 1640, in _execute_clauseelement
    ret = self._execute_context(
        dialect,
    ...<8 lines>...
        cache_hit=cache_hit,
    )
  File "/Users/mehriddinmengturayev/Downloads/shopbot/.venv/lib/python3.13/site-packages/sqlalchemy/engine/base.py", line 1846, in _execute_context
    return self._exec_single_context(
           ~~~~~~~~~~~~~~~~~~~~~~~~~^
        dialect, context, statement, parameters
        ^^^^^^^^^^^^^^^^^^^^^^^^^^^^^^^^^^^^^^^
    )
    ^
  File "/Users/mehriddinmengturayev/Downloads/shopbot/.venv/lib/python3.13/site-packages/sqlalchemy/engine/base.py", line 1986, in _exec_single_context
    self._handle_dbapi_exception(
    ~~~~~~~~~~~~~~~~~~~~~~~~~~~~^
        e, str_statement, effective_parameters, cursor, context
        ^^^^^^^^^^^^^^^^^^^^^^^^^^^^^^^^^^^^^^^^^^^^^^^^^^^^^^^
    )
    ^
  File "/Users/mehriddinmengturayev/Downloads/shopbot/.venv/lib/python3.13/site-packages/sqlalchemy/engine/base.py", line 2355, in _handle_dbapi_exception
    raise sqlalchemy_exception.with_traceback(exc_info[2]) from e
  File "/Users/mehriddinmengturayev/Downloads/shopbot/.venv/lib/python3.13/site-packages/sqlalchemy/engine/base.py", line 1967, in _exec_single_context
    self.dialect.do_execute(
    ~~~~~~~~~~~~~~~~~~~~~~~^
        cursor, str_statement, effective_parameters, context
        ^^^^^^^^^^^^^^^^^^^^^^^^^^^^^^^^^^^^^^^^^^^^^^^^^^^^
    )
    ^
  File "/Users/mehriddinmengturayev/Downloads/shopbot/.venv/lib/python3.13/site-packages/sqlalchemy/engine/default.py", line 941, in do_execute
    cursor.execute(statement, parameters)
    ~~~~~~~~~~~~~~^^^^^^^^^^^^^^^^^^^^^^^
  File "/Users/mehriddinmengturayev/Downloads/shopbot/.venv/lib/python3.13/site-packages/sqlalchemy/dialects/sqlite/aiosqlite.py", line 147, in execute
    self._adapt_connection._handle_exception(error)
    ~~~~~~~~~~~~~~~~~~~~~~~~~~~~~~~~~~~~~~~~^^^^^^^
  File "/Users/mehriddinmengturayev/Downloads/shopbot/.venv/lib/python3.13/site-packages/sqlalchemy/dialects/sqlite/aiosqlite.py", line 298, in _handle_exception
    raise error
  File "/Users/mehriddinmengturayev/Downloads/shopbot/.venv/lib/python3.13/site-packages/sqlalchemy/dialects/sqlite/aiosqlite.py", line 129, in execute
    self.await_(_cursor.execute(operation, parameters))
    ~~~~~~~~~~~^^^^^^^^^^^^^^^^^^^^^^^^^^^^^^^^^^^^^^^^
  File "/Users/mehriddinmengturayev/Downloads/shopbot/.venv/lib/python3.13/site-packages/sqlalchemy/util/_concurrency_py3k.py", line 132, in await_only
    return current.parent.switch(awaitable)  # type: ignore[no-any-return,attr-defined] # noqa: E501
           ~~~~~~~~~~~~~~~~~~~~~^^^^^^^^^^^
  File "/Users/mehriddinmengturayev/Downloads/shopbot/.venv/lib/python3.13/site-packages/sqlalchemy/util/_concurrency_py3k.py", line 196, in greenlet_spawn
    value = await result
            ^^^^^^^^^^^^
  File "/Users/mehriddinmengturayev/Downloads/shopbot/.venv/lib/python3.13/site-packages/aiosqlite/cursor.py", line 48, in execute
    await self._execute(self._cursor.execute, sql, parameters)
  File "/Users/mehriddinmengturayev/Downloads/shopbot/.venv/lib/python3.13/site-packages/aiosqlite/cursor.py", line 40, in _execute
    return await self._conn._execute(fn, *args, **kwargs)
           ^^^^^^^^^^^^^^^^^^^^^^^^^^^^^^^^^^^^^^^^^^^^^^
  File "/Users/mehriddinmengturayev/Downloads/shopbot/.venv/lib/python3.13/site-packages/aiosqlite/core.py", line 132, in _execute
    return await future
           ^^^^^^^^^^^^
  File "/Users/mehriddinmengturayev/Downloads/shopbot/.venv/lib/python3.13/site-packages/aiosqlite/core.py", line 115, in run
    result = function()
sqlalchemy.exc.OperationalError: (sqlite3.OperationalError) no such column: orders.payment_method
[SQL: SELECT orders.id, orders.order_uuid, orders.user_id, orders.product_id, orders.price_at_purchase, orders.currency, orders.status, orders.payment_method, orders.crypto_provider, orders.crypto_invoice_id, orders.crypto_pay_url, orders.decided_by_admin_id, orders.decided_at, orders.rejection_reason, orders.delivered_payload, orders.delivered_at, orders.created_at, orders.updated_at 
FROM orders 
WHERE orders.status = ?]
[parameters: ('AWAITING_CRYPTO_PAYMENT',)]
(Background on this error at: https://sqlalche.me/e/20/e3q8)
2026-07-30 20:42:18,146 | ERROR    | providers | Crypto poller iteration failed
Traceback (most recent call last):
  File "/Users/mehriddinmengturayev/Downloads/shopbot/.venv/lib/python3.13/site-packages/sqlalchemy/engine/base.py", line 1967, in _exec_single_context
    self.dialect.do_execute(
    ~~~~~~~~~~~~~~~~~~~~~~~^
        cursor, str_statement, effective_parameters, context
        ^^^^^^^^^^^^^^^^^^^^^^^^^^^^^^^^^^^^^^^^^^^^^^^^^^^^
    )
    ^
  File "/Users/mehriddinmengturayev/Downloads/shopbot/.venv/lib/python3.13/site-packages/sqlalchemy/engine/default.py", line 941, in do_execute
    cursor.execute(statement, parameters)
    ~~~~~~~~~~~~~~^^^^^^^^^^^^^^^^^^^^^^^
  File "/Users/mehriddinmengturayev/Downloads/shopbot/.venv/lib/python3.13/site-packages/sqlalchemy/dialects/sqlite/aiosqlite.py", line 147, in execute
    self._adapt_connection._handle_exception(error)
    ~~~~~~~~~~~~~~~~~~~~~~~~~~~~~~~~~~~~~~~~^^^^^^^
  File "/Users/mehriddinmengturayev/Downloads/shopbot/.venv/lib/python3.13/site-packages/sqlalchemy/dialects/sqlite/aiosqlite.py", line 298, in _handle_exception
    raise error
  File "/Users/mehriddinmengturayev/Downloads/shopbot/.venv/lib/python3.13/site-packages/sqlalchemy/dialects/sqlite/aiosqlite.py", line 129, in execute
    self.await_(_cursor.execute(operation, parameters))
    ~~~~~~~~~~~^^^^^^^^^^^^^^^^^^^^^^^^^^^^^^^^^^^^^^^^
  File "/Users/mehriddinmengturayev/Downloads/shopbot/.venv/lib/python3.13/site-packages/sqlalchemy/util/_concurrency_py3k.py", line 132, in await_only
    return current.parent.switch(awaitable)  # type: ignore[no-any-return,attr-defined] # noqa: E501
           ~~~~~~~~~~~~~~~~~~~~~^^^^^^^^^^^
  File "/Users/mehriddinmengturayev/Downloads/shopbot/.venv/lib/python3.13/site-packages/sqlalchemy/util/_concurrency_py3k.py", line 196, in greenlet_spawn
    value = await result
            ^^^^^^^^^^^^
  File "/Users/mehriddinmengturayev/Downloads/shopbot/.venv/lib/python3.13/site-packages/aiosqlite/cursor.py", line 48, in execute
    await self._execute(self._cursor.execute, sql, parameters)
  File "/Users/mehriddinmengturayev/Downloads/shopbot/.venv/lib/python3.13/site-packages/aiosqlite/cursor.py", line 40, in _execute
    return await self._conn._execute(fn, *args, **kwargs)
           ^^^^^^^^^^^^^^^^^^^^^^^^^^^^^^^^^^^^^^^^^^^^^^
  File "/Users/mehriddinmengturayev/Downloads/shopbot/.venv/lib/python3.13/site-packages/aiosqlite/core.py", line 132, in _execute
    return await future
           ^^^^^^^^^^^^
  File "/Users/mehriddinmengturayev/Downloads/shopbot/.venv/lib/python3.13/site-packages/aiosqlite/core.py", line 115, in run
    result = function()
sqlite3.OperationalError: no such column: orders.payment_method

The above exception was the direct cause of the following exception:

Traceback (most recent call last):
  File "/Users/mehriddinmengturayev/Downloads/shopbot/app/services/crypto_poller.py", line 33, in crypto_poller_loop
    await _poll_once(bot)
  File "/Users/mehriddinmengturayev/Downloads/shopbot/app/services/crypto_poller.py", line 44, in _poll_once
    pending = await orders_repo.list_awaiting_crypto_payment()
              ^^^^^^^^^^^^^^^^^^^^^^^^^^^^^^^^^^^^^^^^^^^^^^^^
  File "/Users/mehriddinmengturayev/Downloads/shopbot/app/repositories/order_repo.py", line 47, in list_awaiting_crypto_payment
    result = await self.session.execute(
             ^^^^^^^^^^^^^^^^^^^^^^^^^^^
    ...<3 lines>...
    )
    ^
  File "/Users/mehriddinmengturayev/Downloads/shopbot/.venv/lib/python3.13/site-packages/sqlalchemy/ext/asyncio/session.py", line 461, in execute
    result = await greenlet_spawn(
             ^^^^^^^^^^^^^^^^^^^^^
    ...<6 lines>...
    )
    ^
  File "/Users/mehriddinmengturayev/Downloads/shopbot/.venv/lib/python3.13/site-packages/sqlalchemy/util/_concurrency_py3k.py", line 201, in greenlet_spawn
    result = context.throw(*sys.exc_info())
  File "/Users/mehriddinmengturayev/Downloads/shopbot/.venv/lib/python3.13/site-packages/sqlalchemy/orm/session.py", line 2362, in execute
    return self._execute_internal(
           ~~~~~~~~~~~~~~~~~~~~~~^
        statement,
        ^^^^^^^^^^
    ...<4 lines>...
        _add_event=_add_event,
        ^^^^^^^^^^^^^^^^^^^^^^
    )
    ^
  File "/Users/mehriddinmengturayev/Downloads/shopbot/.venv/lib/python3.13/site-packages/sqlalchemy/orm/session.py", line 2247, in _execute_internal
    result: Result[Any] = compile_state_cls.orm_execute_statement(
                          ~~~~~~~~~~~~~~~~~~~~~~~~~~~~~~~~~~~~~~~^
        self,
        ^^^^^
    ...<4 lines>...
        conn,
        ^^^^^
    )
    ^
  File "/Users/mehriddinmengturayev/Downloads/shopbot/.venv/lib/python3.13/site-packages/sqlalchemy/orm/context.py", line 305, in orm_execute_statement
    result = conn.execute(
        statement, params or {}, execution_options=execution_options
    )
  File "/Users/mehriddinmengturayev/Downloads/shopbot/.venv/lib/python3.13/site-packages/sqlalchemy/engine/base.py", line 1418, in execute
    return meth(
        self,
        distilled_parameters,
        execution_options or NO_OPTIONS,
    )
  File "/Users/mehriddinmengturayev/Downloads/shopbot/.venv/lib/python3.13/site-packages/sqlalchemy/sql/elements.py", line 515, in _execute_on_connection
    return connection._execute_clauseelement(
           ~~~~~~~~~~~~~~~~~~~~~~~~~~~~~~~~~^
        self, distilled_params, execution_options
        ^^^^^^^^^^^^^^^^^^^^^^^^^^^^^^^^^^^^^^^^^
    )
    ^
  File "/Users/mehriddinmengturayev/Downloads/shopbot/.venv/lib/python3.13/site-packages/sqlalchemy/engine/base.py", line 1640, in _execute_clauseelement
    ret = self._execute_context(
        dialect,
    ...<8 lines>...
        cache_hit=cache_hit,
    )
  File "/Users/mehriddinmengturayev/Downloads/shopbot/.venv/lib/python3.13/site-packages/sqlalchemy/engine/base.py", line 1846, in _execute_context
    return self._exec_single_context(
           ~~~~~~~~~~~~~~~~~~~~~~~~~^
        dialect, context, statement, parameters
        ^^^^^^^^^^^^^^^^^^^^^^^^^^^^^^^^^^^^^^^
    )
    ^
  File "/Users/mehriddinmengturayev/Downloads/shopbot/.venv/lib/python3.13/site-packages/sqlalchemy/engine/base.py", line 1986, in _exec_single_context
    self._handle_dbapi_exception(
    ~~~~~~~~~~~~~~~~~~~~~~~~~~~~^
        e, str_statement, effective_parameters, cursor, context
        ^^^^^^^^^^^^^^^^^^^^^^^^^^^^^^^^^^^^^^^^^^^^^^^^^^^^^^^
    )
    ^
  File "/Users/mehriddinmengturayev/Downloads/shopbot/.venv/lib/python3.13/site-packages/sqlalchemy/engine/base.py", line 2355, in _handle_dbapi_exception
    raise sqlalchemy_exception.with_traceback(exc_info[2]) from e
  File "/Users/mehriddinmengturayev/Downloads/shopbot/.venv/lib/python3.13/site-packages/sqlalchemy/engine/base.py", line 1967, in _exec_single_context
    self.dialect.do_execute(
    ~~~~~~~~~~~~~~~~~~~~~~~^
        cursor, str_statement, effective_parameters, context
        ^^^^^^^^^^^^^^^^^^^^^^^^^^^^^^^^^^^^^^^^^^^^^^^^^^^^
    )
    ^
  File "/Users/mehriddinmengturayev/Downloads/shopbot/.venv/lib/python3.13/site-packages/sqlalchemy/engine/default.py", line 941, in do_execute
    cursor.execute(statement, parameters)
    ~~~~~~~~~~~~~~^^^^^^^^^^^^^^^^^^^^^^^
  File "/Users/mehriddinmengturayev/Downloads/shopbot/.venv/lib/python3.13/site-packages/sqlalchemy/dialects/sqlite/aiosqlite.py", line 147, in execute
    self._adapt_connection._handle_exception(error)
    ~~~~~~~~~~~~~~~~~~~~~~~~~~~~~~~~~~~~~~~~^^^^^^^
  File "/Users/mehriddinmengturayev/Downloads/shopbot/.venv/lib/python3.13/site-packages/sqlalchemy/dialects/sqlite/aiosqlite.py", line 298, in _handle_exception
    raise error
  File "/Users/mehriddinmengturayev/Downloads/shopbot/.venv/lib/python3.13/site-packages/sqlalchemy/dialects/sqlite/aiosqlite.py", line 129, in execute
    self.await_(_cursor.execute(operation, parameters))
    ~~~~~~~~~~~^^^^^^^^^^^^^^^^^^^^^^^^^^^^^^^^^^^^^^^^
  File "/Users/mehriddinmengturayev/Downloads/shopbot/.venv/lib/python3.13/site-packages/sqlalchemy/util/_concurrency_py3k.py", line 132, in await_only
    return current.parent.switch(awaitable)  # type: ignore[no-any-return,attr-defined] # noqa: E501
           ~~~~~~~~~~~~~~~~~~~~~^^^^^^^^^^^
  File "/Users/mehriddinmengturayev/Downloads/shopbot/.venv/lib/python3.13/site-packages/sqlalchemy/util/_concurrency_py3k.py", line 196, in greenlet_spawn
    value = await result
            ^^^^^^^^^^^^
  File "/Users/mehriddinmengturayev/Downloads/shopbot/.venv/lib/python3.13/site-packages/aiosqlite/cursor.py", line 48, in execute
    await self._execute(self._cursor.execute, sql, parameters)
  File "/Users/mehriddinmengturayev/Downloads/shopbot/.venv/lib/python3.13/site-packages/aiosqlite/cursor.py", line 40, in _execute
    return await self._conn._execute(fn, *args, **kwargs)
           ^^^^^^^^^^^^^^^^^^^^^^^^^^^^^^^^^^^^^^^^^^^^^^
  File "/Users/mehriddinmengturayev/Downloads/shopbot/.venv/lib/python3.13/site-packages/aiosqlite/core.py", line 132, in _execute
    return await future
           ^^^^^^^^^^^^
  File "/Users/mehriddinmengturayev/Downloads/shopbot/.venv/lib/python3.13/site-packages/aiosqlite/core.py", line 115, in run
    result = function()
sqlalchemy.exc.OperationalError: (sqlite3.OperationalError) no such column: orders.payment_method
[SQL: SELECT orders.id, orders.order_uuid, orders.user_id, orders.product_id, orders.price_at_purchase, orders.currency, orders.status, orders.payment_method, orders.crypto_provider, orders.crypto_invoice_id, orders.crypto_pay_url, orders.decided_by_admin_id, orders.decided_at, orders.rejection_reason, orders.delivered_payload, orders.delivered_at, orders.created_at, orders.updated_at 
FROM orders 
WHERE orders.status = ?]
[parameters: ('AWAITING_CRYPTO_PAYMENT',)]
(Background on this error at: https://sqlalche.me/e/20/e3q8)
2026-07-30 20:42:38,164 | ERROR    | providers | Crypto poller iteration failed
Traceback (most recent call last):
  File "/Users/mehriddinmengturayev/Downloads/shopbot/.venv/lib/python3.13/site-packages/sqlalchemy/engine/base.py", line 1967, in _exec_single_context
    self.dialect.do_execute(
    ~~~~~~~~~~~~~~~~~~~~~~~^
        cursor, str_statement, effective_parameters, context
        ^^^^^^^^^^^^^^^^^^^^^^^^^^^^^^^^^^^^^^^^^^^^^^^^^^^^
    )
    ^
  File "/Users/mehriddinmengturayev/Downloads/shopbot/.venv/lib/python3.13/site-packages/sqlalchemy/engine/default.py", line 941, in do_execute
    cursor.execute(statement, parameters)
    ~~~~~~~~~~~~~~^^^^^^^^^^^^^^^^^^^^^^^
  File "/Users/mehriddinmengturayev/Downloads/shopbot/.venv/lib/python3.13/site-packages/sqlalchemy/dialects/sqlite/aiosqlite.py", line 147, in execute
    self._adapt_connection._handle_exception(error)
    ~~~~~~~~~~~~~~~~~~~~~~~~~~~~~~~~~~~~~~~~^^^^^^^
  File "/Users/mehriddinmengturayev/Downloads/shopbot/.venv/lib/python3.13/site-packages/sqlalchemy/dialects/sqlite/aiosqlite.py", line 298, in _handle_exception
    raise error
  File "/Users/mehriddinmengturayev/Downloads/shopbot/.venv/lib/python3.13/site-packages/sqlalchemy/dialects/sqlite/aiosqlite.py", line 129, in execute
    self.await_(_cursor.execute(operation, parameters))
    ~~~~~~~~~~~^^^^^^^^^^^^^^^^^^^^^^^^^^^^^^^^^^^^^^^^
  File "/Users/mehriddinmengturayev/Downloads/shopbot/.venv/lib/python3.13/site-packages/sqlalchemy/util/_concurrency_py3k.py", line 132, in await_only
    return current.parent.switch(awaitable)  # type: ignore[no-any-return,attr-defined] # noqa: E501
           ~~~~~~~~~~~~~~~~~~~~~^^^^^^^^^^^
  File "/Users/mehriddinmengturayev/Downloads/shopbot/.venv/lib/python3.13/site-packages/sqlalchemy/util/_concurrency_py3k.py", line 196, in greenlet_spawn
    value = await result
            ^^^^^^^^^^^^
  File "/Users/mehriddinmengturayev/Downloads/shopbot/.venv/lib/python3.13/site-packages/aiosqlite/cursor.py", line 48, in execute
    await self._execute(self._cursor.execute, sql, parameters)
  File "/Users/mehriddinmengturayev/Downloads/shopbot/.venv/lib/python3.13/site-packages/aiosqlite/cursor.py", line 40, in _execute
    return await self._conn._execute(fn, *args, **kwargs)
           ^^^^^^^^^^^^^^^^^^^^^^^^^^^^^^^^^^^^^^^^^^^^^^
  File "/Users/mehriddinmengturayev/Downloads/shopbot/.venv/lib/python3.13/site-packages/aiosqlite/core.py", line 132, in _execute
    return await future
           ^^^^^^^^^^^^
  File "/Users/mehriddinmengturayev/Downloads/shopbot/.venv/lib/python3.13/site-packages/aiosqlite/core.py", line 115, in run
    result = function()
sqlite3.OperationalError: no such column: orders.payment_method

The above exception was the direct cause of the following exception:

Traceback (most recent call last):
  File "/Users/mehriddinmengturayev/Downloads/shopbot/app/services/crypto_poller.py", line 33, in crypto_poller_loop
    await _poll_once(bot)
  File "/Users/mehriddinmengturayev/Downloads/shopbot/app/services/crypto_poller.py", line 44, in _poll_once
    pending = await orders_repo.list_awaiting_crypto_payment()
              ^^^^^^^^^^^^^^^^^^^^^^^^^^^^^^^^^^^^^^^^^^^^^^^^
  File "/Users/mehriddinmengturayev/Downloads/shopbot/app/repositories/order_repo.py", line 47, in list_awaiting_crypto_payment
    result = await self.session.execute(
             ^^^^^^^^^^^^^^^^^^^^^^^^^^^
    ...<3 lines>...
    )
    ^
  File "/Users/mehriddinmengturayev/Downloads/shopbot/.venv/lib/python3.13/site-packages/sqlalchemy/ext/asyncio/session.py", line 461, in execute
    result = await greenlet_spawn(
             ^^^^^^^^^^^^^^^^^^^^^
    ...<6 lines>...
    )
    ^
  File "/Users/mehriddinmengturayev/Downloads/shopbot/.venv/lib/python3.13/site-packages/sqlalchemy/util/_concurrency_py3k.py", line 201, in greenlet_spawn
    result = context.throw(*sys.exc_info())
  File "/Users/mehriddinmengturayev/Downloads/shopbot/.venv/lib/python3.13/site-packages/sqlalchemy/orm/session.py", line 2362, in execute
    return self._execute_internal(
           ~~~~~~~~~~~~~~~~~~~~~~^
        statement,
        ^^^^^^^^^^
    ...<4 lines>...
        _add_event=_add_event,
        ^^^^^^^^^^^^^^^^^^^^^^
    )
    ^
  File "/Users/mehriddinmengturayev/Downloads/shopbot/.venv/lib/python3.13/site-packages/sqlalchemy/orm/session.py", line 2247, in _execute_internal
    result: Result[Any] = compile_state_cls.orm_execute_statement(
                          ~~~~~~~~~~~~~~~~~~~~~~~~~~~~~~~~~~~~~~~^
        self,
        ^^^^^
    ...<4 lines>...
        conn,
        ^^^^^
    )
    ^
  File "/Users/mehriddinmengturayev/Downloads/shopbot/.venv/lib/python3.13/site-packages/sqlalchemy/orm/context.py", line 305, in orm_execute_statement
    result = conn.execute(
        statement, params or {}, execution_options=execution_options
    )
  File "/Users/mehriddinmengturayev/Downloads/shopbot/.venv/lib/python3.13/site-packages/sqlalchemy/engine/base.py", line 1418, in execute
    return meth(
        self,
        distilled_parameters,
        execution_options or NO_OPTIONS,
    )
  File "/Users/mehriddinmengturayev/Downloads/shopbot/.venv/lib/python3.13/site-packages/sqlalchemy/sql/elements.py", line 515, in _execute_on_connection
    return connection._execute_clauseelement(
           ~~~~~~~~~~~~~~~~~~~~~~~~~~~~~~~~~^
        self, distilled_params, execution_options
        ^^^^^^^^^^^^^^^^^^^^^^^^^^^^^^^^^^^^^^^^^
    )
    ^
  File "/Users/mehriddinmengturayev/Downloads/shopbot/.venv/lib/python3.13/site-packages/sqlalchemy/engine/base.py", line 1640, in _execute_clauseelement
    ret = self._execute_context(
        dialect,
    ...<8 lines>...
        cache_hit=cache_hit,
    )
  File "/Users/mehriddinmengturayev/Downloads/shopbot/.venv/lib/python3.13/site-packages/sqlalchemy/engine/base.py", line 1846, in _execute_context
    return self._exec_single_context(
           ~~~~~~~~~~~~~~~~~~~~~~~~~^
        dialect, context, statement, parameters
        ^^^^^^^^^^^^^^^^^^^^^^^^^^^^^^^^^^^^^^^
    )
    ^
  File "/Users/mehriddinmengturayev/Downloads/shopbot/.venv/lib/python3.13/site-packages/sqlalchemy/engine/base.py", line 1986, in _exec_single_context
    self._handle_dbapi_exception(
    ~~~~~~~~~~~~~~~~~~~~~~~~~~~~^
        e, str_statement, effective_parameters, cursor, context
        ^^^^^^^^^^^^^^^^^^^^^^^^^^^^^^^^^^^^^^^^^^^^^^^^^^^^^^^
    )
    ^
  File "/Users/mehriddinmengturayev/Downloads/shopbot/.venv/lib/python3.13/site-packages/sqlalchemy/engine/base.py", line 2355, in _handle_dbapi_exception
    raise sqlalchemy_exception.with_traceback(exc_info[2]) from e
  File "/Users/mehriddinmengturayev/Downloads/shopbot/.venv/lib/python3.13/site-packages/sqlalchemy/engine/base.py", line 1967, in _exec_single_context
    self.dialect.do_execute(
    ~~~~~~~~~~~~~~~~~~~~~~~^
        cursor, str_statement, effective_parameters, context
        ^^^^^^^^^^^^^^^^^^^^^^^^^^^^^^^^^^^^^^^^^^^^^^^^^^^^
    )
    ^
  File "/Users/mehriddinmengturayev/Downloads/shopbot/.venv/lib/python3.13/site-packages/sqlalchemy/engine/default.py", line 941, in do_execute
    cursor.execute(statement, parameters)
    ~~~~~~~~~~~~~~^^^^^^^^^^^^^^^^^^^^^^^
  File "/Users/mehriddinmengturayev/Downloads/shopbot/.venv/lib/python3.13/site-packages/sqlalchemy/dialects/sqlite/aiosqlite.py", line 147, in execute
    self._adapt_connection._handle_exception(error)
    ~~~~~~~~~~~~~~~~~~~~~~~~~~~~~~~~~~~~~~~~^^^^^^^
  File "/Users/mehriddinmengturayev/Downloads/shopbot/.venv/lib/python3.13/site-packages/sqlalchemy/dialects/sqlite/aiosqlite.py", line 298, in _handle_exception
    raise error
  File "/Users/mehriddinmengturayev/Downloads/shopbot/.venv/lib/python3.13/site-packages/sqlalchemy/dialects/sqlite/aiosqlite.py", line 129, in execute
    self.await_(_cursor.execute(operation, parameters))
    ~~~~~~~~~~~^^^^^^^^^^^^^^^^^^^^^^^^^^^^^^^^^^^^^^^^
  File "/Users/mehriddinmengturayev/Downloads/shopbot/.venv/lib/python3.13/site-packages/sqlalchemy/util/_concurrency_py3k.py", line 132, in await_only
    return current.parent.switch(awaitable)  # type: ignore[no-any-return,attr-defined] # noqa: E501
           ~~~~~~~~~~~~~~~~~~~~~^^^^^^^^^^^
  File "/Users/mehriddinmengturayev/Downloads/shopbot/.venv/lib/python3.13/site-packages/sqlalchemy/util/_concurrency_py3k.py", line 196, in greenlet_spawn
    value = await result
            ^^^^^^^^^^^^
  File "/Users/mehriddinmengturayev/Downloads/shopbot/.venv/lib/python3.13/site-packages/aiosqlite/cursor.py", line 48, in execute
    await self._execute(self._cursor.execute, sql, parameters)
  File "/Users/mehriddinmengturayev/Downloads/shopbot/.venv/lib/python3.13/site-packages/aiosqlite/cursor.py", line 40, in _execute
    return await self._conn._execute(fn, *args, **kwargs)
           ^^^^^^^^^^^^^^^^^^^^^^^^^^^^^^^^^^^^^^^^^^^^^^
  File "/Users/mehriddinmengturayev/Downloads/shopbot/.venv/lib/python3.13/site-packages/aiosqlite/core.py", line 132, in _execute
    return await future
           ^^^^^^^^^^^^
  File "/Users/mehriddinmengturayev/Downloads/shopbot/.venv/lib/python3.13/site-packages/aiosqlite/core.py", line 115, in run
    result = function()
sqlalchemy.exc.OperationalError: (sqlite3.OperationalError) no such column: orders.payment_method
[SQL: SELECT orders.id, orders.order_uuid, orders.user_id, orders.product_id, orders.price_at_purchase, orders.currency, orders.status, orders.payment_method, orders.crypto_provider, orders.crypto_invoice_id, orders.crypto_pay_url, orders.decided_by_admin_id, orders.decided_at, orders.rejection_reason, orders.delivered_payload, orders.delivered_at, orders.created_at, orders.updated_at 
FROM orders 
WHERE orders.status = ?]
[parameters: ('AWAITING_CRYPTO_PAYMENT',)]
(Background on this error at: https://sqlalche.me/e/20/e3q8)
2026-07-30 20:42:58,183 | ERROR    | providers | Crypto poller iteration failed
Traceback (most recent call last):
  File "/Users/mehriddinmengturayev/Downloads/shopbot/.venv/lib/python3.13/site-packages/sqlalchemy/engine/base.py", line 1967, in _exec_single_context
    self.dialect.do_execute(
    ~~~~~~~~~~~~~~~~~~~~~~~^
        cursor, str_statement, effective_parameters, context
        ^^^^^^^^^^^^^^^^^^^^^^^^^^^^^^^^^^^^^^^^^^^^^^^^^^^^
    )
    ^
  File "/Users/mehriddinmengturayev/Downloads/shopbot/.venv/lib/python3.13/site-packages/sqlalchemy/engine/default.py", line 941, in do_execute
    cursor.execute(statement, parameters)
    ~~~~~~~~~~~~~~^^^^^^^^^^^^^^^^^^^^^^^
  File "/Users/mehriddinmengturayev/Downloads/shopbot/.venv/lib/python3.13/site-packages/sqlalchemy/dialects/sqlite/aiosqlite.py", line 147, in execute
    self._adapt_connection._handle_exception(error)
    ~~~~~~~~~~~~~~~~~~~~~~~~~~~~~~~~~~~~~~~~^^^^^^^
  File "/Users/mehriddinmengturayev/Downloads/shopbot/.venv/lib/python3.13/site-packages/sqlalchemy/dialects/sqlite/aiosqlite.py", line 298, in _handle_exception
    raise error
  File "/Users/mehriddinmengturayev/Downloads/shopbot/.venv/lib/python3.13/site-packages/sqlalchemy/dialects/sqlite/aiosqlite.py", line 129, in execute
    self.await_(_cursor.execute(operation, parameters))
    ~~~~~~~~~~~^^^^^^^^^^^^^^^^^^^^^^^^^^^^^^^^^^^^^^^^
  File "/Users/mehriddinmengturayev/Downloads/shopbot/.venv/lib/python3.13/site-packages/sqlalchemy/util/_concurrency_py3k.py", line 132, in await_only
    return current.parent.switch(awaitable)  # type: ignore[no-any-return,attr-defined] # noqa: E501
           ~~~~~~~~~~~~~~~~~~~~~^^^^^^^^^^^
  File "/Users/mehriddinmengturayev/Downloads/shopbot/.venv/lib/python3.13/site-packages/sqlalchemy/util/_concurrency_py3k.py", line 196, in greenlet_spawn
    value = await result
            ^^^^^^^^^^^^
  File "/Users/mehriddinmengturayev/Downloads/shopbot/.venv/lib/python3.13/site-packages/aiosqlite/cursor.py", line 48, in execute
    await self._execute(self._cursor.execute, sql, parameters)
  File "/Users/mehriddinmengturayev/Downloads/shopbot/.venv/lib/python3.13/site-packages/aiosqlite/cursor.py", line 40, in _execute
    return await self._conn._execute(fn, *args, **kwargs)
           ^^^^^^^^^^^^^^^^^^^^^^^^^^^^^^^^^^^^^^^^^^^^^^
  File "/Users/mehriddinmengturayev/Downloads/shopbot/.venv/lib/python3.13/site-packages/aiosqlite/core.py", line 132, in _execute
    return await future
           ^^^^^^^^^^^^
  File "/Users/mehriddinmengturayev/Downloads/shopbot/.venv/lib/python3.13/site-packages/aiosqlite/core.py", line 115, in run
    result = function()
sqlite3.OperationalError: no such column: orders.payment_method

The above exception was the direct cause of the following exception:

Traceback (most recent call last):
  File "/Users/mehriddinmengturayev/Downloads/shopbot/app/services/crypto_poller.py", line 33, in crypto_poller_loop
    await _poll_once(bot)
  File "/Users/mehriddinmengturayev/Downloads/shopbot/app/services/crypto_poller.py", line 44, in _poll_once
    pending = await orders_repo.list_awaiting_crypto_payment()
              ^^^^^^^^^^^^^^^^^^^^^^^^^^^^^^^^^^^^^^^^^^^^^^^^
  File "/Users/mehriddinmengturayev/Downloads/shopbot/app/repositories/order_repo.py", line 47, in list_awaiting_crypto_payment
    result = await self.session.execute(
             ^^^^^^^^^^^^^^^^^^^^^^^^^^^
    ...<3 lines>...
    )
    ^
  File "/Users/mehriddinmengturayev/Downloads/shopbot/.venv/lib/python3.13/site-packages/sqlalchemy/ext/asyncio/session.py", line 461, in execute
    result = await greenlet_spawn(
             ^^^^^^^^^^^^^^^^^^^^^
    ...<6 lines>...
    )
    ^
  File "/Users/mehriddinmengturayev/Downloads/shopbot/.venv/lib/python3.13/site-packages/sqlalchemy/util/_concurrency_py3k.py", line 201, in greenlet_spawn
    result = context.throw(*sys.exc_info())
  File "/Users/mehriddinmengturayev/Downloads/shopbot/.venv/lib/python3.13/site-packages/sqlalchemy/orm/session.py", line 2362, in execute
    return self._execute_internal(
           ~~~~~~~~~~~~~~~~~~~~~~^
        statement,
        ^^^^^^^^^^
    ...<4 lines>...
        _add_event=_add_event,
        ^^^^^^^^^^^^^^^^^^^^^^
    )
    ^
  File "/Users/mehriddinmengturayev/Downloads/shopbot/.venv/lib/python3.13/site-packages/sqlalchemy/orm/session.py", line 2247, in _execute_internal
    result: Result[Any] = compile_state_cls.orm_execute_statement(
                          ~~~~~~~~~~~~~~~~~~~~~~~~~~~~~~~~~~~~~~~^
        self,
        ^^^^^
    ...<4 lines>...
        conn,
        ^^^^^
    )
    ^
  File "/Users/mehriddinmengturayev/Downloads/shopbot/.venv/lib/python3.13/site-packages/sqlalchemy/orm/context.py", line 305, in orm_execute_statement
    result = conn.execute(
        statement, params or {}, execution_options=execution_options
    )
  File "/Users/mehriddinmengturayev/Downloads/shopbot/.venv/lib/python3.13/site-packages/sqlalchemy/engine/base.py", line 1418, in execute
    return meth(
        self,
        distilled_parameters,
        execution_options or NO_OPTIONS,
    )
  File "/Users/mehriddinmengturayev/Downloads/shopbot/.venv/lib/python3.13/site-packages/sqlalchemy/sql/elements.py", line 515, in _execute_on_connection
    return connection._execute_clauseelement(
           ~~~~~~~~~~~~~~~~~~~~~~~~~~~~~~~~~^
        self, distilled_params, execution_options
        ^^^^^^^^^^^^^^^^^^^^^^^^^^^^^^^^^^^^^^^^^
    )
    ^
  File "/Users/mehriddinmengturayev/Downloads/shopbot/.venv/lib/python3.13/site-packages/sqlalchemy/engine/base.py", line 1640, in _execute_clauseelement
    ret = self._execute_context(
        dialect,
    ...<8 lines>...
        cache_hit=cache_hit,
    )
  File "/Users/mehriddinmengturayev/Downloads/shopbot/.venv/lib/python3.13/site-packages/sqlalchemy/engine/base.py", line 1846, in _execute_context
    return self._exec_single_context(
           ~~~~~~~~~~~~~~~~~~~~~~~~~^
        dialect, context, statement, parameters
        ^^^^^^^^^^^^^^^^^^^^^^^^^^^^^^^^^^^^^^^
    )
    ^
  File "/Users/mehriddinmengturayev/Downloads/shopbot/.venv/lib/python3.13/site-packages/sqlalchemy/engine/base.py", line 1986, in _exec_single_context
    self._handle_dbapi_exception(
    ~~~~~~~~~~~~~~~~~~~~~~~~~~~~^
        e, str_statement, effective_parameters, cursor, context
        ^^^^^^^^^^^^^^^^^^^^^^^^^^^^^^^^^^^^^^^^^^^^^^^^^^^^^^^
    )
    ^
  File "/Users/mehriddinmengturayev/Downloads/shopbot/.venv/lib/python3.13/site-packages/sqlalchemy/engine/base.py", line 2355, in _handle_dbapi_exception
    raise sqlalchemy_exception.with_traceback(exc_info[2]) from e
  File "/Users/mehriddinmengturayev/Downloads/shopbot/.venv/lib/python3.13/site-packages/sqlalchemy/engine/base.py", line 1967, in _exec_single_context
    self.dialect.do_execute(
    ~~~~~~~~~~~~~~~~~~~~~~~^
        cursor, str_statement, effective_parameters, context
        ^^^^^^^^^^^^^^^^^^^^^^^^^^^^^^^^^^^^^^^^^^^^^^^^^^^^
    )
    ^
  File "/Users/mehriddinmengturayev/Downloads/shopbot/.venv/lib/python3.13/site-packages/sqlalchemy/engine/default.py", line 941, in do_execute
    cursor.execute(statement, parameters)
    ~~~~~~~~~~~~~~^^^^^^^^^^^^^^^^^^^^^^^
  File "/Users/mehriddinmengturayev/Downloads/shopbot/.venv/lib/python3.13/site-packages/sqlalchemy/dialects/sqlite/aiosqlite.py", line 147, in execute
    self._adapt_connection._handle_exception(error)
    ~~~~~~~~~~~~~~~~~~~~~~~~~~~~~~~~~~~~~~~~^^^^^^^
  File "/Users/mehriddinmengturayev/Downloads/shopbot/.venv/lib/python3.13/site-packages/sqlalchemy/dialects/sqlite/aiosqlite.py", line 298, in _handle_exception
    raise error
  File "/Users/mehriddinmengturayev/Downloads/shopbot/.venv/lib/python3.13/site-packages/sqlalchemy/dialects/sqlite/aiosqlite.py", line 129, in execute
    self.await_(_cursor.execute(operation, parameters))
    ~~~~~~~~~~~^^^^^^^^^^^^^^^^^^^^^^^^^^^^^^^^^^^^^^^^
  File "/Users/mehriddinmengturayev/Downloads/shopbot/.venv/lib/python3.13/site-packages/sqlalchemy/util/_concurrency_py3k.py", line 132, in await_only
    return current.parent.switch(awaitable)  # type: ignore[no-any-return,attr-defined] # noqa: E501
           ~~~~~~~~~~~~~~~~~~~~~^^^^^^^^^^^
  File "/Users/mehriddinmengturayev/Downloads/shopbot/.venv/lib/python3.13/site-packages/sqlalchemy/util/_concurrency_py3k.py", line 196, in greenlet_spawn
    value = await result
            ^^^^^^^^^^^^
  File "/Users/mehriddinmengturayev/Downloads/shopbot/.venv/lib/python3.13/site-packages/aiosqlite/cursor.py", line 48, in execute
    await self._execute(self._cursor.execute, sql, parameters)
  File "/Users/mehriddinmengturayev/Downloads/shopbot/.venv/lib/python3.13/site-packages/aiosqlite/cursor.py", line 40, in _execute
    return await self._conn._execute(fn, *args, **kwargs)
           ^^^^^^^^^^^^^^^^^^^^^^^^^^^^^^^^^^^^^^^^^^^^^^
  File "/Users/mehriddinmengturayev/Downloads/shopbot/.venv/lib/python3.13/site-packages/aiosqlite/core.py", line 132, in _execute
    return await future
           ^^^^^^^^^^^^
  File "/Users/mehriddinmengturayev/Downloads/shopbot/.venv/lib/python3.13/site-packages/aiosqlite/core.py", line 115, in run
    result = function()
sqlalchemy.exc.OperationalError: (sqlite3.OperationalError) no such column: orders.payment_method
[SQL: SELECT orders.id, orders.order_uuid, orders.user_id, orders.product_id, orders.price_at_purchase, orders.currency, orders.status, orders.payment_method, orders.crypto_provider, orders.crypto_invoice_id, orders.crypto_pay_url, orders.decided_by_admin_id, orders.decided_at, orders.rejection_reason, orders.delivered_payload, orders.delivered_at, orders.created_at, orders.updated_at 
FROM orders 
WHERE orders.status = ?]
[parameters: ('AWAITING_CRYPTO_PAYMENT',)]
(Background on this error at: https://sqlalche.me/e/20/e3q8)
2026-07-30 20:43:18,202 | ERROR    | providers | Crypto poller iteration failed
Traceback (most recent call last):
  File "/Users/mehriddinmengturayev/Downloads/shopbot/.venv/lib/python3.13/site-packages/sqlalchemy/engine/base.py", line 1967, in _exec_single_context
    self.dialect.do_execute(
    ~~~~~~~~~~~~~~~~~~~~~~~^
        cursor, str_statement, effective_parameters, context
        ^^^^^^^^^^^^^^^^^^^^^^^^^^^^^^^^^^^^^^^^^^^^^^^^^^^^
    )
    ^
  File "/Users/mehriddinmengturayev/Downloads/shopbot/.venv/lib/python3.13/site-packages/sqlalchemy/engine/default.py", line 941, in do_execute
    cursor.execute(statement, parameters)
    ~~~~~~~~~~~~~~^^^^^^^^^^^^^^^^^^^^^^^
  File "/Users/mehriddinmengturayev/Downloads/shopbot/.venv/lib/python3.13/site-packages/sqlalchemy/dialects/sqlite/aiosqlite.py", line 147, in execute
    self._adapt_connection._handle_exception(error)
    ~~~~~~~~~~~~~~~~~~~~~~~~~~~~~~~~~~~~~~~~^^^^^^^
  File "/Users/mehriddinmengturayev/Downloads/shopbot/.venv/lib/python3.13/site-packages/sqlalchemy/dialects/sqlite/aiosqlite.py", line 298, in _handle_exception
    raise error
  File "/Users/mehriddinmengturayev/Downloads/shopbot/.venv/lib/python3.13/site-packages/sqlalchemy/dialects/sqlite/aiosqlite.py", line 129, in execute
    self.await_(_cursor.execute(operation, parameters))
    ~~~~~~~~~~~^^^^^^^^^^^^^^^^^^^^^^^^^^^^^^^^^^^^^^^^
  File "/Users/mehriddinmengturayev/Downloads/shopbot/.venv/lib/python3.13/site-packages/sqlalchemy/util/_concurrency_py3k.py", line 132, in await_only
    return current.parent.switch(awaitable)  # type: ignore[no-any-return,attr-defined] # noqa: E501
           ~~~~~~~~~~~~~~~~~~~~~^^^^^^^^^^^
  File "/Users/mehriddinmengturayev/Downloads/shopbot/.venv/lib/python3.13/site-packages/sqlalchemy/util/_concurrency_py3k.py", line 196, in greenlet_spawn
    value = await result
            ^^^^^^^^^^^^
  File "/Users/mehriddinmengturayev/Downloads/shopbot/.venv/lib/python3.13/site-packages/aiosqlite/cursor.py", line 48, in execute
    await self._execute(self._cursor.execute, sql, parameters)
  File "/Users/mehriddinmengturayev/Downloads/shopbot/.venv/lib/python3.13/site-packages/aiosqlite/cursor.py", line 40, in _execute
    return await self._conn._execute(fn, *args, **kwargs)
           ^^^^^^^^^^^^^^^^^^^^^^^^^^^^^^^^^^^^^^^^^^^^^^
  File "/Users/mehriddinmengturayev/Downloads/shopbot/.venv/lib/python3.13/site-packages/aiosqlite/core.py", line 132, in _execute
    return await future
           ^^^^^^^^^^^^
  File "/Users/mehriddinmengturayev/Downloads/shopbot/.venv/lib/python3.13/site-packages/aiosqlite/core.py", line 115, in run
    result = function()
sqlite3.OperationalError: no such column: orders.payment_method

The above exception was the direct cause of the following exception:

Traceback (most recent call last):
  File "/Users/mehriddinmengturayev/Downloads/shopbot/app/services/crypto_poller.py", line 33, in crypto_poller_loop
    await _poll_once(bot)
  File "/Users/mehriddinmengturayev/Downloads/shopbot/app/services/crypto_poller.py", line 44, in _poll_once
    pending = await orders_repo.list_awaiting_crypto_payment()
              ^^^^^^^^^^^^^^^^^^^^^^^^^^^^^^^^^^^^^^^^^^^^^^^^
  File "/Users/mehriddinmengturayev/Downloads/shopbot/app/repositories/order_repo.py", line 47, in list_awaiting_crypto_payment
    result = await self.session.execute(
             ^^^^^^^^^^^^^^^^^^^^^^^^^^^
    ...<3 lines>...
    )
    ^
  File "/Users/mehriddinmengturayev/Downloads/shopbot/.venv/lib/python3.13/site-packages/sqlalchemy/ext/asyncio/session.py", line 461, in execute
    result = await greenlet_spawn(
             ^^^^^^^^^^^^^^^^^^^^^
    ...<6 lines>...
    )
    ^
  File "/Users/mehriddinmengturayev/Downloads/shopbot/.venv/lib/python3.13/site-packages/sqlalchemy/util/_concurrency_py3k.py", line 201, in greenlet_spawn
    result = context.throw(*sys.exc_info())
  File "/Users/mehriddinmengturayev/Downloads/shopbot/.venv/lib/python3.13/site-packages/sqlalchemy/orm/session.py", line 2362, in execute
    return self._execute_internal(
           ~~~~~~~~~~~~~~~~~~~~~~^
        statement,
        ^^^^^^^^^^
    ...<4 lines>...
        _add_event=_add_event,
        ^^^^^^^^^^^^^^^^^^^^^^
    )
    ^
  File "/Users/mehriddinmengturayev/Downloads/shopbot/.venv/lib/python3.13/site-packages/sqlalchemy/orm/session.py", line 2247, in _execute_internal
    result: Result[Any] = compile_state_cls.orm_execute_statement(
                          ~~~~~~~~~~~~~~~~~~~~~~~~~~~~~~~~~~~~~~~^
        self,
        ^^^^^
    ...<4 lines>...
        conn,
        ^^^^^
    )
    ^
  File "/Users/mehriddinmengturayev/Downloads/shopbot/.venv/lib/python3.13/site-packages/sqlalchemy/orm/context.py", line 305, in orm_execute_statement
    result = conn.execute(
        statement, params or {}, execution_options=execution_options
    )
  File "/Users/mehriddinmengturayev/Downloads/shopbot/.venv/lib/python3.13/site-packages/sqlalchemy/engine/base.py", line 1418, in execute
    return meth(
        self,
        distilled_parameters,
        execution_options or NO_OPTIONS,
    )
  File "/Users/mehriddinmengturayev/Downloads/shopbot/.venv/lib/python3.13/site-packages/sqlalchemy/sql/elements.py", line 515, in _execute_on_connection
    return connection._execute_clauseelement(
           ~~~~~~~~~~~~~~~~~~~~~~~~~~~~~~~~~^
        self, distilled_params, execution_options
        ^^^^^^^^^^^^^^^^^^^^^^^^^^^^^^^^^^^^^^^^^
    )
    ^
  File "/Users/mehriddinmengturayev/Downloads/shopbot/.venv/lib/python3.13/site-packages/sqlalchemy/engine/base.py", line 1640, in _execute_clauseelement
    ret = self._execute_context(
        dialect,
    ...<8 lines>...
        cache_hit=cache_hit,
    )
  File "/Users/mehriddinmengturayev/Downloads/shopbot/.venv/lib/python3.13/site-packages/sqlalchemy/engine/base.py", line 1846, in _execute_context
    return self._exec_single_context(
           ~~~~~~~~~~~~~~~~~~~~~~~~~^
        dialect, context, statement, parameters
        ^^^^^^^^^^^^^^^^^^^^^^^^^^^^^^^^^^^^^^^
    )
    ^
  File "/Users/mehriddinmengturayev/Downloads/shopbot/.venv/lib/python3.13/site-packages/sqlalchemy/engine/base.py", line 1986, in _exec_single_context
    self._handle_dbapi_exception(
    ~~~~~~~~~~~~~~~~~~~~~~~~~~~~^
        e, str_statement, effective_parameters, cursor, context
        ^^^^^^^^^^^^^^^^^^^^^^^^^^^^^^^^^^^^^^^^^^^^^^^^^^^^^^^
    )
    ^
  File "/Users/mehriddinmengturayev/Downloads/shopbot/.venv/lib/python3.13/site-packages/sqlalchemy/engine/base.py", line 2355, in _handle_dbapi_exception
    raise sqlalchemy_exception.with_traceback(exc_info[2]) from e
  File "/Users/mehriddinmengturayev/Downloads/shopbot/.venv/lib/python3.13/site-packages/sqlalchemy/engine/base.py", line 1967, in _exec_single_context
    self.dialect.do_execute(
    ~~~~~~~~~~~~~~~~~~~~~~~^
        cursor, str_statement, effective_parameters, context
        ^^^^^^^^^^^^^^^^^^^^^^^^^^^^^^^^^^^^^^^^^^^^^^^^^^^^
    )
    ^
  File "/Users/mehriddinmengturayev/Downloads/shopbot/.venv/lib/python3.13/site-packages/sqlalchemy/engine/default.py", line 941, in do_execute
    cursor.execute(statement, parameters)
    ~~~~~~~~~~~~~~^^^^^^^^^^^^^^^^^^^^^^^
  File "/Users/mehriddinmengturayev/Downloads/shopbot/.venv/lib/python3.13/site-packages/sqlalchemy/dialects/sqlite/aiosqlite.py", line 147, in execute
    self._adapt_connection._handle_exception(error)
    ~~~~~~~~~~~~~~~~~~~~~~~~~~~~~~~~~~~~~~~~^^^^^^^
  File "/Users/mehriddinmengturayev/Downloads/shopbot/.venv/lib/python3.13/site-packages/sqlalchemy/dialects/sqlite/aiosqlite.py", line 298, in _handle_exception
    raise error
  File "/Users/mehriddinmengturayev/Downloads/shopbot/.venv/lib/python3.13/site-packages/sqlalchemy/dialects/sqlite/aiosqlite.py", line 129, in execute
    self.await_(_cursor.execute(operation, parameters))
    ~~~~~~~~~~~^^^^^^^^^^^^^^^^^^^^^^^^^^^^^^^^^^^^^^^^
  File "/Users/mehriddinmengturayev/Downloads/shopbot/.venv/lib/python3.13/site-packages/sqlalchemy/util/_concurrency_py3k.py", line 132, in await_only
    return current.parent.switch(awaitable)  # type: ignore[no-any-return,attr-defined] # noqa: E501
           ~~~~~~~~~~~~~~~~~~~~~^^^^^^^^^^^
  File "/Users/mehriddinmengturayev/Downloads/shopbot/.venv/lib/python3.13/site-packages/sqlalchemy/util/_concurrency_py3k.py", line 196, in greenlet_spawn
    value = await result
            ^^^^^^^^^^^^
  File "/Users/mehriddinmengturayev/Downloads/shopbot/.venv/lib/python3.13/site-packages/aiosqlite/cursor.py", line 48, in execute
    await self._execute(self._cursor.execute, sql, parameters)
  File "/Users/mehriddinmengturayev/Downloads/shopbot/.venv/lib/python3.13/site-packages/aiosqlite/cursor.py", line 40, in _execute
    return await self._conn._execute(fn, *args, **kwargs)
           ^^^^^^^^^^^^^^^^^^^^^^^^^^^^^^^^^^^^^^^^^^^^^^
  File "/Users/mehriddinmengturayev/Downloads/shopbot/.venv/lib/python3.13/site-packages/aiosqlite/core.py", line 132, in _execute
    return await future
           ^^^^^^^^^^^^
  File "/Users/mehriddinmengturayev/Downloads/shopbot/.venv/lib/python3.13/site-packages/aiosqlite/core.py", line 115, in run
    result = function()
sqlalchemy.exc.OperationalError: (sqlite3.OperationalError) no such column: orders.payment_method
[SQL: SELECT orders.id, orders.order_uuid, orders.user_id, orders.product_id, orders.price_at_purchase, orders.currency, orders.status, orders.payment_method, orders.crypto_provider, orders.crypto_invoice_id, orders.crypto_pay_url, orders.decided_by_admin_id, orders.decided_at, orders.rejection_reason, orders.delivered_payload, orders.delivered_at, orders.created_at, orders.updated_at 
FROM orders 
WHERE orders.status = ?]
[parameters: ('AWAITING_CRYPTO_PAYMENT',)]
(Background on this error at: https://sqlalche.me/e/20/e3q8)
2026-07-30 20:43:38,224 | ERROR    | providers | Crypto poller iteration failed
Traceback (most recent call last):
  File "/Users/mehriddinmengturayev/Downloads/shopbot/.venv/lib/python3.13/site-packages/sqlalchemy/engine/base.py", line 1967, in _exec_single_context
    self.dialect.do_execute(
    ~~~~~~~~~~~~~~~~~~~~~~~^
        cursor, str_statement, effective_parameters, context
        ^^^^^^^^^^^^^^^^^^^^^^^^^^^^^^^^^^^^^^^^^^^^^^^^^^^^
    )
    ^
  File "/Users/mehriddinmengturayev/Downloads/shopbot/.venv/lib/python3.13/site-packages/sqlalchemy/engine/default.py", line 941, in do_execute
    cursor.execute(statement, parameters)
    ~~~~~~~~~~~~~~^^^^^^^^^^^^^^^^^^^^^^^
  File "/Users/mehriddinmengturayev/Downloads/shopbot/.venv/lib/python3.13/site-packages/sqlalchemy/dialects/sqlite/aiosqlite.py", line 147, in execute
    self._adapt_connection._handle_exception(error)
    ~~~~~~~~~~~~~~~~~~~~~~~~~~~~~~~~~~~~~~~~^^^^^^^
  File "/Users/mehriddinmengturayev/Downloads/shopbot/.venv/lib/python3.13/site-packages/sqlalchemy/dialects/sqlite/aiosqlite.py", line 298, in _handle_exception
    raise error
  File "/Users/mehriddinmengturayev/Downloads/shopbot/.venv/lib/python3.13/site-packages/sqlalchemy/dialects/sqlite/aiosqlite.py", line 129, in execute
    self.await_(_cursor.execute(operation, parameters))
    ~~~~~~~~~~~^^^^^^^^^^^^^^^^^^^^^^^^^^^^^^^^^^^^^^^^
  File "/Users/mehriddinmengturayev/Downloads/shopbot/.venv/lib/python3.13/site-packages/sqlalchemy/util/_concurrency_py3k.py", line 132, in await_only
    return current.parent.switch(awaitable)  # type: ignore[no-any-return,attr-defined] # noqa: E501
           ~~~~~~~~~~~~~~~~~~~~~^^^^^^^^^^^
  File "/Users/mehriddinmengturayev/Downloads/shopbot/.venv/lib/python3.13/site-packages/sqlalchemy/util/_concurrency_py3k.py", line 196, in greenlet_spawn
    value = await result
            ^^^^^^^^^^^^
  File "/Users/mehriddinmengturayev/Downloads/shopbot/.venv/lib/python3.13/site-packages/aiosqlite/cursor.py", line 48, in execute
    await self._execute(self._cursor.execute, sql, parameters)
  File "/Users/mehriddinmengturayev/Downloads/shopbot/.venv/lib/python3.13/site-packages/aiosqlite/cursor.py", line 40, in _execute
    return await self._conn._execute(fn, *args, **kwargs)
           ^^^^^^^^^^^^^^^^^^^^^^^^^^^^^^^^^^^^^^^^^^^^^^
  File "/Users/mehriddinmengturayev/Downloads/shopbot/.venv/lib/python3.13/site-packages/aiosqlite/core.py", line 132, in _execute
    return await future
           ^^^^^^^^^^^^
  File "/Users/mehriddinmengturayev/Downloads/shopbot/.venv/lib/python3.13/site-packages/aiosqlite/core.py", line 115, in run
    result = function()
sqlite3.OperationalError: no such column: orders.payment_method

The above exception was the direct cause of the following exception:

Traceback (most recent call last):
  File "/Users/mehriddinmengturayev/Downloads/shopbot/app/services/crypto_poller.py", line 33, in crypto_poller_loop
    await _poll_once(bot)
  File "/Users/mehriddinmengturayev/Downloads/shopbot/app/services/crypto_poller.py", line 44, in _poll_once
    pending = await orders_repo.list_awaiting_crypto_payment()
              ^^^^^^^^^^^^^^^^^^^^^^^^^^^^^^^^^^^^^^^^^^^^^^^^
  File "/Users/mehriddinmengturayev/Downloads/shopbot/app/repositories/order_repo.py", line 47, in list_awaiting_crypto_payment
    result = await self.session.execute(
             ^^^^^^^^^^^^^^^^^^^^^^^^^^^
    ...<3 lines>...
    )
    ^
  File "/Users/mehriddinmengturayev/Downloads/shopbot/.venv/lib/python3.13/site-packages/sqlalchemy/ext/asyncio/session.py", line 461, in execute
    result = await greenlet_spawn(
             ^^^^^^^^^^^^^^^^^^^^^
    ...<6 lines>...
    )
    ^
  File "/Users/mehriddinmengturayev/Downloads/shopbot/.venv/lib/python3.13/site-packages/sqlalchemy/util/_concurrency_py3k.py", line 201, in greenlet_spawn
    result = context.throw(*sys.exc_info())
  File "/Users/mehriddinmengturayev/Downloads/shopbot/.venv/lib/python3.13/site-packages/sqlalchemy/orm/session.py", line 2362, in execute
    return self._execute_internal(
           ~~~~~~~~~~~~~~~~~~~~~~^
        statement,
        ^^^^^^^^^^
    ...<4 lines>...
        _add_event=_add_event,
        ^^^^^^^^^^^^^^^^^^^^^^
    )
    ^
  File "/Users/mehriddinmengturayev/Downloads/shopbot/.venv/lib/python3.13/site-packages/sqlalchemy/orm/session.py", line 2247, in _execute_internal
    result: Result[Any] = compile_state_cls.orm_execute_statement(
                          ~~~~~~~~~~~~~~~~~~~~~~~~~~~~~~~~~~~~~~~^
        self,
        ^^^^^
    ...<4 lines>...
        conn,
        ^^^^^
    )
    ^
  File "/Users/mehriddinmengturayev/Downloads/shopbot/.venv/lib/python3.13/site-packages/sqlalchemy/orm/context.py", line 305, in orm_execute_statement
    result = conn.execute(
        statement, params or {}, execution_options=execution_options
    )
  File "/Users/mehriddinmengturayev/Downloads/shopbot/.venv/lib/python3.13/site-packages/sqlalchemy/engine/base.py", line 1418, in execute
    return meth(
        self,
        distilled_parameters,
        execution_options or NO_OPTIONS,
    )
  File "/Users/mehriddinmengturayev/Downloads/shopbot/.venv/lib/python3.13/site-packages/sqlalchemy/sql/elements.py", line 515, in _execute_on_connection
    return connection._execute_clauseelement(
           ~~~~~~~~~~~~~~~~~~~~~~~~~~~~~~~~~^
        self, distilled_params, execution_options
        ^^^^^^^^^^^^^^^^^^^^^^^^^^^^^^^^^^^^^^^^^
    )
    ^
  File "/Users/mehriddinmengturayev/Downloads/shopbot/.venv/lib/python3.13/site-packages/sqlalchemy/engine/base.py", line 1640, in _execute_clauseelement
    ret = self._execute_context(
        dialect,
    ...<8 lines>...
        cache_hit=cache_hit,
    )
  File "/Users/mehriddinmengturayev/Downloads/shopbot/.venv/lib/python3.13/site-packages/sqlalchemy/engine/base.py", line 1846, in _execute_context
    return self._exec_single_context(
           ~~~~~~~~~~~~~~~~~~~~~~~~~^
        dialect, context, statement, parameters
        ^^^^^^^^^^^^^^^^^^^^^^^^^^^^^^^^^^^^^^^
    )
    ^
  File "/Users/mehriddinmengturayev/Downloads/shopbot/.venv/lib/python3.13/site-packages/sqlalchemy/engine/base.py", line 1986, in _exec_single_context
    self._handle_dbapi_exception(
    ~~~~~~~~~~~~~~~~~~~~~~~~~~~~^
        e, str_statement, effective_parameters, cursor, context
        ^^^^^^^^^^^^^^^^^^^^^^^^^^^^^^^^^^^^^^^^^^^^^^^^^^^^^^^
    )
    ^
  File "/Users/mehriddinmengturayev/Downloads/shopbot/.venv/lib/python3.13/site-packages/sqlalchemy/engine/base.py", line 2355, in _handle_dbapi_exception
    raise sqlalchemy_exception.with_traceback(exc_info[2]) from e
  File "/Users/mehriddinmengturayev/Downloads/shopbot/.venv/lib/python3.13/site-packages/sqlalchemy/engine/base.py", line 1967, in _exec_single_context
    self.dialect.do_execute(
    ~~~~~~~~~~~~~~~~~~~~~~~^
        cursor, str_statement, effective_parameters, context
        ^^^^^^^^^^^^^^^^^^^^^^^^^^^^^^^^^^^^^^^^^^^^^^^^^^^^
    )
    ^
  File "/Users/mehriddinmengturayev/Downloads/shopbot/.venv/lib/python3.13/site-packages/sqlalchemy/engine/default.py", line 941, in do_execute
    cursor.execute(statement, parameters)
    ~~~~~~~~~~~~~~^^^^^^^^^^^^^^^^^^^^^^^
  File "/Users/mehriddinmengturayev/Downloads/shopbot/.venv/lib/python3.13/site-packages/sqlalchemy/dialects/sqlite/aiosqlite.py", line 147, in execute
    self._adapt_connection._handle_exception(error)
    ~~~~~~~~~~~~~~~~~~~~~~~~~~~~~~~~~~~~~~~~^^^^^^^
  File "/Users/mehriddinmengturayev/Downloads/shopbot/.venv/lib/python3.13/site-packages/sqlalchemy/dialects/sqlite/aiosqlite.py", line 298, in _handle_exception
    raise error
  File "/Users/mehriddinmengturayev/Downloads/shopbot/.venv/lib/python3.13/site-packages/sqlalchemy/dialects/sqlite/aiosqlite.py", line 129, in execute
    self.await_(_cursor.execute(operation, parameters))
    ~~~~~~~~~~~^^^^^^^^^^^^^^^^^^^^^^^^^^^^^^^^^^^^^^^^
  File "/Users/mehriddinmengturayev/Downloads/shopbot/.venv/lib/python3.13/site-packages/sqlalchemy/util/_concurrency_py3k.py", line 132, in await_only
    return current.parent.switch(awaitable)  # type: ignore[no-any-return,attr-defined] # noqa: E501
           ~~~~~~~~~~~~~~~~~~~~~^^^^^^^^^^^
  File "/Users/mehriddinmengturayev/Downloads/shopbot/.venv/lib/python3.13/site-packages/sqlalchemy/util/_concurrency_py3k.py", line 196, in greenlet_spawn
    value = await result
            ^^^^^^^^^^^^
  File "/Users/mehriddinmengturayev/Downloads/shopbot/.venv/lib/python3.13/site-packages/aiosqlite/cursor.py", line 48, in execute
    await self._execute(self._cursor.execute, sql, parameters)
  File "/Users/mehriddinmengturayev/Downloads/shopbot/.venv/lib/python3.13/site-packages/aiosqlite/cursor.py", line 40, in _execute
    return await self._conn._execute(fn, *args, **kwargs)
           ^^^^^^^^^^^^^^^^^^^^^^^^^^^^^^^^^^^^^^^^^^^^^^
  File "/Users/mehriddinmengturayev/Downloads/shopbot/.venv/lib/python3.13/site-packages/aiosqlite/core.py", line 132, in _execute
    return await future
           ^^^^^^^^^^^^
  File "/Users/mehriddinmengturayev/Downloads/shopbot/.venv/lib/python3.13/site-packages/aiosqlite/core.py", line 115, in run
    result = function()
sqlalchemy.exc.OperationalError: (sqlite3.OperationalError) no such column: orders.payment_method
[SQL: SELECT orders.id, orders.order_uuid, orders.user_id, orders.product_id, orders.price_at_purchase, orders.currency, orders.status, orders.payment_method, orders.crypto_provider, orders.crypto_invoice_id, orders.crypto_pay_url, orders.decided_by_admin_id, orders.decided_at, orders.rejection_reason, orders.delivered_payload, orders.delivered_at, orders.created_at, orders.updated_at 
FROM orders 
WHERE orders.status = ?]
[parameters: ('AWAITING_CRYPTO_PAYMENT',)]
(Background on this error at: https://sqlalche.me/e/20/e3q8)
2026-07-30 20:43:58,242 | ERROR    | providers | Crypto poller iteration failed
Traceback (most recent call last):
  File "/Users/mehriddinmengturayev/Downloads/shopbot/.venv/lib/python3.13/site-packages/sqlalchemy/engine/base.py", line 1967, in _exec_single_context
    self.dialect.do_execute(
    ~~~~~~~~~~~~~~~~~~~~~~~^
        cursor, str_statement, effective_parameters, context
        ^^^^^^^^^^^^^^^^^^^^^^^^^^^^^^^^^^^^^^^^^^^^^^^^^^^^
    )
    ^
  File "/Users/mehriddinmengturayev/Downloads/shopbot/.venv/lib/python3.13/site-packages/sqlalchemy/engine/default.py", line 941, in do_execute
    cursor.execute(statement, parameters)
    ~~~~~~~~~~~~~~^^^^^^^^^^^^^^^^^^^^^^^
  File "/Users/mehriddinmengturayev/Downloads/shopbot/.venv/lib/python3.13/site-packages/sqlalchemy/dialects/sqlite/aiosqlite.py", line 147, in execute
    self._adapt_connection._handle_exception(error)
    ~~~~~~~~~~~~~~~~~~~~~~~~~~~~~~~~~~~~~~~~^^^^^^^
  File "/Users/mehriddinmengturayev/Downloads/shopbot/.venv/lib/python3.13/site-packages/sqlalchemy/dialects/sqlite/aiosqlite.py", line 298, in _handle_exception
    raise error
  File "/Users/mehriddinmengturayev/Downloads/shopbot/.venv/lib/python3.13/site-packages/sqlalchemy/dialects/sqlite/aiosqlite.py", line 129, in execute
    self.await_(_cursor.execute(operation, parameters))
    ~~~~~~~~~~~^^^^^^^^^^^^^^^^^^^^^^^^^^^^^^^^^^^^^^^^
  File "/Users/mehriddinmengturayev/Downloads/shopbot/.venv/lib/python3.13/site-packages/sqlalchemy/util/_concurrency_py3k.py", line 132, in await_only
    return current.parent.switch(awaitable)  # type: ignore[no-any-return,attr-defined] # noqa: E501
           ~~~~~~~~~~~~~~~~~~~~~^^^^^^^^^^^
  File "/Users/mehriddinmengturayev/Downloads/shopbot/.venv/lib/python3.13/site-packages/sqlalchemy/util/_concurrency_py3k.py", line 196, in greenlet_spawn
    value = await result
            ^^^^^^^^^^^^
  File "/Users/mehriddinmengturayev/Downloads/shopbot/.venv/lib/python3.13/site-packages/aiosqlite/cursor.py", line 48, in execute
    await self._execute(self._cursor.execute, sql, parameters)
  File "/Users/mehriddinmengturayev/Downloads/shopbot/.venv/lib/python3.13/site-packages/aiosqlite/cursor.py", line 40, in _execute
    return await self._conn._execute(fn, *args, **kwargs)
           ^^^^^^^^^^^^^^^^^^^^^^^^^^^^^^^^^^^^^^^^^^^^^^
  File "/Users/mehriddinmengturayev/Downloads/shopbot/.venv/lib/python3.13/site-packages/aiosqlite/core.py", line 132, in _execute
    return await future
           ^^^^^^^^^^^^
  File "/Users/mehriddinmengturayev/Downloads/shopbot/.venv/lib/python3.13/site-packages/aiosqlite/core.py", line 115, in run
    result = function()
sqlite3.OperationalError: no such column: orders.payment_method

The above exception was the direct cause of the following exception:

Traceback (most recent call last):
  File "/Users/mehriddinmengturayev/Downloads/shopbot/app/services/crypto_poller.py", line 33, in crypto_poller_loop
    await _poll_once(bot)
  File "/Users/mehriddinmengturayev/Downloads/shopbot/app/services/crypto_poller.py", line 44, in _poll_once
    pending = await orders_repo.list_awaiting_crypto_payment()
              ^^^^^^^^^^^^^^^^^^^^^^^^^^^^^^^^^^^^^^^^^^^^^^^^
  File "/Users/mehriddinmengturayev/Downloads/shopbot/app/repositories/order_repo.py", line 47, in list_awaiting_crypto_payment
    result = await self.session.execute(
             ^^^^^^^^^^^^^^^^^^^^^^^^^^^
    ...<3 lines>...
    )
    ^
  File "/Users/mehriddinmengturayev/Downloads/shopbot/.venv/lib/python3.13/site-packages/sqlalchemy/ext/asyncio/session.py", line 461, in execute
    result = await greenlet_spawn(
             ^^^^^^^^^^^^^^^^^^^^^
    ...<6 lines>...
    )
    ^
  File "/Users/mehriddinmengturayev/Downloads/shopbot/.venv/lib/python3.13/site-packages/sqlalchemy/util/_concurrency_py3k.py", line 201, in greenlet_spawn
    result = context.throw(*sys.exc_info())
  File "/Users/mehriddinmengturayev/Downloads/shopbot/.venv/lib/python3.13/site-packages/sqlalchemy/orm/session.py", line 2362, in execute
    return self._execute_internal(
           ~~~~~~~~~~~~~~~~~~~~~~^
        statement,
        ^^^^^^^^^^
    ...<4 lines>...
        _add_event=_add_event,
        ^^^^^^^^^^^^^^^^^^^^^^
    )
    ^
  File "/Users/mehriddinmengturayev/Downloads/shopbot/.venv/lib/python3.13/site-packages/sqlalchemy/orm/session.py", line 2247, in _execute_internal
    result: Result[Any] = compile_state_cls.orm_execute_statement(
                          ~~~~~~~~~~~~~~~~~~~~~~~~~~~~~~~~~~~~~~~^
        self,
        ^^^^^
    ...<4 lines>...
        conn,
        ^^^^^
    )
    ^
  File "/Users/mehriddinmengturayev/Downloads/shopbot/.venv/lib/python3.13/site-packages/sqlalchemy/orm/context.py", line 305, in orm_execute_statement
    result = conn.execute(
        statement, params or {}, execution_options=execution_options
    )
  File "/Users/mehriddinmengturayev/Downloads/shopbot/.venv/lib/python3.13/site-packages/sqlalchemy/engine/base.py", line 1418, in execute
    return meth(
        self,
        distilled_parameters,
        execution_options or NO_OPTIONS,
    )
  File "/Users/mehriddinmengturayev/Downloads/shopbot/.venv/lib/python3.13/site-packages/sqlalchemy/sql/elements.py", line 515, in _execute_on_connection
    return connection._execute_clauseelement(
           ~~~~~~~~~~~~~~~~~~~~~~~~~~~~~~~~~^
        self, distilled_params, execution_options
        ^^^^^^^^^^^^^^^^^^^^^^^^^^^^^^^^^^^^^^^^^
    )
    ^
  File "/Users/mehriddinmengturayev/Downloads/shopbot/.venv/lib/python3.13/site-packages/sqlalchemy/engine/base.py", line 1640, in _execute_clauseelement
    ret = self._execute_context(
        dialect,
    ...<8 lines>...
        cache_hit=cache_hit,
    )
  File "/Users/mehriddinmengturayev/Downloads/shopbot/.venv/lib/python3.13/site-packages/sqlalchemy/engine/base.py", line 1846, in _execute_context
    return self._exec_single_context(
           ~~~~~~~~~~~~~~~~~~~~~~~~~^
        dialect, context, statement, parameters
        ^^^^^^^^^^^^^^^^^^^^^^^^^^^^^^^^^^^^^^^
    )
    ^
  File "/Users/mehriddinmengturayev/Downloads/shopbot/.venv/lib/python3.13/site-packages/sqlalchemy/engine/base.py", line 1986, in _exec_single_context
    self._handle_dbapi_exception(
    ~~~~~~~~~~~~~~~~~~~~~~~~~~~~^
        e, str_statement, effective_parameters, cursor, context
        ^^^^^^^^^^^^^^^^^^^^^^^^^^^^^^^^^^^^^^^^^^^^^^^^^^^^^^^
    )
    ^
  File "/Users/mehriddinmengturayev/Downloads/shopbot/.venv/lib/python3.13/site-packages/sqlalchemy/engine/base.py", line 2355, in _handle_dbapi_exception
    raise sqlalchemy_exception.with_traceback(exc_info[2]) from e
  File "/Users/mehriddinmengturayev/Downloads/shopbot/.venv/lib/python3.13/site-packages/sqlalchemy/engine/base.py", line 1967, in _exec_single_context
    self.dialect.do_execute(
    ~~~~~~~~~~~~~~~~~~~~~~~^
        cursor, str_statement, effective_parameters, context
        ^^^^^^^^^^^^^^^^^^^^^^^^^^^^^^^^^^^^^^^^^^^^^^^^^^^^
    )
    ^
  File "/Users/mehriddinmengturayev/Downloads/shopbot/.venv/lib/python3.13/site-packages/sqlalchemy/engine/default.py", line 941, in do_execute
    cursor.execute(statement, parameters)
    ~~~~~~~~~~~~~~^^^^^^^^^^^^^^^^^^^^^^^
  File "/Users/mehriddinmengturayev/Downloads/shopbot/.venv/lib/python3.13/site-packages/sqlalchemy/dialects/sqlite/aiosqlite.py", line 147, in execute
    self._adapt_connection._handle_exception(error)
    ~~~~~~~~~~~~~~~~~~~~~~~~~~~~~~~~~~~~~~~~^^^^^^^
  File "/Users/mehriddinmengturayev/Downloads/shopbot/.venv/lib/python3.13/site-packages/sqlalchemy/dialects/sqlite/aiosqlite.py", line 298, in _handle_exception
    raise error
  File "/Users/mehriddinmengturayev/Downloads/shopbot/.venv/lib/python3.13/site-packages/sqlalchemy/dialects/sqlite/aiosqlite.py", line 129, in execute
    self.await_(_cursor.execute(operation, parameters))
    ~~~~~~~~~~~^^^^^^^^^^^^^^^^^^^^^^^^^^^^^^^^^^^^^^^^
  File "/Users/mehriddinmengturayev/Downloads/shopbot/.venv/lib/python3.13/site-packages/sqlalchemy/util/_concurrency_py3k.py", line 132, in await_only
    return current.parent.switch(awaitable)  # type: ignore[no-any-return,attr-defined] # noqa: E501
           ~~~~~~~~~~~~~~~~~~~~~^^^^^^^^^^^
  File "/Users/mehriddinmengturayev/Downloads/shopbot/.venv/lib/python3.13/site-packages/sqlalchemy/util/_concurrency_py3k.py", line 196, in greenlet_spawn
    value = await result
            ^^^^^^^^^^^^
  File "/Users/mehriddinmengturayev/Downloads/shopbot/.venv/lib/python3.13/site-packages/aiosqlite/cursor.py", line 48, in execute
    await self._execute(self._cursor.execute, sql, parameters)
  File "/Users/mehriddinmengturayev/Downloads/shopbot/.venv/lib/python3.13/site-packages/aiosqlite/cursor.py", line 40, in _execute
    return await self._conn._execute(fn, *args, **kwargs)
           ^^^^^^^^^^^^^^^^^^^^^^^^^^^^^^^^^^^^^^^^^^^^^^
  File "/Users/mehriddinmengturayev/Downloads/shopbot/.venv/lib/python3.13/site-packages/aiosqlite/core.py", line 132, in _execute
    return await future
           ^^^^^^^^^^^^
  File "/Users/mehriddinmengturayev/Downloads/shopbot/.venv/lib/python3.13/site-packages/aiosqlite/core.py", line 115, in run
    result = function()
sqlalchemy.exc.OperationalError: (sqlite3.OperationalError) no such column: orders.payment_method
[SQL: SELECT orders.id, orders.order_uuid, orders.user_id, orders.product_id, orders.price_at_purchase, orders.currency, orders.status, orders.payment_method, orders.crypto_provider, orders.crypto_invoice_id, orders.crypto_pay_url, orders.decided_by_admin_id, orders.decided_at, orders.rejection_reason, orders.delivered_payload, orders.delivered_at, orders.created_at, orders.updated_at 
FROM orders 
WHERE orders.status = ?]
[parameters: ('AWAITING_CRYPTO_PAYMENT',)]
(Background on this error at: https://sqlalche.me/e/20/e3q8)
2026-07-30 20:44:18,260 | ERROR    | providers | Crypto poller iteration failed
Traceback (most recent call last):
  File "/Users/mehriddinmengturayev/Downloads/shopbot/.venv/lib/python3.13/site-packages/sqlalchemy/engine/base.py", line 1967, in _exec_single_context
    self.dialect.do_execute(
    ~~~~~~~~~~~~~~~~~~~~~~~^
        cursor, str_statement, effective_parameters, context
        ^^^^^^^^^^^^^^^^^^^^^^^^^^^^^^^^^^^^^^^^^^^^^^^^^^^^
    )
    ^
  File "/Users/mehriddinmengturayev/Downloads/shopbot/.venv/lib/python3.13/site-packages/sqlalchemy/engine/default.py", line 941, in do_execute
    cursor.execute(statement, parameters)
    ~~~~~~~~~~~~~~^^^^^^^^^^^^^^^^^^^^^^^
  File "/Users/mehriddinmengturayev/Downloads/shopbot/.venv/lib/python3.13/site-packages/sqlalchemy/dialects/sqlite/aiosqlite.py", line 147, in execute
    self._adapt_connection._handle_exception(error)
    ~~~~~~~~~~~~~~~~~~~~~~~~~~~~~~~~~~~~~~~~^^^^^^^
  File "/Users/mehriddinmengturayev/Downloads/shopbot/.venv/lib/python3.13/site-packages/sqlalchemy/dialects/sqlite/aiosqlite.py", line 298, in _handle_exception
    raise error
  File "/Users/mehriddinmengturayev/Downloads/shopbot/.venv/lib/python3.13/site-packages/sqlalchemy/dialects/sqlite/aiosqlite.py", line 129, in execute
    self.await_(_cursor.execute(operation, parameters))
    ~~~~~~~~~~~^^^^^^^^^^^^^^^^^^^^^^^^^^^^^^^^^^^^^^^^
  File "/Users/mehriddinmengturayev/Downloads/shopbot/.venv/lib/python3.13/site-packages/sqlalchemy/util/_concurrency_py3k.py", line 132, in await_only
    return current.parent.switch(awaitable)  # type: ignore[no-any-return,attr-defined] # noqa: E501
           ~~~~~~~~~~~~~~~~~~~~~^^^^^^^^^^^
  File "/Users/mehriddinmengturayev/Downloads/shopbot/.venv/lib/python3.13/site-packages/sqlalchemy/util/_concurrency_py3k.py", line 196, in greenlet_spawn
    value = await result
            ^^^^^^^^^^^^
  File "/Users/mehriddinmengturayev/Downloads/shopbot/.venv/lib/python3.13/site-packages/aiosqlite/cursor.py", line 48, in execute
    await self._execute(self._cursor.execute, sql, parameters)
  File "/Users/mehriddinmengturayev/Downloads/shopbot/.venv/lib/python3.13/site-packages/aiosqlite/cursor.py", line 40, in _execute
    return await self._conn._execute(fn, *args, **kwargs)
           ^^^^^^^^^^^^^^^^^^^^^^^^^^^^^^^^^^^^^^^^^^^^^^
  File "/Users/mehriddinmengturayev/Downloads/shopbot/.venv/lib/python3.13/site-packages/aiosqlite/core.py", line 132, in _execute
    return await future
           ^^^^^^^^^^^^
  File "/Users/mehriddinmengturayev/Downloads/shopbot/.venv/lib/python3.13/site-packages/aiosqlite/core.py", line 115, in run
    result = function()
sqlite3.OperationalError: no such column: orders.payment_method

The above exception was the direct cause of the following exception:

Traceback (most recent call last):
  File "/Users/mehriddinmengturayev/Downloads/shopbot/app/services/crypto_poller.py", line 33, in crypto_poller_loop
    await _poll_once(bot)
  File "/Users/mehriddinmengturayev/Downloads/shopbot/app/services/crypto_poller.py", line 44, in _poll_once
    pending = await orders_repo.list_awaiting_crypto_payment()
              ^^^^^^^^^^^^^^^^^^^^^^^^^^^^^^^^^^^^^^^^^^^^^^^^
  File "/Users/mehriddinmengturayev/Downloads/shopbot/app/repositories/order_repo.py", line 47, in list_awaiting_crypto_payment
    result = await self.session.execute(
             ^^^^^^^^^^^^^^^^^^^^^^^^^^^
    ...<3 lines>...
    )
    ^
  File "/Users/mehriddinmengturayev/Downloads/shopbot/.venv/lib/python3.13/site-packages/sqlalchemy/ext/asyncio/session.py", line 461, in execute
    result = await greenlet_spawn(
             ^^^^^^^^^^^^^^^^^^^^^
    ...<6 lines>...
    )
    ^
  File "/Users/mehriddinmengturayev/Downloads/shopbot/.venv/lib/python3.13/site-packages/sqlalchemy/util/_concurrency_py3k.py", line 201, in greenlet_spawn
    result = context.throw(*sys.exc_info())
  File "/Users/mehriddinmengturayev/Downloads/shopbot/.venv/lib/python3.13/site-packages/sqlalchemy/orm/session.py", line 2362, in execute
    return self._execute_internal(
           ~~~~~~~~~~~~~~~~~~~~~~^
        statement,
        ^^^^^^^^^^
    ...<4 lines>...
        _add_event=_add_event,
        ^^^^^^^^^^^^^^^^^^^^^^
    )
    ^
  File "/Users/mehriddinmengturayev/Downloads/shopbot/.venv/lib/python3.13/site-packages/sqlalchemy/orm/session.py", line 2247, in _execute_internal
    result: Result[Any] = compile_state_cls.orm_execute_statement(
                          ~~~~~~~~~~~~~~~~~~~~~~~~~~~~~~~~~~~~~~~^
        self,
        ^^^^^
    ...<4 lines>...
        conn,
        ^^^^^
    )
    ^
  File "/Users/mehriddinmengturayev/Downloads/shopbot/.venv/lib/python3.13/site-packages/sqlalchemy/orm/context.py", line 305, in orm_execute_statement
    result = conn.execute(
        statement, params or {}, execution_options=execution_options
    )
  File "/Users/mehriddinmengturayev/Downloads/shopbot/.venv/lib/python3.13/site-packages/sqlalchemy/engine/base.py", line 1418, in execute
    return meth(
        self,
        distilled_parameters,
        execution_options or NO_OPTIONS,
    )
  File "/Users/mehriddinmengturayev/Downloads/shopbot/.venv/lib/python3.13/site-packages/sqlalchemy/sql/elements.py", line 515, in _execute_on_connection
    return connection._execute_clauseelement(
           ~~~~~~~~~~~~~~~~~~~~~~~~~~~~~~~~~^
        self, distilled_params, execution_options
        ^^^^^^^^^^^^^^^^^^^^^^^^^^^^^^^^^^^^^^^^^
    )
    ^
  File "/Users/mehriddinmengturayev/Downloads/shopbot/.venv/lib/python3.13/site-packages/sqlalchemy/engine/base.py", line 1640, in _execute_clauseelement
    ret = self._execute_context(
        dialect,
    ...<8 lines>...
        cache_hit=cache_hit,
    )
  File "/Users/mehriddinmengturayev/Downloads/shopbot/.venv/lib/python3.13/site-packages/sqlalchemy/engine/base.py", line 1846, in _execute_context
    return self._exec_single_context(
           ~~~~~~~~~~~~~~~~~~~~~~~~~^
        dialect, context, statement, parameters
        ^^^^^^^^^^^^^^^^^^^^^^^^^^^^^^^^^^^^^^^
    )
    ^
  File "/Users/mehriddinmengturayev/Downloads/shopbot/.venv/lib/python3.13/site-packages/sqlalchemy/engine/base.py", line 1986, in _exec_single_context
    self._handle_dbapi_exception(
    ~~~~~~~~~~~~~~~~~~~~~~~~~~~~^
        e, str_statement, effective_parameters, cursor, context
        ^^^^^^^^^^^^^^^^^^^^^^^^^^^^^^^^^^^^^^^^^^^^^^^^^^^^^^^
    )
    ^
  File "/Users/mehriddinmengturayev/Downloads/shopbot/.venv/lib/python3.13/site-packages/sqlalchemy/engine/base.py", line 2355, in _handle_dbapi_exception
    raise sqlalchemy_exception.with_traceback(exc_info[2]) from e
  File "/Users/mehriddinmengturayev/Downloads/shopbot/.venv/lib/python3.13/site-packages/sqlalchemy/engine/base.py", line 1967, in _exec_single_context
    self.dialect.do_execute(
    ~~~~~~~~~~~~~~~~~~~~~~~^
        cursor, str_statement, effective_parameters, context
        ^^^^^^^^^^^^^^^^^^^^^^^^^^^^^^^^^^^^^^^^^^^^^^^^^^^^
    )
    ^
  File "/Users/mehriddinmengturayev/Downloads/shopbot/.venv/lib/python3.13/site-packages/sqlalchemy/engine/default.py", line 941, in do_execute
    cursor.execute(statement, parameters)
    ~~~~~~~~~~~~~~^^^^^^^^^^^^^^^^^^^^^^^
  File "/Users/mehriddinmengturayev/Downloads/shopbot/.venv/lib/python3.13/site-packages/sqlalchemy/dialects/sqlite/aiosqlite.py", line 147, in execute
    self._adapt_connection._handle_exception(error)
    ~~~~~~~~~~~~~~~~~~~~~~~~~~~~~~~~~~~~~~~~^^^^^^^
  File "/Users/mehriddinmengturayev/Downloads/shopbot/.venv/lib/python3.13/site-packages/sqlalchemy/dialects/sqlite/aiosqlite.py", line 298, in _handle_exception
    raise error
  File "/Users/mehriddinmengturayev/Downloads/shopbot/.venv/lib/python3.13/site-packages/sqlalchemy/dialects/sqlite/aiosqlite.py", line 129, in execute
    self.await_(_cursor.execute(operation, parameters))
    ~~~~~~~~~~~^^^^^^^^^^^^^^^^^^^^^^^^^^^^^^^^^^^^^^^^
  File "/Users/mehriddinmengturayev/Downloads/shopbot/.venv/lib/python3.13/site-packages/sqlalchemy/util/_concurrency_py3k.py", line 132, in await_only
    return current.parent.switch(awaitable)  # type: ignore[no-any-return,attr-defined] # noqa: E501
           ~~~~~~~~~~~~~~~~~~~~~^^^^^^^^^^^
  File "/Users/mehriddinmengturayev/Downloads/shopbot/.venv/lib/python3.13/site-packages/sqlalchemy/util/_concurrency_py3k.py", line 196, in greenlet_spawn
    value = await result
            ^^^^^^^^^^^^
  File "/Users/mehriddinmengturayev/Downloads/shopbot/.venv/lib/python3.13/site-packages/aiosqlite/cursor.py", line 48, in execute
    await self._execute(self._cursor.execute, sql, parameters)
  File "/Users/mehriddinmengturayev/Downloads/shopbot/.venv/lib/python3.13/site-packages/aiosqlite/cursor.py", line 40, in _execute
    return await self._conn._execute(fn, *args, **kwargs)
           ^^^^^^^^^^^^^^^^^^^^^^^^^^^^^^^^^^^^^^^^^^^^^^
  File "/Users/mehriddinmengturayev/Downloads/shopbot/.venv/lib/python3.13/site-packages/aiosqlite/core.py", line 132, in _execute
    return await future
           ^^^^^^^^^^^^
  File "/Users/mehriddinmengturayev/Downloads/shopbot/.venv/lib/python3.13/site-packages/aiosqlite/core.py", line 115, in run
    result = function()
sqlalchemy.exc.OperationalError: (sqlite3.OperationalError) no such column: orders.payment_method
[SQL: SELECT orders.id, orders.order_uuid, orders.user_id, orders.product_id, orders.price_at_purchase, orders.currency, orders.status, orders.payment_method, orders.crypto_provider, orders.crypto_invoice_id, orders.crypto_pay_url, orders.decided_by_admin_id, orders.decided_at, orders.rejection_reason, orders.delivered_payload, orders.delivered_at, orders.created_at, orders.updated_at 
FROM orders 
WHERE orders.status = ?]
[parameters: ('AWAITING_CRYPTO_PAYMENT',)]
(Background on this error at: https://sqlalche.me/e/20/e3q8)
2026-07-30 20:44:38,277 | ERROR    | providers | Crypto poller iteration failed
Traceback (most recent call last):
  File "/Users/mehriddinmengturayev/Downloads/shopbot/.venv/lib/python3.13/site-packages/sqlalchemy/engine/base.py", line 1967, in _exec_single_context
    self.dialect.do_execute(
    ~~~~~~~~~~~~~~~~~~~~~~~^
        cursor, str_statement, effective_parameters, context
        ^^^^^^^^^^^^^^^^^^^^^^^^^^^^^^^^^^^^^^^^^^^^^^^^^^^^
    )
    ^
  File "/Users/mehriddinmengturayev/Downloads/shopbot/.venv/lib/python3.13/site-packages/sqlalchemy/engine/default.py", line 941, in do_execute
    cursor.execute(statement, parameters)
    ~~~~~~~~~~~~~~^^^^^^^^^^^^^^^^^^^^^^^
  File "/Users/mehriddinmengturayev/Downloads/shopbot/.venv/lib/python3.13/site-packages/sqlalchemy/dialects/sqlite/aiosqlite.py", line 147, in execute
    self._adapt_connection._handle_exception(error)
    ~~~~~~~~~~~~~~~~~~~~~~~~~~~~~~~~~~~~~~~~^^^^^^^
  File "/Users/mehriddinmengturayev/Downloads/shopbot/.venv/lib/python3.13/site-packages/sqlalchemy/dialects/sqlite/aiosqlite.py", line 298, in _handle_exception
    raise error
  File "/Users/mehriddinmengturayev/Downloads/shopbot/.venv/lib/python3.13/site-packages/sqlalchemy/dialects/sqlite/aiosqlite.py", line 129, in execute
    self.await_(_cursor.execute(operation, parameters))
    ~~~~~~~~~~~^^^^^^^^^^^^^^^^^^^^^^^^^^^^^^^^^^^^^^^^
  File "/Users/mehriddinmengturayev/Downloads/shopbot/.venv/lib/python3.13/site-packages/sqlalchemy/util/_concurrency_py3k.py", line 132, in await_only
    return current.parent.switch(awaitable)  # type: ignore[no-any-return,attr-defined] # noqa: E501
           ~~~~~~~~~~~~~~~~~~~~~^^^^^^^^^^^
  File "/Users/mehriddinmengturayev/Downloads/shopbot/.venv/lib/python3.13/site-packages/sqlalchemy/util/_concurrency_py3k.py", line 196, in greenlet_spawn
    value = await result
            ^^^^^^^^^^^^
  File "/Users/mehriddinmengturayev/Downloads/shopbot/.venv/lib/python3.13/site-packages/aiosqlite/cursor.py", line 48, in execute
    await self._execute(self._cursor.execute, sql, parameters)
  File "/Users/mehriddinmengturayev/Downloads/shopbot/.venv/lib/python3.13/site-packages/aiosqlite/cursor.py", line 40, in _execute
    return await self._conn._execute(fn, *args, **kwargs)
           ^^^^^^^^^^^^^^^^^^^^^^^^^^^^^^^^^^^^^^^^^^^^^^
  File "/Users/mehriddinmengturayev/Downloads/shopbot/.venv/lib/python3.13/site-packages/aiosqlite/core.py", line 132, in _execute
    return await future
           ^^^^^^^^^^^^
  File "/Users/mehriddinmengturayev/Downloads/shopbot/.venv/lib/python3.13/site-packages/aiosqlite/core.py", line 115, in run
    result = function()
sqlite3.OperationalError: no such column: orders.payment_method

The above exception was the direct cause of the following exception:

Traceback (most recent call last):
  File "/Users/mehriddinmengturayev/Downloads/shopbot/app/services/crypto_poller.py", line 33, in crypto_poller_loop
    await _poll_once(bot)
  File "/Users/mehriddinmengturayev/Downloads/shopbot/app/services/crypto_poller.py", line 44, in _poll_once
    pending = await orders_repo.list_awaiting_crypto_payment()
              ^^^^^^^^^^^^^^^^^^^^^^^^^^^^^^^^^^^^^^^^^^^^^^^^
  File "/Users/mehriddinmengturayev/Downloads/shopbot/app/repositories/order_repo.py", line 47, in list_awaiting_crypto_payment
    result = await self.session.execute(
             ^^^^^^^^^^^^^^^^^^^^^^^^^^^
    ...<3 lines>...
    )
    ^
  File "/Users/mehriddinmengturayev/Downloads/shopbot/.venv/lib/python3.13/site-packages/sqlalchemy/ext/asyncio/session.py", line 461, in execute
    result = await greenlet_spawn(
             ^^^^^^^^^^^^^^^^^^^^^
    ...<6 lines>...
    )
    ^
  File "/Users/mehriddinmengturayev/Downloads/shopbot/.venv/lib/python3.13/site-packages/sqlalchemy/util/_concurrency_py3k.py", line 201, in greenlet_spawn
    result = context.throw(*sys.exc_info())
  File "/Users/mehriddinmengturayev/Downloads/shopbot/.venv/lib/python3.13/site-packages/sqlalchemy/orm/session.py", line 2362, in execute
    return self._execute_internal(
           ~~~~~~~~~~~~~~~~~~~~~~^
        statement,
        ^^^^^^^^^^
    ...<4 lines>...
        _add_event=_add_event,
        ^^^^^^^^^^^^^^^^^^^^^^
    )
    ^
  File "/Users/mehriddinmengturayev/Downloads/shopbot/.venv/lib/python3.13/site-packages/sqlalchemy/orm/session.py", line 2247, in _execute_internal
    result: Result[Any] = compile_state_cls.orm_execute_statement(
                          ~~~~~~~~~~~~~~~~~~~~~~~~~~~~~~~~~~~~~~~^
        self,
        ^^^^^
    ...<4 lines>...
        conn,
        ^^^^^
    )
    ^
  File "/Users/mehriddinmengturayev/Downloads/shopbot/.venv/lib/python3.13/site-packages/sqlalchemy/orm/context.py", line 305, in orm_execute_statement
    result = conn.execute(
        statement, params or {}, execution_options=execution_options
    )
  File "/Users/mehriddinmengturayev/Downloads/shopbot/.venv/lib/python3.13/site-packages/sqlalchemy/engine/base.py", line 1418, in execute
    return meth(
        self,
        distilled_parameters,
        execution_options or NO_OPTIONS,
    )
  File "/Users/mehriddinmengturayev/Downloads/shopbot/.venv/lib/python3.13/site-packages/sqlalchemy/sql/elements.py", line 515, in _execute_on_connection
    return connection._execute_clauseelement(
           ~~~~~~~~~~~~~~~~~~~~~~~~~~~~~~~~~^
        self, distilled_params, execution_options
        ^^^^^^^^^^^^^^^^^^^^^^^^^^^^^^^^^^^^^^^^^
    )
    ^
  File "/Users/mehriddinmengturayev/Downloads/shopbot/.venv/lib/python3.13/site-packages/sqlalchemy/engine/base.py", line 1640, in _execute_clauseelement
    ret = self._execute_context(
        dialect,
    ...<8 lines>...
        cache_hit=cache_hit,
    )
  File "/Users/mehriddinmengturayev/Downloads/shopbot/.venv/lib/python3.13/site-packages/sqlalchemy/engine/base.py", line 1846, in _execute_context
    return self._exec_single_context(
           ~~~~~~~~~~~~~~~~~~~~~~~~~^
        dialect, context, statement, parameters
        ^^^^^^^^^^^^^^^^^^^^^^^^^^^^^^^^^^^^^^^
    )
    ^
  File "/Users/mehriddinmengturayev/Downloads/shopbot/.venv/lib/python3.13/site-packages/sqlalchemy/engine/base.py", line 1986, in _exec_single_context
    self._handle_dbapi_exception(
    ~~~~~~~~~~~~~~~~~~~~~~~~~~~~^
        e, str_statement, effective_parameters, cursor, context
        ^^^^^^^^^^^^^^^^^^^^^^^^^^^^^^^^^^^^^^^^^^^^^^^^^^^^^^^
    )
    ^
  File "/Users/mehriddinmengturayev/Downloads/shopbot/.venv/lib/python3.13/site-packages/sqlalchemy/engine/base.py", line 2355, in _handle_dbapi_exception
    raise sqlalchemy_exception.with_traceback(exc_info[2]) from e
  File "/Users/mehriddinmengturayev/Downloads/shopbot/.venv/lib/python3.13/site-packages/sqlalchemy/engine/base.py", line 1967, in _exec_single_context
    self.dialect.do_execute(
    ~~~~~~~~~~~~~~~~~~~~~~~^
        cursor, str_statement, effective_parameters, context
        ^^^^^^^^^^^^^^^^^^^^^^^^^^^^^^^^^^^^^^^^^^^^^^^^^^^^
    )
    ^
  File "/Users/mehriddinmengturayev/Downloads/shopbot/.venv/lib/python3.13/site-packages/sqlalchemy/engine/default.py", line 941, in do_execute
    cursor.execute(statement, parameters)
    ~~~~~~~~~~~~~~^^^^^^^^^^^^^^^^^^^^^^^
  File "/Users/mehriddinmengturayev/Downloads/shopbot/.venv/lib/python3.13/site-packages/sqlalchemy/dialects/sqlite/aiosqlite.py", line 147, in execute
    self._adapt_connection._handle_exception(error)
    ~~~~~~~~~~~~~~~~~~~~~~~~~~~~~~~~~~~~~~~~^^^^^^^
  File "/Users/mehriddinmengturayev/Downloads/shopbot/.venv/lib/python3.13/site-packages/sqlalchemy/dialects/sqlite/aiosqlite.py", line 298, in _handle_exception
    raise error
  File "/Users/mehriddinmengturayev/Downloads/shopbot/.venv/lib/python3.13/site-packages/sqlalchemy/dialects/sqlite/aiosqlite.py", line 129, in execute
    self.await_(_cursor.execute(operation, parameters))
    ~~~~~~~~~~~^^^^^^^^^^^^^^^^^^^^^^^^^^^^^^^^^^^^^^^^
  File "/Users/mehriddinmengturayev/Downloads/shopbot/.venv/lib/python3.13/site-packages/sqlalchemy/util/_concurrency_py3k.py", line 132, in await_only
    return current.parent.switch(awaitable)  # type: ignore[no-any-return,attr-defined] # noqa: E501
           ~~~~~~~~~~~~~~~~~~~~~^^^^^^^^^^^
  File "/Users/mehriddinmengturayev/Downloads/shopbot/.venv/lib/python3.13/site-packages/sqlalchemy/util/_concurrency_py3k.py", line 196, in greenlet_spawn
    value = await result
            ^^^^^^^^^^^^
  File "/Users/mehriddinmengturayev/Downloads/shopbot/.venv/lib/python3.13/site-packages/aiosqlite/cursor.py", line 48, in execute
    await self._execute(self._cursor.execute, sql, parameters)
  File "/Users/mehriddinmengturayev/Downloads/shopbot/.venv/lib/python3.13/site-packages/aiosqlite/cursor.py", line 40, in _execute
    return await self._conn._execute(fn, *args, **kwargs)
           ^^^^^^^^^^^^^^^^^^^^^^^^^^^^^^^^^^^^^^^^^^^^^^
  File "/Users/mehriddinmengturayev/Downloads/shopbot/.venv/lib/python3.13/site-packages/aiosqlite/core.py", line 132, in _execute
    return await future
           ^^^^^^^^^^^^
  File "/Users/mehriddinmengturayev/Downloads/shopbot/.venv/lib/python3.13/site-packages/aiosqlite/core.py", line 115, in run
    result = function()
sqlalchemy.exc.OperationalError: (sqlite3.OperationalError) no such column: orders.payment_method
[SQL: SELECT orders.id, orders.order_uuid, orders.user_id, orders.product_id, orders.price_at_purchase, orders.currency, orders.status, orders.payment_method, orders.crypto_provider, orders.crypto_invoice_id, orders.crypto_pay_url, orders.decided_by_admin_id, orders.decided_at, orders.rejection_reason, orders.delivered_payload, orders.delivered_at, orders.created_at, orders.updated_at 
FROM orders 
WHERE orders.status = ?]
[parameters: ('AWAITING_CRYPTO_PAYMENT',)]
(Background on this error at: https://sqlalche.me/e/20/e3q8)
2026-07-30 20:44:54,494 | INFO     | aiogram.event | Update id=883467302 is handled. Duration 488 ms by bot id=8591349938
2026-07-30 20:44:56,316 | ERROR    | app.middlewares.error_handling | Unhandled exception while processing update
Traceback (most recent call last):
  File "/Users/mehriddinmengturayev/Downloads/shopbot/.venv/lib/python3.13/site-packages/sqlalchemy/engine/base.py", line 1967, in _exec_single_context
    self.dialect.do_execute(
    ~~~~~~~~~~~~~~~~~~~~~~~^
        cursor, str_statement, effective_parameters, context
        ^^^^^^^^^^^^^^^^^^^^^^^^^^^^^^^^^^^^^^^^^^^^^^^^^^^^
    )
    ^
  File "/Users/mehriddinmengturayev/Downloads/shopbot/.venv/lib/python3.13/site-packages/sqlalchemy/engine/default.py", line 941, in do_execute
    cursor.execute(statement, parameters)
    ~~~~~~~~~~~~~~^^^^^^^^^^^^^^^^^^^^^^^
  File "/Users/mehriddinmengturayev/Downloads/shopbot/.venv/lib/python3.13/site-packages/sqlalchemy/dialects/sqlite/aiosqlite.py", line 147, in execute
    self._adapt_connection._handle_exception(error)
    ~~~~~~~~~~~~~~~~~~~~~~~~~~~~~~~~~~~~~~~~^^^^^^^
  File "/Users/mehriddinmengturayev/Downloads/shopbot/.venv/lib/python3.13/site-packages/sqlalchemy/dialects/sqlite/aiosqlite.py", line 298, in _handle_exception
    raise error
  File "/Users/mehriddinmengturayev/Downloads/shopbot/.venv/lib/python3.13/site-packages/sqlalchemy/dialects/sqlite/aiosqlite.py", line 129, in execute
    self.await_(_cursor.execute(operation, parameters))
    ~~~~~~~~~~~^^^^^^^^^^^^^^^^^^^^^^^^^^^^^^^^^^^^^^^^
  File "/Users/mehriddinmengturayev/Downloads/shopbot/.venv/lib/python3.13/site-packages/sqlalchemy/util/_concurrency_py3k.py", line 132, in await_only
    return current.parent.switch(awaitable)  # type: ignore[no-any-return,attr-defined] # noqa: E501
           ~~~~~~~~~~~~~~~~~~~~~^^^^^^^^^^^
  File "/Users/mehriddinmengturayev/Downloads/shopbot/.venv/lib/python3.13/site-packages/sqlalchemy/util/_concurrency_py3k.py", line 196, in greenlet_spawn
    value = await result
            ^^^^^^^^^^^^
  File "/Users/mehriddinmengturayev/Downloads/shopbot/.venv/lib/python3.13/site-packages/aiosqlite/cursor.py", line 48, in execute
    await self._execute(self._cursor.execute, sql, parameters)
  File "/Users/mehriddinmengturayev/Downloads/shopbot/.venv/lib/python3.13/site-packages/aiosqlite/cursor.py", line 40, in _execute
    return await self._conn._execute(fn, *args, **kwargs)
           ^^^^^^^^^^^^^^^^^^^^^^^^^^^^^^^^^^^^^^^^^^^^^^
  File "/Users/mehriddinmengturayev/Downloads/shopbot/.venv/lib/python3.13/site-packages/aiosqlite/core.py", line 132, in _execute
    return await future
           ^^^^^^^^^^^^
  File "/Users/mehriddinmengturayev/Downloads/shopbot/.venv/lib/python3.13/site-packages/aiosqlite/core.py", line 115, in run
    result = function()
sqlite3.OperationalError: no such column: products.price_usd

The above exception was the direct cause of the following exception:

Traceback (most recent call last):
  File "/Users/mehriddinmengturayev/Downloads/shopbot/app/middlewares/error_handling.py", line 33, in __call__
    return await handler(event, data)
           ^^^^^^^^^^^^^^^^^^^^^^^^^^
  File "/Users/mehriddinmengturayev/Downloads/shopbot/app/middlewares/throttling.py", line 40, in __call__
    return await handler(event, data)
           ^^^^^^^^^^^^^^^^^^^^^^^^^^
  File "/Users/mehriddinmengturayev/Downloads/shopbot/app/middlewares/db_session.py", line 27, in __call__
    return await handler(event, data)
           ^^^^^^^^^^^^^^^^^^^^^^^^^^
  File "/Users/mehriddinmengturayev/Downloads/shopbot/app/middlewares/user_context.py", line 41, in __call__
    return await handler(event, data)
           ^^^^^^^^^^^^^^^^^^^^^^^^^^
  File "/Users/mehriddinmengturayev/Downloads/shopbot/.venv/lib/python3.13/site-packages/aiogram/dispatcher/event/telegram.py", line 121, in trigger
    return await wrapped_inner(event, kwargs)
           ^^^^^^^^^^^^^^^^^^^^^^^^^^^^^^^^^^
  File "/Users/mehriddinmengturayev/Downloads/shopbot/.venv/lib/python3.13/site-packages/aiogram/dispatcher/event/handler.py", line 43, in call
    return await wrapped()
           ^^^^^^^^^^^^^^^
  File "/Users/mehriddinmengturayev/Downloads/shopbot/.venv/lib/python3.13/site-packages/aiogram/dispatcher/dispatcher.py", line 276, in _listen_update
    return await self.propagate_event(update_type=update_type, event=event, **kwargs)
           ^^^^^^^^^^^^^^^^^^^^^^^^^^^^^^^^^^^^^^^^^^^^^^^^^^^^^^^^^^^^^^^^^^^^^^^^^^
  File "/Users/mehriddinmengturayev/Downloads/shopbot/.venv/lib/python3.13/site-packages/aiogram/dispatcher/router.py", line 146, in propagate_event
    return await observer.wrap_outer_middleware(_wrapped, event=event, data=kwargs)
           ^^^^^^^^^^^^^^^^^^^^^^^^^^^^^^^^^^^^^^^^^^^^^^^^^^^^^^^^^^^^^^^^^^^^^^^^
  File "/Users/mehriddinmengturayev/Downloads/shopbot/.venv/lib/python3.13/site-packages/aiogram/dispatcher/router.py", line 141, in _wrapped
    return await self._propagate_event(
           ^^^^^^^^^^^^^^^^^^^^^^^^^^^^
        observer=observer, update_type=update_type, event=telegram_event, **data
        ^^^^^^^^^^^^^^^^^^^^^^^^^^^^^^^^^^^^^^^^^^^^^^^^^^^^^^^^^^^^^^^^^^^^^^^^
    )
    ^
  File "/Users/mehriddinmengturayev/Downloads/shopbot/.venv/lib/python3.13/site-packages/aiogram/dispatcher/router.py", line 174, in _propagate_event
    response = await router.propagate_event(update_type=update_type, event=event, **kwargs)
               ^^^^^^^^^^^^^^^^^^^^^^^^^^^^^^^^^^^^^^^^^^^^^^^^^^^^^^^^^^^^^^^^^^^^^^^^^^^^
  File "/Users/mehriddinmengturayev/Downloads/shopbot/.venv/lib/python3.13/site-packages/aiogram/dispatcher/router.py", line 146, in propagate_event
    return await observer.wrap_outer_middleware(_wrapped, event=event, data=kwargs)
           ^^^^^^^^^^^^^^^^^^^^^^^^^^^^^^^^^^^^^^^^^^^^^^^^^^^^^^^^^^^^^^^^^^^^^^^^
  File "/Users/mehriddinmengturayev/Downloads/shopbot/.venv/lib/python3.13/site-packages/aiogram/dispatcher/router.py", line 141, in _wrapped
    return await self._propagate_event(
           ^^^^^^^^^^^^^^^^^^^^^^^^^^^^
        observer=observer, update_type=update_type, event=telegram_event, **data
        ^^^^^^^^^^^^^^^^^^^^^^^^^^^^^^^^^^^^^^^^^^^^^^^^^^^^^^^^^^^^^^^^^^^^^^^^
    )
    ^
  File "/Users/mehriddinmengturayev/Downloads/shopbot/.venv/lib/python3.13/site-packages/aiogram/dispatcher/router.py", line 174, in _propagate_event
    response = await router.propagate_event(update_type=update_type, event=event, **kwargs)
               ^^^^^^^^^^^^^^^^^^^^^^^^^^^^^^^^^^^^^^^^^^^^^^^^^^^^^^^^^^^^^^^^^^^^^^^^^^^^
  File "/Users/mehriddinmengturayev/Downloads/shopbot/.venv/lib/python3.13/site-packages/aiogram/dispatcher/router.py", line 146, in propagate_event
    return await observer.wrap_outer_middleware(_wrapped, event=event, data=kwargs)
           ^^^^^^^^^^^^^^^^^^^^^^^^^^^^^^^^^^^^^^^^^^^^^^^^^^^^^^^^^^^^^^^^^^^^^^^^
  File "/Users/mehriddinmengturayev/Downloads/shopbot/.venv/lib/python3.13/site-packages/aiogram/dispatcher/router.py", line 141, in _wrapped
    return await self._propagate_event(
           ^^^^^^^^^^^^^^^^^^^^^^^^^^^^
        observer=observer, update_type=update_type, event=telegram_event, **data
        ^^^^^^^^^^^^^^^^^^^^^^^^^^^^^^^^^^^^^^^^^^^^^^^^^^^^^^^^^^^^^^^^^^^^^^^^
    )
    ^
  File "/Users/mehriddinmengturayev/Downloads/shopbot/.venv/lib/python3.13/site-packages/aiogram/dispatcher/router.py", line 166, in _propagate_event
    response = await observer.trigger(event, **kwargs)
               ^^^^^^^^^^^^^^^^^^^^^^^^^^^^^^^^^^^^^^^
  File "/Users/mehriddinmengturayev/Downloads/shopbot/.venv/lib/python3.13/site-packages/aiogram/dispatcher/event/telegram.py", line 121, in trigger
    return await wrapped_inner(event, kwargs)
           ^^^^^^^^^^^^^^^^^^^^^^^^^^^^^^^^^^
  File "/Users/mehriddinmengturayev/Downloads/shopbot/.venv/lib/python3.13/site-packages/aiogram/dispatcher/event/handler.py", line 43, in call
    return await wrapped()
           ^^^^^^^^^^^^^^^
  File "/Users/mehriddinmengturayev/Downloads/shopbot/app/handlers/admin/products.py", line 65, in products_menu
    products = await ProductRepository(session).list_all()
               ^^^^^^^^^^^^^^^^^^^^^^^^^^^^^^^^^^^^^^^^^^^
  File "/Users/mehriddinmengturayev/Downloads/shopbot/app/repositories/product_repo.py", line 24, in list_all
    result = await self.session.execute(
             ^^^^^^^^^^^^^^^^^^^^^^^^^^^
        select(Product).order_by(Product.sort_order, Product.id)
        ^^^^^^^^^^^^^^^^^^^^^^^^^^^^^^^^^^^^^^^^^^^^^^^^^^^^^^^^
    )
    ^
  File "/Users/mehriddinmengturayev/Downloads/shopbot/.venv/lib/python3.13/site-packages/sqlalchemy/ext/asyncio/session.py", line 461, in execute
    result = await greenlet_spawn(
             ^^^^^^^^^^^^^^^^^^^^^
    ...<6 lines>...
    )
    ^
  File "/Users/mehriddinmengturayev/Downloads/shopbot/.venv/lib/python3.13/site-packages/sqlalchemy/util/_concurrency_py3k.py", line 201, in greenlet_spawn
    result = context.throw(*sys.exc_info())
  File "/Users/mehriddinmengturayev/Downloads/shopbot/.venv/lib/python3.13/site-packages/sqlalchemy/orm/session.py", line 2362, in execute
    return self._execute_internal(
           ~~~~~~~~~~~~~~~~~~~~~~^
        statement,
        ^^^^^^^^^^
    ...<4 lines>...
        _add_event=_add_event,
        ^^^^^^^^^^^^^^^^^^^^^^
    )
    ^
  File "/Users/mehriddinmengturayev/Downloads/shopbot/.venv/lib/python3.13/site-packages/sqlalchemy/orm/session.py", line 2247, in _execute_internal
    result: Result[Any] = compile_state_cls.orm_execute_statement(
                          ~~~~~~~~~~~~~~~~~~~~~~~~~~~~~~~~~~~~~~~^
        self,
        ^^^^^
    ...<4 lines>...
        conn,
        ^^^^^
    )
    ^
  File "/Users/mehriddinmengturayev/Downloads/shopbot/.venv/lib/python3.13/site-packages/sqlalchemy/orm/context.py", line 305, in orm_execute_statement
    result = conn.execute(
        statement, params or {}, execution_options=execution_options
    )
  File "/Users/mehriddinmengturayev/Downloads/shopbot/.venv/lib/python3.13/site-packages/sqlalchemy/engine/base.py", line 1418, in execute
    return meth(
        self,
        distilled_parameters,
        execution_options or NO_OPTIONS,
    )
  File "/Users/mehriddinmengturayev/Downloads/shopbot/.venv/lib/python3.13/site-packages/sqlalchemy/sql/elements.py", line 515, in _execute_on_connection
    return connection._execute_clauseelement(
           ~~~~~~~~~~~~~~~~~~~~~~~~~~~~~~~~~^
        self, distilled_params, execution_options
        ^^^^^^^^^^^^^^^^^^^^^^^^^^^^^^^^^^^^^^^^^
    )
    ^
  File "/Users/mehriddinmengturayev/Downloads/shopbot/.venv/lib/python3.13/site-packages/sqlalchemy/engine/base.py", line 1640, in _execute_clauseelement
    ret = self._execute_context(
        dialect,
    ...<8 lines>...
        cache_hit=cache_hit,
    )
  File "/Users/mehriddinmengturayev/Downloads/shopbot/.venv/lib/python3.13/site-packages/sqlalchemy/engine/base.py", line 1846, in _execute_context
    return self._exec_single_context(
           ~~~~~~~~~~~~~~~~~~~~~~~~~^
        dialect, context, statement, parameters
        ^^^^^^^^^^^^^^^^^^^^^^^^^^^^^^^^^^^^^^^
    )
    ^
  File "/Users/mehriddinmengturayev/Downloads/shopbot/.venv/lib/python3.13/site-packages/sqlalchemy/engine/base.py", line 1986, in _exec_single_context
    self._handle_dbapi_exception(
    ~~~~~~~~~~~~~~~~~~~~~~~~~~~~^
        e, str_statement, effective_parameters, cursor, context
        ^^^^^^^^^^^^^^^^^^^^^^^^^^^^^^^^^^^^^^^^^^^^^^^^^^^^^^^
    )
    ^
  File "/Users/mehriddinmengturayev/Downloads/shopbot/.venv/lib/python3.13/site-packages/sqlalchemy/engine/base.py", line 2355, in _handle_dbapi_exception
    raise sqlalchemy_exception.with_traceback(exc_info[2]) from e
  File "/Users/mehriddinmengturayev/Downloads/shopbot/.venv/lib/python3.13/site-packages/sqlalchemy/engine/base.py", line 1967, in _exec_single_context
    self.dialect.do_execute(
    ~~~~~~~~~~~~~~~~~~~~~~~^
        cursor, str_statement, effective_parameters, context
        ^^^^^^^^^^^^^^^^^^^^^^^^^^^^^^^^^^^^^^^^^^^^^^^^^^^^
    )
    ^
  File "/Users/mehriddinmengturayev/Downloads/shopbot/.venv/lib/python3.13/site-packages/sqlalchemy/engine/default.py", line 941, in do_execute
    cursor.execute(statement, parameters)
    ~~~~~~~~~~~~~~^^^^^^^^^^^^^^^^^^^^^^^
  File "/Users/mehriddinmengturayev/Downloads/shopbot/.venv/lib/python3.13/site-packages/sqlalchemy/dialects/sqlite/aiosqlite.py", line 147, in execute
    self._adapt_connection._handle_exception(error)
    ~~~~~~~~~~~~~~~~~~~~~~~~~~~~~~~~~~~~~~~~^^^^^^^
  File "/Users/mehriddinmengturayev/Downloads/shopbot/.venv/lib/python3.13/site-packages/sqlalchemy/dialects/sqlite/aiosqlite.py", line 298, in _handle_exception
    raise error
  File "/Users/mehriddinmengturayev/Downloads/shopbot/.venv/lib/python3.13/site-packages/sqlalchemy/dialects/sqlite/aiosqlite.py", line 129, in execute
    self.await_(_cursor.execute(operation, parameters))
    ~~~~~~~~~~~^^^^^^^^^^^^^^^^^^^^^^^^^^^^^^^^^^^^^^^^
  File "/Users/mehriddinmengturayev/Downloads/shopbot/.venv/lib/python3.13/site-packages/sqlalchemy/util/_concurrency_py3k.py", line 132, in await_only
    return current.parent.switch(awaitable)  # type: ignore[no-any-return,attr-defined] # noqa: E501
           ~~~~~~~~~~~~~~~~~~~~~^^^^^^^^^^^
  File "/Users/mehriddinmengturayev/Downloads/shopbot/.venv/lib/python3.13/site-packages/sqlalchemy/util/_concurrency_py3k.py", line 196, in greenlet_spawn
    value = await result
            ^^^^^^^^^^^^
  File "/Users/mehriddinmengturayev/Downloads/shopbot/.venv/lib/python3.13/site-packages/aiosqlite/cursor.py", line 48, in execute
    await self._execute(self._cursor.execute, sql, parameters)
  File "/Users/mehriddinmengturayev/Downloads/shopbot/.venv/lib/python3.13/site-packages/aiosqlite/cursor.py", line 40, in _execute
    return await self._conn._execute(fn, *args, **kwargs)
           ^^^^^^^^^^^^^^^^^^^^^^^^^^^^^^^^^^^^^^^^^^^^^^
  File "/Users/mehriddinmengturayev/Downloads/shopbot/.venv/lib/python3.13/site-packages/aiosqlite/core.py", line 132, in _execute
    return await future
           ^^^^^^^^^^^^
  File "/Users/mehriddinmengturayev/Downloads/shopbot/.venv/lib/python3.13/site-packages/aiosqlite/core.py", line 115, in run
    result = function()
sqlalchemy.exc.OperationalError: (sqlite3.OperationalError) no such column: products.price_usd
[SQL: SELECT products.id, products.name, products.emoji, products.description, products.price, products.currency, products.price_usd, products.image_file_id, products.delivery_mode, products.provider_key, products.manual_delivery_hint, products.payment_instructions, products.is_visible, products.sort_order, products.created_at, products.updated_at 
FROM products ORDER BY products.sort_order, products.id]
(Background on this error at: https://sqlalche.me/e/20/e3q8)
2026-07-30 20:44:56,323 | INFO     | aiogram.event | Update id=883467303 is handled. Duration 14 ms by bot id=8591349938
2026-07-30 20:44:58,295 | ERROR    | providers | Crypto poller iteration failed
Traceback (most recent call last):
  File "/Users/mehriddinmengturayev/Downloads/shopbot/.venv/lib/python3.13/site-packages/sqlalchemy/engine/base.py", line 1967, in _exec_single_context
    self.dialect.do_execute(
    ~~~~~~~~~~~~~~~~~~~~~~~^
        cursor, str_statement, effective_parameters, context
        ^^^^^^^^^^^^^^^^^^^^^^^^^^^^^^^^^^^^^^^^^^^^^^^^^^^^
    )
    ^
  File "/Users/mehriddinmengturayev/Downloads/shopbot/.venv/lib/python3.13/site-packages/sqlalchemy/engine/default.py", line 941, in do_execute
    cursor.execute(statement, parameters)
    ~~~~~~~~~~~~~~^^^^^^^^^^^^^^^^^^^^^^^
  File "/Users/mehriddinmengturayev/Downloads/shopbot/.venv/lib/python3.13/site-packages/sqlalchemy/dialects/sqlite/aiosqlite.py", line 147, in execute
    self._adapt_connection._handle_exception(error)
    ~~~~~~~~~~~~~~~~~~~~~~~~~~~~~~~~~~~~~~~~^^^^^^^
  File "/Users/mehriddinmengturayev/Downloads/shopbot/.venv/lib/python3.13/site-packages/sqlalchemy/dialects/sqlite/aiosqlite.py", line 298, in _handle_exception
    raise error
  File "/Users/mehriddinmengturayev/Downloads/shopbot/.venv/lib/python3.13/site-packages/sqlalchemy/dialects/sqlite/aiosqlite.py", line 129, in execute
    self.await_(_cursor.execute(operation, parameters))
    ~~~~~~~~~~~^^^^^^^^^^^^^^^^^^^^^^^^^^^^^^^^^^^^^^^^
  File "/Users/mehriddinmengturayev/Downloads/shopbot/.venv/lib/python3.13/site-packages/sqlalchemy/util/_concurrency_py3k.py", line 132, in await_only
    return current.parent.switch(awaitable)  # type: ignore[no-any-return,attr-defined] # noqa: E501
           ~~~~~~~~~~~~~~~~~~~~~^^^^^^^^^^^
  File "/Users/mehriddinmengturayev/Downloads/shopbot/.venv/lib/python3.13/site-packages/sqlalchemy/util/_concurrency_py3k.py", line 196, in greenlet_spawn
    value = await result
            ^^^^^^^^^^^^
  File "/Users/mehriddinmengturayev/Downloads/shopbot/.venv/lib/python3.13/site-packages/aiosqlite/cursor.py", line 48, in execute
    await self._execute(self._cursor.execute, sql, parameters)
  File "/Users/mehriddinmengturayev/Downloads/shopbot/.venv/lib/python3.13/site-packages/aiosqlite/cursor.py", line 40, in _execute
    return await self._conn._execute(fn, *args, **kwargs)
           ^^^^^^^^^^^^^^^^^^^^^^^^^^^^^^^^^^^^^^^^^^^^^^
  File "/Users/mehriddinmengturayev/Downloads/shopbot/.venv/lib/python3.13/site-packages/aiosqlite/core.py", line 132, in _execute
    return await future
           ^^^^^^^^^^^^
  File "/Users/mehriddinmengturayev/Downloads/shopbot/.venv/lib/python3.13/site-packages/aiosqlite/core.py", line 115, in run
    result = function()
sqlite3.OperationalError: no such column: orders.payment_method

The above exception was the direct cause of the following exception:

Traceback (most recent call last):
  File "/Users/mehriddinmengturayev/Downloads/shopbot/app/services/crypto_poller.py", line 33, in crypto_poller_loop
    await _poll_once(bot)
  File "/Users/mehriddinmengturayev/Downloads/shopbot/app/services/crypto_poller.py", line 44, in _poll_once
    pending = await orders_repo.list_awaiting_crypto_payment()
              ^^^^^^^^^^^^^^^^^^^^^^^^^^^^^^^^^^^^^^^^^^^^^^^^
  File "/Users/mehriddinmengturayev/Downloads/shopbot/app/repositories/order_repo.py", line 47, in list_awaiting_crypto_payment
    result = await self.session.execute(
             ^^^^^^^^^^^^^^^^^^^^^^^^^^^
    ...<3 lines>...
    )
    ^
  File "/Users/mehriddinmengturayev/Downloads/shopbot/.venv/lib/python3.13/site-packages/sqlalchemy/ext/asyncio/session.py", line 461, in execute
    result = await greenlet_spawn(
             ^^^^^^^^^^^^^^^^^^^^^
    ...<6 lines>...
    )
    ^
  File "/Users/mehriddinmengturayev/Downloads/shopbot/.venv/lib/python3.13/site-packages/sqlalchemy/util/_concurrency_py3k.py", line 201, in greenlet_spawn
    result = context.throw(*sys.exc_info())
  File "/Users/mehriddinmengturayev/Downloads/shopbot/.venv/lib/python3.13/site-packages/sqlalchemy/orm/session.py", line 2362, in execute
    return self._execute_internal(
           ~~~~~~~~~~~~~~~~~~~~~~^
        statement,
        ^^^^^^^^^^
    ...<4 lines>...
        _add_event=_add_event,
        ^^^^^^^^^^^^^^^^^^^^^^
    )
    ^
  File "/Users/mehriddinmengturayev/Downloads/shopbot/.venv/lib/python3.13/site-packages/sqlalchemy/orm/session.py", line 2247, in _execute_internal
    result: Result[Any] = compile_state_cls.orm_execute_statement(
                          ~~~~~~~~~~~~~~~~~~~~~~~~~~~~~~~~~~~~~~~^
        self,
        ^^^^^
    ...<4 lines>...
        conn,
        ^^^^^
    )
    ^
  File "/Users/mehriddinmengturayev/Downloads/shopbot/.venv/lib/python3.13/site-packages/sqlalchemy/orm/context.py", line 305, in orm_execute_statement
    result = conn.execute(
        statement, params or {}, execution_options=execution_options
    )
  File "/Users/mehriddinmengturayev/Downloads/shopbot/.venv/lib/python3.13/site-packages/sqlalchemy/engine/base.py", line 1418, in execute
    return meth(
        self,
        distilled_parameters,
        execution_options or NO_OPTIONS,
    )
  File "/Users/mehriddinmengturayev/Downloads/shopbot/.venv/lib/python3.13/site-packages/sqlalchemy/sql/elements.py", line 515, in _execute_on_connection
    return connection._execute_clauseelement(
           ~~~~~~~~~~~~~~~~~~~~~~~~~~~~~~~~~^
        self, distilled_params, execution_options
        ^^^^^^^^^^^^^^^^^^^^^^^^^^^^^^^^^^^^^^^^^
    )
    ^
  File "/Users/mehriddinmengturayev/Downloads/shopbot/.venv/lib/python3.13/site-packages/sqlalchemy/engine/base.py", line 1640, in _execute_clauseelement
    ret = self._execute_context(
        dialect,
    ...<8 lines>...
        cache_hit=cache_hit,
    )
  File "/Users/mehriddinmengturayev/Downloads/shopbot/.venv/lib/python3.13/site-packages/sqlalchemy/engine/base.py", line 1846, in _execute_context
    return self._exec_single_context(
           ~~~~~~~~~~~~~~~~~~~~~~~~~^
        dialect, context, statement, parameters
        ^^^^^^^^^^^^^^^^^^^^^^^^^^^^^^^^^^^^^^^
    )
    ^
  File "/Users/mehriddinmengturayev/Downloads/shopbot/.venv/lib/python3.13/site-packages/sqlalchemy/engine/base.py", line 1986, in _exec_single_context
    self._handle_dbapi_exception(
    ~~~~~~~~~~~~~~~~~~~~~~~~~~~~^
        e, str_statement, effective_parameters, cursor, context
        ^^^^^^^^^^^^^^^^^^^^^^^^^^^^^^^^^^^^^^^^^^^^^^^^^^^^^^^
    )
    ^
  File "/Users/mehriddinmengturayev/Downloads/shopbot/.venv/lib/python3.13/site-packages/sqlalchemy/engine/base.py", line 2355, in _handle_dbapi_exception
    raise sqlalchemy_exception.with_traceback(exc_info[2]) from e
  File "/Users/mehriddinmengturayev/Downloads/shopbot/.venv/lib/python3.13/site-packages/sqlalchemy/engine/base.py", line 1967, in _exec_single_context
    self.dialect.do_execute(
    ~~~~~~~~~~~~~~~~~~~~~~~^
        cursor, str_statement, effective_parameters, context
        ^^^^^^^^^^^^^^^^^^^^^^^^^^^^^^^^^^^^^^^^^^^^^^^^^^^^
    )
    ^
  File "/Users/mehriddinmengturayev/Downloads/shopbot/.venv/lib/python3.13/site-packages/sqlalchemy/engine/default.py", line 941, in do_execute
    cursor.execute(statement, parameters)
    ~~~~~~~~~~~~~~^^^^^^^^^^^^^^^^^^^^^^^
  File "/Users/mehriddinmengturayev/Downloads/shopbot/.venv/lib/python3.13/site-packages/sqlalchemy/dialects/sqlite/aiosqlite.py", line 147, in execute
    self._adapt_connection._handle_exception(error)
    ~~~~~~~~~~~~~~~~~~~~~~~~~~~~~~~~~~~~~~~~^^^^^^^
  File "/Users/mehriddinmengturayev/Downloads/shopbot/.venv/lib/python3.13/site-packages/sqlalchemy/dialects/sqlite/aiosqlite.py", line 298, in _handle_exception
    raise error
  File "/Users/mehriddinmengturayev/Downloads/shopbot/.venv/lib/python3.13/site-packages/sqlalchemy/dialects/sqlite/aiosqlite.py", line 129, in execute
    self.await_(_cursor.execute(operation, parameters))
    ~~~~~~~~~~~^^^^^^^^^^^^^^^^^^^^^^^^^^^^^^^^^^^^^^^^
  File "/Users/mehriddinmengturayev/Downloads/shopbot/.venv/lib/python3.13/site-packages/sqlalchemy/util/_concurrency_py3k.py", line 132, in await_only
    return current.parent.switch(awaitable)  # type: ignore[no-any-return,attr-defined] # noqa: E501
           ~~~~~~~~~~~~~~~~~~~~~^^^^^^^^^^^
  File "/Users/mehriddinmengturayev/Downloads/shopbot/.venv/lib/python3.13/site-packages/sqlalchemy/util/_concurrency_py3k.py", line 196, in greenlet_spawn
    value = await result
            ^^^^^^^^^^^^
  File "/Users/mehriddinmengturayev/Downloads/shopbot/.venv/lib/python3.13/site-packages/aiosqlite/cursor.py", line 48, in execute
    await self._execute(self._cursor.execute, sql, parameters)
  File "/Users/mehriddinmengturayev/Downloads/shopbot/.venv/lib/python3.13/site-packages/aiosqlite/cursor.py", line 40, in _execute
    return await self._conn._execute(fn, *args, **kwargs)
           ^^^^^^^^^^^^^^^^^^^^^^^^^^^^^^^^^^^^^^^^^^^^^^
  File "/Users/mehriddinmengturayev/Downloads/shopbot/.venv/lib/python3.13/site-packages/aiosqlite/core.py", line 132, in _execute
    return await future
           ^^^^^^^^^^^^
  File "/Users/mehriddinmengturayev/Downloads/shopbot/.venv/lib/python3.13/site-packages/aiosqlite/core.py", line 115, in run
    result = function()
sqlalchemy.exc.OperationalError: (sqlite3.OperationalError) no such column: orders.payment_method
[SQL: SELECT orders.id, orders.order_uuid, orders.user_id, orders.product_id, orders.price_at_purchase, orders.currency, orders.status, orders.payment_method, orders.crypto_provider, orders.crypto_invoice_id, orders.crypto_pay_url, orders.decided_by_admin_id, orders.decided_at, orders.rejection_reason, orders.delivered_payload, orders.delivered_at, orders.created_at, orders.updated_at 
FROM orders 
WHERE orders.status = ?]
[parameters: ('AWAITING_CRYPTO_PAYMENT',)]
(Background on this error at: https://sqlalche.me/e/20/e3q8)
2026-07-30 20:45:00,285 | INFO     | aiogram.event | Update id=883467304 is handled. Duration 358 ms by bot id=8591349938
2026-07-30 20:45:01,308 | ERROR    | app.middlewares.error_handling | Unhandled exception while processing update
Traceback (most recent call last):
  File "/Users/mehriddinmengturayev/Downloads/shopbot/.venv/lib/python3.13/site-packages/sqlalchemy/engine/base.py", line 1967, in _exec_single_context
    self.dialect.do_execute(
    ~~~~~~~~~~~~~~~~~~~~~~~^
        cursor, str_statement, effective_parameters, context
        ^^^^^^^^^^^^^^^^^^^^^^^^^^^^^^^^^^^^^^^^^^^^^^^^^^^^
    )
    ^
  File "/Users/mehriddinmengturayev/Downloads/shopbot/.venv/lib/python3.13/site-packages/sqlalchemy/engine/default.py", line 941, in do_execute
    cursor.execute(statement, parameters)
    ~~~~~~~~~~~~~~^^^^^^^^^^^^^^^^^^^^^^^
  File "/Users/mehriddinmengturayev/Downloads/shopbot/.venv/lib/python3.13/site-packages/sqlalchemy/dialects/sqlite/aiosqlite.py", line 147, in execute
    self._adapt_connection._handle_exception(error)
    ~~~~~~~~~~~~~~~~~~~~~~~~~~~~~~~~~~~~~~~~^^^^^^^
  File "/Users/mehriddinmengturayev/Downloads/shopbot/.venv/lib/python3.13/site-packages/sqlalchemy/dialects/sqlite/aiosqlite.py", line 298, in _handle_exception
    raise error
  File "/Users/mehriddinmengturayev/Downloads/shopbot/.venv/lib/python3.13/site-packages/sqlalchemy/dialects/sqlite/aiosqlite.py", line 129, in execute
    self.await_(_cursor.execute(operation, parameters))
    ~~~~~~~~~~~^^^^^^^^^^^^^^^^^^^^^^^^^^^^^^^^^^^^^^^^
  File "/Users/mehriddinmengturayev/Downloads/shopbot/.venv/lib/python3.13/site-packages/sqlalchemy/util/_concurrency_py3k.py", line 132, in await_only
    return current.parent.switch(awaitable)  # type: ignore[no-any-return,attr-defined] # noqa: E501
           ~~~~~~~~~~~~~~~~~~~~~^^^^^^^^^^^
  File "/Users/mehriddinmengturayev/Downloads/shopbot/.venv/lib/python3.13/site-packages/sqlalchemy/util/_concurrency_py3k.py", line 196, in greenlet_spawn
    value = await result
            ^^^^^^^^^^^^
  File "/Users/mehriddinmengturayev/Downloads/shopbot/.venv/lib/python3.13/site-packages/aiosqlite/cursor.py", line 48, in execute
    await self._execute(self._cursor.execute, sql, parameters)
  File "/Users/mehriddinmengturayev/Downloads/shopbot/.venv/lib/python3.13/site-packages/aiosqlite/cursor.py", line 40, in _execute
    return await self._conn._execute(fn, *args, **kwargs)
           ^^^^^^^^^^^^^^^^^^^^^^^^^^^^^^^^^^^^^^^^^^^^^^
  File "/Users/mehriddinmengturayev/Downloads/shopbot/.venv/lib/python3.13/site-packages/aiosqlite/core.py", line 132, in _execute
    return await future
           ^^^^^^^^^^^^
  File "/Users/mehriddinmengturayev/Downloads/shopbot/.venv/lib/python3.13/site-packages/aiosqlite/core.py", line 115, in run
    result = function()
sqlite3.OperationalError: no such column: products.price_usd

The above exception was the direct cause of the following exception:

Traceback (most recent call last):
  File "/Users/mehriddinmengturayev/Downloads/shopbot/app/middlewares/error_handling.py", line 33, in __call__
    return await handler(event, data)
           ^^^^^^^^^^^^^^^^^^^^^^^^^^
  File "/Users/mehriddinmengturayev/Downloads/shopbot/app/middlewares/throttling.py", line 40, in __call__
    return await handler(event, data)
           ^^^^^^^^^^^^^^^^^^^^^^^^^^
  File "/Users/mehriddinmengturayev/Downloads/shopbot/app/middlewares/db_session.py", line 27, in __call__
    return await handler(event, data)
           ^^^^^^^^^^^^^^^^^^^^^^^^^^
  File "/Users/mehriddinmengturayev/Downloads/shopbot/app/middlewares/user_context.py", line 41, in __call__
    return await handler(event, data)
           ^^^^^^^^^^^^^^^^^^^^^^^^^^
  File "/Users/mehriddinmengturayev/Downloads/shopbot/.venv/lib/python3.13/site-packages/aiogram/dispatcher/event/telegram.py", line 121, in trigger
    return await wrapped_inner(event, kwargs)
           ^^^^^^^^^^^^^^^^^^^^^^^^^^^^^^^^^^
  File "/Users/mehriddinmengturayev/Downloads/shopbot/.venv/lib/python3.13/site-packages/aiogram/dispatcher/event/handler.py", line 43, in call
    return await wrapped()
           ^^^^^^^^^^^^^^^
  File "/Users/mehriddinmengturayev/Downloads/shopbot/.venv/lib/python3.13/site-packages/aiogram/dispatcher/dispatcher.py", line 276, in _listen_update
    return await self.propagate_event(update_type=update_type, event=event, **kwargs)
           ^^^^^^^^^^^^^^^^^^^^^^^^^^^^^^^^^^^^^^^^^^^^^^^^^^^^^^^^^^^^^^^^^^^^^^^^^^
  File "/Users/mehriddinmengturayev/Downloads/shopbot/.venv/lib/python3.13/site-packages/aiogram/dispatcher/router.py", line 146, in propagate_event
    return await observer.wrap_outer_middleware(_wrapped, event=event, data=kwargs)
           ^^^^^^^^^^^^^^^^^^^^^^^^^^^^^^^^^^^^^^^^^^^^^^^^^^^^^^^^^^^^^^^^^^^^^^^^
  File "/Users/mehriddinmengturayev/Downloads/shopbot/.venv/lib/python3.13/site-packages/aiogram/dispatcher/router.py", line 141, in _wrapped
    return await self._propagate_event(
           ^^^^^^^^^^^^^^^^^^^^^^^^^^^^
        observer=observer, update_type=update_type, event=telegram_event, **data
        ^^^^^^^^^^^^^^^^^^^^^^^^^^^^^^^^^^^^^^^^^^^^^^^^^^^^^^^^^^^^^^^^^^^^^^^^
    )
    ^
  File "/Users/mehriddinmengturayev/Downloads/shopbot/.venv/lib/python3.13/site-packages/aiogram/dispatcher/router.py", line 174, in _propagate_event
    response = await router.propagate_event(update_type=update_type, event=event, **kwargs)
               ^^^^^^^^^^^^^^^^^^^^^^^^^^^^^^^^^^^^^^^^^^^^^^^^^^^^^^^^^^^^^^^^^^^^^^^^^^^^
  File "/Users/mehriddinmengturayev/Downloads/shopbot/.venv/lib/python3.13/site-packages/aiogram/dispatcher/router.py", line 146, in propagate_event
    return await observer.wrap_outer_middleware(_wrapped, event=event, data=kwargs)
           ^^^^^^^^^^^^^^^^^^^^^^^^^^^^^^^^^^^^^^^^^^^^^^^^^^^^^^^^^^^^^^^^^^^^^^^^
  File "/Users/mehriddinmengturayev/Downloads/shopbot/.venv/lib/python3.13/site-packages/aiogram/dispatcher/router.py", line 141, in _wrapped
    return await self._propagate_event(
           ^^^^^^^^^^^^^^^^^^^^^^^^^^^^
        observer=observer, update_type=update_type, event=telegram_event, **data
        ^^^^^^^^^^^^^^^^^^^^^^^^^^^^^^^^^^^^^^^^^^^^^^^^^^^^^^^^^^^^^^^^^^^^^^^^
    )
    ^
  File "/Users/mehriddinmengturayev/Downloads/shopbot/.venv/lib/python3.13/site-packages/aiogram/dispatcher/router.py", line 174, in _propagate_event
    response = await router.propagate_event(update_type=update_type, event=event, **kwargs)
               ^^^^^^^^^^^^^^^^^^^^^^^^^^^^^^^^^^^^^^^^^^^^^^^^^^^^^^^^^^^^^^^^^^^^^^^^^^^^
  File "/Users/mehriddinmengturayev/Downloads/shopbot/.venv/lib/python3.13/site-packages/aiogram/dispatcher/router.py", line 146, in propagate_event
    return await observer.wrap_outer_middleware(_wrapped, event=event, data=kwargs)
           ^^^^^^^^^^^^^^^^^^^^^^^^^^^^^^^^^^^^^^^^^^^^^^^^^^^^^^^^^^^^^^^^^^^^^^^^
  File "/Users/mehriddinmengturayev/Downloads/shopbot/.venv/lib/python3.13/site-packages/aiogram/dispatcher/router.py", line 141, in _wrapped
    return await self._propagate_event(
           ^^^^^^^^^^^^^^^^^^^^^^^^^^^^
        observer=observer, update_type=update_type, event=telegram_event, **data
        ^^^^^^^^^^^^^^^^^^^^^^^^^^^^^^^^^^^^^^^^^^^^^^^^^^^^^^^^^^^^^^^^^^^^^^^^
    )
    ^
  File "/Users/mehriddinmengturayev/Downloads/shopbot/.venv/lib/python3.13/site-packages/aiogram/dispatcher/router.py", line 166, in _propagate_event
    response = await observer.trigger(event, **kwargs)
               ^^^^^^^^^^^^^^^^^^^^^^^^^^^^^^^^^^^^^^^
  File "/Users/mehriddinmengturayev/Downloads/shopbot/.venv/lib/python3.13/site-packages/aiogram/dispatcher/event/telegram.py", line 121, in trigger
    return await wrapped_inner(event, kwargs)
           ^^^^^^^^^^^^^^^^^^^^^^^^^^^^^^^^^^
  File "/Users/mehriddinmengturayev/Downloads/shopbot/.venv/lib/python3.13/site-packages/aiogram/dispatcher/event/handler.py", line 43, in call
    return await wrapped()
           ^^^^^^^^^^^^^^^
  File "/Users/mehriddinmengturayev/Downloads/shopbot/app/handlers/user/shop.py", line 60, in open_shop
    views = await service.list_shop()
            ^^^^^^^^^^^^^^^^^^^^^^^^^
  File "/Users/mehriddinmengturayev/Downloads/shopbot/app/services/product_service.py", line 28, in list_shop
    items = await self.products.list_visible()
            ^^^^^^^^^^^^^^^^^^^^^^^^^^^^^^^^^^
  File "/Users/mehriddinmengturayev/Downloads/shopbot/app/repositories/product_repo.py", line 16, in list_visible
    result = await self.session.execute(
             ^^^^^^^^^^^^^^^^^^^^^^^^^^^
    ...<3 lines>...
    )
    ^
  File "/Users/mehriddinmengturayev/Downloads/shopbot/.venv/lib/python3.13/site-packages/sqlalchemy/ext/asyncio/session.py", line 461, in execute
    result = await greenlet_spawn(
             ^^^^^^^^^^^^^^^^^^^^^
    ...<6 lines>...
    )
    ^
  File "/Users/mehriddinmengturayev/Downloads/shopbot/.venv/lib/python3.13/site-packages/sqlalchemy/util/_concurrency_py3k.py", line 201, in greenlet_spawn
    result = context.throw(*sys.exc_info())
  File "/Users/mehriddinmengturayev/Downloads/shopbot/.venv/lib/python3.13/site-packages/sqlalchemy/orm/session.py", line 2362, in execute
    return self._execute_internal(
           ~~~~~~~~~~~~~~~~~~~~~~^
        statement,
        ^^^^^^^^^^
    ...<4 lines>...
        _add_event=_add_event,
        ^^^^^^^^^^^^^^^^^^^^^^
    )
    ^
  File "/Users/mehriddinmengturayev/Downloads/shopbot/.venv/lib/python3.13/site-packages/sqlalchemy/orm/session.py", line 2247, in _execute_internal
    result: Result[Any] = compile_state_cls.orm_execute_statement(
                          ~~~~~~~~~~~~~~~~~~~~~~~~~~~~~~~~~~~~~~~^
        self,
        ^^^^^
    ...<4 lines>...
        conn,
        ^^^^^
    )
    ^
  File "/Users/mehriddinmengturayev/Downloads/shopbot/.venv/lib/python3.13/site-packages/sqlalchemy/orm/context.py", line 305, in orm_execute_statement
    result = conn.execute(
        statement, params or {}, execution_options=execution_options
    )
  File "/Users/mehriddinmengturayev/Downloads/shopbot/.venv/lib/python3.13/site-packages/sqlalchemy/engine/base.py", line 1418, in execute
    return meth(
        self,
        distilled_parameters,
        execution_options or NO_OPTIONS,
    )
  File "/Users/mehriddinmengturayev/Downloads/shopbot/.venv/lib/python3.13/site-packages/sqlalchemy/sql/elements.py", line 515, in _execute_on_connection
    return connection._execute_clauseelement(
           ~~~~~~~~~~~~~~~~~~~~~~~~~~~~~~~~~^
        self, distilled_params, execution_options
        ^^^^^^^^^^^^^^^^^^^^^^^^^^^^^^^^^^^^^^^^^
    )
    ^
  File "/Users/mehriddinmengturayev/Downloads/shopbot/.venv/lib/python3.13/site-packages/sqlalchemy/engine/base.py", line 1640, in _execute_clauseelement
    ret = self._execute_context(
        dialect,
    ...<8 lines>...
        cache_hit=cache_hit,
    )
  File "/Users/mehriddinmengturayev/Downloads/shopbot/.venv/lib/python3.13/site-packages/sqlalchemy/engine/base.py", line 1846, in _execute_context
    return self._exec_single_context(
           ~~~~~~~~~~~~~~~~~~~~~~~~~^
        dialect, context, statement, parameters
        ^^^^^^^^^^^^^^^^^^^^^^^^^^^^^^^^^^^^^^^
    )
    ^
  File "/Users/mehriddinmengturayev/Downloads/shopbot/.venv/lib/python3.13/site-packages/sqlalchemy/engine/base.py", line 1986, in _exec_single_context
    self._handle_dbapi_exception(
    ~~~~~~~~~~~~~~~~~~~~~~~~~~~~^
        e, str_statement, effective_parameters, cursor, context
        ^^^^^^^^^^^^^^^^^^^^^^^^^^^^^^^^^^^^^^^^^^^^^^^^^^^^^^^
    )
    ^
  File "/Users/mehriddinmengturayev/Downloads/shopbot/.venv/lib/python3.13/site-packages/sqlalchemy/engine/base.py", line 2355, in _handle_dbapi_exception
    raise sqlalchemy_exception.with_traceback(exc_info[2]) from e
  File "/Users/mehriddinmengturayev/Downloads/shopbot/.venv/lib/python3.13/site-packages/sqlalchemy/engine/base.py", line 1967, in _exec_single_context
    self.dialect.do_execute(
    ~~~~~~~~~~~~~~~~~~~~~~~^
        cursor, str_statement, effective_parameters, context
        ^^^^^^^^^^^^^^^^^^^^^^^^^^^^^^^^^^^^^^^^^^^^^^^^^^^^
    )
    ^
  File "/Users/mehriddinmengturayev/Downloads/shopbot/.venv/lib/python3.13/site-packages/sqlalchemy/engine/default.py", line 941, in do_execute
    cursor.execute(statement, parameters)
    ~~~~~~~~~~~~~~^^^^^^^^^^^^^^^^^^^^^^^
  File "/Users/mehriddinmengturayev/Downloads/shopbot/.venv/lib/python3.13/site-packages/sqlalchemy/dialects/sqlite/aiosqlite.py", line 147, in execute
    self._adapt_connection._handle_exception(error)
    ~~~~~~~~~~~~~~~~~~~~~~~~~~~~~~~~~~~~~~~~^^^^^^^
  File "/Users/mehriddinmengturayev/Downloads/shopbot/.venv/lib/python3.13/site-packages/sqlalchemy/dialects/sqlite/aiosqlite.py", line 298, in _handle_exception
    raise error
  File "/Users/mehriddinmengturayev/Downloads/shopbot/.venv/lib/python3.13/site-packages/sqlalchemy/dialects/sqlite/aiosqlite.py", line 129, in execute
    self.await_(_cursor.execute(operation, parameters))
    ~~~~~~~~~~~^^^^^^^^^^^^^^^^^^^^^^^^^^^^^^^^^^^^^^^^
  File "/Users/mehriddinmengturayev/Downloads/shopbot/.venv/lib/python3.13/site-packages/sqlalchemy/util/_concurrency_py3k.py", line 132, in await_only
    return current.parent.switch(awaitable)  # type: ignore[no-any-return,attr-defined] # noqa: E501
           ~~~~~~~~~~~~~~~~~~~~~^^^^^^^^^^^
  File "/Users/mehriddinmengturayev/Downloads/shopbot/.venv/lib/python3.13/site-packages/sqlalchemy/util/_concurrency_py3k.py", line 196, in greenlet_spawn
    value = await result
            ^^^^^^^^^^^^
  File "/Users/mehriddinmengturayev/Downloads/shopbot/.venv/lib/python3.13/site-packages/aiosqlite/cursor.py", line 48, in execute
    await self._execute(self._cursor.execute, sql, parameters)
  File "/Users/mehriddinmengturayev/Downloads/shopbot/.venv/lib/python3.13/site-packages/aiosqlite/cursor.py", line 40, in _execute
    return await self._conn._execute(fn, *args, **kwargs)
           ^^^^^^^^^^^^^^^^^^^^^^^^^^^^^^^^^^^^^^^^^^^^^^
  File "/Users/mehriddinmengturayev/Downloads/shopbot/.venv/lib/python3.13/site-packages/aiosqlite/core.py", line 132, in _execute
    return await future
           ^^^^^^^^^^^^
  File "/Users/mehriddinmengturayev/Downloads/shopbot/.venv/lib/python3.13/site-packages/aiosqlite/core.py", line 115, in run
    result = function()
sqlalchemy.exc.OperationalError: (sqlite3.OperationalError) no such column: products.price_usd
[SQL: SELECT products.id, products.name, products.emoji, products.description, products.price, products.currency, products.price_usd, products.image_file_id, products.delivery_mode, products.provider_key, products.manual_delivery_hint, products.payment_instructions, products.is_visible, products.sort_order, products.created_at, products.updated_at 
FROM products 
WHERE products.is_visible IS 1 ORDER BY products.sort_order, products.id]
(Background on this error at: https://sqlalche.me/e/20/e3q8)
2026-07-30 20:45:01,315 | INFO     | aiogram.event | Update id=883467305 is handled. Duration 16 ms by bot id=8591349938
2026-07-30 20:45:03,192 | ERROR    | app.middlewares.error_handling | Unhandled exception while processing update
Traceback (most recent call last):
  File "/Users/mehriddinmengturayev/Downloads/shopbot/.venv/lib/python3.13/site-packages/sqlalchemy/engine/base.py", line 1967, in _exec_single_context
    self.dialect.do_execute(
    ~~~~~~~~~~~~~~~~~~~~~~~^
        cursor, str_statement, effective_parameters, context
        ^^^^^^^^^^^^^^^^^^^^^^^^^^^^^^^^^^^^^^^^^^^^^^^^^^^^
    )
    ^
  File "/Users/mehriddinmengturayev/Downloads/shopbot/.venv/lib/python3.13/site-packages/sqlalchemy/engine/default.py", line 941, in do_execute
    cursor.execute(statement, parameters)
    ~~~~~~~~~~~~~~^^^^^^^^^^^^^^^^^^^^^^^
  File "/Users/mehriddinmengturayev/Downloads/shopbot/.venv/lib/python3.13/site-packages/sqlalchemy/dialects/sqlite/aiosqlite.py", line 147, in execute
    self._adapt_connection._handle_exception(error)
    ~~~~~~~~~~~~~~~~~~~~~~~~~~~~~~~~~~~~~~~~^^^^^^^
  File "/Users/mehriddinmengturayev/Downloads/shopbot/.venv/lib/python3.13/site-packages/sqlalchemy/dialects/sqlite/aiosqlite.py", line 298, in _handle_exception
    raise error
  File "/Users/mehriddinmengturayev/Downloads/shopbot/.venv/lib/python3.13/site-packages/sqlalchemy/dialects/sqlite/aiosqlite.py", line 129, in execute
    self.await_(_cursor.execute(operation, parameters))
    ~~~~~~~~~~~^^^^^^^^^^^^^^^^^^^^^^^^^^^^^^^^^^^^^^^^
  File "/Users/mehriddinmengturayev/Downloads/shopbot/.venv/lib/python3.13/site-packages/sqlalchemy/util/_concurrency_py3k.py", line 132, in await_only
    return current.parent.switch(awaitable)  # type: ignore[no-any-return,attr-defined] # noqa: E501
           ~~~~~~~~~~~~~~~~~~~~~^^^^^^^^^^^
  File "/Users/mehriddinmengturayev/Downloads/shopbot/.venv/lib/python3.13/site-packages/sqlalchemy/util/_concurrency_py3k.py", line 196, in greenlet_spawn
    value = await result
            ^^^^^^^^^^^^
  File "/Users/mehriddinmengturayev/Downloads/shopbot/.venv/lib/python3.13/site-packages/aiosqlite/cursor.py", line 48, in execute
    await self._execute(self._cursor.execute, sql, parameters)
  File "/Users/mehriddinmengturayev/Downloads/shopbot/.venv/lib/python3.13/site-packages/aiosqlite/cursor.py", line 40, in _execute
    return await self._conn._execute(fn, *args, **kwargs)
           ^^^^^^^^^^^^^^^^^^^^^^^^^^^^^^^^^^^^^^^^^^^^^^
  File "/Users/mehriddinmengturayev/Downloads/shopbot/.venv/lib/python3.13/site-packages/aiosqlite/core.py", line 132, in _execute
    return await future
           ^^^^^^^^^^^^
  File "/Users/mehriddinmengturayev/Downloads/shopbot/.venv/lib/python3.13/site-packages/aiosqlite/core.py", line 115, in run
    result = function()
sqlite3.OperationalError: no such column: orders.payment_method

The above exception was the direct cause of the following exception:

Traceback (most recent call last):
  File "/Users/mehriddinmengturayev/Downloads/shopbot/app/middlewares/error_handling.py", line 33, in __call__
    return await handler(event, data)
           ^^^^^^^^^^^^^^^^^^^^^^^^^^
  File "/Users/mehriddinmengturayev/Downloads/shopbot/app/middlewares/throttling.py", line 40, in __call__
    return await handler(event, data)
           ^^^^^^^^^^^^^^^^^^^^^^^^^^
  File "/Users/mehriddinmengturayev/Downloads/shopbot/app/middlewares/db_session.py", line 27, in __call__
    return await handler(event, data)
           ^^^^^^^^^^^^^^^^^^^^^^^^^^
  File "/Users/mehriddinmengturayev/Downloads/shopbot/app/middlewares/user_context.py", line 41, in __call__
    return await handler(event, data)
           ^^^^^^^^^^^^^^^^^^^^^^^^^^
  File "/Users/mehriddinmengturayev/Downloads/shopbot/.venv/lib/python3.13/site-packages/aiogram/dispatcher/event/telegram.py", line 121, in trigger
    return await wrapped_inner(event, kwargs)
           ^^^^^^^^^^^^^^^^^^^^^^^^^^^^^^^^^^
  File "/Users/mehriddinmengturayev/Downloads/shopbot/.venv/lib/python3.13/site-packages/aiogram/dispatcher/event/handler.py", line 43, in call
    return await wrapped()
           ^^^^^^^^^^^^^^^
  File "/Users/mehriddinmengturayev/Downloads/shopbot/.venv/lib/python3.13/site-packages/aiogram/dispatcher/dispatcher.py", line 276, in _listen_update
    return await self.propagate_event(update_type=update_type, event=event, **kwargs)
           ^^^^^^^^^^^^^^^^^^^^^^^^^^^^^^^^^^^^^^^^^^^^^^^^^^^^^^^^^^^^^^^^^^^^^^^^^^
  File "/Users/mehriddinmengturayev/Downloads/shopbot/.venv/lib/python3.13/site-packages/aiogram/dispatcher/router.py", line 146, in propagate_event
    return await observer.wrap_outer_middleware(_wrapped, event=event, data=kwargs)
           ^^^^^^^^^^^^^^^^^^^^^^^^^^^^^^^^^^^^^^^^^^^^^^^^^^^^^^^^^^^^^^^^^^^^^^^^
  File "/Users/mehriddinmengturayev/Downloads/shopbot/.venv/lib/python3.13/site-packages/aiogram/dispatcher/router.py", line 141, in _wrapped
    return await self._propagate_event(
           ^^^^^^^^^^^^^^^^^^^^^^^^^^^^
        observer=observer, update_type=update_type, event=telegram_event, **data
        ^^^^^^^^^^^^^^^^^^^^^^^^^^^^^^^^^^^^^^^^^^^^^^^^^^^^^^^^^^^^^^^^^^^^^^^^
    )
    ^
  File "/Users/mehriddinmengturayev/Downloads/shopbot/.venv/lib/python3.13/site-packages/aiogram/dispatcher/router.py", line 174, in _propagate_event
    response = await router.propagate_event(update_type=update_type, event=event, **kwargs)
               ^^^^^^^^^^^^^^^^^^^^^^^^^^^^^^^^^^^^^^^^^^^^^^^^^^^^^^^^^^^^^^^^^^^^^^^^^^^^
  File "/Users/mehriddinmengturayev/Downloads/shopbot/.venv/lib/python3.13/site-packages/aiogram/dispatcher/router.py", line 146, in propagate_event
    return await observer.wrap_outer_middleware(_wrapped, event=event, data=kwargs)
           ^^^^^^^^^^^^^^^^^^^^^^^^^^^^^^^^^^^^^^^^^^^^^^^^^^^^^^^^^^^^^^^^^^^^^^^^
  File "/Users/mehriddinmengturayev/Downloads/shopbot/.venv/lib/python3.13/site-packages/aiogram/dispatcher/router.py", line 141, in _wrapped
    return await self._propagate_event(
           ^^^^^^^^^^^^^^^^^^^^^^^^^^^^
        observer=observer, update_type=update_type, event=telegram_event, **data
        ^^^^^^^^^^^^^^^^^^^^^^^^^^^^^^^^^^^^^^^^^^^^^^^^^^^^^^^^^^^^^^^^^^^^^^^^
    )
    ^
  File "/Users/mehriddinmengturayev/Downloads/shopbot/.venv/lib/python3.13/site-packages/aiogram/dispatcher/router.py", line 174, in _propagate_event
    response = await router.propagate_event(update_type=update_type, event=event, **kwargs)
               ^^^^^^^^^^^^^^^^^^^^^^^^^^^^^^^^^^^^^^^^^^^^^^^^^^^^^^^^^^^^^^^^^^^^^^^^^^^^
  File "/Users/mehriddinmengturayev/Downloads/shopbot/.venv/lib/python3.13/site-packages/aiogram/dispatcher/router.py", line 146, in propagate_event
    return await observer.wrap_outer_middleware(_wrapped, event=event, data=kwargs)
           ^^^^^^^^^^^^^^^^^^^^^^^^^^^^^^^^^^^^^^^^^^^^^^^^^^^^^^^^^^^^^^^^^^^^^^^^
  File "/Users/mehriddinmengturayev/Downloads/shopbot/.venv/lib/python3.13/site-packages/aiogram/dispatcher/router.py", line 141, in _wrapped
    return await self._propagate_event(
           ^^^^^^^^^^^^^^^^^^^^^^^^^^^^
        observer=observer, update_type=update_type, event=telegram_event, **data
        ^^^^^^^^^^^^^^^^^^^^^^^^^^^^^^^^^^^^^^^^^^^^^^^^^^^^^^^^^^^^^^^^^^^^^^^^
    )
    ^
  File "/Users/mehriddinmengturayev/Downloads/shopbot/.venv/lib/python3.13/site-packages/aiogram/dispatcher/router.py", line 166, in _propagate_event
    response = await observer.trigger(event, **kwargs)
               ^^^^^^^^^^^^^^^^^^^^^^^^^^^^^^^^^^^^^^^
  File "/Users/mehriddinmengturayev/Downloads/shopbot/.venv/lib/python3.13/site-packages/aiogram/dispatcher/event/telegram.py", line 121, in trigger
    return await wrapped_inner(event, kwargs)
           ^^^^^^^^^^^^^^^^^^^^^^^^^^^^^^^^^^
  File "/Users/mehriddinmengturayev/Downloads/shopbot/.venv/lib/python3.13/site-packages/aiogram/dispatcher/event/handler.py", line 43, in call
    return await wrapped()
           ^^^^^^^^^^^^^^^
  File "/Users/mehriddinmengturayev/Downloads/shopbot/app/handlers/user/orders.py", line 17, in my_orders
    orders = await OrderRepository(session).list_by_user(user.id)
             ^^^^^^^^^^^^^^^^^^^^^^^^^^^^^^^^^^^^^^^^^^^^^^^^^^^^
  File "/Users/mehriddinmengturayev/Downloads/shopbot/app/repositories/order_repo.py", line 74, in list_by_user
    result = await self.session.execute(
             ^^^^^^^^^^^^^^^^^^^^^^^^^^^
    ...<5 lines>...
    )
    ^
  File "/Users/mehriddinmengturayev/Downloads/shopbot/.venv/lib/python3.13/site-packages/sqlalchemy/ext/asyncio/session.py", line 461, in execute
    result = await greenlet_spawn(
             ^^^^^^^^^^^^^^^^^^^^^
    ...<6 lines>...
    )
    ^
  File "/Users/mehriddinmengturayev/Downloads/shopbot/.venv/lib/python3.13/site-packages/sqlalchemy/util/_concurrency_py3k.py", line 201, in greenlet_spawn
    result = context.throw(*sys.exc_info())
  File "/Users/mehriddinmengturayev/Downloads/shopbot/.venv/lib/python3.13/site-packages/sqlalchemy/orm/session.py", line 2362, in execute
    return self._execute_internal(
           ~~~~~~~~~~~~~~~~~~~~~~^
        statement,
        ^^^^^^^^^^
    ...<4 lines>...
        _add_event=_add_event,
        ^^^^^^^^^^^^^^^^^^^^^^
    )
    ^
  File "/Users/mehriddinmengturayev/Downloads/shopbot/.venv/lib/python3.13/site-packages/sqlalchemy/orm/session.py", line 2247, in _execute_internal
    result: Result[Any] = compile_state_cls.orm_execute_statement(
                          ~~~~~~~~~~~~~~~~~~~~~~~~~~~~~~~~~~~~~~~^
        self,
        ^^^^^
    ...<4 lines>...
        conn,
        ^^^^^
    )
    ^
  File "/Users/mehriddinmengturayev/Downloads/shopbot/.venv/lib/python3.13/site-packages/sqlalchemy/orm/context.py", line 305, in orm_execute_statement
    result = conn.execute(
        statement, params or {}, execution_options=execution_options
    )
  File "/Users/mehriddinmengturayev/Downloads/shopbot/.venv/lib/python3.13/site-packages/sqlalchemy/engine/base.py", line 1418, in execute
    return meth(
        self,
        distilled_parameters,
        execution_options or NO_OPTIONS,
    )
  File "/Users/mehriddinmengturayev/Downloads/shopbot/.venv/lib/python3.13/site-packages/sqlalchemy/sql/elements.py", line 515, in _execute_on_connection
    return connection._execute_clauseelement(
           ~~~~~~~~~~~~~~~~~~~~~~~~~~~~~~~~~^
        self, distilled_params, execution_options
        ^^^^^^^^^^^^^^^^^^^^^^^^^^^^^^^^^^^^^^^^^
    )
    ^
  File "/Users/mehriddinmengturayev/Downloads/shopbot/.venv/lib/python3.13/site-packages/sqlalchemy/engine/base.py", line 1640, in _execute_clauseelement
    ret = self._execute_context(
        dialect,
    ...<8 lines>...
        cache_hit=cache_hit,
    )
  File "/Users/mehriddinmengturayev/Downloads/shopbot/.venv/lib/python3.13/site-packages/sqlalchemy/engine/base.py", line 1846, in _execute_context
    return self._exec_single_context(
           ~~~~~~~~~~~~~~~~~~~~~~~~~^
        dialect, context, statement, parameters
        ^^^^^^^^^^^^^^^^^^^^^^^^^^^^^^^^^^^^^^^
    )
    ^
  File "/Users/mehriddinmengturayev/Downloads/shopbot/.venv/lib/python3.13/site-packages/sqlalchemy/engine/base.py", line 1986, in _exec_single_context
    self._handle_dbapi_exception(
    ~~~~~~~~~~~~~~~~~~~~~~~~~~~~^
        e, str_statement, effective_parameters, cursor, context
        ^^^^^^^^^^^^^^^^^^^^^^^^^^^^^^^^^^^^^^^^^^^^^^^^^^^^^^^
    )
    ^
  File "/Users/mehriddinmengturayev/Downloads/shopbot/.venv/lib/python3.13/site-packages/sqlalchemy/engine/base.py", line 2355, in _handle_dbapi_exception
    raise sqlalchemy_exception.with_traceback(exc_info[2]) from e
  File "/Users/mehriddinmengturayev/Downloads/shopbot/.venv/lib/python3.13/site-packages/sqlalchemy/engine/base.py", line 1967, in _exec_single_context
    self.dialect.do_execute(
    ~~~~~~~~~~~~~~~~~~~~~~~^
        cursor, str_statement, effective_parameters, context
        ^^^^^^^^^^^^^^^^^^^^^^^^^^^^^^^^^^^^^^^^^^^^^^^^^^^^
    )
    ^
  File "/Users/mehriddinmengturayev/Downloads/shopbot/.venv/lib/python3.13/site-packages/sqlalchemy/engine/default.py", line 941, in do_execute
    cursor.execute(statement, parameters)
    ~~~~~~~~~~~~~~^^^^^^^^^^^^^^^^^^^^^^^
  File "/Users/mehriddinmengturayev/Downloads/shopbot/.venv/lib/python3.13/site-packages/sqlalchemy/dialects/sqlite/aiosqlite.py", line 147, in execute
    self._adapt_connection._handle_exception(error)
    ~~~~~~~~~~~~~~~~~~~~~~~~~~~~~~~~~~~~~~~~^^^^^^^
  File "/Users/mehriddinmengturayev/Downloads/shopbot/.venv/lib/python3.13/site-packages/sqlalchemy/dialects/sqlite/aiosqlite.py", line 298, in _handle_exception
    raise error
  File "/Users/mehriddinmengturayev/Downloads/shopbot/.venv/lib/python3.13/site-packages/sqlalchemy/dialects/sqlite/aiosqlite.py", line 129, in execute
    self.await_(_cursor.execute(operation, parameters))
    ~~~~~~~~~~~^^^^^^^^^^^^^^^^^^^^^^^^^^^^^^^^^^^^^^^^
  File "/Users/mehriddinmengturayev/Downloads/shopbot/.venv/lib/python3.13/site-packages/sqlalchemy/util/_concurrency_py3k.py", line 132, in await_only
    return current.parent.switch(awaitable)  # type: ignore[no-any-return,attr-defined] # noqa: E501
           ~~~~~~~~~~~~~~~~~~~~~^^^^^^^^^^^
  File "/Users/mehriddinmengturayev/Downloads/shopbot/.venv/lib/python3.13/site-packages/sqlalchemy/util/_concurrency_py3k.py", line 196, in greenlet_spawn
    value = await result
            ^^^^^^^^^^^^
  File "/Users/mehriddinmengturayev/Downloads/shopbot/.venv/lib/python3.13/site-packages/aiosqlite/cursor.py", line 48, in execute
    await self._execute(self._cursor.execute, sql, parameters)
  File "/Users/mehriddinmengturayev/Downloads/shopbot/.venv/lib/python3.13/site-packages/aiosqlite/cursor.py", line 40, in _execute
    return await self._conn._execute(fn, *args, **kwargs)
           ^^^^^^^^^^^^^^^^^^^^^^^^^^^^^^^^^^^^^^^^^^^^^^
  File "/Users/mehriddinmengturayev/Downloads/shopbot/.venv/lib/python3.13/site-packages/aiosqlite/core.py", line 132, in _execute
    return await future
           ^^^^^^^^^^^^
  File "/Users/mehriddinmengturayev/Downloads/shopbot/.venv/lib/python3.13/site-packages/aiosqlite/core.py", line 115, in run
    result = function()
sqlalchemy.exc.OperationalError: (sqlite3.OperationalError) no such column: orders.payment_method
[SQL: SELECT orders.id, orders.order_uuid, orders.user_id, orders.product_id, orders.price_at_purchase, orders.currency, orders.status, orders.payment_method, orders.crypto_provider, orders.crypto_invoice_id, orders.crypto_pay_url, orders.decided_by_admin_id, orders.decided_at, orders.rejection_reason, orders.delivered_payload, orders.delivered_at, orders.created_at, orders.updated_at 
FROM orders 
WHERE orders.user_id = ? ORDER BY orders.id DESC
 LIMIT ? OFFSET ?]
[parameters: (1, 20, 0)]
(Background on this error at: https://sqlalche.me/e/20/e3q8)
2026-07-30 20:45:03,199 | INFO     | aiogram.event | Update id=883467306 is handled. Duration 16 ms by bot id=8591349938
2026-07-30 20:45:07,330 | INFO     | aiogram.event | Update id=883467307 is handled. Duration 1476 ms by bot id=8591349938
2026-07-30 20:45:18,313 | ERROR    | providers | Crypto poller iteration failed
Traceback (most recent call last):
  File "/Users/mehriddinmengturayev/Downloads/shopbot/.venv/lib/python3.13/site-packages/sqlalchemy/engine/base.py", line 1967, in _exec_single_context
    self.dialect.do_execute(
    ~~~~~~~~~~~~~~~~~~~~~~~^
        cursor, str_statement, effective_parameters, context
        ^^^^^^^^^^^^^^^^^^^^^^^^^^^^^^^^^^^^^^^^^^^^^^^^^^^^
    )
    ^
  File "/Users/mehriddinmengturayev/Downloads/shopbot/.venv/lib/python3.13/site-packages/sqlalchemy/engine/default.py", line 941, in do_execute
    cursor.execute(statement, parameters)
    ~~~~~~~~~~~~~~^^^^^^^^^^^^^^^^^^^^^^^
  File "/Users/mehriddinmengturayev/Downloads/shopbot/.venv/lib/python3.13/site-packages/sqlalchemy/dialects/sqlite/aiosqlite.py", line 147, in execute
    self._adapt_connection._handle_exception(error)
    ~~~~~~~~~~~~~~~~~~~~~~~~~~~~~~~~~~~~~~~~^^^^^^^
  File "/Users/mehriddinmengturayev/Downloads/shopbot/.venv/lib/python3.13/site-packages/sqlalchemy/dialects/sqlite/aiosqlite.py", line 298, in _handle_exception
    raise error
  File "/Users/mehriddinmengturayev/Downloads/shopbot/.venv/lib/python3.13/site-packages/sqlalchemy/dialects/sqlite/aiosqlite.py", line 129, in execute
    self.await_(_cursor.execute(operation, parameters))
    ~~~~~~~~~~~^^^^^^^^^^^^^^^^^^^^^^^^^^^^^^^^^^^^^^^^
  File "/Users/mehriddinmengturayev/Downloads/shopbot/.venv/lib/python3.13/site-packages/sqlalchemy/util/_concurrency_py3k.py", line 132, in await_only
    return current.parent.switch(awaitable)  # type: ignore[no-any-return,attr-defined] # noqa: E501
           ~~~~~~~~~~~~~~~~~~~~~^^^^^^^^^^^
  File "/Users/mehriddinmengturayev/Downloads/shopbot/.venv/lib/python3.13/site-packages/sqlalchemy/util/_concurrency_py3k.py", line 196, in greenlet_spawn
    value = await result
            ^^^^^^^^^^^^
  File "/Users/mehriddinmengturayev/Downloads/shopbot/.venv/lib/python3.13/site-packages/aiosqlite/cursor.py", line 48, in execute
    await self._execute(self._cursor.execute, sql, parameters)
  File "/Users/mehriddinmengturayev/Downloads/shopbot/.venv/lib/python3.13/site-packages/aiosqlite/cursor.py", line 40, in _execute
    return await self._conn._execute(fn, *args, **kwargs)
           ^^^^^^^^^^^^^^^^^^^^^^^^^^^^^^^^^^^^^^^^^^^^^^
  File "/Users/mehriddinmengturayev/Downloads/shopbot/.venv/lib/python3.13/site-packages/aiosqlite/core.py", line 132, in _execute
    return await future
           ^^^^^^^^^^^^
  File "/Users/mehriddinmengturayev/Downloads/shopbot/.venv/lib/python3.13/site-packages/aiosqlite/core.py", line 115, in run
    result = function()
sqlite3.OperationalError: no such column: orders.payment_method

The above exception was the direct cause of the following exception:

Traceback (most recent call last):
  File "/Users/mehriddinmengturayev/Downloads/shopbot/app/services/crypto_poller.py", line 33, in crypto_poller_loop
    await _poll_once(bot)
  File "/Users/mehriddinmengturayev/Downloads/shopbot/app/services/crypto_poller.py", line 44, in _poll_once
    pending = await orders_repo.list_awaiting_crypto_payment()
              ^^^^^^^^^^^^^^^^^^^^^^^^^^^^^^^^^^^^^^^^^^^^^^^^
  File "/Users/mehriddinmengturayev/Downloads/shopbot/app/repositories/order_repo.py", line 47, in list_awaiting_crypto_payment
    result = await self.session.execute(
             ^^^^^^^^^^^^^^^^^^^^^^^^^^^
    ...<3 lines>...
    )
    ^
  File "/Users/mehriddinmengturayev/Downloads/shopbot/.venv/lib/python3.13/site-packages/sqlalchemy/ext/asyncio/session.py", line 461, in execute
    result = await greenlet_spawn(
             ^^^^^^^^^^^^^^^^^^^^^
    ...<6 lines>...
    )
    ^
  File "/Users/mehriddinmengturayev/Downloads/shopbot/.venv/lib/python3.13/site-packages/sqlalchemy/util/_concurrency_py3k.py", line 201, in greenlet_spawn
    result = context.throw(*sys.exc_info())
  File "/Users/mehriddinmengturayev/Downloads/shopbot/.venv/lib/python3.13/site-packages/sqlalchemy/orm/session.py", line 2362, in execute
    return self._execute_internal(
           ~~~~~~~~~~~~~~~~~~~~~~^
        statement,
        ^^^^^^^^^^
    ...<4 lines>...
        _add_event=_add_event,
        ^^^^^^^^^^^^^^^^^^^^^^
    )
    ^
  File "/Users/mehriddinmengturayev/Downloads/shopbot/.venv/lib/python3.13/site-packages/sqlalchemy/orm/session.py", line 2247, in _execute_internal
    result: Result[Any] = compile_state_cls.orm_execute_statement(
                          ~~~~~~~~~~~~~~~~~~~~~~~~~~~~~~~~~~~~~~~^
        self,
        ^^^^^
    ...<4 lines>...
        conn,
        ^^^^^
    )
    ^
  File "/Users/mehriddinmengturayev/Downloads/shopbot/.venv/lib/python3.13/site-packages/sqlalchemy/orm/context.py", line 305, in orm_execute_statement
    result = conn.execute(
        statement, params or {}, execution_options=execution_options
    )
  File "/Users/mehriddinmengturayev/Downloads/shopbot/.venv/lib/python3.13/site-packages/sqlalchemy/engine/base.py", line 1418, in execute
    return meth(
        self,
        distilled_parameters,
        execution_options or NO_OPTIONS,
    )
  File "/Users/mehriddinmengturayev/Downloads/shopbot/.venv/lib/python3.13/site-packages/sqlalchemy/sql/elements.py", line 515, in _execute_on_connection
    return connection._execute_clauseelement(
           ~~~~~~~~~~~~~~~~~~~~~~~~~~~~~~~~~^
        self, distilled_params, execution_options
        ^^^^^^^^^^^^^^^^^^^^^^^^^^^^^^^^^^^^^^^^^
    )
    ^
  File "/Users/mehriddinmengturayev/Downloads/shopbot/.venv/lib/python3.13/site-packages/sqlalchemy/engine/base.py", line 1640, in _execute_clauseelement
    ret = self._execute_context(
        dialect,
    ...<8 lines>...
        cache_hit=cache_hit,
    )
  File "/Users/mehriddinmengturayev/Downloads/shopbot/.venv/lib/python3.13/site-packages/sqlalchemy/engine/base.py", line 1846, in _execute_context
    return self._exec_single_context(
           ~~~~~~~~~~~~~~~~~~~~~~~~~^
        dialect, context, statement, parameters
        ^^^^^^^^^^^^^^^^^^^^^^^^^^^^^^^^^^^^^^^
    )
    ^
  File "/Users/mehriddinmengturayev/Downloads/shopbot/.venv/lib/python3.13/site-packages/sqlalchemy/engine/base.py", line 1986, in _exec_single_context
    self._handle_dbapi_exception(
    ~~~~~~~~~~~~~~~~~~~~~~~~~~~~^
        e, str_statement, effective_parameters, cursor, context
        ^^^^^^^^^^^^^^^^^^^^^^^^^^^^^^^^^^^^^^^^^^^^^^^^^^^^^^^
    )
    ^
  File "/Users/mehriddinmengturayev/Downloads/shopbot/.venv/lib/python3.13/site-packages/sqlalchemy/engine/base.py", line 2355, in _handle_dbapi_exception
    raise sqlalchemy_exception.with_traceback(exc_info[2]) from e
  File "/Users/mehriddinmengturayev/Downloads/shopbot/.venv/lib/python3.13/site-packages/sqlalchemy/engine/base.py", line 1967, in _exec_single_context
    self.dialect.do_execute(
    ~~~~~~~~~~~~~~~~~~~~~~~^
        cursor, str_statement, effective_parameters, context
        ^^^^^^^^^^^^^^^^^^^^^^^^^^^^^^^^^^^^^^^^^^^^^^^^^^^^
    )
    ^
  File "/Users/mehriddinmengturayev/Downloads/shopbot/.venv/lib/python3.13/site-packages/sqlalchemy/engine/default.py", line 941, in do_execute
    cursor.execute(statement, parameters)
    ~~~~~~~~~~~~~~^^^^^^^^^^^^^^^^^^^^^^^
  File "/Users/mehriddinmengturayev/Downloads/shopbot/.venv/lib/python3.13/site-packages/sqlalchemy/dialects/sqlite/aiosqlite.py", line 147, in execute
    self._adapt_connection._handle_exception(error)
    ~~~~~~~~~~~~~~~~~~~~~~~~~~~~~~~~~~~~~~~~^^^^^^^
  File "/Users/mehriddinmengturayev/Downloads/shopbot/.venv/lib/python3.13/site-packages/sqlalchemy/dialects/sqlite/aiosqlite.py", line 298, in _handle_exception
    raise error
  File "/Users/mehriddinmengturayev/Downloads/shopbot/.venv/lib/python3.13/site-packages/sqlalchemy/dialects/sqlite/aiosqlite.py", line 129, in execute
    self.await_(_cursor.execute(operation, parameters))
    ~~~~~~~~~~~^^^^^^^^^^^^^^^^^^^^^^^^^^^^^^^^^^^^^^^^
  File "/Users/mehriddinmengturayev/Downloads/shopbot/.venv/lib/python3.13/site-packages/sqlalchemy/util/_concurrency_py3k.py", line 132, in await_only
    return current.parent.switch(awaitable)  # type: ignore[no-any-return,attr-defined] # noqa: E501
           ~~~~~~~~~~~~~~~~~~~~~^^^^^^^^^^^
  File "/Users/mehriddinmengturayev/Downloads/shopbot/.venv/lib/python3.13/site-packages/sqlalchemy/util/_concurrency_py3k.py", line 196, in greenlet_spawn
    value = await result
            ^^^^^^^^^^^^
  File "/Users/mehriddinmengturayev/Downloads/shopbot/.venv/lib/python3.13/site-packages/aiosqlite/cursor.py", line 48, in execute
    await self._execute(self._cursor.execute, sql, parameters)
  File "/Users/mehriddinmengturayev/Downloads/shopbot/.venv/lib/python3.13/site-packages/aiosqlite/cursor.py", line 40, in _execute
    return await self._conn._execute(fn, *args, **kwargs)
           ^^^^^^^^^^^^^^^^^^^^^^^^^^^^^^^^^^^^^^^^^^^^^^
  File "/Users/mehriddinmengturayev/Downloads/shopbot/.venv/lib/python3.13/site-packages/aiosqlite/core.py", line 132, in _execute
    return await future
           ^^^^^^^^^^^^
  File "/Users/mehriddinmengturayev/Downloads/shopbot/.venv/lib/python3.13/site-packages/aiosqlite/core.py", line 115, in run
    result = function()
sqlalchemy.exc.OperationalError: (sqlite3.OperationalError) no such column: orders.payment_method
[SQL: SELECT orders.id, orders.order_uuid, orders.user_id, orders.product_id, orders.price_at_purchase, orders.currency, orders.status, orders.payment_method, orders.crypto_provider, orders.crypto_invoice_id, orders.crypto_pay_url, orders.decided_by_admin_id, orders.decided_at, orders.rejection_reason, orders.delivered_payload, orders.delivered_at, orders.created_at, orders.updated_at 
FROM orders 
WHERE orders.status = ?]
[parameters: ('AWAITING_CRYPTO_PAYMENT',)]
(Background on this error at: https://sqlalche.me/e/20/e3q8)
2026-07-30 20:45:38,328 | ERROR    | providers | Crypto poller iteration failed
Traceback (most recent call last):
  File "/Users/mehriddinmengturayev/Downloads/shopbot/.venv/lib/python3.13/site-packages/sqlalchemy/engine/base.py", line 1967, in _exec_single_context
    self.dialect.do_execute(
    ~~~~~~~~~~~~~~~~~~~~~~~^
        cursor, str_statement, effective_parameters, context
        ^^^^^^^^^^^^^^^^^^^^^^^^^^^^^^^^^^^^^^^^^^^^^^^^^^^^
    )
    ^
  File "/Users/mehriddinmengturayev/Downloads/shopbot/.venv/lib/python3.13/site-packages/sqlalchemy/engine/default.py", line 941, in do_execute
    cursor.execute(statement, parameters)
    ~~~~~~~~~~~~~~^^^^^^^^^^^^^^^^^^^^^^^
  File "/Users/mehriddinmengturayev/Downloads/shopbot/.venv/lib/python3.13/site-packages/sqlalchemy/dialects/sqlite/aiosqlite.py", line 147, in execute
    self._adapt_connection._handle_exception(error)
    ~~~~~~~~~~~~~~~~~~~~~~~~~~~~~~~~~~~~~~~~^^^^^^^
  File "/Users/mehriddinmengturayev/Downloads/shopbot/.venv/lib/python3.13/site-packages/sqlalchemy/dialects/sqlite/aiosqlite.py", line 298, in _handle_exception
    raise error
  File "/Users/mehriddinmengturayev/Downloads/shopbot/.venv/lib/python3.13/site-packages/sqlalchemy/dialects/sqlite/aiosqlite.py", line 129, in execute
    self.await_(_cursor.execute(operation, parameters))
    ~~~~~~~~~~~^^^^^^^^^^^^^^^^^^^^^^^^^^^^^^^^^^^^^^^^
  File "/Users/mehriddinmengturayev/Downloads/shopbot/.venv/lib/python3.13/site-packages/sqlalchemy/util/_concurrency_py3k.py", line 132, in await_only
    return current.parent.switch(awaitable)  # type: ignore[no-any-return,attr-defined] # noqa: E501
           ~~~~~~~~~~~~~~~~~~~~~^^^^^^^^^^^
  File "/Users/mehriddinmengturayev/Downloads/shopbot/.venv/lib/python3.13/site-packages/sqlalchemy/util/_concurrency_py3k.py", line 196, in greenlet_spawn
    value = await result
            ^^^^^^^^^^^^
  File "/Users/mehriddinmengturayev/Downloads/shopbot/.venv/lib/python3.13/site-packages/aiosqlite/cursor.py", line 48, in execute
    await self._execute(self._cursor.execute, sql, parameters)
  File "/Users/mehriddinmengturayev/Downloads/shopbot/.venv/lib/python3.13/site-packages/aiosqlite/cursor.py", line 40, in _execute
    return await self._conn._execute(fn, *args, **kwargs)
           ^^^^^^^^^^^^^^^^^^^^^^^^^^^^^^^^^^^^^^^^^^^^^^
  File "/Users/mehriddinmengturayev/Downloads/shopbot/.venv/lib/python3.13/site-packages/aiosqlite/core.py", line 132, in _execute
    return await future
           ^^^^^^^^^^^^
  File "/Users/mehriddinmengturayev/Downloads/shopbot/.venv/lib/python3.13/site-packages/aiosqlite/core.py", line 115, in run
    result = function()
sqlite3.OperationalError: no such column: orders.payment_method

The above exception was the direct cause of the following exception:

Traceback (most recent call last):
  File "/Users/mehriddinmengturayev/Downloads/shopbot/app/services/crypto_poller.py", line 33, in crypto_poller_loop
    await _poll_once(bot)
  File "/Users/mehriddinmengturayev/Downloads/shopbot/app/services/crypto_poller.py", line 44, in _poll_once
    pending = await orders_repo.list_awaiting_crypto_payment()
              ^^^^^^^^^^^^^^^^^^^^^^^^^^^^^^^^^^^^^^^^^^^^^^^^
  File "/Users/mehriddinmengturayev/Downloads/shopbot/app/repositories/order_repo.py", line 47, in list_awaiting_crypto_payment
    result = await self.session.execute(
             ^^^^^^^^^^^^^^^^^^^^^^^^^^^
    ...<3 lines>...
    )
    ^
  File "/Users/mehriddinmengturayev/Downloads/shopbot/.venv/lib/python3.13/site-packages/sqlalchemy/ext/asyncio/session.py", line 461, in execute
    result = await greenlet_spawn(
             ^^^^^^^^^^^^^^^^^^^^^
    ...<6 lines>...
    )
    ^
  File "/Users/mehriddinmengturayev/Downloads/shopbot/.venv/lib/python3.13/site-packages/sqlalchemy/util/_concurrency_py3k.py", line 201, in greenlet_spawn
    result = context.throw(*sys.exc_info())
  File "/Users/mehriddinmengturayev/Downloads/shopbot/.venv/lib/python3.13/site-packages/sqlalchemy/orm/session.py", line 2362, in execute
    return self._execute_internal(
           ~~~~~~~~~~~~~~~~~~~~~~^
        statement,
        ^^^^^^^^^^
    ...<4 lines>...
        _add_event=_add_event,
        ^^^^^^^^^^^^^^^^^^^^^^
    )
    ^
  File "/Users/mehriddinmengturayev/Downloads/shopbot/.venv/lib/python3.13/site-packages/sqlalchemy/orm/session.py", line 2247, in _execute_internal
    result: Result[Any] = compile_state_cls.orm_execute_statement(
                          ~~~~~~~~~~~~~~~~~~~~~~~~~~~~~~~~~~~~~~~^
        self,
        ^^^^^
    ...<4 lines>...
        conn,
        ^^^^^
    )
    ^
  File "/Users/mehriddinmengturayev/Downloads/shopbot/.venv/lib/python3.13/site-packages/sqlalchemy/orm/context.py", line 305, in orm_execute_statement
    result = conn.execute(
        statement, params or {}, execution_options=execution_options
    )
  File "/Users/mehriddinmengturayev/Downloads/shopbot/.venv/lib/python3.13/site-packages/sqlalchemy/engine/base.py", line 1418, in execute
    return meth(
        self,
        distilled_parameters,
        execution_options or NO_OPTIONS,
    )
  File "/Users/mehriddinmengturayev/Downloads/shopbot/.venv/lib/python3.13/site-packages/sqlalchemy/sql/elements.py", line 515, in _execute_on_connection
    return connection._execute_clauseelement(
           ~~~~~~~~~~~~~~~~~~~~~~~~~~~~~~~~~^
        self, distilled_params, execution_options
        ^^^^^^^^^^^^^^^^^^^^^^^^^^^^^^^^^^^^^^^^^
    )
    ^
  File "/Users/mehriddinmengturayev/Downloads/shopbot/.venv/lib/python3.13/site-packages/sqlalchemy/engine/base.py", line 1640, in _execute_clauseelement
    ret = self._execute_context(
        dialect,
    ...<8 lines>...
        cache_hit=cache_hit,
    )
  File "/Users/mehriddinmengturayev/Downloads/shopbot/.venv/lib/python3.13/site-packages/sqlalchemy/engine/base.py", line 1846, in _execute_context
    return self._exec_single_context(
           ~~~~~~~~~~~~~~~~~~~~~~~~~^
        dialect, context, statement, parameters
        ^^^^^^^^^^^^^^^^^^^^^^^^^^^^^^^^^^^^^^^
    )
    ^
  File "/Users/mehriddinmengturayev/Downloads/shopbot/.venv/lib/python3.13/site-packages/sqlalchemy/engine/base.py", line 1986, in _exec_single_context
    self._handle_dbapi_exception(
    ~~~~~~~~~~~~~~~~~~~~~~~~~~~~^
        e, str_statement, effective_parameters, cursor, context
        ^^^^^^^^^^^^^^^^^^^^^^^^^^^^^^^^^^^^^^^^^^^^^^^^^^^^^^^
    )
    ^
  File "/Users/mehriddinmengturayev/Downloads/shopbot/.venv/lib/python3.13/site-packages/sqlalchemy/engine/base.py", line 2355, in _handle_dbapi_exception
    raise sqlalchemy_exception.with_traceback(exc_info[2]) from e
  File "/Users/mehriddinmengturayev/Downloads/shopbot/.venv/lib/python3.13/site-packages/sqlalchemy/engine/base.py", line 1967, in _exec_single_context
    self.dialect.do_execute(
    ~~~~~~~~~~~~~~~~~~~~~~~^
        cursor, str_statement, effective_parameters, context
        ^^^^^^^^^^^^^^^^^^^^^^^^^^^^^^^^^^^^^^^^^^^^^^^^^^^^
    )
    ^
  File "/Users/mehriddinmengturayev/Downloads/shopbot/.venv/lib/python3.13/site-packages/sqlalchemy/engine/default.py", line 941, in do_execute
    cursor.execute(statement, parameters)
    ~~~~~~~~~~~~~~^^^^^^^^^^^^^^^^^^^^^^^
  File "/Users/mehriddinmengturayev/Downloads/shopbot/.venv/lib/python3.13/site-packages/sqlalchemy/dialects/sqlite/aiosqlite.py", line 147, in execute
    self._adapt_connection._handle_exception(error)
    ~~~~~~~~~~~~~~~~~~~~~~~~~~~~~~~~~~~~~~~~^^^^^^^
  File "/Users/mehriddinmengturayev/Downloads/shopbot/.venv/lib/python3.13/site-packages/sqlalchemy/dialects/sqlite/aiosqlite.py", line 298, in _handle_exception
    raise error
  File "/Users/mehriddinmengturayev/Downloads/shopbot/.venv/lib/python3.13/site-packages/sqlalchemy/dialects/sqlite/aiosqlite.py", line 129, in execute
    self.await_(_cursor.execute(operation, parameters))
    ~~~~~~~~~~~^^^^^^^^^^^^^^^^^^^^^^^^^^^^^^^^^^^^^^^^
  File "/Users/mehriddinmengturayev/Downloads/shopbot/.venv/lib/python3.13/site-packages/sqlalchemy/util/_concurrency_py3k.py", line 132, in await_only
    return current.parent.switch(awaitable)  # type: ignore[no-any-return,attr-defined] # noqa: E501
           ~~~~~~~~~~~~~~~~~~~~~^^^^^^^^^^^
  File "/Users/mehriddinmengturayev/Downloads/shopbot/.venv/lib/python3.13/site-packages/sqlalchemy/util/_concurrency_py3k.py", line 196, in greenlet_spawn
    value = await result
            ^^^^^^^^^^^^
  File "/Users/mehriddinmengturayev/Downloads/shopbot/.venv/lib/python3.13/site-packages/aiosqlite/cursor.py", line 48, in execute
    await self._execute(self._cursor.execute, sql, parameters)
  File "/Users/mehriddinmengturayev/Downloads/shopbot/.venv/lib/python3.13/site-packages/aiosqlite/cursor.py", line 40, in _execute
    return await self._conn._execute(fn, *args, **kwargs)
           ^^^^^^^^^^^^^^^^^^^^^^^^^^^^^^^^^^^^^^^^^^^^^^
  File "/Users/mehriddinmengturayev/Downloads/shopbot/.venv/lib/python3.13/site-packages/aiosqlite/core.py", line 132, in _execute
    return await future
           ^^^^^^^^^^^^
  File "/Users/mehriddinmengturayev/Downloads/shopbot/.venv/lib/python3.13/site-packages/aiosqlite/core.py", line 115, in run
    result = function()
sqlalchemy.exc.OperationalError: (sqlite3.OperationalError) no such column: orders.payment_method
[SQL: SELECT orders.id, orders.order_uuid, orders.user_id, orders.product_id, orders.price_at_purchase, orders.currency, orders.status, orders.payment_method, orders.crypto_provider, orders.crypto_invoice_id, orders.crypto_pay_url, orders.decided_by_admin_id, orders.decided_at, orders.rejection_reason, orders.delivered_payload, orders.delivered_at, orders.created_at, orders.updated_at 
FROM orders 
WHERE orders.status = ?]
[parameters: ('AWAITING_CRYPTO_PAYMENT',)]
(Background on this error at: https://sqlalche.me/e/20/e3q8)
2026-07-30 20:45:58,346 | ERROR    | providers | Crypto poller iteration failed
Traceback (most recent call last):
  File "/Users/mehriddinmengturayev/Downloads/shopbot/.venv/lib/python3.13/site-packages/sqlalchemy/engine/base.py", line 1967, in _exec_single_context
    self.dialect.do_execute(
    ~~~~~~~~~~~~~~~~~~~~~~~^
        cursor, str_statement, effective_parameters, context
        ^^^^^^^^^^^^^^^^^^^^^^^^^^^^^^^^^^^^^^^^^^^^^^^^^^^^
    )
    ^
  File "/Users/mehriddinmengturayev/Downloads/shopbot/.venv/lib/python3.13/site-packages/sqlalchemy/engine/default.py", line 941, in do_execute
    cursor.execute(statement, parameters)
    ~~~~~~~~~~~~~~^^^^^^^^^^^^^^^^^^^^^^^
  File "/Users/mehriddinmengturayev/Downloads/shopbot/.venv/lib/python3.13/site-packages/sqlalchemy/dialects/sqlite/aiosqlite.py", line 147, in execute
    self._adapt_connection._handle_exception(error)
    ~~~~~~~~~~~~~~~~~~~~~~~~~~~~~~~~~~~~~~~~^^^^^^^
  File "/Users/mehriddinmengturayev/Downloads/shopbot/.venv/lib/python3.13/site-packages/sqlalchemy/dialects/sqlite/aiosqlite.py", line 298, in _handle_exception
    raise error
  File "/Users/mehriddinmengturayev/Downloads/shopbot/.venv/lib/python3.13/site-packages/sqlalchemy/dialects/sqlite/aiosqlite.py", line 129, in execute
    self.await_(_cursor.execute(operation, parameters))
    ~~~~~~~~~~~^^^^^^^^^^^^^^^^^^^^^^^^^^^^^^^^^^^^^^^^
  File "/Users/mehriddinmengturayev/Downloads/shopbot/.venv/lib/python3.13/site-packages/sqlalchemy/util/_concurrency_py3k.py", line 132, in await_only
    return current.parent.switch(awaitable)  # type: ignore[no-any-return,attr-defined] # noqa: E501
           ~~~~~~~~~~~~~~~~~~~~~^^^^^^^^^^^
  File "/Users/mehriddinmengturayev/Downloads/shopbot/.venv/lib/python3.13/site-packages/sqlalchemy/util/_concurrency_py3k.py", line 196, in greenlet_spawn
    value = await result
            ^^^^^^^^^^^^
  File "/Users/mehriddinmengturayev/Downloads/shopbot/.venv/lib/python3.13/site-packages/aiosqlite/cursor.py", line 48, in execute
    await self._execute(self._cursor.execute, sql, parameters)
  File "/Users/mehriddinmengturayev/Downloads/shopbot/.venv/lib/python3.13/site-packages/aiosqlite/cursor.py", line 40, in _execute
    return await self._conn._execute(fn, *args, **kwargs)
           ^^^^^^^^^^^^^^^^^^^^^^^^^^^^^^^^^^^^^^^^^^^^^^
  File "/Users/mehriddinmengturayev/Downloads/shopbot/.venv/lib/python3.13/site-packages/aiosqlite/core.py", line 132, in _execute
    return await future
           ^^^^^^^^^^^^
  File "/Users/mehriddinmengturayev/Downloads/shopbot/.venv/lib/python3.13/site-packages/aiosqlite/core.py", line 115, in run
    result = function()
sqlite3.OperationalError: no such column: orders.payment_method

The above exception was the direct cause of the following exception:

Traceback (most recent call last):
  File "/Users/mehriddinmengturayev/Downloads/shopbot/app/services/crypto_poller.py", line 33, in crypto_poller_loop
    await _poll_once(bot)
  File "/Users/mehriddinmengturayev/Downloads/shopbot/app/services/crypto_poller.py", line 44, in _poll_once
    pending = await orders_repo.list_awaiting_crypto_payment()
              ^^^^^^^^^^^^^^^^^^^^^^^^^^^^^^^^^^^^^^^^^^^^^^^^
  File "/Users/mehriddinmengturayev/Downloads/shopbot/app/repositories/order_repo.py", line 47, in list_awaiting_crypto_payment
    result = await self.session.execute(
             ^^^^^^^^^^^^^^^^^^^^^^^^^^^
    ...<3 lines>...
    )
    ^
  File "/Users/mehriddinmengturayev/Downloads/shopbot/.venv/lib/python3.13/site-packages/sqlalchemy/ext/asyncio/session.py", line 461, in execute
    result = await greenlet_spawn(
             ^^^^^^^^^^^^^^^^^^^^^
    ...<6 lines>...
    )
    ^
  File "/Users/mehriddinmengturayev/Downloads/shopbot/.venv/lib/python3.13/site-packages/sqlalchemy/util/_concurrency_py3k.py", line 201, in greenlet_spawn
    result = context.throw(*sys.exc_info())
  File "/Users/mehriddinmengturayev/Downloads/shopbot/.venv/lib/python3.13/site-packages/sqlalchemy/orm/session.py", line 2362, in execute
    return self._execute_internal(
           ~~~~~~~~~~~~~~~~~~~~~~^
        statement,
        ^^^^^^^^^^
    ...<4 lines>...
        _add_event=_add_event,
        ^^^^^^^^^^^^^^^^^^^^^^
    )
    ^
  File "/Users/mehriddinmengturayev/Downloads/shopbot/.venv/lib/python3.13/site-packages/sqlalchemy/orm/session.py", line 2247, in _execute_internal
    result: Result[Any] = compile_state_cls.orm_execute_statement(
                          ~~~~~~~~~~~~~~~~~~~~~~~~~~~~~~~~~~~~~~~^
        self,
        ^^^^^
    ...<4 lines>...
        conn,
        ^^^^^
    )
    ^
  File "/Users/mehriddinmengturayev/Downloads/shopbot/.venv/lib/python3.13/site-packages/sqlalchemy/orm/context.py", line 305, in orm_execute_statement
    result = conn.execute(
        statement, params or {}, execution_options=execution_options
    )
  File "/Users/mehriddinmengturayev/Downloads/shopbot/.venv/lib/python3.13/site-packages/sqlalchemy/engine/base.py", line 1418, in execute
    return meth(
        self,
        distilled_parameters,
        execution_options or NO_OPTIONS,
    )
  File "/Users/mehriddinmengturayev/Downloads/shopbot/.venv/lib/python3.13/site-packages/sqlalchemy/sql/elements.py", line 515, in _execute_on_connection
    return connection._execute_clauseelement(
           ~~~~~~~~~~~~~~~~~~~~~~~~~~~~~~~~~^
        self, distilled_params, execution_options
        ^^^^^^^^^^^^^^^^^^^^^^^^^^^^^^^^^^^^^^^^^
    )
    ^
  File "/Users/mehriddinmengturayev/Downloads/shopbot/.venv/lib/python3.13/site-packages/sqlalchemy/engine/base.py", line 1640, in _execute_clauseelement
    ret = self._execute_context(
        dialect,
    ...<8 lines>...
        cache_hit=cache_hit,
    )
  File "/Users/mehriddinmengturayev/Downloads/shopbot/.venv/lib/python3.13/site-packages/sqlalchemy/engine/base.py", line 1846, in _execute_context
    return self._exec_single_context(
           ~~~~~~~~~~~~~~~~~~~~~~~~~^
        dialect, context, statement, parameters
        ^^^^^^^^^^^^^^^^^^^^^^^^^^^^^^^^^^^^^^^
    )
    ^
  File "/Users/mehriddinmengturayev/Downloads/shopbot/.venv/lib/python3.13/site-packages/sqlalchemy/engine/base.py", line 1986, in _exec_single_context
    self._handle_dbapi_exception(
    ~~~~~~~~~~~~~~~~~~~~~~~~~~~~^
        e, str_statement, effective_parameters, cursor, context
        ^^^^^^^^^^^^^^^^^^^^^^^^^^^^^^^^^^^^^^^^^^^^^^^^^^^^^^^
    )
    ^
  File "/Users/mehriddinmengturayev/Downloads/shopbot/.venv/lib/python3.13/site-packages/sqlalchemy/engine/base.py", line 2355, in _handle_dbapi_exception
    raise sqlalchemy_exception.with_traceback(exc_info[2]) from e
  File "/Users/mehriddinmengturayev/Downloads/shopbot/.venv/lib/python3.13/site-packages/sqlalchemy/engine/base.py", line 1967, in _exec_single_context
    self.dialect.do_execute(
    ~~~~~~~~~~~~~~~~~~~~~~~^
        cursor, str_statement, effective_parameters, context
        ^^^^^^^^^^^^^^^^^^^^^^^^^^^^^^^^^^^^^^^^^^^^^^^^^^^^
    )
    ^
  File "/Users/mehriddinmengturayev/Downloads/shopbot/.venv/lib/python3.13/site-packages/sqlalchemy/engine/default.py", line 941, in do_execute
    cursor.execute(statement, parameters)
    ~~~~~~~~~~~~~~^^^^^^^^^^^^^^^^^^^^^^^
  File "/Users/mehriddinmengturayev/Downloads/shopbot/.venv/lib/python3.13/site-packages/sqlalchemy/dialects/sqlite/aiosqlite.py", line 147, in execute
    self._adapt_connection._handle_exception(error)
    ~~~~~~~~~~~~~~~~~~~~~~~~~~~~~~~~~~~~~~~~^^^^^^^
  File "/Users/mehriddinmengturayev/Downloads/shopbot/.venv/lib/python3.13/site-packages/sqlalchemy/dialects/sqlite/aiosqlite.py", line 298, in _handle_exception
    raise error
  File "/Users/mehriddinmengturayev/Downloads/shopbot/.venv/lib/python3.13/site-packages/sqlalchemy/dialects/sqlite/aiosqlite.py", line 129, in execute
    self.await_(_cursor.execute(operation, parameters))
    ~~~~~~~~~~~^^^^^^^^^^^^^^^^^^^^^^^^^^^^^^^^^^^^^^^^
  File "/Users/mehriddinmengturayev/Downloads/shopbot/.venv/lib/python3.13/site-packages/sqlalchemy/util/_concurrency_py3k.py", line 132, in await_only
    return current.parent.switch(awaitable)  # type: ignore[no-any-return,attr-defined] # noqa: E501
           ~~~~~~~~~~~~~~~~~~~~~^^^^^^^^^^^
  File "/Users/mehriddinmengturayev/Downloads/shopbot/.venv/lib/python3.13/site-packages/sqlalchemy/util/_concurrency_py3k.py", line 196, in greenlet_spawn
    value = await result
            ^^^^^^^^^^^^
  File "/Users/mehriddinmengturayev/Downloads/shopbot/.venv/lib/python3.13/site-packages/aiosqlite/cursor.py", line 48, in execute
    await self._execute(self._cursor.execute, sql, parameters)
  File "/Users/mehriddinmengturayev/Downloads/shopbot/.venv/lib/python3.13/site-packages/aiosqlite/cursor.py", line 40, in _execute
    return await self._conn._execute(fn, *args, **kwargs)
           ^^^^^^^^^^^^^^^^^^^^^^^^^^^^^^^^^^^^^^^^^^^^^^
  File "/Users/mehriddinmengturayev/Downloads/shopbot/.venv/lib/python3.13/site-packages/aiosqlite/core.py", line 132, in _execute
    return await future
           ^^^^^^^^^^^^
  File "/Users/mehriddinmengturayev/Downloads/shopbot/.venv/lib/python3.13/site-packages/aiosqlite/core.py", line 115, in run
    result = function()
sqlalchemy.exc.OperationalError: (sqlite3.OperationalError) no such column: orders.payment_method
[SQL: SELECT orders.id, orders.order_uuid, orders.user_id, orders.product_id, orders.price_at_purchase, orders.currency, orders.status, orders.payment_method, orders.crypto_provider, orders.crypto_invoice_id, orders.crypto_pay_url, orders.decided_by_admin_id, orders.decided_at, orders.rejection_reason, orders.delivered_payload, orders.delivered_at, orders.created_at, orders.updated_at 
FROM orders 
WHERE orders.status = ?]
[parameters: ('AWAITING_CRYPTO_PAYMENT',)]
(Background on this error at: https://sqlalche.me/e/20/e3q8)
2026-07-30 20:46:18,373 | ERROR    | providers | Crypto poller iteration failed
Traceback (most recent call last):
  File "/Users/mehriddinmengturayev/Downloads/shopbot/.venv/lib/python3.13/site-packages/sqlalchemy/engine/base.py", line 1967, in _exec_single_context
    self.dialect.do_execute(
    ~~~~~~~~~~~~~~~~~~~~~~~^
        cursor, str_statement, effective_parameters, context
        ^^^^^^^^^^^^^^^^^^^^^^^^^^^^^^^^^^^^^^^^^^^^^^^^^^^^
    )
    ^
  File "/Users/mehriddinmengturayev/Downloads/shopbot/.venv/lib/python3.13/site-packages/sqlalchemy/engine/default.py", line 941, in do_execute
    cursor.execute(statement, parameters)
    ~~~~~~~~~~~~~~^^^^^^^^^^^^^^^^^^^^^^^
  File "/Users/mehriddinmengturayev/Downloads/shopbot/.venv/lib/python3.13/site-packages/sqlalchemy/dialects/sqlite/aiosqlite.py", line 147, in execute
    self._adapt_connection._handle_exception(error)
    ~~~~~~~~~~~~~~~~~~~~~~~~~~~~~~~~~~~~~~~~^^^^^^^
  File "/Users/mehriddinmengturayev/Downloads/shopbot/.venv/lib/python3.13/site-packages/sqlalchemy/dialects/sqlite/aiosqlite.py", line 298, in _handle_exception
    raise error
  File "/Users/mehriddinmengturayev/Downloads/shopbot/.venv/lib/python3.13/site-packages/sqlalchemy/dialects/sqlite/aiosqlite.py", line 129, in execute
    self.await_(_cursor.execute(operation, parameters))
    ~~~~~~~~~~~^^^^^^^^^^^^^^^^^^^^^^^^^^^^^^^^^^^^^^^^
  File "/Users/mehriddinmengturayev/Downloads/shopbot/.venv/lib/python3.13/site-packages/sqlalchemy/util/_concurrency_py3k.py", line 132, in await_only
    return current.parent.switch(awaitable)  # type: ignore[no-any-return,attr-defined] # noqa: E501
           ~~~~~~~~~~~~~~~~~~~~~^^^^^^^^^^^
  File "/Users/mehriddinmengturayev/Downloads/shopbot/.venv/lib/python3.13/site-packages/sqlalchemy/util/_concurrency_py3k.py", line 196, in greenlet_spawn
    value = await result
            ^^^^^^^^^^^^
  File "/Users/mehriddinmengturayev/Downloads/shopbot/.venv/lib/python3.13/site-packages/aiosqlite/cursor.py", line 48, in execute
    await self._execute(self._cursor.execute, sql, parameters)
  File "/Users/mehriddinmengturayev/Downloads/shopbot/.venv/lib/python3.13/site-packages/aiosqlite/cursor.py", line 40, in _execute
    return await self._conn._execute(fn, *args, **kwargs)
           ^^^^^^^^^^^^^^^^^^^^^^^^^^^^^^^^^^^^^^^^^^^^^^
  File "/Users/mehriddinmengturayev/Downloads/shopbot/.venv/lib/python3.13/site-packages/aiosqlite/core.py", line 132, in _execute
    return await future
           ^^^^^^^^^^^^
  File "/Users/mehriddinmengturayev/Downloads/shopbot/.venv/lib/python3.13/site-packages/aiosqlite/core.py", line 115, in run
    result = function()
sqlite3.OperationalError: no such column: orders.payment_method

The above exception was the direct cause of the following exception:

Traceback (most recent call last):
  File "/Users/mehriddinmengturayev/Downloads/shopbot/app/services/crypto_poller.py", line 33, in crypto_poller_loop
    await _poll_once(bot)
  File "/Users/mehriddinmengturayev/Downloads/shopbot/app/services/crypto_poller.py", line 44, in _poll_once
    pending = await orders_repo.list_awaiting_crypto_payment()
              ^^^^^^^^^^^^^^^^^^^^^^^^^^^^^^^^^^^^^^^^^^^^^^^^
  File "/Users/mehriddinmengturayev/Downloads/shopbot/app/repositories/order_repo.py", line 47, in list_awaiting_crypto_payment
    result = await self.session.execute(
             ^^^^^^^^^^^^^^^^^^^^^^^^^^^
    ...<3 lines>...
    )
    ^
  File "/Users/mehriddinmengturayev/Downloads/shopbot/.venv/lib/python3.13/site-packages/sqlalchemy/ext/asyncio/session.py", line 461, in execute
    result = await greenlet_spawn(
             ^^^^^^^^^^^^^^^^^^^^^
    ...<6 lines>...
    )
    ^
  File "/Users/mehriddinmengturayev/Downloads/shopbot/.venv/lib/python3.13/site-packages/sqlalchemy/util/_concurrency_py3k.py", line 201, in greenlet_spawn
    result = context.throw(*sys.exc_info())
  File "/Users/mehriddinmengturayev/Downloads/shopbot/.venv/lib/python3.13/site-packages/sqlalchemy/orm/session.py", line 2362, in execute
    return self._execute_internal(
           ~~~~~~~~~~~~~~~~~~~~~~^
        statement,
        ^^^^^^^^^^
    ...<4 lines>...
        _add_event=_add_event,
        ^^^^^^^^^^^^^^^^^^^^^^
    )
    ^
  File "/Users/mehriddinmengturayev/Downloads/shopbot/.venv/lib/python3.13/site-packages/sqlalchemy/orm/session.py", line 2247, in _execute_internal
    result: Result[Any] = compile_state_cls.orm_execute_statement(
                          ~~~~~~~~~~~~~~~~~~~~~~~~~~~~~~~~~~~~~~~^
        self,
        ^^^^^
    ...<4 lines>...
        conn,
        ^^^^^
    )
    ^
  File "/Users/mehriddinmengturayev/Downloads/shopbot/.venv/lib/python3.13/site-packages/sqlalchemy/orm/context.py", line 305, in orm_execute_statement
    result = conn.execute(
        statement, params or {}, execution_options=execution_options
    )
  File "/Users/mehriddinmengturayev/Downloads/shopbot/.venv/lib/python3.13/site-packages/sqlalchemy/engine/base.py", line 1418, in execute
    return meth(
        self,
        distilled_parameters,
        execution_options or NO_OPTIONS,
    )
  File "/Users/mehriddinmengturayev/Downloads/shopbot/.venv/lib/python3.13/site-packages/sqlalchemy/sql/elements.py", line 515, in _execute_on_connection
    return connection._execute_clauseelement(
           ~~~~~~~~~~~~~~~~~~~~~~~~~~~~~~~~~^
        self, distilled_params, execution_options
        ^^^^^^^^^^^^^^^^^^^^^^^^^^^^^^^^^^^^^^^^^
    )
    ^
  File "/Users/mehriddinmengturayev/Downloads/shopbot/.venv/lib/python3.13/site-packages/sqlalchemy/engine/base.py", line 1640, in _execute_clauseelement
    ret = self._execute_context(
        dialect,
    ...<8 lines>...
        cache_hit=cache_hit,
    )
  File "/Users/mehriddinmengturayev/Downloads/shopbot/.venv/lib/python3.13/site-packages/sqlalchemy/engine/base.py", line 1846, in _execute_context
    return self._exec_single_context(
           ~~~~~~~~~~~~~~~~~~~~~~~~~^
        dialect, context, statement, parameters
        ^^^^^^^^^^^^^^^^^^^^^^^^^^^^^^^^^^^^^^^
    )
    ^
  File "/Users/mehriddinmengturayev/Downloads/shopbot/.venv/lib/python3.13/site-packages/sqlalchemy/engine/base.py", line 1986, in _exec_single_context
    self._handle_dbapi_exception(
    ~~~~~~~~~~~~~~~~~~~~~~~~~~~~^
        e, str_statement, effective_parameters, cursor, context
        ^^^^^^^^^^^^^^^^^^^^^^^^^^^^^^^^^^^^^^^^^^^^^^^^^^^^^^^
    )
    ^
  File "/Users/mehriddinmengturayev/Downloads/shopbot/.venv/lib/python3.13/site-packages/sqlalchemy/engine/base.py", line 2355, in _handle_dbapi_exception
    raise sqlalchemy_exception.with_traceback(exc_info[2]) from e
  File "/Users/mehriddinmengturayev/Downloads/shopbot/.venv/lib/python3.13/site-packages/sqlalchemy/engine/base.py", line 1967, in _exec_single_context
    self.dialect.do_execute(
    ~~~~~~~~~~~~~~~~~~~~~~~^
        cursor, str_statement, effective_parameters, context
        ^^^^^^^^^^^^^^^^^^^^^^^^^^^^^^^^^^^^^^^^^^^^^^^^^^^^
    )
    ^
  File "/Users/mehriddinmengturayev/Downloads/shopbot/.venv/lib/python3.13/site-packages/sqlalchemy/engine/default.py", line 941, in do_execute
    cursor.execute(statement, parameters)
    ~~~~~~~~~~~~~~^^^^^^^^^^^^^^^^^^^^^^^
  File "/Users/mehriddinmengturayev/Downloads/shopbot/.venv/lib/python3.13/site-packages/sqlalchemy/dialects/sqlite/aiosqlite.py", line 147, in execute
    self._adapt_connection._handle_exception(error)
    ~~~~~~~~~~~~~~~~~~~~~~~~~~~~~~~~~~~~~~~~^^^^^^^
  File "/Users/mehriddinmengturayev/Downloads/shopbot/.venv/lib/python3.13/site-packages/sqlalchemy/dialects/sqlite/aiosqlite.py", line 298, in _handle_exception
    raise error
  File "/Users/mehriddinmengturayev/Downloads/shopbot/.venv/lib/python3.13/site-packages/sqlalchemy/dialects/sqlite/aiosqlite.py", line 129, in execute
    self.await_(_cursor.execute(operation, parameters))
    ~~~~~~~~~~~^^^^^^^^^^^^^^^^^^^^^^^^^^^^^^^^^^^^^^^^
  File "/Users/mehriddinmengturayev/Downloads/shopbot/.venv/lib/python3.13/site-packages/sqlalchemy/util/_concurrency_py3k.py", line 132, in await_only
    return current.parent.switch(awaitable)  # type: ignore[no-any-return,attr-defined] # noqa: E501
           ~~~~~~~~~~~~~~~~~~~~~^^^^^^^^^^^
  File "/Users/mehriddinmengturayev/Downloads/shopbot/.venv/lib/python3.13/site-packages/sqlalchemy/util/_concurrency_py3k.py", line 196, in greenlet_spawn
    value = await result
            ^^^^^^^^^^^^
  File "/Users/mehriddinmengturayev/Downloads/shopbot/.venv/lib/python3.13/site-packages/aiosqlite/cursor.py", line 48, in execute
    await self._execute(self._cursor.execute, sql, parameters)
  File "/Users/mehriddinmengturayev/Downloads/shopbot/.venv/lib/python3.13/site-packages/aiosqlite/cursor.py", line 40, in _execute
    return await self._conn._execute(fn, *args, **kwargs)
           ^^^^^^^^^^^^^^^^^^^^^^^^^^^^^^^^^^^^^^^^^^^^^^
  File "/Users/mehriddinmengturayev/Downloads/shopbot/.venv/lib/python3.13/site-packages/aiosqlite/core.py", line 132, in _execute
    return await future
           ^^^^^^^^^^^^
  File "/Users/mehriddinmengturayev/Downloads/shopbot/.venv/lib/python3.13/site-packages/aiosqlite/core.py", line 115, in run
    result = function()
sqlalchemy.exc.OperationalError: (sqlite3.OperationalError) no such column: orders.payment_method
[SQL: SELECT orders.id, orders.order_uuid, orders.user_id, orders.product_id, orders.price_at_purchase, orders.currency, orders.status, orders.payment_method, orders.crypto_provider, orders.crypto_invoice_id, orders.crypto_pay_url, orders.decided_by_admin_id, orders.decided_at, orders.rejection_reason, orders.delivered_payload, orders.delivered_at, orders.created_at, orders.updated_at 
FROM orders 
WHERE orders.status = ?]
[parameters: ('AWAITING_CRYPTO_PAYMENT',)]
(Background on this error at: https://sqlalche.me/e/20/e3q8)
2026-07-30 20:46:38,388 | ERROR    | providers | Crypto poller iteration failed
Traceback (most recent call last):
  File "/Users/mehriddinmengturayev/Downloads/shopbot/.venv/lib/python3.13/site-packages/sqlalchemy/engine/base.py", line 1967, in _exec_single_context
    self.dialect.do_execute(
    ~~~~~~~~~~~~~~~~~~~~~~~^
        cursor, str_statement, effective_parameters, context
        ^^^^^^^^^^^^^^^^^^^^^^^^^^^^^^^^^^^^^^^^^^^^^^^^^^^^
    )
    ^
  File "/Users/mehriddinmengturayev/Downloads/shopbot/.venv/lib/python3.13/site-packages/sqlalchemy/engine/default.py", line 941, in do_execute
    cursor.execute(statement, parameters)
    ~~~~~~~~~~~~~~^^^^^^^^^^^^^^^^^^^^^^^
  File "/Users/mehriddinmengturayev/Downloads/shopbot/.venv/lib/python3.13/site-packages/sqlalchemy/dialects/sqlite/aiosqlite.py", line 147, in execute
    self._adapt_connection._handle_exception(error)
    ~~~~~~~~~~~~~~~~~~~~~~~~~~~~~~~~~~~~~~~~^^^^^^^
  File "/Users/mehriddinmengturayev/Downloads/shopbot/.venv/lib/python3.13/site-packages/sqlalchemy/dialects/sqlite/aiosqlite.py", line 298, in _handle_exception
    raise error
  File "/Users/mehriddinmengturayev/Downloads/shopbot/.venv/lib/python3.13/site-packages/sqlalchemy/dialects/sqlite/aiosqlite.py", line 129, in execute
    self.await_(_cursor.execute(operation, parameters))
    ~~~~~~~~~~~^^^^^^^^^^^^^^^^^^^^^^^^^^^^^^^^^^^^^^^^
  File "/Users/mehriddinmengturayev/Downloads/shopbot/.venv/lib/python3.13/site-packages/sqlalchemy/util/_concurrency_py3k.py", line 132, in await_only
    return current.parent.switch(awaitable)  # type: ignore[no-any-return,attr-defined] # noqa: E501
           ~~~~~~~~~~~~~~~~~~~~~^^^^^^^^^^^
  File "/Users/mehriddinmengturayev/Downloads/shopbot/.venv/lib/python3.13/site-packages/sqlalchemy/util/_concurrency_py3k.py", line 196, in greenlet_spawn
    value = await result
            ^^^^^^^^^^^^
  File "/Users/mehriddinmengturayev/Downloads/shopbot/.venv/lib/python3.13/site-packages/aiosqlite/cursor.py", line 48, in execute
    await self._execute(self._cursor.execute, sql, parameters)
  File "/Users/mehriddinmengturayev/Downloads/shopbot/.venv/lib/python3.13/site-packages/aiosqlite/cursor.py", line 40, in _execute
    return await self._conn._execute(fn, *args, **kwargs)
           ^^^^^^^^^^^^^^^^^^^^^^^^^^^^^^^^^^^^^^^^^^^^^^
  File "/Users/mehriddinmengturayev/Downloads/shopbot/.venv/lib/python3.13/site-packages/aiosqlite/core.py", line 132, in _execute
    return await future
           ^^^^^^^^^^^^
  File "/Users/mehriddinmengturayev/Downloads/shopbot/.venv/lib/python3.13/site-packages/aiosqlite/core.py", line 115, in run
    result = function()
sqlite3.OperationalError: no such column: orders.payment_method

The above exception was the direct cause of the following exception:

Traceback (most recent call last):
  File "/Users/mehriddinmengturayev/Downloads/shopbot/app/services/crypto_poller.py", line 33, in crypto_poller_loop
    await _poll_once(bot)
  File "/Users/mehriddinmengturayev/Downloads/shopbot/app/services/crypto_poller.py", line 44, in _poll_once
    pending = await orders_repo.list_awaiting_crypto_payment()
              ^^^^^^^^^^^^^^^^^^^^^^^^^^^^^^^^^^^^^^^^^^^^^^^^
  File "/Users/mehriddinmengturayev/Downloads/shopbot/app/repositories/order_repo.py", line 47, in list_awaiting_crypto_payment
    result = await self.session.execute(
             ^^^^^^^^^^^^^^^^^^^^^^^^^^^
    ...<3 lines>...
    )
    ^
  File "/Users/mehriddinmengturayev/Downloads/shopbot/.venv/lib/python3.13/site-packages/sqlalchemy/ext/asyncio/session.py", line 461, in execute
    result = await greenlet_spawn(
             ^^^^^^^^^^^^^^^^^^^^^
    ...<6 lines>...
    )
    ^
  File "/Users/mehriddinmengturayev/Downloads/shopbot/.venv/lib/python3.13/site-packages/sqlalchemy/util/_concurrency_py3k.py", line 201, in greenlet_spawn
    result = context.throw(*sys.exc_info())
  File "/Users/mehriddinmengturayev/Downloads/shopbot/.venv/lib/python3.13/site-packages/sqlalchemy/orm/session.py", line 2362, in execute
    return self._execute_internal(
           ~~~~~~~~~~~~~~~~~~~~~~^
        statement,
        ^^^^^^^^^^
    ...<4 lines>...
        _add_event=_add_event,
        ^^^^^^^^^^^^^^^^^^^^^^
    )
    ^
  File "/Users/mehriddinmengturayev/Downloads/shopbot/.venv/lib/python3.13/site-packages/sqlalchemy/orm/session.py", line 2247, in _execute_internal
    result: Result[Any] = compile_state_cls.orm_execute_statement(
                          ~~~~~~~~~~~~~~~~~~~~~~~~~~~~~~~~~~~~~~~^
        self,
        ^^^^^
    ...<4 lines>...
        conn,
        ^^^^^
    )
    ^
  File "/Users/mehriddinmengturayev/Downloads/shopbot/.venv/lib/python3.13/site-packages/sqlalchemy/orm/context.py", line 305, in orm_execute_statement
    result = conn.execute(
        statement, params or {}, execution_options=execution_options
    )
  File "/Users/mehriddinmengturayev/Downloads/shopbot/.venv/lib/python3.13/site-packages/sqlalchemy/engine/base.py", line 1418, in execute
    return meth(
        self,
        distilled_parameters,
        execution_options or NO_OPTIONS,
    )
  File "/Users/mehriddinmengturayev/Downloads/shopbot/.venv/lib/python3.13/site-packages/sqlalchemy/sql/elements.py", line 515, in _execute_on_connection
    return connection._execute_clauseelement(
           ~~~~~~~~~~~~~~~~~~~~~~~~~~~~~~~~~^
        self, distilled_params, execution_options
        ^^^^^^^^^^^^^^^^^^^^^^^^^^^^^^^^^^^^^^^^^
    )
    ^
  File "/Users/mehriddinmengturayev/Downloads/shopbot/.venv/lib/python3.13/site-packages/sqlalchemy/engine/base.py", line 1640, in _execute_clauseelement
    ret = self._execute_context(
        dialect,
    ...<8 lines>...
        cache_hit=cache_hit,
    )
  File "/Users/mehriddinmengturayev/Downloads/shopbot/.venv/lib/python3.13/site-packages/sqlalchemy/engine/base.py", line 1846, in _execute_context
    return self._exec_single_context(
           ~~~~~~~~~~~~~~~~~~~~~~~~~^
        dialect, context, statement, parameters
        ^^^^^^^^^^^^^^^^^^^^^^^^^^^^^^^^^^^^^^^
    )
    ^
  File "/Users/mehriddinmengturayev/Downloads/shopbot/.venv/lib/python3.13/site-packages/sqlalchemy/engine/base.py", line 1986, in _exec_single_context
    self._handle_dbapi_exception(
    ~~~~~~~~~~~~~~~~~~~~~~~~~~~~^
        e, str_statement, effective_parameters, cursor, context
        ^^^^^^^^^^^^^^^^^^^^^^^^^^^^^^^^^^^^^^^^^^^^^^^^^^^^^^^
    )
    ^
  File "/Users/mehriddinmengturayev/Downloads/shopbot/.venv/lib/python3.13/site-packages/sqlalchemy/engine/base.py", line 2355, in _handle_dbapi_exception
    raise sqlalchemy_exception.with_traceback(exc_info[2]) from e
  File "/Users/mehriddinmengturayev/Downloads/shopbot/.venv/lib/python3.13/site-packages/sqlalchemy/engine/base.py", line 1967, in _exec_single_context
    self.dialect.do_execute(
    ~~~~~~~~~~~~~~~~~~~~~~~^
        cursor, str_statement, effective_parameters, context
        ^^^^^^^^^^^^^^^^^^^^^^^^^^^^^^^^^^^^^^^^^^^^^^^^^^^^
    )
    ^
  File "/Users/mehriddinmengturayev/Downloads/shopbot/.venv/lib/python3.13/site-packages/sqlalchemy/engine/default.py", line 941, in do_execute
    cursor.execute(statement, parameters)
    ~~~~~~~~~~~~~~^^^^^^^^^^^^^^^^^^^^^^^
  File "/Users/mehriddinmengturayev/Downloads/shopbot/.venv/lib/python3.13/site-packages/sqlalchemy/dialects/sqlite/aiosqlite.py", line 147, in execute
    self._adapt_connection._handle_exception(error)
    ~~~~~~~~~~~~~~~~~~~~~~~~~~~~~~~~~~~~~~~~^^^^^^^
  File "/Users/mehriddinmengturayev/Downloads/shopbot/.venv/lib/python3.13/site-packages/sqlalchemy/dialects/sqlite/aiosqlite.py", line 298, in _handle_exception
    raise error
  File "/Users/mehriddinmengturayev/Downloads/shopbot/.venv/lib/python3.13/site-packages/sqlalchemy/dialects/sqlite/aiosqlite.py", line 129, in execute
    self.await_(_cursor.execute(operation, parameters))
    ~~~~~~~~~~~^^^^^^^^^^^^^^^^^^^^^^^^^^^^^^^^^^^^^^^^
  File "/Users/mehriddinmengturayev/Downloads/shopbot/.venv/lib/python3.13/site-packages/sqlalchemy/util/_concurrency_py3k.py", line 132, in await_only
    return current.parent.switch(awaitable)  # type: ignore[no-any-return,attr-defined] # noqa: E501
           ~~~~~~~~~~~~~~~~~~~~~^^^^^^^^^^^
  File "/Users/mehriddinmengturayev/Downloads/shopbot/.venv/lib/python3.13/site-packages/sqlalchemy/util/_concurrency_py3k.py", line 196, in greenlet_spawn
    value = await result
            ^^^^^^^^^^^^
  File "/Users/mehriddinmengturayev/Downloads/shopbot/.venv/lib/python3.13/site-packages/aiosqlite/cursor.py", line 48, in execute
    await self._execute(self._cursor.execute, sql, parameters)
  File "/Users/mehriddinmengturayev/Downloads/shopbot/.venv/lib/python3.13/site-packages/aiosqlite/cursor.py", line 40, in _execute
    return await self._conn._execute(fn, *args, **kwargs)
           ^^^^^^^^^^^^^^^^^^^^^^^^^^^^^^^^^^^^^^^^^^^^^^
  File "/Users/mehriddinmengturayev/Downloads/shopbot/.venv/lib/python3.13/site-packages/aiosqlite/core.py", line 132, in _execute
    return await future
           ^^^^^^^^^^^^
  File "/Users/mehriddinmengturayev/Downloads/shopbot/.venv/lib/python3.13/site-packages/aiosqlite/core.py", line 115, in run
    result = function()
sqlalchemy.exc.OperationalError: (sqlite3.OperationalError) no such column: orders.payment_method
[SQL: SELECT orders.id, orders.order_uuid, orders.user_id, orders.product_id, orders.price_at_purchase, orders.currency, orders.status, orders.payment_method, orders.crypto_provider, orders.crypto_invoice_id, orders.crypto_pay_url, orders.decided_by_admin_id, orders.decided_at, orders.rejection_reason, orders.delivered_payload, orders.delivered_at, orders.created_at, orders.updated_at 
FROM orders 
WHERE orders.status = ?]
[parameters: ('AWAITING_CRYPTO_PAYMENT',)]
(Background on this error at: https://sqlalche.me/e/20/e3q8)
2026-07-30 20:46:39,904 | WARNING  | aiogram.dispatcher | Received SIGINT signal
2026-07-30 20:46:39,906 | INFO     | aiogram.dispatcher | Polling stopped for bot @Tenkyushopbot id=8591349938 - 'Tenkyu Shop'
2026-07-30 20:46:39,906 | INFO     | aiogram.dispatcher | Polling stopped
2026-07-30 20:46:42,820 | INFO     | __main__ | Starting Telegram Digital Product Sales Bot...
2026-07-30 20:46:42,823 | INFO     | app.database.bootstrap | Database tables ensured (create_all).
2026-07-30 20:46:42,824 | INFO     | app.database.bootstrap | Patched missing column: products.price_usd
2026-07-30 20:46:42,824 | INFO     | app.database.bootstrap | Patched missing column: orders.payment_method
2026-07-30 20:46:42,825 | INFO     | app.database.bootstrap | Patched missing column: orders.crypto_provider
2026-07-30 20:46:42,825 | INFO     | app.database.bootstrap | Patched missing column: orders.crypto_invoice_id
2026-07-30 20:46:42,826 | INFO     | app.database.bootstrap | Patched missing column: orders.crypto_pay_url
2026-07-30 20:46:42,836 | INFO     | providers | Crypto payment poller started (interval=20.0s)
2026-07-30 20:46:43,374 | INFO     | __main__ | Bot is polling...
2026-07-30 20:46:43,375 | INFO     | aiogram.dispatcher | Start polling
2026-07-30 20:46:44,012 | INFO     | aiogram.dispatcher | Run polling for bot @Tenkyushopbot id=8591349938 - 'Tenkyu Shop'
2026-07-30 20:46:47,482 | INFO     | aiogram.event | Update id=883467308 is handled. Duration 715 ms by bot id=8591349938
2026-07-30 20:46:50,972 | INFO     | aiogram.event | Update id=883467309 is handled. Duration 1361 ms by bot id=8591349938
2026-07-30 20:54:49,454 | INFO     | aiogram.event | Update id=883467310 is handled. Duration 710 ms by bot id=8591349938
2026-07-30 20:54:52,633 | INFO     | aiogram.event | Update id=883467311 is handled. Duration 269 ms by bot id=8591349938
2026-07-30 20:54:59,032 | INFO     | aiogram.event | Update id=883467312 is handled. Duration 563 ms by bot id=8591349938
2026-07-30 20:55:00,732 | INFO     | aiogram.event | Update id=883467313 is handled. Duration 471 ms by bot id=8591349938
2026-07-30 20:55:03,178 | INFO     | aiogram.event | Update id=883467314 is handled. Duration 478 ms by bot id=8591349938
2026-07-30 20:55:04,345 | INFO     | aiogram.event | Update id=883467315 is handled. Duration 481 ms by bot id=8591349938
2026-07-30 20:55:36,376 | ERROR    | app.middlewares.error_handling | Unhandled exception while processing update
Traceback (most recent call last):
  File "/Users/mehriddinmengturayev/Downloads/shopbot/app/middlewares/error_handling.py", line 33, in __call__
    return await handler(event, data)
           ^^^^^^^^^^^^^^^^^^^^^^^^^^
  File "/Users/mehriddinmengturayev/Downloads/shopbot/app/middlewares/throttling.py", line 40, in __call__
    return await handler(event, data)
           ^^^^^^^^^^^^^^^^^^^^^^^^^^
  File "/Users/mehriddinmengturayev/Downloads/shopbot/app/middlewares/db_session.py", line 27, in __call__
    return await handler(event, data)
           ^^^^^^^^^^^^^^^^^^^^^^^^^^
  File "/Users/mehriddinmengturayev/Downloads/shopbot/app/middlewares/user_context.py", line 41, in __call__
    return await handler(event, data)
           ^^^^^^^^^^^^^^^^^^^^^^^^^^
  File "/Users/mehriddinmengturayev/Downloads/shopbot/.venv/lib/python3.13/site-packages/aiogram/dispatcher/event/telegram.py", line 121, in trigger
    return await wrapped_inner(event, kwargs)
           ^^^^^^^^^^^^^^^^^^^^^^^^^^^^^^^^^^
  File "/Users/mehriddinmengturayev/Downloads/shopbot/.venv/lib/python3.13/site-packages/aiogram/dispatcher/event/handler.py", line 43, in call
    return await wrapped()
           ^^^^^^^^^^^^^^^
  File "/Users/mehriddinmengturayev/Downloads/shopbot/.venv/lib/python3.13/site-packages/aiogram/dispatcher/dispatcher.py", line 276, in _listen_update
    return await self.propagate_event(update_type=update_type, event=event, **kwargs)
           ^^^^^^^^^^^^^^^^^^^^^^^^^^^^^^^^^^^^^^^^^^^^^^^^^^^^^^^^^^^^^^^^^^^^^^^^^^
  File "/Users/mehriddinmengturayev/Downloads/shopbot/.venv/lib/python3.13/site-packages/aiogram/dispatcher/router.py", line 146, in propagate_event
    return await observer.wrap_outer_middleware(_wrapped, event=event, data=kwargs)
           ^^^^^^^^^^^^^^^^^^^^^^^^^^^^^^^^^^^^^^^^^^^^^^^^^^^^^^^^^^^^^^^^^^^^^^^^
  File "/Users/mehriddinmengturayev/Downloads/shopbot/.venv/lib/python3.13/site-packages/aiogram/dispatcher/router.py", line 141, in _wrapped
    return await self._propagate_event(
           ^^^^^^^^^^^^^^^^^^^^^^^^^^^^
        observer=observer, update_type=update_type, event=telegram_event, **data
        ^^^^^^^^^^^^^^^^^^^^^^^^^^^^^^^^^^^^^^^^^^^^^^^^^^^^^^^^^^^^^^^^^^^^^^^^
    )
    ^
  File "/Users/mehriddinmengturayev/Downloads/shopbot/.venv/lib/python3.13/site-packages/aiogram/dispatcher/router.py", line 174, in _propagate_event
    response = await router.propagate_event(update_type=update_type, event=event, **kwargs)
               ^^^^^^^^^^^^^^^^^^^^^^^^^^^^^^^^^^^^^^^^^^^^^^^^^^^^^^^^^^^^^^^^^^^^^^^^^^^^
  File "/Users/mehriddinmengturayev/Downloads/shopbot/.venv/lib/python3.13/site-packages/aiogram/dispatcher/router.py", line 146, in propagate_event
    return await observer.wrap_outer_middleware(_wrapped, event=event, data=kwargs)
           ^^^^^^^^^^^^^^^^^^^^^^^^^^^^^^^^^^^^^^^^^^^^^^^^^^^^^^^^^^^^^^^^^^^^^^^^
  File "/Users/mehriddinmengturayev/Downloads/shopbot/.venv/lib/python3.13/site-packages/aiogram/dispatcher/router.py", line 141, in _wrapped
    return await self._propagate_event(
           ^^^^^^^^^^^^^^^^^^^^^^^^^^^^
        observer=observer, update_type=update_type, event=telegram_event, **data
        ^^^^^^^^^^^^^^^^^^^^^^^^^^^^^^^^^^^^^^^^^^^^^^^^^^^^^^^^^^^^^^^^^^^^^^^^
    )
    ^
  File "/Users/mehriddinmengturayev/Downloads/shopbot/.venv/lib/python3.13/site-packages/aiogram/dispatcher/router.py", line 174, in _propagate_event
    response = await router.propagate_event(update_type=update_type, event=event, **kwargs)
               ^^^^^^^^^^^^^^^^^^^^^^^^^^^^^^^^^^^^^^^^^^^^^^^^^^^^^^^^^^^^^^^^^^^^^^^^^^^^
  File "/Users/mehriddinmengturayev/Downloads/shopbot/.venv/lib/python3.13/site-packages/aiogram/dispatcher/router.py", line 146, in propagate_event
    return await observer.wrap_outer_middleware(_wrapped, event=event, data=kwargs)
           ^^^^^^^^^^^^^^^^^^^^^^^^^^^^^^^^^^^^^^^^^^^^^^^^^^^^^^^^^^^^^^^^^^^^^^^^
  File "/Users/mehriddinmengturayev/Downloads/shopbot/.venv/lib/python3.13/site-packages/aiogram/dispatcher/router.py", line 141, in _wrapped
    return await self._propagate_event(
           ^^^^^^^^^^^^^^^^^^^^^^^^^^^^
        observer=observer, update_type=update_type, event=telegram_event, **data
        ^^^^^^^^^^^^^^^^^^^^^^^^^^^^^^^^^^^^^^^^^^^^^^^^^^^^^^^^^^^^^^^^^^^^^^^^
    )
    ^
  File "/Users/mehriddinmengturayev/Downloads/shopbot/.venv/lib/python3.13/site-packages/aiogram/dispatcher/router.py", line 166, in _propagate_event
    response = await observer.trigger(event, **kwargs)
               ^^^^^^^^^^^^^^^^^^^^^^^^^^^^^^^^^^^^^^^
  File "/Users/mehriddinmengturayev/Downloads/shopbot/.venv/lib/python3.13/site-packages/aiogram/dispatcher/event/telegram.py", line 121, in trigger
    return await wrapped_inner(event, kwargs)
           ^^^^^^^^^^^^^^^^^^^^^^^^^^^^^^^^^^
  File "/Users/mehriddinmengturayev/Downloads/shopbot/.venv/lib/python3.13/site-packages/aiogram/dispatcher/event/handler.py", line 43, in call
    return await wrapped()
           ^^^^^^^^^^^^^^^
  File "/Users/mehriddinmengturayev/Downloads/shopbot/app/handlers/admin/settings.py", line 55, in settings_toggle
    await callback.message.edit_reply_markup(reply_markup=admin_settings_menu_kb())
  File "/Users/mehriddinmengturayev/Downloads/shopbot/.venv/lib/python3.13/site-packages/aiogram/methods/base.py", line 84, in emit
    return await bot(self)
           ^^^^^^^^^^^^^^^
  File "/Users/mehriddinmengturayev/Downloads/shopbot/.venv/lib/python3.13/site-packages/aiogram/client/bot.py", line 494, in __call__
    return await self.session(self, method, timeout=request_timeout)
           ^^^^^^^^^^^^^^^^^^^^^^^^^^^^^^^^^^^^^^^^^^^^^^^^^^^^^^^^^
  File "/Users/mehriddinmengturayev/Downloads/shopbot/.venv/lib/python3.13/site-packages/aiogram/client/session/base.py", line 254, in __call__
    return cast(TelegramType, await middleware(bot, method))
                              ^^^^^^^^^^^^^^^^^^^^^^^^^^^^^
  File "/Users/mehriddinmengturayev/Downloads/shopbot/.venv/lib/python3.13/site-packages/aiogram/client/session/aiohttp.py", line 189, in make_request
    response = self.check_response(
        bot=bot, method=method, status_code=resp.status, content=raw_result
    )
  File "/Users/mehriddinmengturayev/Downloads/shopbot/.venv/lib/python3.13/site-packages/aiogram/client/session/base.py", line 120, in check_response
    raise TelegramBadRequest(method=method, message=description)
aiogram.exceptions.TelegramBadRequest: Telegram server says - Bad Request: message is not modified: specified new message content and reply markup are exactly the same as a current content and reply markup of the message
2026-07-30 20:55:36,390 | INFO     | aiogram.event | Update id=883467316 is handled. Duration 1168 ms by bot id=8591349938
2026-07-30 20:55:41,967 | INFO     | aiogram.event | Update id=883467317 is handled. Duration 263 ms by bot id=8591349938
2026-07-30 20:55:44,080 | INFO     | aiogram.event | Update id=883467318 is handled. Duration 523 ms by bot id=8591349938
2026-07-30 20:55:49,527 | INFO     | aiogram.event | Update id=883467319 is handled. Duration 598 ms by bot id=8591349938
2026-07-30 20:55:55,242 | INFO     | admin_actions | product_field_edited id=1 field=price_usd admin=1403306196
2026-07-30 20:55:55,479 | INFO     | aiogram.event | Update id=883467320 is handled. Duration 253 ms by bot id=8591349938
2026-07-30 20:55:57,891 | INFO     | aiogram.event | Update id=883467321 is handled. Duration 259 ms by bot id=8591349938
2026-07-30 20:55:59,105 | INFO     | aiogram.event | Update id=883467322 is handled. Duration 222 ms by bot id=8591349938
2026-07-30 20:56:00,842 | INFO     | aiogram.event | Update id=883467323 is handled. Duration 708 ms by bot id=8591349938
2026-07-30 20:56:02,477 | INFO     | aiogram.event | Update id=883467324 is handled. Duration 234 ms by bot id=8591349938
2026-07-30 20:56:08,465 | ERROR    | app.middlewares.error_handling | Unhandled exception while processing update
Traceback (most recent call last):
  File "/Users/mehriddinmengturayev/Downloads/shopbot/app/middlewares/error_handling.py", line 33, in __call__
    return await handler(event, data)
           ^^^^^^^^^^^^^^^^^^^^^^^^^^
  File "/Users/mehriddinmengturayev/Downloads/shopbot/app/middlewares/throttling.py", line 40, in __call__
    return await handler(event, data)
           ^^^^^^^^^^^^^^^^^^^^^^^^^^
  File "/Users/mehriddinmengturayev/Downloads/shopbot/app/middlewares/db_session.py", line 27, in __call__
    return await handler(event, data)
           ^^^^^^^^^^^^^^^^^^^^^^^^^^
  File "/Users/mehriddinmengturayev/Downloads/shopbot/app/middlewares/user_context.py", line 41, in __call__
    return await handler(event, data)
           ^^^^^^^^^^^^^^^^^^^^^^^^^^
  File "/Users/mehriddinmengturayev/Downloads/shopbot/.venv/lib/python3.13/site-packages/aiogram/dispatcher/event/telegram.py", line 121, in trigger
    return await wrapped_inner(event, kwargs)
           ^^^^^^^^^^^^^^^^^^^^^^^^^^^^^^^^^^
  File "/Users/mehriddinmengturayev/Downloads/shopbot/.venv/lib/python3.13/site-packages/aiogram/dispatcher/event/handler.py", line 43, in call
    return await wrapped()
           ^^^^^^^^^^^^^^^
  File "/Users/mehriddinmengturayev/Downloads/shopbot/.venv/lib/python3.13/site-packages/aiogram/dispatcher/dispatcher.py", line 276, in _listen_update
    return await self.propagate_event(update_type=update_type, event=event, **kwargs)
           ^^^^^^^^^^^^^^^^^^^^^^^^^^^^^^^^^^^^^^^^^^^^^^^^^^^^^^^^^^^^^^^^^^^^^^^^^^
  File "/Users/mehriddinmengturayev/Downloads/shopbot/.venv/lib/python3.13/site-packages/aiogram/dispatcher/router.py", line 146, in propagate_event
    return await observer.wrap_outer_middleware(_wrapped, event=event, data=kwargs)
           ^^^^^^^^^^^^^^^^^^^^^^^^^^^^^^^^^^^^^^^^^^^^^^^^^^^^^^^^^^^^^^^^^^^^^^^^
  File "/Users/mehriddinmengturayev/Downloads/shopbot/.venv/lib/python3.13/site-packages/aiogram/dispatcher/router.py", line 141, in _wrapped
    return await self._propagate_event(
           ^^^^^^^^^^^^^^^^^^^^^^^^^^^^
        observer=observer, update_type=update_type, event=telegram_event, **data
        ^^^^^^^^^^^^^^^^^^^^^^^^^^^^^^^^^^^^^^^^^^^^^^^^^^^^^^^^^^^^^^^^^^^^^^^^
    )
    ^
  File "/Users/mehriddinmengturayev/Downloads/shopbot/.venv/lib/python3.13/site-packages/aiogram/dispatcher/router.py", line 174, in _propagate_event
    response = await router.propagate_event(update_type=update_type, event=event, **kwargs)
               ^^^^^^^^^^^^^^^^^^^^^^^^^^^^^^^^^^^^^^^^^^^^^^^^^^^^^^^^^^^^^^^^^^^^^^^^^^^^
  File "/Users/mehriddinmengturayev/Downloads/shopbot/.venv/lib/python3.13/site-packages/aiogram/dispatcher/router.py", line 146, in propagate_event
    return await observer.wrap_outer_middleware(_wrapped, event=event, data=kwargs)
           ^^^^^^^^^^^^^^^^^^^^^^^^^^^^^^^^^^^^^^^^^^^^^^^^^^^^^^^^^^^^^^^^^^^^^^^^
  File "/Users/mehriddinmengturayev/Downloads/shopbot/.venv/lib/python3.13/site-packages/aiogram/dispatcher/router.py", line 141, in _wrapped
    return await self._propagate_event(
           ^^^^^^^^^^^^^^^^^^^^^^^^^^^^
        observer=observer, update_type=update_type, event=telegram_event, **data
        ^^^^^^^^^^^^^^^^^^^^^^^^^^^^^^^^^^^^^^^^^^^^^^^^^^^^^^^^^^^^^^^^^^^^^^^^
    )
    ^
  File "/Users/mehriddinmengturayev/Downloads/shopbot/.venv/lib/python3.13/site-packages/aiogram/dispatcher/router.py", line 174, in _propagate_event
    response = await router.propagate_event(update_type=update_type, event=event, **kwargs)
               ^^^^^^^^^^^^^^^^^^^^^^^^^^^^^^^^^^^^^^^^^^^^^^^^^^^^^^^^^^^^^^^^^^^^^^^^^^^^
  File "/Users/mehriddinmengturayev/Downloads/shopbot/.venv/lib/python3.13/site-packages/aiogram/dispatcher/router.py", line 146, in propagate_event
    return await observer.wrap_outer_middleware(_wrapped, event=event, data=kwargs)
           ^^^^^^^^^^^^^^^^^^^^^^^^^^^^^^^^^^^^^^^^^^^^^^^^^^^^^^^^^^^^^^^^^^^^^^^^
  File "/Users/mehriddinmengturayev/Downloads/shopbot/.venv/lib/python3.13/site-packages/aiogram/dispatcher/router.py", line 141, in _wrapped
    return await self._propagate_event(
           ^^^^^^^^^^^^^^^^^^^^^^^^^^^^
        observer=observer, update_type=update_type, event=telegram_event, **data
        ^^^^^^^^^^^^^^^^^^^^^^^^^^^^^^^^^^^^^^^^^^^^^^^^^^^^^^^^^^^^^^^^^^^^^^^^
    )
    ^
  File "/Users/mehriddinmengturayev/Downloads/shopbot/.venv/lib/python3.13/site-packages/aiogram/dispatcher/router.py", line 166, in _propagate_event
    response = await observer.trigger(event, **kwargs)
               ^^^^^^^^^^^^^^^^^^^^^^^^^^^^^^^^^^^^^^^
  File "/Users/mehriddinmengturayev/Downloads/shopbot/.venv/lib/python3.13/site-packages/aiogram/dispatcher/event/telegram.py", line 121, in trigger
    return await wrapped_inner(event, kwargs)
           ^^^^^^^^^^^^^^^^^^^^^^^^^^^^^^^^^^
  File "/Users/mehriddinmengturayev/Downloads/shopbot/.venv/lib/python3.13/site-packages/aiogram/dispatcher/event/handler.py", line 43, in call
    return await wrapped()
           ^^^^^^^^^^^^^^^
  File "/Users/mehriddinmengturayev/Downloads/shopbot/app/handlers/user/shop.py", line 78, in back_to_list
    await callback.message.edit_text(
        t(lang, "main_menu_hint"), reply_markup=shop_list_kb([v.product for v in views])
    )
  File "/Users/mehriddinmengturayev/Downloads/shopbot/.venv/lib/python3.13/site-packages/aiogram/methods/base.py", line 84, in emit
    return await bot(self)
           ^^^^^^^^^^^^^^^
  File "/Users/mehriddinmengturayev/Downloads/shopbot/.venv/lib/python3.13/site-packages/aiogram/client/bot.py", line 494, in __call__
    return await self.session(self, method, timeout=request_timeout)
           ^^^^^^^^^^^^^^^^^^^^^^^^^^^^^^^^^^^^^^^^^^^^^^^^^^^^^^^^^
  File "/Users/mehriddinmengturayev/Downloads/shopbot/.venv/lib/python3.13/site-packages/aiogram/client/session/base.py", line 254, in __call__
    return cast(TelegramType, await middleware(bot, method))
                              ^^^^^^^^^^^^^^^^^^^^^^^^^^^^^
  File "/Users/mehriddinmengturayev/Downloads/shopbot/.venv/lib/python3.13/site-packages/aiogram/client/session/aiohttp.py", line 189, in make_request
    response = self.check_response(
        bot=bot, method=method, status_code=resp.status, content=raw_result
    )
  File "/Users/mehriddinmengturayev/Downloads/shopbot/.venv/lib/python3.13/site-packages/aiogram/client/session/base.py", line 120, in check_response
    raise TelegramBadRequest(method=method, message=description)
aiogram.exceptions.TelegramBadRequest: Telegram server says - Bad Request: there is no text in the message to edit
2026-07-30 20:56:08,471 | INFO     | aiogram.event | Update id=883467325 is handled. Duration 222 ms by bot id=8591349938
2026-07-30 20:56:11,079 | INFO     | aiogram.event | Update id=883467326 is handled. Duration 241 ms by bot id=8591349938
2026-07-30 20:56:14,153 | INFO     | aiogram.event | Update id=883467327 is handled. Duration 252 ms by bot id=8591349938
2026-07-30 20:56:16,820 | INFO     | aiogram.event | Update id=883467328 is handled. Duration 1518 ms by bot id=8591349938
2026-07-30 20:56:18,780 | INFO     | aiogram.event | Update id=883467329 is handled. Duration 272 ms by bot id=8591349938
2026-07-30 20:56:20,715 | INFO     | aiogram.event | Update id=883467330 is handled. Duration 495 ms by bot id=8591349938
2026-07-30 20:56:22,209 | INFO     | aiogram.event | Update id=883467331 is handled. Duration 467 ms by bot id=8591349938
2026-07-30 20:56:24,290 | INFO     | aiogram.event | Update id=883467332 is handled. Duration 299 ms by bot id=8591349938
2026-07-30 20:56:25,782 | INFO     | aiogram.event | Update id=883467333 is handled. Duration 244 ms by bot id=8591349938
2026-07-30 20:56:27,720 | INFO     | aiogram.event | Update id=883467334 is handled. Duration 758 ms by bot id=8591349938
2026-07-30 20:56:28,956 | INFO     | aiogram.event | Update id=883467335 is handled. Duration 251 ms by bot id=8591349938
2026-07-30 20:58:17,506 | WARNING  | aiogram.dispatcher | Received SIGINT signal
2026-07-30 20:58:17,509 | INFO     | aiogram.dispatcher | Polling stopped for bot @Tenkyushopbot id=8591349938 - 'Tenkyu Shop'
2026-07-30 20:58:17,509 | INFO     | aiogram.dispatcher | Polling stopped
2026-07-30 20:58:19,904 | INFO     | __main__ | Starting Telegram Digital Product Sales Bot...
2026-07-30 20:58:19,907 | INFO     | app.database.bootstrap | Database tables ensured (create_all).
2026-07-30 20:58:19,918 | INFO     | providers | Crypto payment poller started (interval=20.0s)
2026-07-30 20:58:21,513 | INFO     | __main__ | Bot is polling...
2026-07-30 20:58:21,514 | INFO     | aiogram.dispatcher | Start polling
2026-07-30 20:58:21,671 | INFO     | aiogram.dispatcher | Run polling for bot @Tenkyushopbot id=8591349938 - 'Tenkyu Shop'
2026-07-30 20:58:30,613 | INFO     | httpx | HTTP Request: POST https://pay.crypt.bot/api/createInvoice "HTTP/1.1 200 OK"
2026-07-30 20:58:31,355 | INFO     | aiogram.event | Update id=883467336 is handled. Duration 2465 ms by bot id=8591349938
2026-07-30 20:58:40,672 | INFO     | httpx | HTTP Request: POST https://pay.crypt.bot/api/getInvoices "HTTP/1.1 200 OK"
2026-07-30 20:59:01,258 | INFO     | httpx | HTTP Request: POST https://pay.crypt.bot/api/getInvoices "HTTP/1.1 200 OK"
2026-07-30 20:59:21,836 | INFO     | httpx | HTTP Request: POST https://pay.crypt.bot/api/getInvoices "HTTP/1.1 200 OK"
2026-07-30 20:59:25,398 | INFO     | httpx | HTTP Request: POST https://pay.crypt.bot/api/getInvoices "HTTP/1.1 200 OK"
2026-07-30 20:59:25,832 | INFO     | aiogram.event | Update id=883467337 is handled. Duration 1166 ms by bot id=8591349938
2026-07-30 20:59:30,237 | INFO     | aiogram.event | Update id=883467338 is handled. Duration 179 ms by bot id=8591349938
2026-07-30 20:59:32,343 | INFO     | aiogram.event | Update id=883467339 is handled. Duration 209 ms by bot id=8591349938
2026-07-30 20:59:33,920 | INFO     | aiogram.event | Update id=883467340 is handled. Duration 407 ms by bot id=8591349938
2026-07-30 20:59:36,262 | INFO     | aiogram.event | Update id=883467341 is handled. Duration 389 ms by bot id=8591349938
2026-07-30 20:59:37,644 | INFO     | aiogram.event | Update id=883467342 is handled. Duration 194 ms by bot id=8591349938
2026-07-30 20:59:38,683 | INFO     | aiogram.event | Update id=883467343 is handled. Duration 207 ms by bot id=8591349938
2026-07-30 20:59:40,256 | INFO     | aiogram.event | Update id=883467344 is handled. Duration 849 ms by bot id=8591349938
2026-07-30 20:59:42,571 | INFO     | httpx | HTTP Request: POST https://pay.api.xrocket.exchange/api/v1/invoices "HTTP/1.1 404 Not Found"
2026-07-30 20:59:42,661 | INFO     | httpx | HTTP Request: POST https://pay.crypt.bot/api/getInvoices "HTTP/1.1 200 OK"
2026-07-30 20:59:43,629 | INFO     | httpx | HTTP Request: POST https://pay.api.xrocket.exchange/api/v1/invoices "HTTP/1.1 404 Not Found"
2026-07-30 20:59:45,205 | INFO     | httpx | HTTP Request: POST https://pay.api.xrocket.exchange/api/v1/invoices "HTTP/1.1 404 Not Found"
2026-07-30 20:59:45,206 | ERROR    | providers | xrocket create_invoice unexpected error
Traceback (most recent call last):
  File "/Users/mehriddinmengturayev/Downloads/shopbot/.venv/lib/python3.13/site-packages/tenacity/asyncio/__init__.py", line 114, in __call__
    result = await fn(*args, **kwargs)
             ^^^^^^^^^^^^^^^^^^^^^^^^^
  File "/Users/mehriddinmengturayev/Downloads/shopbot/app/services/crypto/xrocket.py", line 47, in _post
    resp.raise_for_status()
    ~~~~~~~~~~~~~~~~~~~~~^^
  File "/Users/mehriddinmengturayev/Downloads/shopbot/.venv/lib/python3.13/site-packages/httpx/_models.py", line 763, in raise_for_status
    raise HTTPStatusError(message, request=request, response=self)
httpx.HTTPStatusError: Client error '404 Not Found' for url 'https://pay.api.xrocket.exchange/api/v1/invoices'
For more information check: https://developer.mozilla.org/en-US/docs/Web/HTTP/Status/404

The above exception was the direct cause of the following exception:

Traceback (most recent call last):
  File "/Users/mehriddinmengturayev/Downloads/shopbot/app/services/crypto/xrocket.py", line 69, in create_invoice
    resp = await self._post("invoices", body)
           ^^^^^^^^^^^^^^^^^^^^^^^^^^^^^^^^^^
  File "/Users/mehriddinmengturayev/Downloads/shopbot/.venv/lib/python3.13/site-packages/tenacity/asyncio/__init__.py", line 189, in async_wrapped
    return await copy(fn, *args, **kwargs)
           ^^^^^^^^^^^^^^^^^^^^^^^^^^^^^^^
  File "/Users/mehriddinmengturayev/Downloads/shopbot/.venv/lib/python3.13/site-packages/tenacity/asyncio/__init__.py", line 111, in __call__
    do = await self.iter(retry_state=retry_state)
         ^^^^^^^^^^^^^^^^^^^^^^^^^^^^^^^^^^^^^^^^
  File "/Users/mehriddinmengturayev/Downloads/shopbot/.venv/lib/python3.13/site-packages/tenacity/asyncio/__init__.py", line 153, in iter
    result = await action(retry_state)
             ^^^^^^^^^^^^^^^^^^^^^^^^^
  File "/Users/mehriddinmengturayev/Downloads/shopbot/.venv/lib/python3.13/site-packages/tenacity/_utils.py", line 99, in inner
    return call(*args, **kwargs)
  File "/Users/mehriddinmengturayev/Downloads/shopbot/.venv/lib/python3.13/site-packages/tenacity/__init__.py", line 419, in exc_check
    raise retry_exc from fut.exception()
tenacity.RetryError: RetryError[<Future at 0x10a5a8b50 state=finished raised HTTPStatusError>]
2026-07-30 20:59:45,411 | INFO     | aiogram.event | Update id=883467345 is handled. Duration 4174 ms by bot id=8591349938
2026-07-30 21:00:03,644 | INFO     | httpx | HTTP Request: POST https://pay.crypt.bot/api/getInvoices "HTTP/1.1 200 OK"
2026-07-30 21:00:24,174 | INFO     | httpx | HTTP Request: POST https://pay.crypt.bot/api/getInvoices "HTTP/1.1 200 OK"
2026-07-30 21:00:45,358 | INFO     | httpx | HTTP Request: POST https://pay.crypt.bot/api/getInvoices "HTTP/1.1 200 OK"
2026-07-30 21:01:06,090 | INFO     | httpx | HTTP Request: POST https://pay.crypt.bot/api/getInvoices "HTTP/1.1 200 OK"
2026-07-30 21:01:27,366 | INFO     | httpx | HTTP Request: POST https://pay.crypt.bot/api/getInvoices "HTTP/1.1 200 OK"
2026-07-30 21:01:47,864 | INFO     | httpx | HTTP Request: POST https://pay.crypt.bot/api/getInvoices "HTTP/1.1 200 OK"
2026-07-30 21:01:56,262 | WARNING  | aiogram.dispatcher | Received SIGINT signal
2026-07-30 21:01:56,263 | INFO     | aiogram.dispatcher | Polling stopped for bot @Tenkyushopbot id=8591349938 - 'Tenkyu Shop'
2026-07-30 21:01:56,263 | INFO     | aiogram.dispatcher | Polling stopped
2026-07-30 21:01:58,485 | INFO     | __main__ | Starting Telegram Digital Product Sales Bot...
2026-07-30 21:01:58,488 | INFO     | app.database.bootstrap | Database tables ensured (create_all).
2026-07-30 21:01:58,499 | INFO     | providers | Crypto payment poller started (interval=20.0s)
2026-07-30 21:01:59,044 | INFO     | __main__ | Bot is polling...
2026-07-30 21:01:59,044 | INFO     | aiogram.dispatcher | Start polling
2026-07-30 21:01:59,076 | INFO     | httpx | HTTP Request: POST https://pay.crypt.bot/api/getInvoices "HTTP/1.1 200 OK"
2026-07-30 21:01:59,192 | INFO     | aiogram.dispatcher | Run polling for bot @Tenkyushopbot id=8591349938 - 'Tenkyu Shop'
2026-07-30 21:02:04,459 | INFO     | aiogram.event | Update id=883467346 is handled. Duration 622 ms by bot id=8591349938
2026-07-30 21:02:06,706 | INFO     | aiogram.event | Update id=883467347 is handled. Duration 205 ms by bot id=8591349938
2026-07-30 21:02:14,846 | INFO     | aiogram.event | Update id=883467348 is handled. Duration 223 ms by bot id=8591349938
2026-07-30 21:02:16,352 | INFO     | aiogram.event | Update id=883467349 is handled. Duration 223 ms by bot id=8591349938
2026-07-30 21:02:17,906 | INFO     | aiogram.event | Update id=883467350 is handled. Duration 531 ms by bot id=8591349938
2026-07-30 21:02:19,697 | INFO     | httpx | HTTP Request: POST https://pay.crypt.bot/api/getInvoices "HTTP/1.1 200 OK"
2026-07-30 21:02:40,226 | INFO     | httpx | HTTP Request: POST https://pay.crypt.bot/api/getInvoices "HTTP/1.1 200 OK"
2026-07-30 21:02:49,595 | INFO     | httpx | HTTP Request: POST https://pay.api.xrocket.exchange/api/v1/invoices "HTTP/1.1 404 Not Found"
2026-07-30 21:02:50,681 | INFO     | httpx | HTTP Request: POST https://pay.api.xrocket.exchange/api/v1/invoices "HTTP/1.1 404 Not Found"
2026-07-30 21:02:52,268 | INFO     | httpx | HTTP Request: POST https://pay.api.xrocket.exchange/api/v1/invoices "HTTP/1.1 404 Not Found"
2026-07-30 21:02:52,270 | ERROR    | providers | xrocket create_invoice unexpected error
Traceback (most recent call last):
  File "/Users/mehriddinmengturayev/Downloads/shopbot/.venv/lib/python3.13/site-packages/tenacity/asyncio/__init__.py", line 114, in __call__
    result = await fn(*args, **kwargs)
             ^^^^^^^^^^^^^^^^^^^^^^^^^
  File "/Users/mehriddinmengturayev/Downloads/shopbot/app/services/crypto/xrocket.py", line 47, in _post
    resp.raise_for_status()
    ~~~~~~~~~~~~~~~~~~~~~^^
  File "/Users/mehriddinmengturayev/Downloads/shopbot/.venv/lib/python3.13/site-packages/httpx/_models.py", line 763, in raise_for_status
    raise HTTPStatusError(message, request=request, response=self)
httpx.HTTPStatusError: Client error '404 Not Found' for url 'https://pay.api.xrocket.exchange/api/v1/invoices'
For more information check: https://developer.mozilla.org/en-US/docs/Web/HTTP/Status/404

The above exception was the direct cause of the following exception:

Traceback (most recent call last):
  File "/Users/mehriddinmengturayev/Downloads/shopbot/app/services/crypto/xrocket.py", line 69, in create_invoice
    resp = await self._post("invoices", body)
           ^^^^^^^^^^^^^^^^^^^^^^^^^^^^^^^^^^
  File "/Users/mehriddinmengturayev/Downloads/shopbot/.venv/lib/python3.13/site-packages/tenacity/asyncio/__init__.py", line 189, in async_wrapped
    return await copy(fn, *args, **kwargs)
           ^^^^^^^^^^^^^^^^^^^^^^^^^^^^^^^
  File "/Users/mehriddinmengturayev/Downloads/shopbot/.venv/lib/python3.13/site-packages/tenacity/asyncio/__init__.py", line 111, in __call__
    do = await self.iter(retry_state=retry_state)
         ^^^^^^^^^^^^^^^^^^^^^^^^^^^^^^^^^^^^^^^^
  File "/Users/mehriddinmengturayev/Downloads/shopbot/.venv/lib/python3.13/site-packages/tenacity/asyncio/__init__.py", line 153, in iter
    result = await action(retry_state)
             ^^^^^^^^^^^^^^^^^^^^^^^^^
  File "/Users/mehriddinmengturayev/Downloads/shopbot/.venv/lib/python3.13/site-packages/tenacity/_utils.py", line 99, in inner
    return call(*args, **kwargs)
  File "/Users/mehriddinmengturayev/Downloads/shopbot/.venv/lib/python3.13/site-packages/tenacity/__init__.py", line 419, in exc_check
    raise retry_exc from fut.exception()
tenacity.RetryError: RetryError[<Future at 0x10da0d6d0 state=finished raised HTTPStatusError>]
2026-07-30 21:02:53,025 | INFO     | aiogram.event | Update id=883467351 is handled. Duration 4451 ms by bot id=8591349938
2026-07-30 21:03:00,762 | INFO     | httpx | HTTP Request: POST https://pay.crypt.bot/api/getInvoices "HTTP/1.1 200 OK"
2026-07-30 21:03:21,308 | INFO     | httpx | HTTP Request: POST https://pay.crypt.bot/api/getInvoices "HTTP/1.1 200 OK"
2026-07-30 21:03:41,849 | INFO     | httpx | HTTP Request: POST https://pay.crypt.bot/api/getInvoices "HTTP/1.1 200 OK"
2026-07-30 21:04:02,549 | INFO     | httpx | HTTP Request: POST https://pay.crypt.bot/api/getInvoices "HTTP/1.1 200 OK"
2026-07-30 21:04:23,209 | INFO     | httpx | HTTP Request: POST https://pay.crypt.bot/api/getInvoices "HTTP/1.1 200 OK"
2026-07-30 21:04:43,852 | INFO     | httpx | HTTP Request: POST https://pay.crypt.bot/api/getInvoices "HTTP/1.1 200 OK"
2026-07-30 21:05:04,423 | INFO     | httpx | HTTP Request: POST https://pay.crypt.bot/api/getInvoices "HTTP/1.1 200 OK"
2026-07-30 21:05:25,466 | INFO     | httpx | HTTP Request: POST https://pay.crypt.bot/api/getInvoices "HTTP/1.1 200 OK"
2026-07-30 21:05:46,101 | INFO     | httpx | HTTP Request: POST https://pay.crypt.bot/api/getInvoices "HTTP/1.1 200 OK"
2026-07-30 21:06:06,936 | INFO     | httpx | HTTP Request: POST https://pay.crypt.bot/api/getInvoices "HTTP/1.1 200 OK"
2026-07-30 21:06:27,484 | INFO     | httpx | HTTP Request: POST https://pay.crypt.bot/api/getInvoices "HTTP/1.1 200 OK"
2026-07-30 21:06:48,147 | INFO     | httpx | HTTP Request: POST https://pay.crypt.bot/api/getInvoices "HTTP/1.1 200 OK"
2026-07-30 21:06:51,306 | INFO     | aiogram.event | Update id=883467352 is handled. Duration 1068 ms by bot id=8591349938
2026-07-30 21:07:10,801 | INFO     | httpx | HTTP Request: POST https://pay.crypt.bot/api/getInvoices "HTTP/1.1 200 OK"
2026-07-30 21:07:31,606 | INFO     | httpx | HTTP Request: POST https://pay.crypt.bot/api/getInvoices "HTTP/1.1 200 OK"
2026-07-30 21:07:52,090 | INFO     | httpx | HTTP Request: POST https://pay.crypt.bot/api/getInvoices "HTTP/1.1 200 OK"
2026-07-30 21:08:13,437 | INFO     | httpx | HTTP Request: POST https://pay.crypt.bot/api/getInvoices "HTTP/1.1 200 OK"
2026-07-30 21:08:34,120 | INFO     | httpx | HTTP Request: POST https://pay.crypt.bot/api/getInvoices "HTTP/1.1 200 OK"
2026-07-30 21:08:54,677 | INFO     | httpx | HTTP Request: POST https://pay.crypt.bot/api/getInvoices "HTTP/1.1 200 OK"
2026-07-30 21:09:15,323 | INFO     | httpx | HTTP Request: POST https://pay.crypt.bot/api/getInvoices "HTTP/1.1 200 OK"
2026-07-30 21:09:35,995 | INFO     | httpx | HTTP Request: POST https://pay.crypt.bot/api/getInvoices "HTTP/1.1 200 OK"
2026-07-30 21:09:56,830 | INFO     | httpx | HTTP Request: POST https://pay.crypt.bot/api/getInvoices "HTTP/1.1 200 OK"
2026-07-30 21:10:17,621 | INFO     | httpx | HTTP Request: POST https://pay.crypt.bot/api/getInvoices "HTTP/1.1 200 OK"
2026-07-30 21:10:38,251 | INFO     | httpx | HTTP Request: POST https://pay.crypt.bot/api/getInvoices "HTTP/1.1 200 OK"
2026-07-30 21:10:58,865 | INFO     | httpx | HTTP Request: POST https://pay.crypt.bot/api/getInvoices "HTTP/1.1 200 OK"
2026-07-30 21:12:54,098 | INFO     | httpx | HTTP Request: POST https://pay.crypt.bot/api/getInvoices "HTTP/1.1 200 OK"
2026-07-30 21:13:15,017 | INFO     | httpx | HTTP Request: POST https://pay.crypt.bot/api/getInvoices "HTTP/1.1 200 OK"
2026-07-30 21:13:25,448 | INFO     | aiogram.event | Update id=883467353 is handled. Duration 1196 ms by bot id=8591349938
2026-07-30 21:13:30,866 | INFO     | httpx | HTTP Request: POST https://pay.api.xrocket.exchange/api/v1/invoices "HTTP/1.1 404 Not Found"
2026-07-30 21:13:31,982 | INFO     | httpx | HTTP Request: POST https://pay.api.xrocket.exchange/api/v1/invoices "HTTP/1.1 404 Not Found"
2026-07-30 21:13:33,572 | INFO     | httpx | HTTP Request: POST https://pay.api.xrocket.exchange/api/v1/invoices "HTTP/1.1 404 Not Found"
2026-07-30 21:13:33,574 | ERROR    | providers | xrocket create_invoice unexpected error
Traceback (most recent call last):
  File "/Users/mehriddinmengturayev/Downloads/shopbot/.venv/lib/python3.13/site-packages/tenacity/asyncio/__init__.py", line 114, in __call__
    result = await fn(*args, **kwargs)
             ^^^^^^^^^^^^^^^^^^^^^^^^^
  File "/Users/mehriddinmengturayev/Downloads/shopbot/app/services/crypto/xrocket.py", line 47, in _post
    return {"Rocket-Pay-Key": self.token, "Accept": "application/json"}
        ^^^^^^^^^^^^^^^^^^^^^^^
  File "/Users/mehriddinmengturayev/Downloads/shopbot/.venv/lib/python3.13/site-packages/httpx/_models.py", line 763, in raise_for_status
    raise HTTPStatusError(message, request=request, response=self)
httpx.HTTPStatusError: Client error '404 Not Found' for url 'https://pay.api.xrocket.exchange/api/v1/invoices'
For more information check: https://developer.mozilla.org/en-US/docs/Web/HTTP/Status/404

The above exception was the direct cause of the following exception:

Traceback (most recent call last):
  File "/Users/mehriddinmengturayev/Downloads/shopbot/app/services/crypto/xrocket.py", line 69, in create_invoice
    "amount": round(amount_usd, 2),
           ^^^^^^^^^^^^^^^^^^^^^^^^
  File "/Users/mehriddinmengturayev/Downloads/shopbot/.venv/lib/python3.13/site-packages/tenacity/asyncio/__init__.py", line 189, in async_wrapped
    return await copy(fn, *args, **kwargs)
           ^^^^^^^^^^^^^^^^^^^^^^^^^^^^^^^
  File "/Users/mehriddinmengturayev/Downloads/shopbot/.venv/lib/python3.13/site-packages/tenacity/asyncio/__init__.py", line 111, in __call__
    do = await self.iter(retry_state=retry_state)
         ^^^^^^^^^^^^^^^^^^^^^^^^^^^^^^^^^^^^^^^^
  File "/Users/mehriddinmengturayev/Downloads/shopbot/.venv/lib/python3.13/site-packages/tenacity/asyncio/__init__.py", line 153, in iter
    result = await action(retry_state)
             ^^^^^^^^^^^^^^^^^^^^^^^^^
  File "/Users/mehriddinmengturayev/Downloads/shopbot/.venv/lib/python3.13/site-packages/tenacity/_utils.py", line 99, in inner
    return call(*args, **kwargs)
  File "/Users/mehriddinmengturayev/Downloads/shopbot/.venv/lib/python3.13/site-packages/tenacity/__init__.py", line 419, in exc_check
    raise retry_exc from fut.exception()
tenacity.RetryError: RetryError[<Future at 0x10afe7250 state=finished raised HTTPStatusError>]
2026-07-30 21:13:33,739 | INFO     | aiogram.event | Update id=883467354 is handled. Duration 4406 ms by bot id=8591349938
2026-07-30 21:13:35,525 | INFO     | httpx | HTTP Request: POST https://pay.crypt.bot/api/getInvoices "HTTP/1.1 200 OK"
2026-07-30 21:13:38,773 | WARNING  | aiogram.dispatcher | Received SIGINT signal
2026-07-30 21:13:38,774 | INFO     | aiogram.dispatcher | Polling stopped for bot @Tenkyushopbot id=8591349938 - 'Tenkyu Shop'
2026-07-30 21:13:38,774 | INFO     | aiogram.dispatcher | Polling stopped
2026-07-30 21:13:41,083 | INFO     | __main__ | Starting Telegram Digital Product Sales Bot...
2026-07-30 21:13:41,087 | INFO     | app.database.bootstrap | Database tables ensured (create_all).
2026-07-30 21:13:41,097 | INFO     | providers | Crypto payment poller started (interval=20.0s)
2026-07-30 21:13:41,666 | INFO     | __main__ | Bot is polling...
2026-07-30 21:13:41,667 | INFO     | aiogram.dispatcher | Start polling
2026-07-30 21:13:41,669 | INFO     | httpx | HTTP Request: POST https://pay.crypt.bot/api/getInvoices "HTTP/1.1 200 OK"
2026-07-30 21:13:41,827 | INFO     | aiogram.dispatcher | Run polling for bot @Tenkyushopbot id=8591349938 - 'Tenkyu Shop'
2026-07-30 21:14:02,890 | INFO     | httpx | HTTP Request: POST https://pay.crypt.bot/api/getInvoices "HTTP/1.1 200 OK"
2026-07-30 21:14:10,215 | ERROR    | providers | xrocket create_invoice HTTP error: [Errno 8] nodename nor servname provided, or not known
2026-07-30 21:14:10,735 | INFO     | aiogram.event | Update id=883467355 is handled. Duration 2651 ms by bot id=8591349938
2026-07-30 21:14:23,639 | INFO     | httpx | HTTP Request: POST https://pay.crypt.bot/api/getInvoices "HTTP/1.1 200 OK"
2026-07-30 21:14:42,021 | ERROR    | providers | xrocket create_invoice HTTP error: [Errno 8] nodename nor servname provided, or not known
2026-07-30 21:14:42,527 | INFO     | aiogram.event | Update id=883467356 is handled. Duration 2067 ms by bot id=8591349938
2026-07-30 21:14:44,239 | INFO     | httpx | HTTP Request: POST https://pay.crypt.bot/api/getInvoices "HTTP/1.1 200 OK"
2026-07-30 21:15:04,837 | INFO     | httpx | HTTP Request: POST https://pay.crypt.bot/api/getInvoices "HTTP/1.1 200 OK"
2026-07-30 21:15:25,360 | INFO     | httpx | HTTP Request: POST https://pay.crypt.bot/api/getInvoices "HTTP/1.1 200 OK"
2026-07-30 21:15:46,375 | INFO     | httpx | HTTP Request: POST https://pay.crypt.bot/api/getInvoices "HTTP/1.1 200 OK"
2026-07-30 21:15:56,414 | ERROR    | providers | xrocket create_invoice HTTP error: [Errno 8] nodename nor servname provided, or not known
2026-07-30 21:15:56,878 | INFO     | aiogram.event | Update id=883467357 is handled. Duration 2023 ms by bot id=8591349938
2026-07-30 21:16:06,993 | INFO     | httpx | HTTP Request: POST https://pay.crypt.bot/api/getInvoices "HTTP/1.1 200 OK"
2026-07-30 21:16:09,195 | INFO     | aiogram.event | Update id=883467358 is handled. Duration 434 ms by bot id=8591349938
2026-07-30 21:16:11,900 | INFO     | aiogram.event | Update id=883467359 is handled. Duration 556 ms by bot id=8591349938
2026-07-30 21:16:20,283 | INFO     | aiogram.event | Update id=883467360 is handled. Duration 297 ms by bot id=8591349938
2026-07-30 21:16:22,377 | INFO     | aiogram.event | Update id=883467361 is handled. Duration 571 ms by bot id=8591349938
2026-07-30 21:16:23,514 | INFO     | aiogram.event | Update id=883467362 is handled. Duration 186 ms by bot id=8591349938
2026-07-30 21:16:25,965 | INFO     | aiogram.event | Update id=883467363 is handled. Duration 568 ms by bot id=8591349938
2026-07-30 21:16:27,529 | INFO     | httpx | HTTP Request: POST https://pay.crypt.bot/api/getInvoices "HTTP/1.1 200 OK"
2026-07-30 21:16:48,153 | INFO     | httpx | HTTP Request: POST https://pay.crypt.bot/api/getInvoices "HTTP/1.1 200 OK"
2026-07-30 21:17:08,758 | INFO     | httpx | HTTP Request: POST https://pay.crypt.bot/api/getInvoices "HTTP/1.1 200 OK"
2026-07-30 21:17:29,353 | INFO     | httpx | HTTP Request: POST https://pay.crypt.bot/api/getInvoices "HTTP/1.1 200 OK"
2026-07-30 21:17:49,836 | INFO     | httpx | HTTP Request: POST https://pay.crypt.bot/api/getInvoices "HTTP/1.1 200 OK"
2026-07-30 21:18:11,150 | INFO     | httpx | HTTP Request: POST https://pay.crypt.bot/api/getInvoices "HTTP/1.1 200 OK"
2026-07-30 21:18:31,858 | INFO     | httpx | HTTP Request: POST https://pay.crypt.bot/api/getInvoices "HTTP/1.1 200 OK"
2026-07-30 21:18:52,508 | INFO     | httpx | HTTP Request: POST https://pay.crypt.bot/api/getInvoices "HTTP/1.1 200 OK"
2026-07-30 21:19:13,169 | INFO     | httpx | HTTP Request: POST https://pay.crypt.bot/api/getInvoices "HTTP/1.1 200 OK"
2026-07-30 21:19:33,892 | INFO     | httpx | HTTP Request: POST https://pay.crypt.bot/api/getInvoices "HTTP/1.1 200 OK"
2026-07-30 21:19:54,429 | INFO     | httpx | HTTP Request: POST https://pay.crypt.bot/api/getInvoices "HTTP/1.1 200 OK"
2026-07-30 21:20:15,256 | INFO     | httpx | HTTP Request: POST https://pay.crypt.bot/api/getInvoices "HTTP/1.1 200 OK"
2026-07-30 21:20:35,995 | INFO     | httpx | HTTP Request: POST https://pay.crypt.bot/api/getInvoices "HTTP/1.1 200 OK"
2026-07-30 21:20:56,592 | INFO     | httpx | HTTP Request: POST https://pay.crypt.bot/api/getInvoices "HTTP/1.1 200 OK"
2026-07-30 21:21:17,981 | INFO     | httpx | HTTP Request: POST https://pay.crypt.bot/api/getInvoices "HTTP/1.1 200 OK"
2026-07-30 21:21:38,611 | INFO     | httpx | HTTP Request: POST https://pay.crypt.bot/api/getInvoices "HTTP/1.1 200 OK"
2026-07-30 21:21:59,132 | INFO     | httpx | HTTP Request: POST https://pay.crypt.bot/api/getInvoices "HTTP/1.1 200 OK"
2026-07-30 21:22:07,694 | ERROR    | providers | xrocket create_invoice HTTP error: [Errno 8] nodename nor servname provided, or not known
2026-07-30 21:22:08,228 | INFO     | aiogram.event | Update id=883467364 is handled. Duration 2104 ms by bot id=8591349938
2026-07-30 21:22:19,803 | INFO     | httpx | HTTP Request: POST https://pay.crypt.bot/api/getInvoices "HTTP/1.1 200 OK"
2026-07-30 21:22:41,429 | INFO     | httpx | HTTP Request: POST https://pay.crypt.bot/api/getInvoices "HTTP/1.1 200 OK"
2026-07-30 21:23:02,665 | INFO     | httpx | HTTP Request: POST https://pay.crypt.bot/api/getInvoices "HTTP/1.1 200 OK"
2026-07-30 21:23:23,270 | INFO     | httpx | HTTP Request: POST https://pay.crypt.bot/api/getInvoices "HTTP/1.1 200 OK"
2026-07-30 21:23:43,808 | INFO     | httpx | HTTP Request: POST https://pay.crypt.bot/api/getInvoices "HTTP/1.1 200 OK"
2026-07-30 21:24:04,383 | INFO     | httpx | HTTP Request: POST https://pay.crypt.bot/api/getInvoices "HTTP/1.1 200 OK"
2026-07-30 21:24:25,068 | INFO     | httpx | HTTP Request: POST https://pay.crypt.bot/api/getInvoices "HTTP/1.1 200 OK"
2026-07-30 21:24:45,614 | INFO     | httpx | HTTP Request: POST https://pay.crypt.bot/api/getInvoices "HTTP/1.1 200 OK"
2026-07-30 21:25:06,184 | INFO     | httpx | HTTP Request: POST https://pay.crypt.bot/api/getInvoices "HTTP/1.1 200 OK"
2026-07-30 21:25:27,464 | INFO     | httpx | HTTP Request: POST https://pay.crypt.bot/api/getInvoices "HTTP/1.1 200 OK"
2026-07-30 21:25:48,545 | INFO     | httpx | HTTP Request: POST https://pay.crypt.bot/api/getInvoices "HTTP/1.1 200 OK"
2026-07-30 21:33:26,286 | INFO     | httpx | HTTP Request: POST https://pay.crypt.bot/api/getInvoices "HTTP/1.1 200 OK"
2026-07-30 21:33:47,167 | INFO     | httpx | HTTP Request: POST https://pay.crypt.bot/api/getInvoices "HTTP/1.1 200 OK"
2026-07-30 21:34:07,789 | INFO     | httpx | HTTP Request: POST https://pay.crypt.bot/api/getInvoices "HTTP/1.1 200 OK"
2026-07-30 21:34:19,246 | ERROR    | aiogram.dispatcher | Failed to fetch updates - TelegramNetworkError: HTTP Client says - Request timeout error
2026-07-30 21:34:19,247 | WARNING  | aiogram.dispatcher | Sleep for 1.000000 seconds and try again... (tryings = 0, bot id = 8591349938)
2026-07-30 21:34:28,441 | INFO     | httpx | HTTP Request: POST https://pay.crypt.bot/api/getInvoices "HTTP/1.1 200 OK"
2026-07-30 21:34:31,134 | INFO     | aiogram.dispatcher | Connection established (tryings = 1, bot id = 8591349938)
2026-07-30 21:34:49,114 | INFO     | httpx | HTTP Request: POST https://pay.crypt.bot/api/getInvoices "HTTP/1.1 200 OK"
2026-07-30 21:35:10,167 | INFO     | httpx | HTTP Request: POST https://pay.crypt.bot/api/getInvoices "HTTP/1.1 200 OK"
2026-07-30 21:35:31,566 | INFO     | httpx | HTTP Request: POST https://pay.crypt.bot/api/getInvoices "HTTP/1.1 200 OK"
2026-07-30 21:35:52,103 | INFO     | httpx | HTTP Request: POST https://pay.crypt.bot/api/getInvoices "HTTP/1.1 200 OK"
2026-07-30 21:36:12,688 | INFO     | httpx | HTTP Request: POST https://pay.crypt.bot/api/getInvoices "HTTP/1.1 200 OK"
2026-07-30 21:36:33,262 | INFO     | httpx | HTTP Request: POST https://pay.crypt.bot/api/getInvoices "HTTP/1.1 200 OK"
2026-07-30 21:36:53,983 | INFO     | httpx | HTTP Request: POST https://pay.crypt.bot/api/getInvoices "HTTP/1.1 200 OK"
2026-07-30 21:37:15,553 | INFO     | httpx | HTTP Request: POST https://pay.crypt.bot/api/getInvoices "HTTP/1.1 200 OK"
2026-07-30 21:37:36,567 | INFO     | httpx | HTTP Request: POST https://pay.crypt.bot/api/getInvoices "HTTP/1.1 200 OK"
2026-07-30 21:37:58,300 | INFO     | httpx | HTTP Request: POST https://pay.crypt.bot/api/getInvoices "HTTP/1.1 200 OK"
2026-07-30 21:38:18,932 | INFO     | httpx | HTTP Request: POST https://pay.crypt.bot/api/getInvoices "HTTP/1.1 200 OK"
2026-07-30 21:38:32,966 | ERROR    | providers | xrocket create_invoice HTTP error: [Errno 8] nodename nor servname provided, or not known
2026-07-30 21:38:33,684 | INFO     | aiogram.event | Update id=883467365 is handled. Duration 2567 ms by bot id=8591349938
2026-07-30 21:38:39,503 | INFO     | httpx | HTTP Request: POST https://pay.crypt.bot/api/getInvoices "HTTP/1.1 200 OK"
2026-07-30 21:39:01,215 | INFO     | httpx | HTTP Request: POST https://pay.crypt.bot/api/getInvoices "HTTP/1.1 200 OK"
2026-07-30 21:39:22,415 | INFO     | httpx | HTTP Request: POST https://pay.crypt.bot/api/getInvoices "HTTP/1.1 200 OK"
2026-07-30 21:39:43,309 | INFO     | httpx | HTTP Request: POST https://pay.crypt.bot/api/getInvoices "HTTP/1.1 200 OK"
2026-07-30 21:40:04,308 | INFO     | httpx | HTTP Request: POST https://pay.crypt.bot/api/getInvoices "HTTP/1.1 200 OK"
2026-07-30 21:40:25,523 | INFO     | httpx | HTTP Request: POST https://pay.crypt.bot/api/getInvoices "HTTP/1.1 200 OK"
2026-07-30 21:40:46,094 | INFO     | httpx | HTTP Request: POST https://pay.crypt.bot/api/getInvoices "HTTP/1.1 200 OK"
2026-07-30 21:41:06,789 | INFO     | httpx | HTTP Request: POST https://pay.crypt.bot/api/getInvoices "HTTP/1.1 200 OK"
2026-07-30 21:41:27,447 | INFO     | httpx | HTTP Request: POST https://pay.crypt.bot/api/getInvoices "HTTP/1.1 200 OK"
2026-07-30 21:41:48,335 | INFO     | httpx | HTTP Request: POST https://pay.crypt.bot/api/getInvoices "HTTP/1.1 200 OK"
2026-07-30 21:42:09,479 | INFO     | httpx | HTTP Request: POST https://pay.crypt.bot/api/getInvoices "HTTP/1.1 200 OK"
2026-07-30 21:42:31,156 | INFO     | httpx | HTTP Request: POST https://pay.crypt.bot/api/getInvoices "HTTP/1.1 200 OK"
2026-07-30 21:42:52,918 | INFO     | httpx | HTTP Request: POST https://pay.crypt.bot/api/getInvoices "HTTP/1.1 200 OK"
2026-07-30 21:43:15,679 | INFO     | httpx | HTTP Request: POST https://pay.crypt.bot/api/getInvoices "HTTP/1.1 200 OK"
2026-07-30 21:43:37,621 | INFO     | httpx | HTTP Request: POST https://pay.crypt.bot/api/getInvoices "HTTP/1.1 200 OK"
2026-07-30 21:43:58,402 | INFO     | httpx | HTTP Request: POST https://pay.crypt.bot/api/getInvoices "HTTP/1.1 200 OK"
2026-07-30 21:44:19,068 | INFO     | httpx | HTTP Request: POST https://pay.crypt.bot/api/getInvoices "HTTP/1.1 200 OK"
2026-07-30 21:44:39,772 | INFO     | httpx | HTTP Request: POST https://pay.crypt.bot/api/getInvoices "HTTP/1.1 200 OK"
2026-07-30 21:45:02,896 | INFO     | httpx | HTTP Request: POST https://pay.crypt.bot/api/getInvoices "HTTP/1.1 200 OK"
2026-07-30 21:45:23,560 | INFO     | httpx | HTTP Request: POST https://pay.crypt.bot/api/getInvoices "HTTP/1.1 200 OK"
2026-07-30 21:45:47,775 | INFO     | httpx | HTTP Request: POST https://pay.crypt.bot/api/getInvoices "HTTP/1.1 200 OK"
2026-07-30 21:46:08,715 | INFO     | httpx | HTTP Request: POST https://pay.crypt.bot/api/getInvoices "HTTP/1.1 200 OK"
2026-07-30 21:46:30,330 | INFO     | httpx | HTTP Request: POST https://pay.crypt.bot/api/getInvoices "HTTP/1.1 200 OK"
2026-07-30 21:46:51,971 | INFO     | httpx | HTTP Request: POST https://pay.crypt.bot/api/getInvoices "HTTP/1.1 200 OK"
2026-07-30 21:47:12,582 | INFO     | httpx | HTTP Request: POST https://pay.crypt.bot/api/getInvoices "HTTP/1.1 200 OK"
2026-07-30 21:47:33,156 | INFO     | httpx | HTTP Request: POST https://pay.crypt.bot/api/getInvoices "HTTP/1.1 200 OK"
2026-07-30 21:47:53,847 | INFO     | httpx | HTTP Request: POST https://pay.crypt.bot/api/getInvoices "HTTP/1.1 200 OK"
2026-07-30 21:48:14,744 | INFO     | httpx | HTTP Request: POST https://pay.crypt.bot/api/getInvoices "HTTP/1.1 200 OK"
2026-07-30 21:48:35,475 | INFO     | httpx | HTTP Request: POST https://pay.crypt.bot/api/getInvoices "HTTP/1.1 200 OK"
2026-07-30 21:48:56,125 | INFO     | httpx | HTTP Request: POST https://pay.crypt.bot/api/getInvoices "HTTP/1.1 200 OK"
2026-07-30 21:49:16,671 | INFO     | httpx | HTTP Request: POST https://pay.crypt.bot/api/getInvoices "HTTP/1.1 200 OK"
2026-07-30 22:07:04,483 | ERROR    | providers | cryptobot check_invoice HTTP error: [Errno 8] nodename nor servname provided, or not known
2026-07-30 23:12:40,361 | ERROR    | providers | cryptobot check_invoice HTTP error: [Errno 8] nodename nor servname provided, or not known
2026-07-30 23:29:07,250 | ERROR    | providers | cryptobot check_invoice HTTP error: [Errno 8] nodename nor servname provided, or not known
2026-07-30 23:29:11,209 | ERROR    | aiogram.dispatcher | Failed to fetch updates - TelegramNetworkError: HTTP Client says - Request timeout error
2026-07-30 23:29:11,210 | WARNING  | aiogram.dispatcher | Sleep for 1.000000 seconds and try again... (tryings = 0, bot id = 8591349938)
2026-07-30 23:44:10,000 | ERROR    | aiogram.dispatcher | Failed to fetch updates - TelegramNetworkError: HTTP Client says - ClientConnectorError: Cannot connect to host api.telegram.org:443 ssl:default [Network is unreachable]
2026-07-30 23:44:10,000 | WARNING  | aiogram.dispatcher | Sleep for 1.167619 seconds and try again... (tryings = 1, bot id = 8591349938)
2026-07-30 23:44:11,172 | ERROR    | aiogram.dispatcher | Failed to fetch updates - TelegramNetworkError: HTTP Client says - ClientConnectorError: Cannot connect to host api.telegram.org:443 ssl:default [Network is unreachable]
2026-07-30 23:44:11,173 | WARNING  | aiogram.dispatcher | Sleep for 1.621748 seconds and try again... (tryings = 2, bot id = 8591349938)
2026-07-30 23:44:12,798 | ERROR    | aiogram.dispatcher | Failed to fetch updates - TelegramNetworkError: HTTP Client says - ClientConnectorError: Cannot connect to host api.telegram.org:443 ssl:default [Network is unreachable]
2026-07-30 23:44:12,798 | WARNING  | aiogram.dispatcher | Sleep for 2.184388 seconds and try again... (tryings = 3, bot id = 8591349938)
2026-07-30 23:48:57,235 | ERROR    | aiogram.dispatcher | Failed to fetch updates - TelegramNetworkError: HTTP Client says - ClientConnectorError: Cannot connect to host api.telegram.org:443 ssl:default [Network is unreachable]
2026-07-30 23:48:57,235 | WARNING  | aiogram.dispatcher | Sleep for 2.772157 seconds and try again... (tryings = 4, bot id = 8591349938)
2026-07-30 23:49:00,008 | ERROR    | aiogram.dispatcher | Failed to fetch updates - TelegramNetworkError: HTTP Client says - ClientConnectorError: Cannot connect to host api.telegram.org:443 ssl:default [Network is unreachable]
2026-07-30 23:49:00,009 | WARNING  | aiogram.dispatcher | Sleep for 3.686755 seconds and try again... (tryings = 5, bot id = 8591349938)
2026-07-30 23:49:03,700 | ERROR    | aiogram.dispatcher | Failed to fetch updates - TelegramNetworkError: HTTP Client says - ClientConnectorError: Cannot connect to host api.telegram.org:443 ssl:default [Network is unreachable]
2026-07-30 23:49:03,701 | WARNING  | aiogram.dispatcher | Sleep for 4.747869 seconds and try again... (tryings = 6, bot id = 8591349938)
2026-07-30 23:49:09,670 | INFO     | httpx | HTTP Request: POST https://pay.crypt.bot/api/getInvoices "HTTP/1.1 200 OK"
2026-07-30 23:49:19,027 | INFO     | aiogram.dispatcher | Connection established (tryings = 7, bot id = 8591349938)
2026-07-30 23:49:30,788 | INFO     | httpx | HTTP Request: POST https://pay.crypt.bot/api/getInvoices "HTTP/1.1 200 OK"
2026-07-30 23:49:51,589 | INFO     | httpx | HTTP Request: POST https://pay.crypt.bot/api/getInvoices "HTTP/1.1 200 OK"
2026-07-30 23:50:12,137 | INFO     | httpx | HTTP Request: POST https://pay.crypt.bot/api/getInvoices "HTTP/1.1 200 OK"
2026-07-30 23:50:32,954 | INFO     | httpx | HTTP Request: POST https://pay.crypt.bot/api/getInvoices "HTTP/1.1 200 OK"
2026-07-30 23:50:53,555 | INFO     | httpx | HTTP Request: POST https://pay.crypt.bot/api/getInvoices "HTTP/1.1 200 OK"
2026-07-30 23:51:14,087 | INFO     | httpx | HTTP Request: POST https://pay.crypt.bot/api/getInvoices "HTTP/1.1 200 OK"
2026-07-30 23:51:34,613 | INFO     | httpx | HTTP Request: POST https://pay.crypt.bot/api/getInvoices "HTTP/1.1 200 OK"
2026-07-30 23:51:55,121 | INFO     | httpx | HTTP Request: POST https://pay.crypt.bot/api/getInvoices "HTTP/1.1 200 OK"
2026-07-30 23:52:15,684 | INFO     | httpx | HTTP Request: POST https://pay.crypt.bot/api/getInvoices "HTTP/1.1 200 OK"
2026-07-30 23:52:36,213 | INFO     | httpx | HTTP Request: POST https://pay.crypt.bot/api/getInvoices "HTTP/1.1 200 OK"
2026-07-30 23:52:58,674 | INFO     | httpx | HTTP Request: POST https://pay.crypt.bot/api/getInvoices "HTTP/1.1 200 OK"
2026-07-30 23:53:19,174 | INFO     | httpx | HTTP Request: POST https://pay.crypt.bot/api/getInvoices "HTTP/1.1 200 OK"
2026-07-30 23:53:39,714 | INFO     | httpx | HTTP Request: POST https://pay.crypt.bot/api/getInvoices "HTTP/1.1 200 OK"
2026-07-30 23:54:00,468 | INFO     | httpx | HTTP Request: POST https://pay.crypt.bot/api/getInvoices "HTTP/1.1 200 OK"
2026-07-30 23:54:21,022 | INFO     | httpx | HTTP Request: POST https://pay.crypt.bot/api/getInvoices "HTTP/1.1 200 OK"
2026-07-30 23:54:41,509 | INFO     | httpx | HTTP Request: POST https://pay.crypt.bot/api/getInvoices "HTTP/1.1 200 OK"
2026-07-30 23:55:02,021 | INFO     | httpx | HTTP Request: POST https://pay.crypt.bot/api/getInvoices "HTTP/1.1 200 OK"
2026-07-30 23:55:22,551 | INFO     | httpx | HTTP Request: POST https://pay.crypt.bot/api/getInvoices "HTTP/1.1 200 OK"
2026-07-30 23:55:43,102 | INFO     | httpx | HTTP Request: POST https://pay.crypt.bot/api/getInvoices "HTTP/1.1 200 OK"
2026-07-30 23:56:04,495 | INFO     | httpx | HTTP Request: POST https://pay.crypt.bot/api/getInvoices "HTTP/1.1 200 OK"
2026-07-30 23:56:25,446 | INFO     | httpx | HTTP Request: POST https://pay.crypt.bot/api/getInvoices "HTTP/1.1 200 OK"
2026-07-30 23:56:46,038 | INFO     | httpx | HTTP Request: POST https://pay.crypt.bot/api/getInvoices "HTTP/1.1 200 OK"
2026-07-30 23:57:06,508 | INFO     | httpx | HTTP Request: POST https://pay.crypt.bot/api/getInvoices "HTTP/1.1 200 OK"
2026-07-30 23:57:27,128 | INFO     | httpx | HTTP Request: POST https://pay.crypt.bot/api/getInvoices "HTTP/1.1 200 OK"
2026-07-30 23:57:47,648 | INFO     | httpx | HTTP Request: POST https://pay.crypt.bot/api/getInvoices "HTTP/1.1 200 OK"
2026-07-30 23:58:08,584 | INFO     | httpx | HTTP Request: POST https://pay.crypt.bot/api/getInvoices "HTTP/1.1 200 OK"
2026-07-30 23:58:29,275 | INFO     | httpx | HTTP Request: POST https://pay.crypt.bot/api/getInvoices "HTTP/1.1 200 OK"
2026-07-30 23:58:50,229 | INFO     | httpx | HTTP Request: POST https://pay.crypt.bot/api/getInvoices "HTTP/1.1 200 OK"
2026-07-30 23:59:10,827 | INFO     | httpx | HTTP Request: POST https://pay.crypt.bot/api/getInvoices "HTTP/1.1 200 OK"
2026-07-30 23:59:32,008 | INFO     | httpx | HTTP Request: POST https://pay.crypt.bot/api/getInvoices "HTTP/1.1 200 OK"
2026-07-30 23:59:52,606 | INFO     | httpx | HTTP Request: POST https://pay.crypt.bot/api/getInvoices "HTTP/1.1 200 OK"
2026-07-31 00:00:13,134 | INFO     | httpx | HTTP Request: POST https://pay.crypt.bot/api/getInvoices "HTTP/1.1 200 OK"
2026-07-31 00:00:34,064 | INFO     | httpx | HTTP Request: POST https://pay.crypt.bot/api/getInvoices "HTTP/1.1 200 OK"
2026-07-31 00:00:54,640 | INFO     | httpx | HTTP Request: POST https://pay.crypt.bot/api/getInvoices "HTTP/1.1 200 OK"
2026-07-31 00:01:15,362 | INFO     | httpx | HTTP Request: POST https://pay.crypt.bot/api/getInvoices "HTTP/1.1 200 OK"
2026-07-31 00:01:35,945 | INFO     | httpx | HTTP Request: POST https://pay.crypt.bot/api/getInvoices "HTTP/1.1 200 OK"
2026-07-31 00:01:56,702 | INFO     | httpx | HTTP Request: POST https://pay.crypt.bot/api/getInvoices "HTTP/1.1 200 OK"
2026-07-31 00:02:17,588 | INFO     | httpx | HTTP Request: POST https://pay.crypt.bot/api/getInvoices "HTTP/1.1 200 OK"
2026-07-31 00:02:38,117 | INFO     | httpx | HTTP Request: POST https://pay.crypt.bot/api/getInvoices "HTTP/1.1 200 OK"
2026-07-31 00:02:58,789 | INFO     | httpx | HTTP Request: POST https://pay.crypt.bot/api/getInvoices "HTTP/1.1 200 OK"
2026-07-31 00:03:19,371 | INFO     | httpx | HTTP Request: POST https://pay.crypt.bot/api/getInvoices "HTTP/1.1 200 OK"
2026-07-31 00:03:39,845 | INFO     | httpx | HTTP Request: POST https://pay.crypt.bot/api/getInvoices "HTTP/1.1 200 OK"
2026-07-31 00:04:00,430 | INFO     | httpx | HTTP Request: POST https://pay.crypt.bot/api/getInvoices "HTTP/1.1 200 OK"
2026-07-31 00:04:20,899 | INFO     | httpx | HTTP Request: POST https://pay.crypt.bot/api/getInvoices "HTTP/1.1 200 OK"
2026-07-31 00:04:41,621 | INFO     | httpx | HTTP Request: POST https://pay.crypt.bot/api/getInvoices "HTTP/1.1 200 OK"
2026-07-31 00:05:02,363 | INFO     | httpx | HTTP Request: POST https://pay.crypt.bot/api/getInvoices "HTTP/1.1 200 OK"
2026-07-31 00:05:23,361 | INFO     | httpx | HTTP Request: POST https://pay.crypt.bot/api/getInvoices "HTTP/1.1 200 OK"
2026-07-31 00:05:44,113 | INFO     | httpx | HTTP Request: POST https://pay.crypt.bot/api/getInvoices "HTTP/1.1 200 OK"
2026-07-31 00:06:04,787 | INFO     | httpx | HTTP Request: POST https://pay.crypt.bot/api/getInvoices "HTTP/1.1 200 OK"
2026-07-31 00:06:26,072 | INFO     | httpx | HTTP Request: POST https://pay.crypt.bot/api/getInvoices "HTTP/1.1 200 OK"
2026-07-31 00:06:46,731 | INFO     | httpx | HTTP Request: POST https://pay.crypt.bot/api/getInvoices "HTTP/1.1 200 OK"
2026-07-31 00:07:07,288 | INFO     | httpx | HTTP Request: POST https://pay.crypt.bot/api/getInvoices "HTTP/1.1 200 OK"
2026-07-31 00:07:28,321 | INFO     | httpx | HTTP Request: POST https://pay.crypt.bot/api/getInvoices "HTTP/1.1 200 OK"
2026-07-31 00:07:48,994 | INFO     | httpx | HTTP Request: POST https://pay.crypt.bot/api/getInvoices "HTTP/1.1 200 OK"
2026-07-31 00:08:09,573 | INFO     | httpx | HTTP Request: POST https://pay.crypt.bot/api/getInvoices "HTTP/1.1 200 OK"
2026-07-31 00:23:56,673 | INFO     | httpx | HTTP Request: POST https://pay.crypt.bot/api/getInvoices "HTTP/1.1 200 OK"
2026-07-31 00:24:17,703 | INFO     | httpx | HTTP Request: POST https://pay.crypt.bot/api/getInvoices "HTTP/1.1 200 OK"
2026-07-31 00:24:38,263 | INFO     | httpx | HTTP Request: POST https://pay.crypt.bot/api/getInvoices "HTTP/1.1 200 OK"
2026-07-31 00:47:05,197 | ERROR    | providers | cryptobot check_invoice HTTP error: [Errno 8] nodename nor servname provided, or not known
2026-07-31 00:47:10,272 | ERROR    | aiogram.dispatcher | Failed to fetch updates - TelegramNetworkError: HTTP Client says - Request timeout error
2026-07-31 00:47:10,273 | WARNING  | aiogram.dispatcher | Sleep for 1.000000 seconds and try again... (tryings = 0, bot id = 8591349938)
2026-07-31 00:47:11,276 | ERROR    | aiogram.dispatcher | Failed to fetch updates - TelegramNetworkError: HTTP Client says - ClientConnectorError: Cannot connect to host api.telegram.org:443 ssl:default [Network is unreachable]
2026-07-31 00:47:11,277 | WARNING  | aiogram.dispatcher | Sleep for 1.279523 seconds and try again... (tryings = 1, bot id = 8591349938)
2026-07-31 00:47:12,559 | ERROR    | aiogram.dispatcher | Failed to fetch updates - TelegramNetworkError: HTTP Client says - ClientConnectorError: Cannot connect to host api.telegram.org:443 ssl:default [Network is unreachable]
2026-07-31 00:47:12,559 | WARNING  | aiogram.dispatcher | Sleep for 1.613547 seconds and try again... (tryings = 2, bot id = 8591349938)
2026-07-31 00:47:14,176 | ERROR    | aiogram.dispatcher | Failed to fetch updates - TelegramNetworkError: HTTP Client says - ClientConnectorError: Cannot connect to host api.telegram.org:443 ssl:default [Network is unreachable]
2026-07-31 00:47:14,176 | WARNING  | aiogram.dispatcher | Sleep for 2.115986 seconds and try again... (tryings = 3, bot id = 8591349938)
2026-07-31 00:47:16,295 | ERROR    | aiogram.dispatcher | Failed to fetch updates - TelegramNetworkError: HTTP Client says - ClientConnectorError: Cannot connect to host api.telegram.org:443 ssl:default [Network is unreachable]
2026-07-31 00:47:16,296 | WARNING  | aiogram.dispatcher | Sleep for 2.487706 seconds and try again... (tryings = 4, bot id = 8591349938)
2026-07-31 00:47:18,786 | ERROR    | aiogram.dispatcher | Failed to fetch updates - TelegramNetworkError: HTTP Client says - ClientConnectorError: Cannot connect to host api.telegram.org:443 ssl:default [Network is unreachable]
2026-07-31 00:47:18,787 | WARNING  | aiogram.dispatcher | Sleep for 3.079639 seconds and try again... (tryings = 5, bot id = 8591349938)
2026-07-31 00:47:21,871 | ERROR    | aiogram.dispatcher | Failed to fetch updates - TelegramNetworkError: HTTP Client says - ClientConnectorError: Cannot connect to host api.telegram.org:443 ssl:default [Network is unreachable]
2026-07-31 00:47:21,873 | WARNING  | aiogram.dispatcher | Sleep for 4.072208 seconds and try again... (tryings = 6, bot id = 8591349938)
2026-07-31 00:47:25,948 | ERROR    | aiogram.dispatcher | Failed to fetch updates - TelegramNetworkError: HTTP Client says - ClientConnectorError: Cannot connect to host api.telegram.org:443 ssl:default [Network is unreachable]
2026-07-31 00:47:25,948 | WARNING  | aiogram.dispatcher | Sleep for 4.930767 seconds and try again... (tryings = 7, bot id = 8591349938)
2026-07-31 00:47:26,765 | ERROR    | providers | cryptobot check_invoice HTTP error: [Errno 8] nodename nor servname provided, or not known
2026-07-31 00:47:41,594 | INFO     | aiogram.dispatcher | Connection established (tryings = 8, bot id = 8591349938)
2026-07-31 00:47:47,669 | INFO     | httpx | HTTP Request: POST https://pay.crypt.bot/api/getInvoices "HTTP/1.1 200 OK"
2026-07-31 00:48:02,914 | WARNING  | aiogram.dispatcher | Received SIGINT signal
2026-07-31 00:48:02,916 | INFO     | aiogram.dispatcher | Polling stopped for bot @Tenkyushopbot id=8591349938 - 'Tenkyu Shop'
2026-07-31 00:48:02,917 | INFO     | aiogram.dispatcher | Polling stopped
2026-07-31 00:48:06,217 | INFO     | __main__ | Starting Telegram Digital Product Sales Bot...
2026-07-31 00:48:06,221 | INFO     | app.database.bootstrap | Database tables ensured (create_all).
2026-07-31 00:48:06,232 | INFO     | providers | Crypto payment poller started (interval=20.0s)
2026-07-31 00:48:06,946 | INFO     | __main__ | Bot is polling...
2026-07-31 00:48:06,947 | INFO     | aiogram.dispatcher | Start polling
2026-07-31 00:48:07,146 | INFO     | aiogram.dispatcher | Run polling for bot @Tenkyushopbot id=8591349938 - 'Tenkyu Shop'
2026-07-31 00:48:07,224 | INFO     | httpx | HTTP Request: POST https://pay.crypt.bot/api/getInvoices "HTTP/1.1 200 OK"
2026-07-31 00:48:27,686 | INFO     | httpx | HTTP Request: POST https://pay.crypt.bot/api/getInvoices "HTTP/1.1 200 OK"
2026-07-31 00:48:48,149 | INFO     | httpx | HTTP Request: POST https://pay.crypt.bot/api/getInvoices "HTTP/1.1 200 OK"
2026-07-31 00:49:08,601 | INFO     | httpx | HTTP Request: POST https://pay.crypt.bot/api/getInvoices "HTTP/1.1 200 OK"
2026-07-31 00:49:12,551 | INFO     | aiogram.event | Update id=883467366 is handled. Duration 524 ms by bot id=8591349938
2026-07-31 00:49:14,396 | INFO     | aiogram.event | Update id=883467367 is handled. Duration 591 ms by bot id=8591349938
2026-07-31 00:49:16,734 | INFO     | httpx | HTTP Request: POST https://pay.xrocket.tg/tg-invoices "HTTP/1.1 201 Created"
2026-07-31 00:49:17,129 | INFO     | aiogram.event | Update id=883467368 is handled. Duration 1127 ms by bot id=8591349938
2026-07-31 00:49:29,229 | INFO     | httpx | HTTP Request: POST https://pay.crypt.bot/api/getInvoices "HTTP/1.1 200 OK"
2026-07-31 00:49:29,723 | INFO     | httpx | HTTP Request: GET https://pay.xrocket.tg/tg-invoices/4736490 "HTTP/1.1 200 OK"
2026-07-31 00:49:50,209 | INFO     | httpx | HTTP Request: POST https://pay.crypt.bot/api/getInvoices "HTTP/1.1 200 OK"
2026-07-31 00:49:50,899 | INFO     | httpx | HTTP Request: GET https://pay.xrocket.tg/tg-invoices/4736490 "HTTP/1.1 200 OK"
2026-07-31 00:50:11,346 | INFO     | httpx | HTTP Request: POST https://pay.crypt.bot/api/getInvoices "HTTP/1.1 200 OK"
2026-07-31 00:50:11,828 | INFO     | httpx | HTTP Request: GET https://pay.xrocket.tg/tg-invoices/4736490 "HTTP/1.1 200 OK"
2026-07-31 00:50:32,572 | INFO     | httpx | HTTP Request: POST https://pay.crypt.bot/api/getInvoices "HTTP/1.1 200 OK"
2026-07-31 00:50:33,115 | INFO     | httpx | HTTP Request: GET https://pay.xrocket.tg/tg-invoices/4736490 "HTTP/1.1 200 OK"
2026-07-31 00:50:53,947 | INFO     | httpx | HTTP Request: POST https://pay.crypt.bot/api/getInvoices "HTTP/1.1 200 OK"
2026-07-31 00:50:54,427 | INFO     | httpx | HTTP Request: GET https://pay.xrocket.tg/tg-invoices/4736490 "HTTP/1.1 200 OK"
2026-07-31 00:51:14,944 | INFO     | httpx | HTTP Request: POST https://pay.crypt.bot/api/getInvoices "HTTP/1.1 200 OK"
2026-07-31 00:51:15,429 | INFO     | httpx | HTTP Request: GET https://pay.xrocket.tg/tg-invoices/4736490 "HTTP/1.1 200 OK"
2026-07-31 00:51:36,127 | INFO     | httpx | HTTP Request: POST https://pay.crypt.bot/api/getInvoices "HTTP/1.1 200 OK"
2026-07-31 00:51:36,635 | INFO     | httpx | HTTP Request: GET https://pay.xrocket.tg/tg-invoices/4736490 "HTTP/1.1 200 OK"
2026-07-31 00:51:57,099 | INFO     | httpx | HTTP Request: POST https://pay.crypt.bot/api/getInvoices "HTTP/1.1 200 OK"
2026-07-31 00:51:57,570 | INFO     | httpx | HTTP Request: GET https://pay.xrocket.tg/tg-invoices/4736490 "HTTP/1.1 200 OK"
2026-07-31 00:52:18,103 | INFO     | httpx | HTTP Request: POST https://pay.crypt.bot/api/getInvoices "HTTP/1.1 200 OK"
2026-07-31 00:52:18,579 | INFO     | httpx | HTTP Request: GET https://pay.xrocket.tg/tg-invoices/4736490 "HTTP/1.1 200 OK"
2026-07-31 00:52:39,387 | INFO     | httpx | HTTP Request: POST https://pay.crypt.bot/api/getInvoices "HTTP/1.1 200 OK"
2026-07-31 00:52:39,840 | INFO     | httpx | HTTP Request: GET https://pay.xrocket.tg/tg-invoices/4736490 "HTTP/1.1 200 OK"
2026-07-31 00:53:00,427 | INFO     | httpx | HTTP Request: POST https://pay.crypt.bot/api/getInvoices "HTTP/1.1 200 OK"
2026-07-31 00:53:00,866 | INFO     | httpx | HTTP Request: GET https://pay.xrocket.tg/tg-invoices/4736490 "HTTP/1.1 200 OK"
2026-07-31 00:53:21,332 | INFO     | httpx | HTTP Request: POST https://pay.crypt.bot/api/getInvoices "HTTP/1.1 200 OK"
2026-07-31 00:53:21,838 | INFO     | httpx | HTTP Request: GET https://pay.xrocket.tg/tg-invoices/4736490 "HTTP/1.1 200 OK"
2026-07-31 00:53:42,587 | INFO     | httpx | HTTP Request: POST https://pay.crypt.bot/api/getInvoices "HTTP/1.1 200 OK"
2026-07-31 00:53:43,129 | INFO     | httpx | HTTP Request: GET https://pay.xrocket.tg/tg-invoices/4736490 "HTTP/1.1 200 OK"
2026-07-31 00:54:04,192 | INFO     | httpx | HTTP Request: POST https://pay.crypt.bot/api/getInvoices "HTTP/1.1 200 OK"
2026-07-31 00:54:05,393 | INFO     | httpx | HTTP Request: GET https://pay.xrocket.tg/tg-invoices/4736490 "HTTP/1.1 200 OK"
2026-07-31 00:54:26,030 | INFO     | httpx | HTTP Request: POST https://pay.crypt.bot/api/getInvoices "HTTP/1.1 200 OK"
2026-07-31 00:54:26,631 | INFO     | httpx | HTTP Request: GET https://pay.xrocket.tg/tg-invoices/4736490 "HTTP/1.1 200 OK"
2026-07-31 00:54:47,090 | INFO     | httpx | HTTP Request: POST https://pay.crypt.bot/api/getInvoices "HTTP/1.1 200 OK"
2026-07-31 00:54:47,558 | INFO     | httpx | HTTP Request: GET https://pay.xrocket.tg/tg-invoices/4736490 "HTTP/1.1 200 OK"
2026-07-31 00:55:08,042 | INFO     | httpx | HTTP Request: POST https://pay.crypt.bot/api/getInvoices "HTTP/1.1 200 OK"
2026-07-31 00:55:08,521 | INFO     | httpx | HTTP Request: GET https://pay.xrocket.tg/tg-invoices/4736490 "HTTP/1.1 200 OK"
2026-07-31 00:55:28,987 | INFO     | httpx | HTTP Request: POST https://pay.crypt.bot/api/getInvoices "HTTP/1.1 200 OK"
2026-07-31 00:55:29,498 | INFO     | httpx | HTTP Request: GET https://pay.xrocket.tg/tg-invoices/4736490 "HTTP/1.1 200 OK"
2026-07-31 00:55:49,951 | INFO     | httpx | HTTP Request: POST https://pay.crypt.bot/api/getInvoices "HTTP/1.1 200 OK"
2026-07-31 00:55:50,600 | INFO     | httpx | HTTP Request: GET https://pay.xrocket.tg/tg-invoices/4736490 "HTTP/1.1 200 OK"
2026-07-31 00:56:11,040 | INFO     | httpx | HTTP Request: POST https://pay.crypt.bot/api/getInvoices "HTTP/1.1 200 OK"
2026-07-31 00:56:11,524 | INFO     | httpx | HTTP Request: GET https://pay.xrocket.tg/tg-invoices/4736490 "HTTP/1.1 200 OK"
2026-07-31 00:56:32,102 | INFO     | httpx | HTTP Request: POST https://pay.crypt.bot/api/getInvoices "HTTP/1.1 200 OK"
2026-07-31 00:56:32,661 | INFO     | httpx | HTTP Request: GET https://pay.xrocket.tg/tg-invoices/4736490 "HTTP/1.1 200 OK"
2026-07-31 00:56:53,489 | INFO     | httpx | HTTP Request: POST https://pay.crypt.bot/api/getInvoices "HTTP/1.1 200 OK"
2026-07-31 00:56:53,994 | INFO     | httpx | HTTP Request: GET https://pay.xrocket.tg/tg-invoices/4736490 "HTTP/1.1 200 OK"
2026-07-31 00:57:14,892 | INFO     | httpx | HTTP Request: POST https://pay.crypt.bot/api/getInvoices "HTTP/1.1 200 OK"
2026-07-31 00:57:15,577 | INFO     | httpx | HTTP Request: GET https://pay.xrocket.tg/tg-invoices/4736490 "HTTP/1.1 200 OK"
2026-07-31 00:57:36,175 | INFO     | httpx | HTTP Request: POST https://pay.crypt.bot/api/getInvoices "HTTP/1.1 200 OK"
2026-07-31 00:57:36,684 | INFO     | httpx | HTTP Request: GET https://pay.xrocket.tg/tg-invoices/4736490 "HTTP/1.1 200 OK"
2026-07-31 00:57:57,248 | INFO     | httpx | HTTP Request: POST https://pay.crypt.bot/api/getInvoices "HTTP/1.1 200 OK"
2026-07-31 00:57:57,516 | INFO     | aiogram.event | Update id=883467369 is handled. Duration 514 ms by bot id=8591349938
2026-07-31 00:57:57,775 | INFO     | httpx | HTTP Request: GET https://pay.xrocket.tg/tg-invoices/4736490 "HTTP/1.1 200 OK"
2026-07-31 00:57:59,484 | INFO     | aiogram.event | Update id=883467370 is handled. Duration 266 ms by bot id=8591349938
2026-07-31 00:58:01,264 | INFO     | aiogram.event | Update id=883467371 is handled. Duration 364 ms by bot id=8591349938
2026-07-31 00:58:04,665 | INFO     | aiogram.event | Update id=883467372 is handled. Duration 376 ms by bot id=8591349938
2026-07-31 00:58:18,569 | INFO     | httpx | HTTP Request: POST https://pay.crypt.bot/api/getInvoices "HTTP/1.1 200 OK"
2026-07-31 00:58:19,208 | INFO     | httpx | HTTP Request: GET https://pay.xrocket.tg/tg-invoices/4736490 "HTTP/1.1 200 OK"
2026-07-31 00:58:39,814 | INFO     | httpx | HTTP Request: POST https://pay.crypt.bot/api/getInvoices "HTTP/1.1 200 OK"
2026-07-31 00:58:40,313 | INFO     | httpx | HTTP Request: GET https://pay.xrocket.tg/tg-invoices/4736490 "HTTP/1.1 200 OK"
2026-07-31 00:59:00,833 | INFO     | httpx | HTTP Request: POST https://pay.crypt.bot/api/getInvoices "HTTP/1.1 200 OK"
2026-07-31 00:59:01,464 | INFO     | httpx | HTTP Request: GET https://pay.xrocket.tg/tg-invoices/4736490 "HTTP/1.1 200 OK"
2026-07-31 00:59:22,006 | INFO     | httpx | HTTP Request: POST https://pay.crypt.bot/api/getInvoices "HTTP/1.1 200 OK"
2026-07-31 00:59:22,662 | INFO     | httpx | HTTP Request: GET https://pay.xrocket.tg/tg-invoices/4736490 "HTTP/1.1 200 OK"
2026-07-31 00:59:43,409 | INFO     | httpx | HTTP Request: POST https://pay.crypt.bot/api/getInvoices "HTTP/1.1 200 OK"
2026-07-31 00:59:43,962 | INFO     | httpx | HTTP Request: GET https://pay.xrocket.tg/tg-invoices/4736490 "HTTP/1.1 200 OK"
2026-07-31 01:00:03,374 | INFO     | admin_actions | product_field_edited id=1 field=description admin=1403306196
2026-07-31 01:00:03,873 | INFO     | aiogram.event | Update id=883467373 is handled. Duration 516 ms by bot id=8591349938
2026-07-31 01:00:04,775 | INFO     | httpx | HTTP Request: POST https://pay.crypt.bot/api/getInvoices "HTTP/1.1 200 OK"
2026-07-31 01:00:05,754 | INFO     | httpx | HTTP Request: GET https://pay.xrocket.tg/tg-invoices/4736490 "HTTP/1.1 200 OK"
2026-07-31 01:00:17,265 | INFO     | aiogram.event | Update id=883467374 is handled. Duration 330 ms by bot id=8591349938
2026-07-31 01:00:18,942 | INFO     | aiogram.event | Update id=883467375 is handled. Duration 350 ms by bot id=8591349938
2026-07-31 01:00:25,186 | INFO     | admin_actions | product_field_edited id=1 field=description admin=1403306196
2026-07-31 01:00:25,438 | INFO     | aiogram.event | Update id=883467376 is handled. Duration 264 ms by bot id=8591349938
2026-07-31 01:00:26,379 | INFO     | httpx | HTTP Request: POST https://pay.crypt.bot/api/getInvoices "HTTP/1.1 200 OK"
2026-07-31 01:00:26,958 | INFO     | httpx | HTTP Request: GET https://pay.xrocket.tg/tg-invoices/4736490 "HTTP/1.1 200 OK"
2026-07-31 01:00:45,002 | INFO     | aiogram.event | Update id=883467377 is handled. Duration 591 ms by bot id=8591349938
2026-07-31 01:00:48,061 | INFO     | httpx | HTTP Request: POST https://pay.crypt.bot/api/getInvoices "HTTP/1.1 200 OK"
2026-07-31 01:00:48,584 | INFO     | httpx | HTTP Request: GET https://pay.xrocket.tg/tg-invoices/4736490 "HTTP/1.1 200 OK"
2026-07-31 01:00:51,840 | INFO     | aiogram.event | Update id=883467378 is handled. Duration 176 ms by bot id=8591349938
2026-07-31 01:00:55,949 | INFO     | aiogram.event | Update id=883467379 is handled. Duration 322 ms by bot id=8591349938
2026-07-31 01:01:09,555 | INFO     | httpx | HTTP Request: POST https://pay.crypt.bot/api/getInvoices "HTTP/1.1 200 OK"
2026-07-31 01:01:10,080 | INFO     | httpx | HTTP Request: GET https://pay.xrocket.tg/tg-invoices/4736490 "HTTP/1.1 200 OK"
2026-07-31 01:01:31,821 | INFO     | httpx | HTTP Request: POST https://pay.crypt.bot/api/getInvoices "HTTP/1.1 200 OK"
2026-07-31 01:01:32,410 | INFO     | httpx | HTTP Request: GET https://pay.xrocket.tg/tg-invoices/4736490 "HTTP/1.1 200 OK"
2026-07-31 01:01:53,050 | INFO     | httpx | HTTP Request: POST https://pay.crypt.bot/api/getInvoices "HTTP/1.1 200 OK"
2026-07-31 01:01:53,647 | INFO     | httpx | HTTP Request: GET https://pay.xrocket.tg/tg-invoices/4736490 "HTTP/1.1 200 OK"
2026-07-31 01:02:14,304 | INFO     | httpx | HTTP Request: POST https://pay.crypt.bot/api/getInvoices "HTTP/1.1 200 OK"
2026-07-31 01:02:14,808 | INFO     | httpx | HTTP Request: GET https://pay.xrocket.tg/tg-invoices/4736490 "HTTP/1.1 200 OK"
2026-07-31 01:02:35,779 | INFO     | httpx | HTTP Request: POST https://pay.crypt.bot/api/getInvoices "HTTP/1.1 200 OK"
2026-07-31 01:02:36,357 | INFO     | httpx | HTTP Request: GET https://pay.xrocket.tg/tg-invoices/4736490 "HTTP/1.1 200 OK"
2026-07-31 01:02:52,230 | WARNING  | aiogram.dispatcher | Received SIGINT signal
2026-07-31 01:02:52,231 | INFO     | aiogram.dispatcher | Polling stopped for bot @Tenkyushopbot id=8591349938 - 'Tenkyu Shop'
2026-07-31 01:02:52,231 | INFO     | aiogram.dispatcher | Polling stopped
2026-07-31 01:02:54,989 | INFO     | __main__ | Starting Telegram Digital Product Sales Bot...
2026-07-31 01:02:54,992 | INFO     | app.database.bootstrap | Database tables ensured (create_all).
2026-07-31 01:02:54,994 | INFO     | app.database.bootstrap | Patched missing column: products.external_product_id
2026-07-31 01:02:55,004 | INFO     | providers | Crypto payment poller started (interval=20.0s)
2026-07-31 01:02:55,524 | INFO     | __main__ | Bot is polling...
2026-07-31 01:02:55,525 | INFO     | aiogram.dispatcher | Start polling
2026-07-31 01:02:55,528 | INFO     | httpx | HTTP Request: POST https://pay.crypt.bot/api/getInvoices "HTTP/1.1 200 OK"
2026-07-31 01:02:55,658 | INFO     | aiogram.dispatcher | Run polling for bot @Tenkyushopbot id=8591349938 - 'Tenkyu Shop'
2026-07-31 01:02:56,049 | INFO     | httpx | HTTP Request: GET https://pay.xrocket.tg/tg-invoices/4736490 "HTTP/1.1 200 OK"
2026-07-31 01:03:00,559 | INFO     | aiogram.event | Update id=883467380 is handled. Duration 648 ms by bot id=8591349938
2026-07-31 01:03:03,060 | INFO     | aiogram.event | Update id=883467381 is handled. Duration 539 ms by bot id=8591349938
2026-07-31 01:03:16,876 | INFO     | httpx | HTTP Request: POST https://pay.crypt.bot/api/getInvoices "HTTP/1.1 200 OK"
2026-07-31 01:03:17,463 | INFO     | httpx | HTTP Request: GET https://pay.xrocket.tg/tg-invoices/4736490 "HTTP/1.1 200 OK"
2026-07-31 01:03:38,144 | INFO     | aiogram.event | Update id=883467382 is handled. Duration 678 ms by bot id=8591349938
2026-07-31 01:03:38,210 | INFO     | httpx | HTTP Request: POST https://pay.crypt.bot/api/getInvoices "HTTP/1.1 200 OK"
2026-07-31 01:03:38,711 | INFO     | httpx | HTTP Request: GET https://pay.xrocket.tg/tg-invoices/4736490 "HTTP/1.1 200 OK"
2026-07-31 01:03:42,137 | INFO     | aiogram.event | Update id=883467383 is handled. Duration 690 ms by bot id=8591349938
2026-07-31 01:03:59,499 | INFO     | httpx | HTTP Request: POST https://pay.crypt.bot/api/getInvoices "HTTP/1.1 200 OK"
2026-07-31 01:04:00,222 | INFO     | httpx | HTTP Request: GET https://pay.xrocket.tg/tg-invoices/4736490 "HTTP/1.1 200 OK"
2026-07-31 01:04:20,850 | INFO     | httpx | HTTP Request: POST https://pay.crypt.bot/api/getInvoices "HTTP/1.1 200 OK"
2026-07-31 01:04:21,440 | INFO     | httpx | HTTP Request: GET https://pay.xrocket.tg/tg-invoices/4736490 "HTTP/1.1 200 OK"
2026-07-31 01:04:42,285 | INFO     | httpx | HTTP Request: POST https://pay.crypt.bot/api/getInvoices "HTTP/1.1 200 OK"
2026-07-31 01:04:42,910 | INFO     | httpx | HTTP Request: GET https://pay.xrocket.tg/tg-invoices/4736490 "HTTP/1.1 200 OK"
2026-07-31 01:05:04,444 | INFO     | httpx | HTTP Request: POST https://pay.crypt.bot/api/getInvoices "HTTP/1.1 200 OK"
2026-07-31 01:05:05,111 | INFO     | httpx | HTTP Request: GET https://pay.xrocket.tg/tg-invoices/4736490 "HTTP/1.1 200 OK"
2026-07-31 01:05:25,773 | INFO     | httpx | HTTP Request: POST https://pay.crypt.bot/api/getInvoices "HTTP/1.1 200 OK"
2026-07-31 01:05:26,402 | INFO     | httpx | HTTP Request: GET https://pay.xrocket.tg/tg-invoices/4736490 "HTTP/1.1 200 OK"
2026-07-31 01:05:32,884 | INFO     | admin_actions | product_field_edited id=1 field=provider_key admin=1403306196
2026-07-31 01:05:33,496 | INFO     | aiogram.event | Update id=883467384 is handled. Duration 632 ms by bot id=8591349938
2026-07-31 01:05:47,038 | INFO     | httpx | HTTP Request: POST https://pay.crypt.bot/api/getInvoices "HTTP/1.1 200 OK"
2026-07-31 01:05:47,594 | INFO     | httpx | HTTP Request: GET https://pay.xrocket.tg/tg-invoices/4736490 "HTTP/1.1 200 OK"
2026-07-31 01:06:08,192 | INFO     | httpx | HTTP Request: POST https://pay.crypt.bot/api/getInvoices "HTTP/1.1 200 OK"
2026-07-31 01:06:08,681 | INFO     | httpx | HTTP Request: GET https://pay.xrocket.tg/tg-invoices/4736490 "HTTP/1.1 200 OK"
2026-07-31 01:06:29,490 | INFO     | httpx | HTTP Request: POST https://pay.crypt.bot/api/getInvoices "HTTP/1.1 200 OK"
2026-07-31 01:06:30,022 | INFO     | httpx | HTTP Request: GET https://pay.xrocket.tg/tg-invoices/4736490 "HTTP/1.1 200 OK"
2026-07-31 01:06:50,922 | INFO     | httpx | HTTP Request: POST https://pay.crypt.bot/api/getInvoices "HTTP/1.1 200 OK"
2026-07-31 01:06:51,438 | INFO     | httpx | HTTP Request: GET https://pay.xrocket.tg/tg-invoices/4736490 "HTTP/1.1 200 OK"
2026-07-31 01:07:12,037 | INFO     | httpx | HTTP Request: POST https://pay.crypt.bot/api/getInvoices "HTTP/1.1 200 OK"
2026-07-31 01:07:12,577 | INFO     | httpx | HTTP Request: GET https://pay.xrocket.tg/tg-invoices/4736490 "HTTP/1.1 200 OK"
2026-07-31 01:07:33,050 | INFO     | httpx | HTTP Request: POST https://pay.crypt.bot/api/getInvoices "HTTP/1.1 200 OK"
2026-07-31 01:07:34,021 | INFO     | httpx | HTTP Request: GET https://pay.xrocket.tg/tg-invoices/4736490 "HTTP/1.1 200 OK"
2026-07-31 01:07:54,595 | INFO     | httpx | HTTP Request: POST https://pay.crypt.bot/api/getInvoices "HTTP/1.1 200 OK"
2026-07-31 01:07:55,117 | INFO     | httpx | HTTP Request: GET https://pay.xrocket.tg/tg-invoices/4736490 "HTTP/1.1 200 OK"
2026-07-31 01:08:05,721 | INFO     | admin_actions | product_field_edited id=1 field=external_product_id admin=1403306196
2026-07-31 01:08:06,204 | INFO     | aiogram.event | Update id=883467385 is handled. Duration 496 ms by bot id=8591349938
2026-07-31 01:08:15,886 | INFO     | httpx | HTTP Request: POST https://pay.crypt.bot/api/getInvoices "HTTP/1.1 200 OK"
2026-07-31 01:08:16,397 | INFO     | httpx | HTTP Request: GET https://pay.xrocket.tg/tg-invoices/4736490 "HTTP/1.1 200 OK"
2026-07-31 01:08:17,617 | INFO     | aiogram.event | Update id=883467386 is handled. Duration 196 ms by bot id=8591349938
2026-07-31 01:08:19,110 | INFO     | aiogram.event | Update id=883467387 is handled. Duration 264 ms by bot id=8591349938
2026-07-31 01:08:23,982 | INFO     | aiogram.event | Update id=883467388 is handled. Duration 538 ms by bot id=8591349938
2026-07-31 01:08:27,576 | INFO     | aiogram.event | Update id=883467389 is handled. Duration 332 ms by bot id=8591349938
2026-07-31 01:08:30,072 | INFO     | orders | order_created id=3F0C83122946 user=1403306196 product=gemini pro price=39000.00
2026-07-31 01:08:30,428 | INFO     | aiogram.event | Update id=883467390 is handled. Duration 376 ms by bot id=8591349938
2026-07-31 01:08:36,952 | INFO     | httpx | HTTP Request: POST https://pay.crypt.bot/api/getInvoices "HTTP/1.1 200 OK"
2026-07-31 01:08:37,445 | INFO     | httpx | HTTP Request: GET https://pay.xrocket.tg/tg-invoices/4736490 "HTTP/1.1 200 OK"
2026-07-31 01:08:38,756 | INFO     | payments | payment_proof_submitted order=3F0C83122946 user_id=1
2026-07-31 01:08:39,079 | INFO     | aiogram.event | Update id=883467391 is handled. Duration 356 ms by bot id=8591349938
2026-07-31 01:08:45,819 | INFO     | orders | order_approved id=3F0C83122946 admin=1403306196 product=1
2026-07-31 01:08:46,159 | INFO     | httpx | HTTP Request: POST http://2.26.230.116:8080/v1/buy "HTTP/1.1 402 Payment Required"
2026-07-31 01:08:46,987 | INFO     | httpx | HTTP Request: POST http://2.26.230.116:8080/v1/buy "HTTP/1.1 402 Payment Required"
2026-07-31 01:08:48,353 | INFO     | httpx | HTTP Request: POST http://2.26.230.116:8080/v1/buy "HTTP/1.1 402 Payment Required"
2026-07-31 01:08:48,355 | ERROR    | providers | reseller_api HTTP error for order=3F0C83122946: Client error '402 Payment Required' for url 'http://2.26.230.116:8080/v1/buy'
For more information check: https://developer.mozilla.org/en-US/docs/Web/HTTP/Status/402 | body={"error": "Insufficient funds", "required": 1.2, "balance": 0.0}
2026-07-31 01:08:48,361 | ERROR    | providers | provider_delivery_failed order=3F0C83122946 error=Client error '402 Payment Required' for url 'http://2.26.230.116:8080/v1/buy'
For more information check: https://developer.mozilla.org/en-US/docs/Web/HTTP/Status/402
2026-07-31 01:08:48,524 | ERROR    | app.middlewares.error_handling | Unhandled exception while processing update
Traceback (most recent call last):
  File "/Users/mehriddinmengturayev/Downloads/shopbot/app/handlers/admin/orders.py", line 64, in approve_order
    result = await delivery.approve_order(callback_data.order_id, admin_id)
             ^^^^^^^^^^^^^^^^^^^^^^^^^^^^^^^^^^^^^^^^^^^^^^^^^^^^^^^^^^^^^^
  File "/Users/mehriddinmengturayev/Downloads/shopbot/app/services/delivery_service.py", line 66, in approve_order
    return await self._run_delivery(order)
           ^^^^^^^^^^^^^^^^^^^^^^^^^^^^^^^
  File "/Users/mehriddinmengturayev/Downloads/shopbot/app/services/delivery_service.py", line 133, in _run_delivery
    raise DeliveryFailedError(
        f"Tashqi provayderdan mahsulot olinmadi: {error_text}"
    )
app.services.exceptions.DeliveryFailedError: Tashqi provayderdan mahsulot olinmadi: Client error '402 Payment Required' for url 'http://2.26.230.116:8080/v1/buy'
For more information check: https://developer.mozilla.org/en-US/docs/Web/HTTP/Status/402

During handling of the above exception, another exception occurred:

Traceback (most recent call last):
  File "/Users/mehriddinmengturayev/Downloads/shopbot/app/middlewares/error_handling.py", line 33, in __call__
    return await handler(event, data)
           ^^^^^^^^^^^^^^^^^^^^^^^^^^
  File "/Users/mehriddinmengturayev/Downloads/shopbot/app/middlewares/throttling.py", line 40, in __call__
    return await handler(event, data)
           ^^^^^^^^^^^^^^^^^^^^^^^^^^
  File "/Users/mehriddinmengturayev/Downloads/shopbot/app/middlewares/db_session.py", line 27, in __call__
    return await handler(event, data)
           ^^^^^^^^^^^^^^^^^^^^^^^^^^
  File "/Users/mehriddinmengturayev/Downloads/shopbot/app/middlewares/user_context.py", line 41, in __call__
    return await handler(event, data)
           ^^^^^^^^^^^^^^^^^^^^^^^^^^
  File "/Users/mehriddinmengturayev/Downloads/shopbot/.venv/lib/python3.13/site-packages/aiogram/dispatcher/event/telegram.py", line 121, in trigger
    return await wrapped_inner(event, kwargs)
           ^^^^^^^^^^^^^^^^^^^^^^^^^^^^^^^^^^
  File "/Users/mehriddinmengturayev/Downloads/shopbot/.venv/lib/python3.13/site-packages/aiogram/dispatcher/event/handler.py", line 43, in call
    return await wrapped()
           ^^^^^^^^^^^^^^^
  File "/Users/mehriddinmengturayev/Downloads/shopbot/.venv/lib/python3.13/site-packages/aiogram/dispatcher/dispatcher.py", line 276, in _listen_update
    return await self.propagate_event(update_type=update_type, event=event, **kwargs)
           ^^^^^^^^^^^^^^^^^^^^^^^^^^^^^^^^^^^^^^^^^^^^^^^^^^^^^^^^^^^^^^^^^^^^^^^^^^
  File "/Users/mehriddinmengturayev/Downloads/shopbot/.venv/lib/python3.13/site-packages/aiogram/dispatcher/router.py", line 146, in propagate_event
    return await observer.wrap_outer_middleware(_wrapped, event=event, data=kwargs)
           ^^^^^^^^^^^^^^^^^^^^^^^^^^^^^^^^^^^^^^^^^^^^^^^^^^^^^^^^^^^^^^^^^^^^^^^^
  File "/Users/mehriddinmengturayev/Downloads/shopbot/.venv/lib/python3.13/site-packages/aiogram/dispatcher/router.py", line 141, in _wrapped
    return await self._propagate_event(
           ^^^^^^^^^^^^^^^^^^^^^^^^^^^^
        observer=observer, update_type=update_type, event=telegram_event, **data
        ^^^^^^^^^^^^^^^^^^^^^^^^^^^^^^^^^^^^^^^^^^^^^^^^^^^^^^^^^^^^^^^^^^^^^^^^
    )
    ^
  File "/Users/mehriddinmengturayev/Downloads/shopbot/.venv/lib/python3.13/site-packages/aiogram/dispatcher/router.py", line 174, in _propagate_event
    response = await router.propagate_event(update_type=update_type, event=event, **kwargs)
               ^^^^^^^^^^^^^^^^^^^^^^^^^^^^^^^^^^^^^^^^^^^^^^^^^^^^^^^^^^^^^^^^^^^^^^^^^^^^
  File "/Users/mehriddinmengturayev/Downloads/shopbot/.venv/lib/python3.13/site-packages/aiogram/dispatcher/router.py", line 146, in propagate_event
    return await observer.wrap_outer_middleware(_wrapped, event=event, data=kwargs)
           ^^^^^^^^^^^^^^^^^^^^^^^^^^^^^^^^^^^^^^^^^^^^^^^^^^^^^^^^^^^^^^^^^^^^^^^^
  File "/Users/mehriddinmengturayev/Downloads/shopbot/.venv/lib/python3.13/site-packages/aiogram/dispatcher/router.py", line 141, in _wrapped
    return await self._propagate_event(
           ^^^^^^^^^^^^^^^^^^^^^^^^^^^^
        observer=observer, update_type=update_type, event=telegram_event, **data
        ^^^^^^^^^^^^^^^^^^^^^^^^^^^^^^^^^^^^^^^^^^^^^^^^^^^^^^^^^^^^^^^^^^^^^^^^
    )
    ^
  File "/Users/mehriddinmengturayev/Downloads/shopbot/.venv/lib/python3.13/site-packages/aiogram/dispatcher/router.py", line 174, in _propagate_event
    response = await router.propagate_event(update_type=update_type, event=event, **kwargs)
               ^^^^^^^^^^^^^^^^^^^^^^^^^^^^^^^^^^^^^^^^^^^^^^^^^^^^^^^^^^^^^^^^^^^^^^^^^^^^
  File "/Users/mehriddinmengturayev/Downloads/shopbot/.venv/lib/python3.13/site-packages/aiogram/dispatcher/router.py", line 146, in propagate_event
    return await observer.wrap_outer_middleware(_wrapped, event=event, data=kwargs)
           ^^^^^^^^^^^^^^^^^^^^^^^^^^^^^^^^^^^^^^^^^^^^^^^^^^^^^^^^^^^^^^^^^^^^^^^^
  File "/Users/mehriddinmengturayev/Downloads/shopbot/.venv/lib/python3.13/site-packages/aiogram/dispatcher/router.py", line 141, in _wrapped
    return await self._propagate_event(
           ^^^^^^^^^^^^^^^^^^^^^^^^^^^^
        observer=observer, update_type=update_type, event=telegram_event, **data
        ^^^^^^^^^^^^^^^^^^^^^^^^^^^^^^^^^^^^^^^^^^^^^^^^^^^^^^^^^^^^^^^^^^^^^^^^
    )
    ^
  File "/Users/mehriddinmengturayev/Downloads/shopbot/.venv/lib/python3.13/site-packages/aiogram/dispatcher/router.py", line 166, in _propagate_event
    response = await observer.trigger(event, **kwargs)
               ^^^^^^^^^^^^^^^^^^^^^^^^^^^^^^^^^^^^^^^
  File "/Users/mehriddinmengturayev/Downloads/shopbot/.venv/lib/python3.13/site-packages/aiogram/dispatcher/event/telegram.py", line 121, in trigger
    return await wrapped_inner(event, kwargs)
           ^^^^^^^^^^^^^^^^^^^^^^^^^^^^^^^^^^
  File "/Users/mehriddinmengturayev/Downloads/shopbot/.venv/lib/python3.13/site-packages/aiogram/dispatcher/event/handler.py", line 43, in call
    return await wrapped()
           ^^^^^^^^^^^^^^^
  File "/Users/mehriddinmengturayev/Downloads/shopbot/app/handlers/admin/orders.py", line 66, in approve_order
    await callback.answer(str(exc), show_alert=True)
  File "/Users/mehriddinmengturayev/Downloads/shopbot/.venv/lib/python3.13/site-packages/aiogram/methods/base.py", line 84, in emit
    return await bot(self)
           ^^^^^^^^^^^^^^^
  File "/Users/mehriddinmengturayev/Downloads/shopbot/.venv/lib/python3.13/site-packages/aiogram/client/bot.py", line 494, in __call__
    return await self.session(self, method, timeout=request_timeout)
           ^^^^^^^^^^^^^^^^^^^^^^^^^^^^^^^^^^^^^^^^^^^^^^^^^^^^^^^^^
  File "/Users/mehriddinmengturayev/Downloads/shopbot/.venv/lib/python3.13/site-packages/aiogram/client/session/base.py", line 254, in __call__
    return cast(TelegramType, await middleware(bot, method))
                              ^^^^^^^^^^^^^^^^^^^^^^^^^^^^^
  File "/Users/mehriddinmengturayev/Downloads/shopbot/.venv/lib/python3.13/site-packages/aiogram/client/session/aiohttp.py", line 189, in make_request
    response = self.check_response(
        bot=bot, method=method, status_code=resp.status, content=raw_result
    )
  File "/Users/mehriddinmengturayev/Downloads/shopbot/.venv/lib/python3.13/site-packages/aiogram/client/session/base.py", line 120, in check_response
    raise TelegramBadRequest(method=method, message=description)
aiogram.exceptions.TelegramBadRequest: Telegram server says - Bad Request: MESSAGE_TOO_LONG
2026-07-31 01:08:48,537 | INFO     | aiogram.event | Update id=883467392 is handled. Duration 2734 ms by bot id=8591349938
2026-07-31 01:08:53,314 | INFO     | aiogram.event | Update id=883467393 is handled. Duration 190 ms by bot id=8591349938
2026-07-31 01:08:58,033 | INFO     | httpx | HTTP Request: POST https://pay.crypt.bot/api/getInvoices "HTTP/1.1 200 OK"
2026-07-31 01:08:58,621 | INFO     | httpx | HTTP Request: GET https://pay.xrocket.tg/tg-invoices/4736490 "HTTP/1.1 200 OK"
2026-07-31 01:09:19,119 | INFO     | httpx | HTTP Request: POST https://pay.crypt.bot/api/getInvoices "HTTP/1.1 200 OK"
2026-07-31 01:09:19,696 | INFO     | httpx | HTTP Request: GET https://pay.xrocket.tg/tg-invoices/4736490 "HTTP/1.1 200 OK"
2026-07-31 01:09:40,203 | INFO     | httpx | HTTP Request: POST https://pay.crypt.bot/api/getInvoices "HTTP/1.1 200 OK"
2026-07-31 01:09:40,776 | INFO     | httpx | HTTP Request: GET https://pay.xrocket.tg/tg-invoices/4736490 "HTTP/1.1 200 OK"
2026-07-31 01:10:01,347 | INFO     | httpx | HTTP Request: POST https://pay.crypt.bot/api/getInvoices "HTTP/1.1 200 OK"
2026-07-31 01:10:01,885 | INFO     | httpx | HTTP Request: GET https://pay.xrocket.tg/tg-invoices/4736490 "HTTP/1.1 200 OK"
2026-07-31 01:10:16,300 | ERROR    | app.middlewares.error_handling | Unhandled exception while processing update
Traceback (most recent call last):
  File "/Users/mehriddinmengturayev/Downloads/shopbot/.venv/lib/python3.13/site-packages/sqlalchemy/sql/sqltypes.py", line 1625, in _object_value_for_elem
    return self._object_lookup[elem]
           ~~~~~~~~~~~~~~~~~~~^^^^^^
KeyError: 'card'

The above exception was the direct cause of the following exception:

Traceback (most recent call last):
  File "/Users/mehriddinmengturayev/Downloads/shopbot/app/middlewares/error_handling.py", line 33, in __call__
    return await handler(event, data)
           ^^^^^^^^^^^^^^^^^^^^^^^^^^
  File "/Users/mehriddinmengturayev/Downloads/shopbot/app/middlewares/throttling.py", line 40, in __call__
    return await handler(event, data)
           ^^^^^^^^^^^^^^^^^^^^^^^^^^
  File "/Users/mehriddinmengturayev/Downloads/shopbot/app/middlewares/db_session.py", line 27, in __call__
    return await handler(event, data)
           ^^^^^^^^^^^^^^^^^^^^^^^^^^
  File "/Users/mehriddinmengturayev/Downloads/shopbot/app/middlewares/user_context.py", line 41, in __call__
    return await handler(event, data)
           ^^^^^^^^^^^^^^^^^^^^^^^^^^
  File "/Users/mehriddinmengturayev/Downloads/shopbot/.venv/lib/python3.13/site-packages/aiogram/dispatcher/event/telegram.py", line 121, in trigger
    return await wrapped_inner(event, kwargs)
           ^^^^^^^^^^^^^^^^^^^^^^^^^^^^^^^^^^
  File "/Users/mehriddinmengturayev/Downloads/shopbot/.venv/lib/python3.13/site-packages/aiogram/dispatcher/event/handler.py", line 43, in call
    return await wrapped()
           ^^^^^^^^^^^^^^^
  File "/Users/mehriddinmengturayev/Downloads/shopbot/.venv/lib/python3.13/site-packages/aiogram/dispatcher/dispatcher.py", line 276, in _listen_update
    return await self.propagate_event(update_type=update_type, event=event, **kwargs)
           ^^^^^^^^^^^^^^^^^^^^^^^^^^^^^^^^^^^^^^^^^^^^^^^^^^^^^^^^^^^^^^^^^^^^^^^^^^
  File "/Users/mehriddinmengturayev/Downloads/shopbot/.venv/lib/python3.13/site-packages/aiogram/dispatcher/router.py", line 146, in propagate_event
    return await observer.wrap_outer_middleware(_wrapped, event=event, data=kwargs)
           ^^^^^^^^^^^^^^^^^^^^^^^^^^^^^^^^^^^^^^^^^^^^^^^^^^^^^^^^^^^^^^^^^^^^^^^^
  File "/Users/mehriddinmengturayev/Downloads/shopbot/.venv/lib/python3.13/site-packages/aiogram/dispatcher/router.py", line 141, in _wrapped
    return await self._propagate_event(
           ^^^^^^^^^^^^^^^^^^^^^^^^^^^^
        observer=observer, update_type=update_type, event=telegram_event, **data
        ^^^^^^^^^^^^^^^^^^^^^^^^^^^^^^^^^^^^^^^^^^^^^^^^^^^^^^^^^^^^^^^^^^^^^^^^
    )
    ^
  File "/Users/mehriddinmengturayev/Downloads/shopbot/.venv/lib/python3.13/site-packages/aiogram/dispatcher/router.py", line 174, in _propagate_event
    response = await router.propagate_event(update_type=update_type, event=event, **kwargs)
               ^^^^^^^^^^^^^^^^^^^^^^^^^^^^^^^^^^^^^^^^^^^^^^^^^^^^^^^^^^^^^^^^^^^^^^^^^^^^
  File "/Users/mehriddinmengturayev/Downloads/shopbot/.venv/lib/python3.13/site-packages/aiogram/dispatcher/router.py", line 146, in propagate_event
    return await observer.wrap_outer_middleware(_wrapped, event=event, data=kwargs)
           ^^^^^^^^^^^^^^^^^^^^^^^^^^^^^^^^^^^^^^^^^^^^^^^^^^^^^^^^^^^^^^^^^^^^^^^^
  File "/Users/mehriddinmengturayev/Downloads/shopbot/.venv/lib/python3.13/site-packages/aiogram/dispatcher/router.py", line 141, in _wrapped
    return await self._propagate_event(
           ^^^^^^^^^^^^^^^^^^^^^^^^^^^^
        observer=observer, update_type=update_type, event=telegram_event, **data
        ^^^^^^^^^^^^^^^^^^^^^^^^^^^^^^^^^^^^^^^^^^^^^^^^^^^^^^^^^^^^^^^^^^^^^^^^
    )
    ^
  File "/Users/mehriddinmengturayev/Downloads/shopbot/.venv/lib/python3.13/site-packages/aiogram/dispatcher/router.py", line 174, in _propagate_event
    response = await router.propagate_event(update_type=update_type, event=event, **kwargs)
               ^^^^^^^^^^^^^^^^^^^^^^^^^^^^^^^^^^^^^^^^^^^^^^^^^^^^^^^^^^^^^^^^^^^^^^^^^^^^
  File "/Users/mehriddinmengturayev/Downloads/shopbot/.venv/lib/python3.13/site-packages/aiogram/dispatcher/router.py", line 146, in propagate_event
    return await observer.wrap_outer_middleware(_wrapped, event=event, data=kwargs)
           ^^^^^^^^^^^^^^^^^^^^^^^^^^^^^^^^^^^^^^^^^^^^^^^^^^^^^^^^^^^^^^^^^^^^^^^^
  File "/Users/mehriddinmengturayev/Downloads/shopbot/.venv/lib/python3.13/site-packages/aiogram/dispatcher/router.py", line 141, in _wrapped
    return await self._propagate_event(
           ^^^^^^^^^^^^^^^^^^^^^^^^^^^^
        observer=observer, update_type=update_type, event=telegram_event, **data
        ^^^^^^^^^^^^^^^^^^^^^^^^^^^^^^^^^^^^^^^^^^^^^^^^^^^^^^^^^^^^^^^^^^^^^^^^
    )
    ^
  File "/Users/mehriddinmengturayev/Downloads/shopbot/.venv/lib/python3.13/site-packages/aiogram/dispatcher/router.py", line 166, in _propagate_event
    response = await observer.trigger(event, **kwargs)
               ^^^^^^^^^^^^^^^^^^^^^^^^^^^^^^^^^^^^^^^
  File "/Users/mehriddinmengturayev/Downloads/shopbot/.venv/lib/python3.13/site-packages/aiogram/dispatcher/event/telegram.py", line 121, in trigger
    return await wrapped_inner(event, kwargs)
           ^^^^^^^^^^^^^^^^^^^^^^^^^^^^^^^^^^
  File "/Users/mehriddinmengturayev/Downloads/shopbot/.venv/lib/python3.13/site-packages/aiogram/dispatcher/event/handler.py", line 43, in call
    return await wrapped()
           ^^^^^^^^^^^^^^^
  File "/Users/mehriddinmengturayev/Downloads/shopbot/app/handlers/user/orders.py", line 17, in my_orders
    orders = await OrderRepository(session).list_by_user(user.id)
             ^^^^^^^^^^^^^^^^^^^^^^^^^^^^^^^^^^^^^^^^^^^^^^^^^^^^
  File "/Users/mehriddinmengturayev/Downloads/shopbot/app/repositories/order_repo.py", line 74, in list_by_user
    result = await self.session.execute(
             ^^^^^^^^^^^^^^^^^^^^^^^^^^^
    ...<5 lines>...
    )
    ^
  File "/Users/mehriddinmengturayev/Downloads/shopbot/.venv/lib/python3.13/site-packages/sqlalchemy/ext/asyncio/session.py", line 461, in execute
    result = await greenlet_spawn(
             ^^^^^^^^^^^^^^^^^^^^^
    ...<6 lines>...
    )
    ^
  File "/Users/mehriddinmengturayev/Downloads/shopbot/.venv/lib/python3.13/site-packages/sqlalchemy/util/_concurrency_py3k.py", line 203, in greenlet_spawn
    result = context.switch(value)
  File "/Users/mehriddinmengturayev/Downloads/shopbot/.venv/lib/python3.13/site-packages/sqlalchemy/orm/session.py", line 2362, in execute
    return self._execute_internal(
           ~~~~~~~~~~~~~~~~~~~~~~^
        statement,
        ^^^^^^^^^^
    ...<4 lines>...
        _add_event=_add_event,
        ^^^^^^^^^^^^^^^^^^^^^^
    )
    ^
  File "/Users/mehriddinmengturayev/Downloads/shopbot/.venv/lib/python3.13/site-packages/sqlalchemy/orm/session.py", line 2247, in _execute_internal
    result: Result[Any] = compile_state_cls.orm_execute_statement(
                          ~~~~~~~~~~~~~~~~~~~~~~~~~~~~~~~~~~~~~~~^
        self,
        ^^^^^
    ...<4 lines>...
        conn,
        ^^^^^
    )
    ^
  File "/Users/mehriddinmengturayev/Downloads/shopbot/.venv/lib/python3.13/site-packages/sqlalchemy/orm/context.py", line 308, in orm_execute_statement
    return cls.orm_setup_cursor_result(
           ~~~~~~~~~~~~~~~~~~~~~~~~~~~^
        session,
        ^^^^^^^^
    ...<4 lines>...
        result,
        ^^^^^^^
    )
    ^
  File "/Users/mehriddinmengturayev/Downloads/shopbot/.venv/lib/python3.13/site-packages/sqlalchemy/orm/context.py", line 600, in orm_setup_cursor_result
    return loading.instances(result, querycontext)
           ~~~~~~~~~~~~~~~~~^^^^^^^^^^^^^^^^^^^^^^
  File "/Users/mehriddinmengturayev/Downloads/shopbot/.venv/lib/python3.13/site-packages/sqlalchemy/orm/loading.py", line 261, in instances
    _prebuffered = list(chunks(None))
  File "/Users/mehriddinmengturayev/Downloads/shopbot/.venv/lib/python3.13/site-packages/sqlalchemy/orm/loading.py", line 219, in chunks
    fetch = cursor._raw_all_rows()
  File "/Users/mehriddinmengturayev/Downloads/shopbot/.venv/lib/python3.13/site-packages/sqlalchemy/engine/result.py", line 541, in _raw_all_rows
    return [make_row(row) for row in rows]
            ~~~~~~~~^^^^^
  File "lib/sqlalchemy/cyextension/resultproxy.pyx", line 22, in sqlalchemy.cyextension.resultproxy.BaseRow.__init__
  File "lib/sqlalchemy/cyextension/resultproxy.pyx", line 79, in sqlalchemy.cyextension.resultproxy._apply_processors
  File "/Users/mehriddinmengturayev/Downloads/shopbot/.venv/lib/python3.13/site-packages/sqlalchemy/sql/sqltypes.py", line 1745, in process
    value = self._object_value_for_elem(value)
  File "/Users/mehriddinmengturayev/Downloads/shopbot/.venv/lib/python3.13/site-packages/sqlalchemy/sql/sqltypes.py", line 1627, in _object_value_for_elem
    raise LookupError(
    ...<7 lines>...
    ) from err
LookupError: 'card' is not among the defined enum values. Enum name: paymentmethod. Possible values: CARD, CRYPTO
2026-07-31 01:10:16,312 | INFO     | aiogram.event | Update id=883467394 is handled. Duration 34 ms by bot id=8591349938
2026-07-31 01:10:22,417 | INFO     | httpx | HTTP Request: POST https://pay.crypt.bot/api/getInvoices "HTTP/1.1 200 OK"
2026-07-31 01:10:22,926 | INFO     | httpx | HTTP Request: GET https://pay.xrocket.tg/tg-invoices/4736490 "HTTP/1.1 200 OK"
2026-07-31 01:10:41,857 | INFO     | aiogram.event | Update id=883467395 is handled. Duration 541 ms by bot id=8591349938
2026-07-31 01:10:43,479 | INFO     | httpx | HTTP Request: POST https://pay.crypt.bot/api/getInvoices "HTTP/1.1 200 OK"
2026-07-31 01:10:44,011 | INFO     | httpx | HTTP Request: GET https://pay.xrocket.tg/tg-invoices/4736490 "HTTP/1.1 200 OK"
2026-07-31 01:10:44,495 | INFO     | aiogram.event | Update id=883467396 is handled. Duration 588 ms by bot id=8591349938
2026-07-31 01:10:46,879 | INFO     | aiogram.event | Update id=883467397 is handled. Duration 270 ms by bot id=8591349938
2026-07-31 01:10:48,696 | INFO     | aiogram.event | Update id=883467398 is handled. Duration 173 ms by bot id=8591349938
2026-07-31 01:10:50,659 | INFO     | aiogram.event | Update id=883467399 is handled. Duration 473 ms by bot id=8591349938
2026-07-31 01:11:04,539 | INFO     | httpx | HTTP Request: POST https://pay.crypt.bot/api/getInvoices "HTTP/1.1 200 OK"
2026-07-31 01:11:05,129 | INFO     | httpx | HTTP Request: GET https://pay.xrocket.tg/tg-invoices/4736490 "HTTP/1.1 200 OK"
2026-07-31 01:11:25,821 | INFO     | httpx | HTTP Request: POST https://pay.crypt.bot/api/getInvoices "HTTP/1.1 200 OK"
2026-07-31 01:11:26,445 | INFO     | httpx | HTTP Request: GET https://pay.xrocket.tg/tg-invoices/4736490 "HTTP/1.1 200 OK"
2026-07-31 01:11:46,977 | INFO     | httpx | HTTP Request: POST https://pay.crypt.bot/api/getInvoices "HTTP/1.1 200 OK"
2026-07-31 01:11:47,517 | INFO     | httpx | HTTP Request: GET https://pay.xrocket.tg/tg-invoices/4736490 "HTTP/1.1 200 OK"
2026-07-31 01:11:52,994 | INFO     | aiogram.event | Update id=883467400 is not handled. Duration 10 ms by bot id=8591349938
2026-07-31 01:11:59,272 | INFO     | aiogram.event | Update id=883467401 is handled. Duration 674 ms by bot id=8591349938
2026-07-31 01:12:08,377 | INFO     | httpx | HTTP Request: POST https://pay.crypt.bot/api/getInvoices "HTTP/1.1 200 OK"
2026-07-31 01:12:08,929 | INFO     | httpx | HTTP Request: GET https://pay.xrocket.tg/tg-invoices/4736490 "HTTP/1.1 200 OK"
2026-07-31 01:12:12,023 | INFO     | admin_actions | product_image_updated id=1 admin=1403306196
2026-07-31 01:12:12,221 | INFO     | aiogram.event | Update id=883467402 is handled. Duration 215 ms by bot id=8591349938
2026-07-31 01:12:29,405 | INFO     | httpx | HTTP Request: POST https://pay.crypt.bot/api/getInvoices "HTTP/1.1 200 OK"
2026-07-31 01:12:29,948 | INFO     | httpx | HTTP Request: GET https://pay.xrocket.tg/tg-invoices/4736490 "HTTP/1.1 200 OK"
2026-07-31 01:12:50,661 | INFO     | httpx | HTTP Request: POST https://pay.crypt.bot/api/getInvoices "HTTP/1.1 200 OK"
2026-07-31 01:12:51,258 | INFO     | httpx | HTTP Request: GET https://pay.xrocket.tg/tg-invoices/4736490 "HTTP/1.1 200 OK"
2026-07-31 01:13:11,845 | INFO     | httpx | HTTP Request: POST https://pay.crypt.bot/api/getInvoices "HTTP/1.1 200 OK"
2026-07-31 01:13:12,382 | INFO     | httpx | HTTP Request: GET https://pay.xrocket.tg/tg-invoices/4736490 "HTTP/1.1 200 OK"
2026-07-31 01:13:33,334 | INFO     | httpx | HTTP Request: POST https://pay.crypt.bot/api/getInvoices "HTTP/1.1 200 OK"
2026-07-31 01:13:33,834 | INFO     | httpx | HTTP Request: GET https://pay.xrocket.tg/tg-invoices/4736490 "HTTP/1.1 200 OK"
2026-07-31 01:13:38,002 | INFO     | aiogram.event | Update id=883467403 is handled. Duration 705 ms by bot id=8591349938
2026-07-31 01:13:40,340 | INFO     | admin_actions | product_field_edited id=1 field=description admin=1403306196
2026-07-31 01:13:40,559 | INFO     | aiogram.event | Update id=883467404 is handled. Duration 232 ms by bot id=8591349938
2026-07-31 01:13:54,424 | INFO     | httpx | HTTP Request: POST https://pay.crypt.bot/api/getInvoices "HTTP/1.1 200 OK"
2026-07-31 01:13:55,076 | INFO     | httpx | HTTP Request: GET https://pay.xrocket.tg/tg-invoices/4736490 "HTTP/1.1 200 OK"
2026-07-31 01:14:16,132 | INFO     | httpx | HTTP Request: POST https://pay.crypt.bot/api/getInvoices "HTTP/1.1 200 OK"
2026-07-31 01:14:16,884 | INFO     | httpx | HTTP Request: GET https://pay.xrocket.tg/tg-invoices/4736490 "HTTP/1.1 200 OK"
2026-07-31 01:14:37,562 | INFO     | httpx | HTTP Request: POST https://pay.crypt.bot/api/getInvoices "HTTP/1.1 200 OK"
2026-07-31 01:14:38,086 | INFO     | httpx | HTTP Request: GET https://pay.xrocket.tg/tg-invoices/4736490 "HTTP/1.1 200 OK"
2026-07-31 01:14:57,877 | INFO     | aiogram.event | Update id=883467405 is handled. Duration 414 ms by bot id=8591349938
2026-07-31 01:14:58,570 | INFO     | httpx | HTTP Request: POST https://pay.crypt.bot/api/getInvoices "HTTP/1.1 200 OK"
2026-07-31 01:14:58,921 | INFO     | aiogram.event | Update id=883467406 is handled. Duration 168 ms by bot id=8591349938
2026-07-31 01:14:59,190 | INFO     | httpx | HTTP Request: GET https://pay.xrocket.tg/tg-invoices/4736490 "HTTP/1.1 200 OK"
2026-07-31 01:15:01,014 | INFO     | aiogram.event | Update id=883467407 is handled. Duration 541 ms by bot id=8591349938
2026-07-31 01:15:20,271 | INFO     | httpx | HTTP Request: POST https://pay.crypt.bot/api/getInvoices "HTTP/1.1 200 OK"
2026-07-31 01:15:20,811 | INFO     | httpx | HTTP Request: GET https://pay.xrocket.tg/tg-invoices/4736490 "HTTP/1.1 200 OK"
2026-07-31 01:15:41,311 | INFO     | httpx | HTTP Request: POST https://pay.crypt.bot/api/getInvoices "HTTP/1.1 200 OK"
2026-07-31 01:15:41,844 | INFO     | httpx | HTTP Request: GET https://pay.xrocket.tg/tg-invoices/4736490 "HTTP/1.1 200 OK"
2026-07-31 01:15:43,825 | WARNING  | aiogram.dispatcher | Received SIGINT signal
2026-07-31 01:15:43,826 | INFO     | aiogram.dispatcher | Polling stopped for bot @Tenkyushopbot id=8591349938 - 'Tenkyu Shop'
2026-07-31 01:15:43,826 | INFO     | aiogram.dispatcher | Polling stopped
2026-07-31 01:15:46,825 | INFO     | __main__ | Starting Telegram Digital Product Sales Bot...
2026-07-31 01:15:46,828 | INFO     | app.database.bootstrap | Database tables ensured (create_all).
2026-07-31 01:15:46,839 | INFO     | providers | Crypto payment poller started (interval=20.0s)
2026-07-31 01:15:47,431 | INFO     | httpx | HTTP Request: POST https://pay.crypt.bot/api/getInvoices "HTTP/1.1 200 OK"
2026-07-31 01:15:47,438 | INFO     | __main__ | Bot is polling...
2026-07-31 01:15:47,439 | INFO     | aiogram.dispatcher | Start polling
2026-07-31 01:15:47,590 | INFO     | aiogram.dispatcher | Run polling for bot @Tenkyushopbot id=8591349938 - 'Tenkyu Shop'
2026-07-31 01:15:47,976 | INFO     | httpx | HTTP Request: GET https://pay.xrocket.tg/tg-invoices/4736490 "HTTP/1.1 200 OK"
2026-07-31 01:16:08,512 | INFO     | httpx | HTTP Request: POST https://pay.crypt.bot/api/getInvoices "HTTP/1.1 200 OK"
2026-07-31 01:16:09,002 | INFO     | httpx | HTTP Request: GET https://pay.xrocket.tg/tg-invoices/4736490 "HTTP/1.1 200 OK"
2026-07-31 01:16:29,509 | INFO     | httpx | HTTP Request: POST https://pay.crypt.bot/api/getInvoices "HTTP/1.1 200 OK"
2026-07-31 01:16:29,989 | INFO     | httpx | HTTP Request: GET https://pay.xrocket.tg/tg-invoices/4736490 "HTTP/1.1 200 OK"
2026-07-31 01:16:45,997 | ERROR    | app.middlewares.error_handling | Unhandled exception while processing update
Traceback (most recent call last):
  File "/Users/mehriddinmengturayev/Downloads/shopbot/.venv/lib/python3.13/site-packages/sqlalchemy/sql/sqltypes.py", line 1625, in _object_value_for_elem
    return self._object_lookup[elem]
           ~~~~~~~~~~~~~~~~~~~^^^^^^
KeyError: 'card'

The above exception was the direct cause of the following exception:

Traceback (most recent call last):
  File "/Users/mehriddinmengturayev/Downloads/shopbot/app/middlewares/error_handling.py", line 33, in __call__
    return await handler(event, data)
           ^^^^^^^^^^^^^^^^^^^^^^^^^^
  File "/Users/mehriddinmengturayev/Downloads/shopbot/app/middlewares/throttling.py", line 40, in __call__
    return await handler(event, data)
           ^^^^^^^^^^^^^^^^^^^^^^^^^^
  File "/Users/mehriddinmengturayev/Downloads/shopbot/app/middlewares/db_session.py", line 27, in __call__
    return await handler(event, data)
           ^^^^^^^^^^^^^^^^^^^^^^^^^^
  File "/Users/mehriddinmengturayev/Downloads/shopbot/app/middlewares/user_context.py", line 41, in __call__
    # English-only now regardless of whatever a user's `language` field
  File "/Users/mehriddinmengturayev/Downloads/shopbot/.venv/lib/python3.13/site-packages/aiogram/dispatcher/event/telegram.py", line 121, in trigger
    return await wrapped_inner(event, kwargs)
           ^^^^^^^^^^^^^^^^^^^^^^^^^^^^^^^^^^
  File "/Users/mehriddinmengturayev/Downloads/shopbot/.venv/lib/python3.13/site-packages/aiogram/dispatcher/event/handler.py", line 43, in call
    return await wrapped()
           ^^^^^^^^^^^^^^^
  File "/Users/mehriddinmengturayev/Downloads/shopbot/.venv/lib/python3.13/site-packages/aiogram/dispatcher/dispatcher.py", line 276, in _listen_update
    return await self.propagate_event(update_type=update_type, event=event, **kwargs)
           ^^^^^^^^^^^^^^^^^^^^^^^^^^^^^^^^^^^^^^^^^^^^^^^^^^^^^^^^^^^^^^^^^^^^^^^^^^
  File "/Users/mehriddinmengturayev/Downloads/shopbot/.venv/lib/python3.13/site-packages/aiogram/dispatcher/router.py", line 146, in propagate_event
    return await observer.wrap_outer_middleware(_wrapped, event=event, data=kwargs)
           ^^^^^^^^^^^^^^^^^^^^^^^^^^^^^^^^^^^^^^^^^^^^^^^^^^^^^^^^^^^^^^^^^^^^^^^^
  File "/Users/mehriddinmengturayev/Downloads/shopbot/.venv/lib/python3.13/site-packages/aiogram/dispatcher/router.py", line 141, in _wrapped
    return await self._propagate_event(
           ^^^^^^^^^^^^^^^^^^^^^^^^^^^^
        observer=observer, update_type=update_type, event=telegram_event, **data
        ^^^^^^^^^^^^^^^^^^^^^^^^^^^^^^^^^^^^^^^^^^^^^^^^^^^^^^^^^^^^^^^^^^^^^^^^
    )
    ^
  File "/Users/mehriddinmengturayev/Downloads/shopbot/.venv/lib/python3.13/site-packages/aiogram/dispatcher/router.py", line 174, in _propagate_event
    response = await router.propagate_event(update_type=update_type, event=event, **kwargs)
               ^^^^^^^^^^^^^^^^^^^^^^^^^^^^^^^^^^^^^^^^^^^^^^^^^^^^^^^^^^^^^^^^^^^^^^^^^^^^
  File "/Users/mehriddinmengturayev/Downloads/shopbot/.venv/lib/python3.13/site-packages/aiogram/dispatcher/router.py", line 146, in propagate_event
    return await observer.wrap_outer_middleware(_wrapped, event=event, data=kwargs)
           ^^^^^^^^^^^^^^^^^^^^^^^^^^^^^^^^^^^^^^^^^^^^^^^^^^^^^^^^^^^^^^^^^^^^^^^^
  File "/Users/mehriddinmengturayev/Downloads/shopbot/.venv/lib/python3.13/site-packages/aiogram/dispatcher/router.py", line 141, in _wrapped
    return await self._propagate_event(
           ^^^^^^^^^^^^^^^^^^^^^^^^^^^^
        observer=observer, update_type=update_type, event=telegram_event, **data
        ^^^^^^^^^^^^^^^^^^^^^^^^^^^^^^^^^^^^^^^^^^^^^^^^^^^^^^^^^^^^^^^^^^^^^^^^
    )
    ^
  File "/Users/mehriddinmengturayev/Downloads/shopbot/.venv/lib/python3.13/site-packages/aiogram/dispatcher/router.py", line 174, in _propagate_event
    response = await router.propagate_event(update_type=update_type, event=event, **kwargs)
               ^^^^^^^^^^^^^^^^^^^^^^^^^^^^^^^^^^^^^^^^^^^^^^^^^^^^^^^^^^^^^^^^^^^^^^^^^^^^
  File "/Users/mehriddinmengturayev/Downloads/shopbot/.venv/lib/python3.13/site-packages/aiogram/dispatcher/router.py", line 146, in propagate_event
    return await observer.wrap_outer_middleware(_wrapped, event=event, data=kwargs)
           ^^^^^^^^^^^^^^^^^^^^^^^^^^^^^^^^^^^^^^^^^^^^^^^^^^^^^^^^^^^^^^^^^^^^^^^^
  File "/Users/mehriddinmengturayev/Downloads/shopbot/.venv/lib/python3.13/site-packages/aiogram/dispatcher/router.py", line 141, in _wrapped
    return await self._propagate_event(
           ^^^^^^^^^^^^^^^^^^^^^^^^^^^^
        observer=observer, update_type=update_type, event=telegram_event, **data
        ^^^^^^^^^^^^^^^^^^^^^^^^^^^^^^^^^^^^^^^^^^^^^^^^^^^^^^^^^^^^^^^^^^^^^^^^
    )
    ^
  File "/Users/mehriddinmengturayev/Downloads/shopbot/.venv/lib/python3.13/site-packages/aiogram/dispatcher/router.py", line 166, in _propagate_event
    response = await observer.trigger(event, **kwargs)
               ^^^^^^^^^^^^^^^^^^^^^^^^^^^^^^^^^^^^^^^
  File "/Users/mehriddinmengturayev/Downloads/shopbot/.venv/lib/python3.13/site-packages/aiogram/dispatcher/event/telegram.py", line 121, in trigger
    return await wrapped_inner(event, kwargs)
           ^^^^^^^^^^^^^^^^^^^^^^^^^^^^^^^^^^
  File "/Users/mehriddinmengturayev/Downloads/shopbot/.venv/lib/python3.13/site-packages/aiogram/dispatcher/event/handler.py", line 43, in call
    return await wrapped()
           ^^^^^^^^^^^^^^^
  File "/Users/mehriddinmengturayev/Downloads/shopbot/app/handlers/user/orders.py", line 17, in my_orders
    orders = await OrderRepository(session).list_by_user(user.id)
             ^^^^^^^^^^^^^^^^^^^^^^^^^^^^^^^^^^^^^^^^^^^^^^^^^^^^
  File "/Users/mehriddinmengturayev/Downloads/shopbot/app/repositories/order_repo.py", line 74, in list_by_user
    result = await self.session.execute(
             ^^^^^^^^^^^^^^^^^^^^^^^^^^^
    ...<5 lines>...
    )
    ^
  File "/Users/mehriddinmengturayev/Downloads/shopbot/.venv/lib/python3.13/site-packages/sqlalchemy/ext/asyncio/session.py", line 461, in execute
    result = await greenlet_spawn(
             ^^^^^^^^^^^^^^^^^^^^^
    ...<6 lines>...
    )
    ^
  File "/Users/mehriddinmengturayev/Downloads/shopbot/.venv/lib/python3.13/site-packages/sqlalchemy/util/_concurrency_py3k.py", line 203, in greenlet_spawn
    result = context.switch(value)
  File "/Users/mehriddinmengturayev/Downloads/shopbot/.venv/lib/python3.13/site-packages/sqlalchemy/orm/session.py", line 2362, in execute
    return self._execute_internal(
           ~~~~~~~~~~~~~~~~~~~~~~^
        statement,
        ^^^^^^^^^^
    ...<4 lines>...
        _add_event=_add_event,
        ^^^^^^^^^^^^^^^^^^^^^^
    )
    ^
  File "/Users/mehriddinmengturayev/Downloads/shopbot/.venv/lib/python3.13/site-packages/sqlalchemy/orm/session.py", line 2247, in _execute_internal
    result: Result[Any] = compile_state_cls.orm_execute_statement(
                          ~~~~~~~~~~~~~~~~~~~~~~~~~~~~~~~~~~~~~~~^
        self,
        ^^^^^
    ...<4 lines>...
        conn,
        ^^^^^
    )
    ^
  File "/Users/mehriddinmengturayev/Downloads/shopbot/.venv/lib/python3.13/site-packages/sqlalchemy/orm/context.py", line 308, in orm_execute_statement
    return cls.orm_setup_cursor_result(
           ~~~~~~~~~~~~~~~~~~~~~~~~~~~^
        session,
        ^^^^^^^^
    ...<4 lines>...
        result,
        ^^^^^^^
    )
    ^
  File "/Users/mehriddinmengturayev/Downloads/shopbot/.venv/lib/python3.13/site-packages/sqlalchemy/orm/context.py", line 600, in orm_setup_cursor_result
    return loading.instances(result, querycontext)
           ~~~~~~~~~~~~~~~~~^^^^^^^^^^^^^^^^^^^^^^
  File "/Users/mehriddinmengturayev/Downloads/shopbot/.venv/lib/python3.13/site-packages/sqlalchemy/orm/loading.py", line 261, in instances
    _prebuffered = list(chunks(None))
  File "/Users/mehriddinmengturayev/Downloads/shopbot/.venv/lib/python3.13/site-packages/sqlalchemy/orm/loading.py", line 219, in chunks
    fetch = cursor._raw_all_rows()
  File "/Users/mehriddinmengturayev/Downloads/shopbot/.venv/lib/python3.13/site-packages/sqlalchemy/engine/result.py", line 541, in _raw_all_rows
    return [make_row(row) for row in rows]
            ~~~~~~~~^^^^^
  File "lib/sqlalchemy/cyextension/resultproxy.pyx", line 22, in sqlalchemy.cyextension.resultproxy.BaseRow.__init__
  File "lib/sqlalchemy/cyextension/resultproxy.pyx", line 79, in sqlalchemy.cyextension.resultproxy._apply_processors
  File "/Users/mehriddinmengturayev/Downloads/shopbot/.venv/lib/python3.13/site-packages/sqlalchemy/sql/sqltypes.py", line 1745, in process
    value = self._object_value_for_elem(value)
  File "/Users/mehriddinmengturayev/Downloads/shopbot/.venv/lib/python3.13/site-packages/sqlalchemy/sql/sqltypes.py", line 1627, in _object_value_for_elem
    raise LookupError(
    ...<7 lines>...
    ) from err
LookupError: 'card' is not among the defined enum values. Enum name: paymentmethod. Possible values: CARD, CRYPTO
2026-07-31 01:16:46,011 | INFO     | aiogram.event | Update id=883467408 is handled. Duration 31 ms by bot id=8591349938
2026-07-31 01:16:50,696 | INFO     | aiogram.event | Update id=883467409 is handled. Duration 668 ms by bot id=8591349938
2026-07-31 01:16:50,718 | INFO     | httpx | HTTP Request: POST https://pay.crypt.bot/api/getInvoices "HTTP/1.1 200 OK"
2026-07-31 01:16:51,260 | INFO     | httpx | HTTP Request: GET https://pay.xrocket.tg/tg-invoices/4736490 "HTTP/1.1 200 OK"
2026-07-31 01:16:52,309 | ERROR    | app.middlewares.error_handling | Unhandled exception while processing update
Traceback (most recent call last):
  File "/Users/mehriddinmengturayev/Downloads/shopbot/.venv/lib/python3.13/site-packages/sqlalchemy/sql/sqltypes.py", line 1625, in _object_value_for_elem
    return self._object_lookup[elem]
           ~~~~~~~~~~~~~~~~~~~^^^^^^
KeyError: 'card'

The above exception was the direct cause of the following exception:

Traceback (most recent call last):
  File "/Users/mehriddinmengturayev/Downloads/shopbot/app/middlewares/error_handling.py", line 33, in __call__
    return await handler(event, data)
           ^^^^^^^^^^^^^^^^^^^^^^^^^^
  File "/Users/mehriddinmengturayev/Downloads/shopbot/app/middlewares/throttling.py", line 40, in __call__
    return await handler(event, data)
           ^^^^^^^^^^^^^^^^^^^^^^^^^^
  File "/Users/mehriddinmengturayev/Downloads/shopbot/app/middlewares/db_session.py", line 27, in __call__
    return await handler(event, data)
           ^^^^^^^^^^^^^^^^^^^^^^^^^^
  File "/Users/mehriddinmengturayev/Downloads/shopbot/app/middlewares/user_context.py", line 41, in __call__
    # English-only now regardless of whatever a user's `language` field
  File "/Users/mehriddinmengturayev/Downloads/shopbot/.venv/lib/python3.13/site-packages/aiogram/dispatcher/event/telegram.py", line 121, in trigger
    return await wrapped_inner(event, kwargs)
           ^^^^^^^^^^^^^^^^^^^^^^^^^^^^^^^^^^
  File "/Users/mehriddinmengturayev/Downloads/shopbot/.venv/lib/python3.13/site-packages/aiogram/dispatcher/event/handler.py", line 43, in call
    return await wrapped()
           ^^^^^^^^^^^^^^^
  File "/Users/mehriddinmengturayev/Downloads/shopbot/.venv/lib/python3.13/site-packages/aiogram/dispatcher/dispatcher.py", line 276, in _listen_update
    return await self.propagate_event(update_type=update_type, event=event, **kwargs)
           ^^^^^^^^^^^^^^^^^^^^^^^^^^^^^^^^^^^^^^^^^^^^^^^^^^^^^^^^^^^^^^^^^^^^^^^^^^
  File "/Users/mehriddinmengturayev/Downloads/shopbot/.venv/lib/python3.13/site-packages/aiogram/dispatcher/router.py", line 146, in propagate_event
    return await observer.wrap_outer_middleware(_wrapped, event=event, data=kwargs)
           ^^^^^^^^^^^^^^^^^^^^^^^^^^^^^^^^^^^^^^^^^^^^^^^^^^^^^^^^^^^^^^^^^^^^^^^^
  File "/Users/mehriddinmengturayev/Downloads/shopbot/.venv/lib/python3.13/site-packages/aiogram/dispatcher/router.py", line 141, in _wrapped
    return await self._propagate_event(
           ^^^^^^^^^^^^^^^^^^^^^^^^^^^^
        observer=observer, update_type=update_type, event=telegram_event, **data
        ^^^^^^^^^^^^^^^^^^^^^^^^^^^^^^^^^^^^^^^^^^^^^^^^^^^^^^^^^^^^^^^^^^^^^^^^
    )
    ^
  File "/Users/mehriddinmengturayev/Downloads/shopbot/.venv/lib/python3.13/site-packages/aiogram/dispatcher/router.py", line 174, in _propagate_event
    response = await router.propagate_event(update_type=update_type, event=event, **kwargs)
               ^^^^^^^^^^^^^^^^^^^^^^^^^^^^^^^^^^^^^^^^^^^^^^^^^^^^^^^^^^^^^^^^^^^^^^^^^^^^
  File "/Users/mehriddinmengturayev/Downloads/shopbot/.venv/lib/python3.13/site-packages/aiogram/dispatcher/router.py", line 146, in propagate_event
    return await observer.wrap_outer_middleware(_wrapped, event=event, data=kwargs)
           ^^^^^^^^^^^^^^^^^^^^^^^^^^^^^^^^^^^^^^^^^^^^^^^^^^^^^^^^^^^^^^^^^^^^^^^^
  File "/Users/mehriddinmengturayev/Downloads/shopbot/.venv/lib/python3.13/site-packages/aiogram/dispatcher/router.py", line 141, in _wrapped
    return await self._propagate_event(
           ^^^^^^^^^^^^^^^^^^^^^^^^^^^^
        observer=observer, update_type=update_type, event=telegram_event, **data
        ^^^^^^^^^^^^^^^^^^^^^^^^^^^^^^^^^^^^^^^^^^^^^^^^^^^^^^^^^^^^^^^^^^^^^^^^
    )
    ^
  File "/Users/mehriddinmengturayev/Downloads/shopbot/.venv/lib/python3.13/site-packages/aiogram/dispatcher/router.py", line 174, in _propagate_event
    response = await router.propagate_event(update_type=update_type, event=event, **kwargs)
               ^^^^^^^^^^^^^^^^^^^^^^^^^^^^^^^^^^^^^^^^^^^^^^^^^^^^^^^^^^^^^^^^^^^^^^^^^^^^
  File "/Users/mehriddinmengturayev/Downloads/shopbot/.venv/lib/python3.13/site-packages/aiogram/dispatcher/router.py", line 146, in propagate_event
    return await observer.wrap_outer_middleware(_wrapped, event=event, data=kwargs)
           ^^^^^^^^^^^^^^^^^^^^^^^^^^^^^^^^^^^^^^^^^^^^^^^^^^^^^^^^^^^^^^^^^^^^^^^^
  File "/Users/mehriddinmengturayev/Downloads/shopbot/.venv/lib/python3.13/site-packages/aiogram/dispatcher/router.py", line 141, in _wrapped
    return await self._propagate_event(
           ^^^^^^^^^^^^^^^^^^^^^^^^^^^^
        observer=observer, update_type=update_type, event=telegram_event, **data
        ^^^^^^^^^^^^^^^^^^^^^^^^^^^^^^^^^^^^^^^^^^^^^^^^^^^^^^^^^^^^^^^^^^^^^^^^
    )
    ^
  File "/Users/mehriddinmengturayev/Downloads/shopbot/.venv/lib/python3.13/site-packages/aiogram/dispatcher/router.py", line 166, in _propagate_event
    response = await observer.trigger(event, **kwargs)
               ^^^^^^^^^^^^^^^^^^^^^^^^^^^^^^^^^^^^^^^
  File "/Users/mehriddinmengturayev/Downloads/shopbot/.venv/lib/python3.13/site-packages/aiogram/dispatcher/event/telegram.py", line 121, in trigger
    return await wrapped_inner(event, kwargs)
           ^^^^^^^^^^^^^^^^^^^^^^^^^^^^^^^^^^
  File "/Users/mehriddinmengturayev/Downloads/shopbot/.venv/lib/python3.13/site-packages/aiogram/dispatcher/event/handler.py", line 43, in call
    return await wrapped()
           ^^^^^^^^^^^^^^^
  File "/Users/mehriddinmengturayev/Downloads/shopbot/app/handlers/user/orders.py", line 17, in my_orders
    orders = await OrderRepository(session).list_by_user(user.id)
             ^^^^^^^^^^^^^^^^^^^^^^^^^^^^^^^^^^^^^^^^^^^^^^^^^^^^
  File "/Users/mehriddinmengturayev/Downloads/shopbot/app/repositories/order_repo.py", line 74, in list_by_user
    result = await self.session.execute(
             ^^^^^^^^^^^^^^^^^^^^^^^^^^^
    ...<5 lines>...
    )
    ^
  File "/Users/mehriddinmengturayev/Downloads/shopbot/.venv/lib/python3.13/site-packages/sqlalchemy/ext/asyncio/session.py", line 461, in execute
    result = await greenlet_spawn(
             ^^^^^^^^^^^^^^^^^^^^^
    ...<6 lines>...
    )
    ^
  File "/Users/mehriddinmengturayev/Downloads/shopbot/.venv/lib/python3.13/site-packages/sqlalchemy/util/_concurrency_py3k.py", line 203, in greenlet_spawn
    result = context.switch(value)
  File "/Users/mehriddinmengturayev/Downloads/shopbot/.venv/lib/python3.13/site-packages/sqlalchemy/orm/session.py", line 2362, in execute
    return self._execute_internal(
           ~~~~~~~~~~~~~~~~~~~~~~^
        statement,
        ^^^^^^^^^^
    ...<4 lines>...
        _add_event=_add_event,
        ^^^^^^^^^^^^^^^^^^^^^^
    )
    ^
  File "/Users/mehriddinmengturayev/Downloads/shopbot/.venv/lib/python3.13/site-packages/sqlalchemy/orm/session.py", line 2247, in _execute_internal
    result: Result[Any] = compile_state_cls.orm_execute_statement(
                          ~~~~~~~~~~~~~~~~~~~~~~~~~~~~~~~~~~~~~~~^
        self,
        ^^^^^
    ...<4 lines>...
        conn,
        ^^^^^
    )
    ^
  File "/Users/mehriddinmengturayev/Downloads/shopbot/.venv/lib/python3.13/site-packages/sqlalchemy/orm/context.py", line 308, in orm_execute_statement
    return cls.orm_setup_cursor_result(
           ~~~~~~~~~~~~~~~~~~~~~~~~~~~^
        session,
        ^^^^^^^^
    ...<4 lines>...
        result,
        ^^^^^^^
    )
    ^
  File "/Users/mehriddinmengturayev/Downloads/shopbot/.venv/lib/python3.13/site-packages/sqlalchemy/orm/context.py", line 600, in orm_setup_cursor_result
    return loading.instances(result, querycontext)
           ~~~~~~~~~~~~~~~~~^^^^^^^^^^^^^^^^^^^^^^
  File "/Users/mehriddinmengturayev/Downloads/shopbot/.venv/lib/python3.13/site-packages/sqlalchemy/orm/loading.py", line 261, in instances
    _prebuffered = list(chunks(None))
  File "/Users/mehriddinmengturayev/Downloads/shopbot/.venv/lib/python3.13/site-packages/sqlalchemy/orm/loading.py", line 219, in chunks
    fetch = cursor._raw_all_rows()
  File "/Users/mehriddinmengturayev/Downloads/shopbot/.venv/lib/python3.13/site-packages/sqlalchemy/engine/result.py", line 541, in _raw_all_rows
    return [make_row(row) for row in rows]
            ~~~~~~~~^^^^^
  File "lib/sqlalchemy/cyextension/resultproxy.pyx", line 22, in sqlalchemy.cyextension.resultproxy.BaseRow.__init__
  File "lib/sqlalchemy/cyextension/resultproxy.pyx", line 79, in sqlalchemy.cyextension.resultproxy._apply_processors
  File "/Users/mehriddinmengturayev/Downloads/shopbot/.venv/lib/python3.13/site-packages/sqlalchemy/sql/sqltypes.py", line 1745, in process
    value = self._object_value_for_elem(value)
  File "/Users/mehriddinmengturayev/Downloads/shopbot/.venv/lib/python3.13/site-packages/sqlalchemy/sql/sqltypes.py", line 1627, in _object_value_for_elem
    raise LookupError(
    ...<7 lines>...
    ) from err
LookupError: 'card' is not among the defined enum values. Enum name: paymentmethod. Possible values: CARD, CRYPTO
2026-07-31 01:16:52,313 | INFO     | aiogram.event | Update id=883467410 is handled. Duration 18 ms by bot id=8591349938
2026-07-31 01:16:57,948 | INFO     | aiogram.event | Update id=883467411 is handled. Duration 226 ms by bot id=8591349938
2026-07-31 01:17:00,588 | INFO     | aiogram.event | Update id=883467412 is handled. Duration 251 ms by bot id=8591349938
2026-07-31 01:17:03,378 | INFO     | aiogram.event | Update id=883467413 is handled. Duration 494 ms by bot id=8591349938
2026-07-31 01:17:05,567 | INFO     | aiogram.event | Update id=883467414 is handled. Duration 608 ms by bot id=8591349938
2026-07-31 01:17:09,191 | INFO     | aiogram.event | Update id=883467415 is handled. Duration 539 ms by bot id=8591349938
2026-07-31 01:17:11,954 | INFO     | httpx | HTTP Request: POST https://pay.crypt.bot/api/getInvoices "HTTP/1.1 200 OK"
2026-07-31 01:17:12,515 | INFO     | httpx | HTTP Request: GET https://pay.xrocket.tg/tg-invoices/4736490 "HTTP/1.1 200 OK"
2026-07-31 01:17:33,012 | INFO     | httpx | HTTP Request: POST https://pay.crypt.bot/api/getInvoices "HTTP/1.1 200 OK"
2026-07-31 01:17:33,538 | INFO     | httpx | HTTP Request: GET https://pay.xrocket.tg/tg-invoices/4736490 "HTTP/1.1 200 OK"
2026-07-31 01:17:46,490 | WARNING  | aiogram.dispatcher | Received SIGINT signal
2026-07-31 01:17:46,491 | INFO     | aiogram.dispatcher | Polling stopped for bot @Tenkyushopbot id=8591349938 - 'Tenkyu Shop'
2026-07-31 01:17:46,492 | INFO     | aiogram.dispatcher | Polling stopped
2026-07-31 01:17:49,206 | INFO     | __main__ | Starting Telegram Digital Product Sales Bot...
2026-07-31 01:17:49,209 | INFO     | app.database.bootstrap | Database tables ensured (create_all).
2026-07-31 01:17:49,220 | INFO     | providers | Crypto payment poller started (interval=20.0s)
2026-07-31 01:17:49,748 | INFO     | __main__ | Bot is polling...
2026-07-31 01:17:49,748 | INFO     | aiogram.dispatcher | Start polling
2026-07-31 01:17:49,859 | INFO     | httpx | HTTP Request: POST https://pay.crypt.bot/api/getInvoices "HTTP/1.1 200 OK"
2026-07-31 01:17:49,980 | INFO     | aiogram.dispatcher | Run polling for bot @Tenkyushopbot id=8591349938 - 'Tenkyu Shop'
2026-07-31 01:17:50,410 | INFO     | httpx | HTTP Request: GET https://pay.xrocket.tg/tg-invoices/4736490 "HTTP/1.1 200 OK"
2026-07-31 01:17:54,572 | INFO     | aiogram.event | Update id=883467416 is handled. Duration 806 ms by bot id=8591349938
2026-07-31 01:17:56,304 | INFO     | aiogram.event | Update id=883467417 is handled. Duration 238 ms by bot id=8591349938
2026-07-31 01:17:58,187 | INFO     | aiogram.event | Update id=883467418 is handled. Duration 500 ms by bot id=8591349938
2026-07-31 01:18:01,940 | ERROR    | app.middlewares.error_handling | Unhandled exception while processing update
Traceback (most recent call last):
  File "/Users/mehriddinmengturayev/Downloads/shopbot/.venv/lib/python3.13/site-packages/sqlalchemy/sql/sqltypes.py", line 1625, in _object_value_for_elem
    return self._object_lookup[elem]
           ~~~~~~~~~~~~~~~~~~~^^^^^^
KeyError: 'card'

The above exception was the direct cause of the following exception:

Traceback (most recent call last):
  File "/Users/mehriddinmengturayev/Downloads/shopbot/app/middlewares/error_handling.py", line 33, in __call__
    return await handler(event, data)
           ^^^^^^^^^^^^^^^^^^^^^^^^^^
  File "/Users/mehriddinmengturayev/Downloads/shopbot/app/middlewares/throttling.py", line 40, in __call__
    return await handler(event, data)
           ^^^^^^^^^^^^^^^^^^^^^^^^^^
  File "/Users/mehriddinmengturayev/Downloads/shopbot/app/middlewares/db_session.py", line 27, in __call__
    return await handler(event, data)
           ^^^^^^^^^^^^^^^^^^^^^^^^^^
  File "/Users/mehriddinmengturayev/Downloads/shopbot/app/middlewares/user_context.py", line 44, in __call__
    return await handler(event, data)
           ^^^^^^^^^^^^^^^^^^^^^^^^^^
  File "/Users/mehriddinmengturayev/Downloads/shopbot/.venv/lib/python3.13/site-packages/aiogram/dispatcher/event/telegram.py", line 121, in trigger
    return await wrapped_inner(event, kwargs)
           ^^^^^^^^^^^^^^^^^^^^^^^^^^^^^^^^^^
  File "/Users/mehriddinmengturayev/Downloads/shopbot/.venv/lib/python3.13/site-packages/aiogram/dispatcher/event/handler.py", line 43, in call
    return await wrapped()
           ^^^^^^^^^^^^^^^
  File "/Users/mehriddinmengturayev/Downloads/shopbot/.venv/lib/python3.13/site-packages/aiogram/dispatcher/dispatcher.py", line 276, in _listen_update
    return await self.propagate_event(update_type=update_type, event=event, **kwargs)
           ^^^^^^^^^^^^^^^^^^^^^^^^^^^^^^^^^^^^^^^^^^^^^^^^^^^^^^^^^^^^^^^^^^^^^^^^^^
  File "/Users/mehriddinmengturayev/Downloads/shopbot/.venv/lib/python3.13/site-packages/aiogram/dispatcher/router.py", line 146, in propagate_event
    return await observer.wrap_outer_middleware(_wrapped, event=event, data=kwargs)
           ^^^^^^^^^^^^^^^^^^^^^^^^^^^^^^^^^^^^^^^^^^^^^^^^^^^^^^^^^^^^^^^^^^^^^^^^
  File "/Users/mehriddinmengturayev/Downloads/shopbot/.venv/lib/python3.13/site-packages/aiogram/dispatcher/router.py", line 141, in _wrapped
    return await self._propagate_event(
           ^^^^^^^^^^^^^^^^^^^^^^^^^^^^
        observer=observer, update_type=update_type, event=telegram_event, **data
        ^^^^^^^^^^^^^^^^^^^^^^^^^^^^^^^^^^^^^^^^^^^^^^^^^^^^^^^^^^^^^^^^^^^^^^^^
    )
    ^
  File "/Users/mehriddinmengturayev/Downloads/shopbot/.venv/lib/python3.13/site-packages/aiogram/dispatcher/router.py", line 174, in _propagate_event
    response = await router.propagate_event(update_type=update_type, event=event, **kwargs)
               ^^^^^^^^^^^^^^^^^^^^^^^^^^^^^^^^^^^^^^^^^^^^^^^^^^^^^^^^^^^^^^^^^^^^^^^^^^^^
  File "/Users/mehriddinmengturayev/Downloads/shopbot/.venv/lib/python3.13/site-packages/aiogram/dispatcher/router.py", line 146, in propagate_event
    return await observer.wrap_outer_middleware(_wrapped, event=event, data=kwargs)
           ^^^^^^^^^^^^^^^^^^^^^^^^^^^^^^^^^^^^^^^^^^^^^^^^^^^^^^^^^^^^^^^^^^^^^^^^
  File "/Users/mehriddinmengturayev/Downloads/shopbot/.venv/lib/python3.13/site-packages/aiogram/dispatcher/router.py", line 141, in _wrapped
    return await self._propagate_event(
           ^^^^^^^^^^^^^^^^^^^^^^^^^^^^
        observer=observer, update_type=update_type, event=telegram_event, **data
        ^^^^^^^^^^^^^^^^^^^^^^^^^^^^^^^^^^^^^^^^^^^^^^^^^^^^^^^^^^^^^^^^^^^^^^^^
    )
    ^
  File "/Users/mehriddinmengturayev/Downloads/shopbot/.venv/lib/python3.13/site-packages/aiogram/dispatcher/router.py", line 174, in _propagate_event
    response = await router.propagate_event(update_type=update_type, event=event, **kwargs)
               ^^^^^^^^^^^^^^^^^^^^^^^^^^^^^^^^^^^^^^^^^^^^^^^^^^^^^^^^^^^^^^^^^^^^^^^^^^^^
  File "/Users/mehriddinmengturayev/Downloads/shopbot/.venv/lib/python3.13/site-packages/aiogram/dispatcher/router.py", line 146, in propagate_event
    return await observer.wrap_outer_middleware(_wrapped, event=event, data=kwargs)
           ^^^^^^^^^^^^^^^^^^^^^^^^^^^^^^^^^^^^^^^^^^^^^^^^^^^^^^^^^^^^^^^^^^^^^^^^
  File "/Users/mehriddinmengturayev/Downloads/shopbot/.venv/lib/python3.13/site-packages/aiogram/dispatcher/router.py", line 141, in _wrapped
    return await self._propagate_event(
           ^^^^^^^^^^^^^^^^^^^^^^^^^^^^
        observer=observer, update_type=update_type, event=telegram_event, **data
        ^^^^^^^^^^^^^^^^^^^^^^^^^^^^^^^^^^^^^^^^^^^^^^^^^^^^^^^^^^^^^^^^^^^^^^^^
    )
    ^
  File "/Users/mehriddinmengturayev/Downloads/shopbot/.venv/lib/python3.13/site-packages/aiogram/dispatcher/router.py", line 166, in _propagate_event
    response = await observer.trigger(event, **kwargs)
               ^^^^^^^^^^^^^^^^^^^^^^^^^^^^^^^^^^^^^^^
  File "/Users/mehriddinmengturayev/Downloads/shopbot/.venv/lib/python3.13/site-packages/aiogram/dispatcher/event/telegram.py", line 121, in trigger
    return await wrapped_inner(event, kwargs)
           ^^^^^^^^^^^^^^^^^^^^^^^^^^^^^^^^^^
  File "/Users/mehriddinmengturayev/Downloads/shopbot/.venv/lib/python3.13/site-packages/aiogram/dispatcher/event/handler.py", line 43, in call
    return await wrapped()
           ^^^^^^^^^^^^^^^
  File "/Users/mehriddinmengturayev/Downloads/shopbot/app/handlers/user/orders.py", line 17, in my_orders
    orders = await OrderRepository(session).list_by_user(user.id)
             ^^^^^^^^^^^^^^^^^^^^^^^^^^^^^^^^^^^^^^^^^^^^^^^^^^^^
  File "/Users/mehriddinmengturayev/Downloads/shopbot/app/repositories/order_repo.py", line 74, in list_by_user
    result = await self.session.execute(
             ^^^^^^^^^^^^^^^^^^^^^^^^^^^
    ...<5 lines>...
    )
    ^
  File "/Users/mehriddinmengturayev/Downloads/shopbot/.venv/lib/python3.13/site-packages/sqlalchemy/ext/asyncio/session.py", line 461, in execute
    result = await greenlet_spawn(
             ^^^^^^^^^^^^^^^^^^^^^
    ...<6 lines>...
    )
    ^
  File "/Users/mehriddinmengturayev/Downloads/shopbot/.venv/lib/python3.13/site-packages/sqlalchemy/util/_concurrency_py3k.py", line 203, in greenlet_spawn
    result = context.switch(value)
  File "/Users/mehriddinmengturayev/Downloads/shopbot/.venv/lib/python3.13/site-packages/sqlalchemy/orm/session.py", line 2362, in execute
    return self._execute_internal(
           ~~~~~~~~~~~~~~~~~~~~~~^
        statement,
        ^^^^^^^^^^
    ...<4 lines>...
        _add_event=_add_event,
        ^^^^^^^^^^^^^^^^^^^^^^
    )
    ^
  File "/Users/mehriddinmengturayev/Downloads/shopbot/.venv/lib/python3.13/site-packages/sqlalchemy/orm/session.py", line 2247, in _execute_internal
    result: Result[Any] = compile_state_cls.orm_execute_statement(
                          ~~~~~~~~~~~~~~~~~~~~~~~~~~~~~~~~~~~~~~~^
        self,
        ^^^^^
    ...<4 lines>...
        conn,
        ^^^^^
    )
    ^
  File "/Users/mehriddinmengturayev/Downloads/shopbot/.venv/lib/python3.13/site-packages/sqlalchemy/orm/context.py", line 308, in orm_execute_statement
    return cls.orm_setup_cursor_result(
           ~~~~~~~~~~~~~~~~~~~~~~~~~~~^
        session,
        ^^^^^^^^
    ...<4 lines>...
        result,
        ^^^^^^^
    )
    ^
  File "/Users/mehriddinmengturayev/Downloads/shopbot/.venv/lib/python3.13/site-packages/sqlalchemy/orm/context.py", line 600, in orm_setup_cursor_result
    return loading.instances(result, querycontext)
           ~~~~~~~~~~~~~~~~~^^^^^^^^^^^^^^^^^^^^^^
  File "/Users/mehriddinmengturayev/Downloads/shopbot/.venv/lib/python3.13/site-packages/sqlalchemy/orm/loading.py", line 261, in instances
    _prebuffered = list(chunks(None))
  File "/Users/mehriddinmengturayev/Downloads/shopbot/.venv/lib/python3.13/site-packages/sqlalchemy/orm/loading.py", line 219, in chunks
    fetch = cursor._raw_all_rows()
  File "/Users/mehriddinmengturayev/Downloads/shopbot/.venv/lib/python3.13/site-packages/sqlalchemy/engine/result.py", line 541, in _raw_all_rows
    return [make_row(row) for row in rows]
            ~~~~~~~~^^^^^
  File "lib/sqlalchemy/cyextension/resultproxy.pyx", line 22, in sqlalchemy.cyextension.resultproxy.BaseRow.__init__
  File "lib/sqlalchemy/cyextension/resultproxy.pyx", line 79, in sqlalchemy.cyextension.resultproxy._apply_processors
  File "/Users/mehriddinmengturayev/Downloads/shopbot/.venv/lib/python3.13/site-packages/sqlalchemy/sql/sqltypes.py", line 1745, in process
    value = self._object_value_for_elem(value)
  File "/Users/mehriddinmengturayev/Downloads/shopbot/.venv/lib/python3.13/site-packages/sqlalchemy/sql/sqltypes.py", line 1627, in _object_value_for_elem
    raise LookupError(
    ...<7 lines>...
    ) from err
LookupError: 'card' is not among the defined enum values. Enum name: paymentmethod. Possible values: CARD, CRYPTO
2026-07-31 01:18:01,959 | INFO     | aiogram.event | Update id=883467419 is handled. Duration 31 ms by bot id=8591349938
2026-07-31 01:18:11,040 | INFO     | httpx | HTTP Request: POST https://pay.crypt.bot/api/getInvoices "HTTP/1.1 200 OK"
2026-07-31 01:18:11,687 | INFO     | httpx | HTTP Request: GET https://pay.xrocket.tg/tg-invoices/4736490 "HTTP/1.1 200 OK"
2026-07-31 01:18:24,567 | INFO     | aiogram.event | Update id=883467420 is handled. Duration 673 ms by bot id=8591349938
2026-07-31 01:18:26,703 | INFO     | aiogram.event | Update id=883467421 is handled. Duration 221 ms by bot id=8591349938
2026-07-31 01:18:32,205 | INFO     | httpx | HTTP Request: POST https://pay.crypt.bot/api/getInvoices "HTTP/1.1 200 OK"
2026-07-31 01:18:32,257 | INFO     | aiogram.event | Update id=883467422 is handled. Duration 462 ms by bot id=8591349938
2026-07-31 01:18:32,716 | INFO     | httpx | HTTP Request: GET https://pay.xrocket.tg/tg-invoices/4736490 "HTTP/1.1 200 OK"
2026-07-31 01:18:36,230 | INFO     | aiogram.event | Update id=883467423 is handled. Duration 518 ms by bot id=8591349938
2026-07-31 01:18:43,652 | INFO     | aiogram.event | Update id=883467424 is handled. Duration 258 ms by bot id=8591349938
2026-07-31 01:18:45,685 | INFO     | aiogram.event | Update id=883467425 is handled. Duration 474 ms by bot id=8591349938
2026-07-31 01:18:50,995 | INFO     | aiogram.event | Update id=883467426 is handled. Duration 464 ms by bot id=8591349938
2026-07-31 01:18:53,404 | INFO     | httpx | HTTP Request: POST https://pay.crypt.bot/api/getInvoices "HTTP/1.1 200 OK"
2026-07-31 01:18:53,921 | INFO     | httpx | HTTP Request: GET https://pay.xrocket.tg/tg-invoices/4736490 "HTTP/1.1 200 OK"
2026-07-31 01:18:57,021 | INFO     | aiogram.event | Update id=883467427 is handled. Duration 277 ms by bot id=8591349938
2026-07-31 01:18:59,171 | INFO     | aiogram.event | Update id=883467428 is handled. Duration 436 ms by bot id=8591349938
2026-07-31 01:19:00,478 | INFO     | aiogram.event | Update id=883467429 is handled. Duration 391 ms by bot id=8591349938
2026-07-31 01:19:01,934 | INFO     | aiogram.event | Update id=883467430 is handled. Duration 456 ms by bot id=8591349938
2026-07-31 01:19:06,265 | INFO     | aiogram.event | Update id=883467431 is handled. Duration 345 ms by bot id=8591349938
2026-07-31 01:19:07,235 | INFO     | aiogram.event | Update id=883467432 is handled. Duration 249 ms by bot id=8591349938
2026-07-31 01:19:09,084 | INFO     | aiogram.event | Update id=883467433 is handled. Duration 689 ms by bot id=8591349938
2026-07-31 01:19:13,557 | INFO     | aiogram.event | Update id=883467434 is handled. Duration 539 ms by bot id=8591349938
2026-07-31 01:19:14,606 | INFO     | httpx | HTTP Request: POST https://pay.crypt.bot/api/getInvoices "HTTP/1.1 200 OK"
2026-07-31 01:19:14,670 | INFO     | orders | order_created id=A524FA98311B user=1403306196 product=gemini pro price=39000.00
2026-07-31 01:19:15,110 | INFO     | httpx | HTTP Request: GET https://pay.xrocket.tg/tg-invoices/4736490 "HTTP/1.1 200 OK"
2026-07-31 01:19:15,119 | INFO     | aiogram.event | Update id=883467435 is handled. Duration 471 ms by bot id=8591349938
2026-07-31 01:19:23,041 | INFO     | payments | payment_proof_submitted order=A524FA98311B user_id=1
2026-07-31 01:19:23,573 | INFO     | aiogram.event | Update id=883467436 is handled. Duration 561 ms by bot id=8591349938
2026-07-31 01:19:31,981 | INFO     | aiogram.event | Update id=883467437 is handled. Duration 688 ms by bot id=8591349938
2026-07-31 01:19:35,611 | INFO     | httpx | HTTP Request: POST https://pay.crypt.bot/api/getInvoices "HTTP/1.1 200 OK"
2026-07-31 01:19:36,135 | INFO     | httpx | HTTP Request: GET https://pay.xrocket.tg/tg-invoices/4736490 "HTTP/1.1 200 OK"
2026-07-31 01:19:38,080 | INFO     | orders | order_rejected id=A524FA98311B admin=1403306196 reason=xato
2026-07-31 01:19:38,081 | INFO     | admin_actions | order_rejected order=15 admin=1403306196
2026-07-31 01:19:38,573 | INFO     | aiogram.event | Update id=883467438 is handled. Duration 509 ms by bot id=8591349938
2026-07-31 01:19:48,151 | INFO     | aiogram.event | Update id=883467439 is handled. Duration 253 ms by bot id=8591349938
2026-07-31 01:19:56,008 | INFO     | aiogram.event | Update id=883467440 is handled. Duration 267 ms by bot id=8591349938
2026-07-31 01:19:56,957 | INFO     | httpx | HTTP Request: POST https://pay.crypt.bot/api/getInvoices "HTTP/1.1 200 OK"
2026-07-31 01:19:57,496 | INFO     | httpx | HTTP Request: GET https://pay.xrocket.tg/tg-invoices/4736490 "HTTP/1.1 200 OK"
2026-07-31 01:19:59,621 | INFO     | aiogram.event | Update id=883467441 is handled. Duration 238 ms by bot id=8591349938
2026-07-31 01:20:01,721 | INFO     | aiogram.event | Update id=883467442 is handled. Duration 476 ms by bot id=8591349938
2026-07-31 01:20:06,062 | INFO     | aiogram.event | Update id=883467443 is handled. Duration 450 ms by bot id=8591349938
2026-07-31 01:20:09,588 | INFO     | aiogram.event | Update id=883467444 is handled. Duration 548 ms by bot id=8591349938
2026-07-31 01:20:11,816 | INFO     | aiogram.event | Update id=883467445 is handled. Duration 456 ms by bot id=8591349938
2026-07-31 01:20:17,953 | INFO     | httpx | HTTP Request: POST https://pay.crypt.bot/api/getInvoices "HTTP/1.1 200 OK"
2026-07-31 01:20:18,494 | INFO     | httpx | HTTP Request: GET https://pay.xrocket.tg/tg-invoices/4736490 "HTTP/1.1 200 OK"
2026-07-31 01:20:19,108 | INFO     | aiogram.event | Update id=883467446 is handled. Duration 426 ms by bot id=8591349938
2026-07-31 01:20:39,182 | INFO     | httpx | HTTP Request: POST https://pay.crypt.bot/api/getInvoices "HTTP/1.1 200 OK"
2026-07-31 01:20:39,686 | INFO     | httpx | HTTP Request: GET https://pay.xrocket.tg/tg-invoices/4736490 "HTTP/1.1 200 OK"
2026-07-31 01:21:00,735 | INFO     | httpx | HTTP Request: POST https://pay.crypt.bot/api/getInvoices "HTTP/1.1 200 OK"
2026-07-31 01:21:01,282 | INFO     | httpx | HTTP Request: GET https://pay.xrocket.tg/tg-invoices/4736490 "HTTP/1.1 200 OK"
2026-07-31 01:21:15,911 | INFO     | admin_actions | inventory_bulk_imported product=1 count=11 admin=1403306196
2026-07-31 01:21:16,074 | INFO     | aiogram.event | Update id=883467448 is handled. Duration 0 ms by bot id=8591349938
2026-07-31 01:21:16,378 | INFO     | aiogram.event | Update id=883467447 is handled. Duration 487 ms by bot id=8591349938
2026-07-31 01:21:21,823 | INFO     | httpx | HTTP Request: POST https://pay.crypt.bot/api/getInvoices "HTTP/1.1 200 OK"
2026-07-31 01:21:22,438 | INFO     | httpx | HTTP Request: GET https://pay.xrocket.tg/tg-invoices/4736490 "HTTP/1.1 200 OK"
2026-07-31 01:21:30,602 | INFO     | aiogram.event | Update id=883467449 is handled. Duration 180 ms by bot id=8591349938
2026-07-31 01:21:32,584 | INFO     | aiogram.event | Update id=883467450 is handled. Duration 505 ms by bot id=8591349938
2026-07-31 01:21:38,577 | INFO     | aiogram.event | Update id=883467451 is handled. Duration 370 ms by bot id=8591349938
2026-07-31 01:21:40,881 | INFO     | aiogram.event | Update id=883467452 is handled. Duration 426 ms by bot id=8591349938
2026-07-31 01:21:43,011 | INFO     | httpx | HTTP Request: POST https://pay.crypt.bot/api/getInvoices "HTTP/1.1 200 OK"
2026-07-31 01:21:43,546 | INFO     | httpx | HTTP Request: GET https://pay.xrocket.tg/tg-invoices/4736490 "HTTP/1.1 200 OK"
2026-07-31 01:22:04,062 | INFO     | httpx | HTTP Request: POST https://pay.crypt.bot/api/getInvoices "HTTP/1.1 200 OK"
2026-07-31 01:22:04,609 | INFO     | httpx | HTTP Request: GET https://pay.xrocket.tg/tg-invoices/4736490 "HTTP/1.1 200 OK"
2026-07-31 01:22:25,553 | INFO     | httpx | HTTP Request: POST https://pay.crypt.bot/api/getInvoices "HTTP/1.1 200 OK"
2026-07-31 01:22:26,054 | INFO     | httpx | HTTP Request: GET https://pay.xrocket.tg/tg-invoices/4736490 "HTTP/1.1 200 OK"
2026-07-31 01:22:46,622 | INFO     | httpx | HTTP Request: POST https://pay.crypt.bot/api/getInvoices "HTTP/1.1 200 OK"
2026-07-31 01:22:47,118 | INFO     | httpx | HTTP Request: GET https://pay.xrocket.tg/tg-invoices/4736490 "HTTP/1.1 200 OK"
2026-07-31 01:22:53,221 | INFO     | aiogram.event | Update id=883467453 is handled. Duration 734 ms by bot id=8591349938
2026-07-31 01:23:07,779 | INFO     | httpx | HTTP Request: POST https://pay.crypt.bot/api/getInvoices "HTTP/1.1 200 OK"
2026-07-31 01:23:08,245 | INFO     | httpx | HTTP Request: GET https://pay.xrocket.tg/tg-invoices/4736490 "HTTP/1.1 200 OK"
2026-07-31 01:23:28,713 | INFO     | httpx | HTTP Request: POST https://pay.crypt.bot/api/getInvoices "HTTP/1.1 200 OK"
2026-07-31 01:23:29,299 | INFO     | httpx | HTTP Request: GET https://pay.xrocket.tg/tg-invoices/4736490 "HTTP/1.1 200 OK"
2026-07-31 01:23:50,001 | INFO     | httpx | HTTP Request: POST https://pay.crypt.bot/api/getInvoices "HTTP/1.1 200 OK"
2026-07-31 01:23:50,536 | INFO     | httpx | HTTP Request: GET https://pay.xrocket.tg/tg-invoices/4736490 "HTTP/1.1 200 OK"
2026-07-31 01:24:11,252 | INFO     | httpx | HTTP Request: POST https://pay.crypt.bot/api/getInvoices "HTTP/1.1 200 OK"
2026-07-31 01:24:11,793 | INFO     | httpx | HTTP Request: GET https://pay.xrocket.tg/tg-invoices/4736490 "HTTP/1.1 200 OK"
2026-07-31 01:24:32,702 | INFO     | httpx | HTTP Request: POST https://pay.crypt.bot/api/getInvoices "HTTP/1.1 200 OK"
2026-07-31 01:24:33,320 | INFO     | httpx | HTTP Request: GET https://pay.xrocket.tg/tg-invoices/4736490 "HTTP/1.1 200 OK"
2026-07-31 01:24:53,969 | INFO     | httpx | HTTP Request: POST https://pay.crypt.bot/api/getInvoices "HTTP/1.1 200 OK"
2026-07-31 01:24:54,457 | INFO     | httpx | HTTP Request: GET https://pay.xrocket.tg/tg-invoices/4736490 "HTTP/1.1 200 OK"
2026-07-31 01:25:15,343 | INFO     | httpx | HTTP Request: POST https://pay.crypt.bot/api/getInvoices "HTTP/1.1 200 OK"
2026-07-31 01:25:15,938 | INFO     | httpx | HTTP Request: GET https://pay.xrocket.tg/tg-invoices/4736490 "HTTP/1.1 200 OK"
2026-07-31 01:25:27,144 | WARNING  | aiogram.dispatcher | Received SIGINT signal
2026-07-31 01:25:27,147 | INFO     | aiogram.dispatcher | Polling stopped for bot @Tenkyushopbot id=8591349938 - 'Tenkyu Shop'
2026-07-31 01:25:27,147 | INFO     | aiogram.dispatcher | Polling stopped
2026-07-31 01:25:29,499 | INFO     | __main__ | Starting Telegram Digital Product Sales Bot...
2026-07-31 01:25:29,502 | INFO     | app.database.bootstrap | Database tables ensured (create_all).
2026-07-31 01:25:29,515 | INFO     | providers | Crypto payment poller started (interval=20.0s)
2026-07-31 01:25:30,259 | INFO     | __main__ | Bot is polling...
2026-07-31 01:25:30,260 | INFO     | aiogram.dispatcher | Start polling
2026-07-31 01:25:30,461 | INFO     | aiogram.dispatcher | Run polling for bot @Tenkyushopbot id=8591349938 - 'Tenkyu Shop'
2026-07-31 01:25:30,517 | INFO     | httpx | HTTP Request: POST https://pay.crypt.bot/api/getInvoices "HTTP/1.1 200 OK"
2026-07-31 01:25:31,107 | INFO     | httpx | HTTP Request: GET https://pay.xrocket.tg/tg-invoices/4736490 "HTTP/1.1 200 OK"
2026-07-31 01:25:51,962 | INFO     | httpx | HTTP Request: POST https://pay.crypt.bot/api/getInvoices "HTTP/1.1 200 OK"
2026-07-31 01:25:52,504 | INFO     | httpx | HTTP Request: GET https://pay.xrocket.tg/tg-invoices/4736490 "HTTP/1.1 200 OK"
2026-07-31 01:26:13,345 | INFO     | httpx | HTTP Request: POST https://pay.crypt.bot/api/getInvoices "HTTP/1.1 200 OK"
2026-07-31 01:26:13,854 | INFO     | httpx | HTTP Request: GET https://pay.xrocket.tg/tg-invoices/4736490 "HTTP/1.1 200 OK"
2026-07-31 01:26:34,422 | INFO     | httpx | HTTP Request: POST https://pay.crypt.bot/api/getInvoices "HTTP/1.1 200 OK"
2026-07-31 01:26:34,895 | INFO     | httpx | HTTP Request: GET https://pay.xrocket.tg/tg-invoices/4736490 "HTTP/1.1 200 OK"
2026-07-31 01:26:45,637 | INFO     | aiogram.event | Update id=883467454 is handled. Duration 521 ms by bot id=8591349938
2026-07-31 01:26:47,641 | INFO     | aiogram.event | Update id=883467455 is handled. Duration 586 ms by bot id=8591349938
2026-07-31 01:26:49,126 | INFO     | aiogram.event | Update id=883467456 is handled. Duration 331 ms by bot id=8591349938
2026-07-31 01:26:54,258 | INFO     | aiogram.event | Update id=883467457 is handled. Duration 315 ms by bot id=8591349938
2026-07-31 01:26:55,593 | INFO     | httpx | HTTP Request: POST https://pay.crypt.bot/api/getInvoices "HTTP/1.1 200 OK"
2026-07-31 01:26:56,135 | INFO     | httpx | HTTP Request: GET https://pay.xrocket.tg/tg-invoices/4736490 "HTTP/1.1 200 OK"
2026-07-31 01:26:59,895 | INFO     | aiogram.event | Update id=883467458 is handled. Duration 342 ms by bot id=8591349938
2026-07-31 01:27:01,851 | INFO     | aiogram.event | Update id=883467459 is handled. Duration 385 ms by bot id=8591349938
2026-07-31 01:27:05,201 | INFO     | aiogram.event | Update id=883467460 is handled. Duration 329 ms by bot id=8591349938
2026-07-31 01:27:16,715 | INFO     | httpx | HTTP Request: POST https://pay.crypt.bot/api/getInvoices "HTTP/1.1 200 OK"
2026-07-31 01:27:17,262 | INFO     | httpx | HTTP Request: GET https://pay.xrocket.tg/tg-invoices/4736490 "HTTP/1.1 200 OK"
2026-07-31 01:27:25,569 | INFO     | aiogram.event | Update id=883467461 is handled. Duration 781 ms by bot id=8591349938
2026-07-31 01:27:30,295 | INFO     | aiogram.event | Update id=883467462 is handled. Duration 371 ms by bot id=8591349938
2026-07-31 01:27:37,855 | INFO     | httpx | HTTP Request: POST https://pay.crypt.bot/api/getInvoices "HTTP/1.1 200 OK"
2026-07-31 01:27:38,377 | INFO     | httpx | HTTP Request: GET https://pay.xrocket.tg/tg-invoices/4736490 "HTTP/1.1 200 OK"
2026-07-31 01:27:49,053 | INFO     | aiogram.event | Update id=883467463 is handled. Duration 463 ms by bot id=8591349938
2026-07-31 01:27:50,882 | INFO     | aiogram.event | Update id=883467464 is handled. Duration 181 ms by bot id=8591349938
2026-07-31 01:27:54,729 | INFO     | aiogram.event | Update id=883467465 is handled. Duration 2760 ms by bot id=8591349938
2026-07-31 01:27:58,863 | INFO     | httpx | HTTP Request: POST https://pay.crypt.bot/api/getInvoices "HTTP/1.1 200 OK"
2026-07-31 01:27:59,437 | INFO     | httpx | HTTP Request: GET https://pay.xrocket.tg/tg-invoices/4736490 "HTTP/1.1 200 OK"
2026-07-31 01:28:15,160 | INFO     | aiogram.event | Update id=883467466 is handled. Duration 457 ms by bot id=8591349938
2026-07-31 01:28:17,443 | INFO     | aiogram.event | Update id=883467467 is handled. Duration 478 ms by bot id=8591349938
2026-07-31 01:28:19,878 | INFO     | httpx | HTTP Request: POST https://pay.crypt.bot/api/getInvoices "HTTP/1.1 200 OK"
2026-07-31 01:28:20,473 | INFO     | httpx | HTTP Request: GET https://pay.xrocket.tg/tg-invoices/4736490 "HTTP/1.1 200 OK"
2026-07-31 01:28:40,964 | INFO     | httpx | HTTP Request: POST https://pay.crypt.bot/api/getInvoices "HTTP/1.1 200 OK"
2026-07-31 01:28:41,416 | INFO     | httpx | HTTP Request: GET https://pay.xrocket.tg/tg-invoices/4736490 "HTTP/1.1 200 OK"
2026-07-31 01:28:43,578 | INFO     | aiogram.event | Update id=883467468 is handled. Duration 615 ms by bot id=8591349938
2026-07-31 01:28:45,313 | INFO     | orders | order_created id=8CA38BAC16D8 user=1403306196 product=gemini pro price=39000.00
2026-07-31 01:28:45,644 | INFO     | aiogram.event | Update id=883467469 is handled. Duration 355 ms by bot id=8591349938
2026-07-31 01:28:54,024 | INFO     | payments | payment_proof_submitted order=8CA38BAC16D8 user_id=1
2026-07-31 01:28:54,394 | INFO     | aiogram.event | Update id=883467470 is handled. Duration 398 ms by bot id=8591349938
2026-07-31 01:28:58,351 | INFO     | orders | order_approved id=8CA38BAC16D8 admin=1403306196 product=1
2026-07-31 01:28:58,369 | INFO     | orders | order_delivered id=8CA38BAC16D8 mode=inventory
2026-07-31 01:28:58,370 | INFO     | admin_actions | order_approved order=16 admin=1403306196
2026-07-31 01:28:58,540 | ERROR    | app.middlewares.error_handling | Unhandled exception while processing update
Traceback (most recent call last):
  File "/Users/mehriddinmengturayev/Downloads/shopbot/app/middlewares/error_handling.py", line 33, in __call__
    return await handler(event, data)
           ^^^^^^^^^^^^^^^^^^^^^^^^^^
  File "/Users/mehriddinmengturayev/Downloads/shopbot/app/middlewares/throttling.py", line 40, in __call__
    return await handler(event, data)
           ^^^^^^^^^^^^^^^^^^^^^^^^^^
  File "/Users/mehriddinmengturayev/Downloads/shopbot/app/middlewares/db_session.py", line 27, in __call__
    return await handler(event, data)
           ^^^^^^^^^^^^^^^^^^^^^^^^^^
  File "/Users/mehriddinmengturayev/Downloads/shopbot/app/middlewares/user_context.py", line 44, in __call__
    return await handler(event, data)
           ^^^^^^^^^^^^^^^^^^^^^^^^^^
  File "/Users/mehriddinmengturayev/Downloads/shopbot/.venv/lib/python3.13/site-packages/aiogram/dispatcher/event/telegram.py", line 121, in trigger
    return await wrapped_inner(event, kwargs)
           ^^^^^^^^^^^^^^^^^^^^^^^^^^^^^^^^^^
  File "/Users/mehriddinmengturayev/Downloads/shopbot/.venv/lib/python3.13/site-packages/aiogram/dispatcher/event/handler.py", line 43, in call
    return await wrapped()
           ^^^^^^^^^^^^^^^
  File "/Users/mehriddinmengturayev/Downloads/shopbot/.venv/lib/python3.13/site-packages/aiogram/dispatcher/dispatcher.py", line 276, in _listen_update
    return await self.propagate_event(update_type=update_type, event=event, **kwargs)
           ^^^^^^^^^^^^^^^^^^^^^^^^^^^^^^^^^^^^^^^^^^^^^^^^^^^^^^^^^^^^^^^^^^^^^^^^^^
  File "/Users/mehriddinmengturayev/Downloads/shopbot/.venv/lib/python3.13/site-packages/aiogram/dispatcher/router.py", line 146, in propagate_event
    return await observer.wrap_outer_middleware(_wrapped, event=event, data=kwargs)
           ^^^^^^^^^^^^^^^^^^^^^^^^^^^^^^^^^^^^^^^^^^^^^^^^^^^^^^^^^^^^^^^^^^^^^^^^
  File "/Users/mehriddinmengturayev/Downloads/shopbot/.venv/lib/python3.13/site-packages/aiogram/dispatcher/router.py", line 141, in _wrapped
    return await self._propagate_event(
           ^^^^^^^^^^^^^^^^^^^^^^^^^^^^
        observer=observer, update_type=update_type, event=telegram_event, **data
        ^^^^^^^^^^^^^^^^^^^^^^^^^^^^^^^^^^^^^^^^^^^^^^^^^^^^^^^^^^^^^^^^^^^^^^^^
    )
    ^
  File "/Users/mehriddinmengturayev/Downloads/shopbot/.venv/lib/python3.13/site-packages/aiogram/dispatcher/router.py", line 174, in _propagate_event
    response = await router.propagate_event(update_type=update_type, event=event, **kwargs)
               ^^^^^^^^^^^^^^^^^^^^^^^^^^^^^^^^^^^^^^^^^^^^^^^^^^^^^^^^^^^^^^^^^^^^^^^^^^^^
  File "/Users/mehriddinmengturayev/Downloads/shopbot/.venv/lib/python3.13/site-packages/aiogram/dispatcher/router.py", line 146, in propagate_event
    return await observer.wrap_outer_middleware(_wrapped, event=event, data=kwargs)
           ^^^^^^^^^^^^^^^^^^^^^^^^^^^^^^^^^^^^^^^^^^^^^^^^^^^^^^^^^^^^^^^^^^^^^^^^
  File "/Users/mehriddinmengturayev/Downloads/shopbot/.venv/lib/python3.13/site-packages/aiogram/dispatcher/router.py", line 141, in _wrapped
    return await self._propagate_event(
           ^^^^^^^^^^^^^^^^^^^^^^^^^^^^
        observer=observer, update_type=update_type, event=telegram_event, **data
        ^^^^^^^^^^^^^^^^^^^^^^^^^^^^^^^^^^^^^^^^^^^^^^^^^^^^^^^^^^^^^^^^^^^^^^^^
    )
    ^
  File "/Users/mehriddinmengturayev/Downloads/shopbot/.venv/lib/python3.13/site-packages/aiogram/dispatcher/router.py", line 174, in _propagate_event
    response = await router.propagate_event(update_type=update_type, event=event, **kwargs)
               ^^^^^^^^^^^^^^^^^^^^^^^^^^^^^^^^^^^^^^^^^^^^^^^^^^^^^^^^^^^^^^^^^^^^^^^^^^^^
  File "/Users/mehriddinmengturayev/Downloads/shopbot/.venv/lib/python3.13/site-packages/aiogram/dispatcher/router.py", line 146, in propagate_event
    return await observer.wrap_outer_middleware(_wrapped, event=event, data=kwargs)
           ^^^^^^^^^^^^^^^^^^^^^^^^^^^^^^^^^^^^^^^^^^^^^^^^^^^^^^^^^^^^^^^^^^^^^^^^
  File "/Users/mehriddinmengturayev/Downloads/shopbot/.venv/lib/python3.13/site-packages/aiogram/dispatcher/router.py", line 141, in _wrapped
    return await self._propagate_event(
           ^^^^^^^^^^^^^^^^^^^^^^^^^^^^
        observer=observer, update_type=update_type, event=telegram_event, **data
        ^^^^^^^^^^^^^^^^^^^^^^^^^^^^^^^^^^^^^^^^^^^^^^^^^^^^^^^^^^^^^^^^^^^^^^^^
    )
    ^
  File "/Users/mehriddinmengturayev/Downloads/shopbot/.venv/lib/python3.13/site-packages/aiogram/dispatcher/router.py", line 166, in _propagate_event
    response = await observer.trigger(event, **kwargs)
               ^^^^^^^^^^^^^^^^^^^^^^^^^^^^^^^^^^^^^^^
  File "/Users/mehriddinmengturayev/Downloads/shopbot/.venv/lib/python3.13/site-packages/aiogram/dispatcher/event/telegram.py", line 121, in trigger
    return await wrapped_inner(event, kwargs)
           ^^^^^^^^^^^^^^^^^^^^^^^^^^^^^^^^^^
  File "/Users/mehriddinmengturayev/Downloads/shopbot/.venv/lib/python3.13/site-packages/aiogram/dispatcher/event/handler.py", line 43, in call
    return await wrapped()
           ^^^^^^^^^^^^^^^
  File "/Users/mehriddinmengturayev/Downloads/shopbot/app/handlers/admin/orders.py", line 106, in approve_order
    await callback.message.edit_text(callback.message.text + "\n\n✅ TASDIQLANDI VA YETKAZILDI")
                                     ~~~~~~~~~~~~~~~~~~~~~~^~~~~~~~~~~~~~~~~~~~~~~~~~~~~~~~~~~~
TypeError: unsupported operand type(s) for +: 'NoneType' and 'str'
2026-07-31 01:28:58,551 | INFO     | aiogram.event | Update id=883467471 is handled. Duration 217 ms by bot id=8591349938
2026-07-31 01:29:02,487 | INFO     | httpx | HTTP Request: POST https://pay.crypt.bot/api/getInvoices "HTTP/1.1 200 OK"
2026-07-31 01:29:03,046 | INFO     | httpx | HTTP Request: GET https://pay.xrocket.tg/tg-invoices/4736490 "HTTP/1.1 200 OK"
2026-07-31 01:29:23,661 | INFO     | httpx | HTTP Request: POST https://pay.crypt.bot/api/getInvoices "HTTP/1.1 200 OK"
2026-07-31 01:29:24,136 | INFO     | httpx | HTTP Request: GET https://pay.xrocket.tg/tg-invoices/4736490 "HTTP/1.1 200 OK"
2026-07-31 01:29:44,713 | INFO     | httpx | HTTP Request: POST https://pay.crypt.bot/api/getInvoices "HTTP/1.1 200 OK"
2026-07-31 01:29:45,388 | INFO     | httpx | HTTP Request: GET https://pay.xrocket.tg/tg-invoices/4736490 "HTTP/1.1 200 OK"
2026-07-31 01:29:52,095 | INFO     | aiogram.event | Update id=883467472 is handled. Duration 3305 ms by bot id=8591349938
2026-07-31 01:30:05,871 | INFO     | httpx | HTTP Request: POST https://pay.crypt.bot/api/getInvoices "HTTP/1.1 200 OK"
2026-07-31 01:30:06,548 | INFO     | httpx | HTTP Request: GET https://pay.xrocket.tg/tg-invoices/4736490 "HTTP/1.1 200 OK"
2026-07-31 01:30:21,669 | INFO     | aiogram.event | Update id=883467473 is handled. Duration 445 ms by bot id=8591349938
2026-07-31 01:30:24,341 | INFO     | aiogram.event | Update id=883467474 is handled. Duration 177 ms by bot id=8591349938
2026-07-31 01:30:26,220 | INFO     | aiogram.event | Update id=883467475 is handled. Duration 340 ms by bot id=8591349938
2026-07-31 01:30:27,304 | INFO     | httpx | HTTP Request: POST https://pay.crypt.bot/api/getInvoices "HTTP/1.1 200 OK"
2026-07-31 01:30:27,834 | INFO     | httpx | HTTP Request: GET https://pay.xrocket.tg/tg-invoices/4736490 "HTTP/1.1 200 OK"
2026-07-31 01:30:27,861 | INFO     | aiogram.event | Update id=883467476 is handled. Duration 342 ms by bot id=8591349938
2026-07-31 01:30:29,358 | INFO     | aiogram.event | Update id=883467477 is handled. Duration 297 ms by bot id=8591349938
2026-07-31 01:30:34,209 | INFO     | aiogram.event | Update id=883467478 is handled. Duration 314 ms by bot id=8591349938
2026-07-31 01:30:48,412 | INFO     | httpx | HTTP Request: POST https://pay.crypt.bot/api/getInvoices "HTTP/1.1 200 OK"
2026-07-31 01:30:48,900 | INFO     | httpx | HTTP Request: GET https://pay.xrocket.tg/tg-invoices/4736490 "HTTP/1.1 200 OK"
2026-07-31 01:31:04,280 | WARNING  | aiogram.dispatcher | Received SIGINT signal
2026-07-31 01:31:04,282 | INFO     | aiogram.dispatcher | Polling stopped for bot @Tenkyushopbot id=8591349938 - 'Tenkyu Shop'
2026-07-31 01:31:04,283 | INFO     | aiogram.dispatcher | Polling stopped
2026-07-31 01:31:07,171 | INFO     | __main__ | Starting Telegram Digital Product Sales Bot...
2026-07-31 01:31:07,174 | INFO     | app.database.bootstrap | Database tables ensured (create_all).
2026-07-31 01:31:07,187 | INFO     | providers | Crypto payment poller started (interval=20.0s)
2026-07-31 01:31:07,699 | INFO     | __main__ | Bot is polling...
2026-07-31 01:31:07,700 | INFO     | aiogram.dispatcher | Start polling
2026-07-31 01:31:07,711 | INFO     | httpx | HTTP Request: POST https://pay.crypt.bot/api/getInvoices "HTTP/1.1 200 OK"
2026-07-31 01:31:07,840 | INFO     | aiogram.dispatcher | Run polling for bot @Tenkyushopbot id=8591349938 - 'Tenkyu Shop'
2026-07-31 01:31:08,269 | INFO     | httpx | HTTP Request: GET https://pay.xrocket.tg/tg-invoices/4736490 "HTTP/1.1 200 OK"
2026-07-31 01:31:10,055 | INFO     | aiogram.event | Update id=883467479 is handled. Duration 499 ms by bot id=8591349938
2026-07-31 01:31:11,727 | INFO     | aiogram.event | Update id=883467480 is handled. Duration 347 ms by bot id=8591349938
2026-07-31 01:31:13,615 | INFO     | aiogram.event | Update id=883467481 is handled. Duration 349 ms by bot id=8591349938
2026-07-31 01:31:15,221 | INFO     | aiogram.event | Update id=883467482 is handled. Duration 375 ms by bot id=8591349938
2026-07-31 01:31:18,252 | INFO     | aiogram.event | Update id=883467483 is handled. Duration 346 ms by bot id=8591349938
2026-07-31 01:31:20,728 | INFO     | aiogram.event | Update id=883467484 is handled. Duration 340 ms by bot id=8591349938
2026-07-31 01:31:24,813 | INFO     | aiogram.event | Update id=883467485 is handled. Duration 456 ms by bot id=8591349938
2026-07-31 01:31:26,828 | INFO     | aiogram.event | Update id=883467486 is handled. Duration 360 ms by bot id=8591349938
2026-07-31 01:31:28,779 | INFO     | httpx | HTTP Request: POST https://pay.crypt.bot/api/getInvoices "HTTP/1.1 200 OK"
2026-07-31 01:31:29,388 | INFO     | httpx | HTTP Request: GET https://pay.xrocket.tg/tg-invoices/4736490 "HTTP/1.1 200 OK"
2026-07-31 01:31:43,397 | INFO     | aiogram.event | Update id=883467487 is handled. Duration 1008 ms by bot id=8591349938
2026-07-31 01:31:50,141 | INFO     | httpx | HTTP Request: POST https://pay.crypt.bot/api/getInvoices "HTTP/1.1 200 OK"
2026-07-31 01:31:50,698 | INFO     | httpx | HTTP Request: GET https://pay.xrocket.tg/tg-invoices/4736490 "HTTP/1.1 200 OK"
2026-07-31 01:32:11,469 | INFO     | httpx | HTTP Request: POST https://pay.crypt.bot/api/getInvoices "HTTP/1.1 200 OK"
2026-07-31 01:32:12,024 | INFO     | httpx | HTTP Request: GET https://pay.xrocket.tg/tg-invoices/4736490 "HTTP/1.1 200 OK"
2026-07-31 01:32:32,555 | INFO     | httpx | HTTP Request: POST https://pay.crypt.bot/api/getInvoices "HTTP/1.1 200 OK"
2026-07-31 01:32:33,111 | INFO     | httpx | HTTP Request: GET https://pay.xrocket.tg/tg-invoices/4736490 "HTTP/1.1 200 OK"
2026-07-31 01:32:37,800 | INFO     | admin_actions | inventory_bulk_imported product=1 count=5 admin=1403306196
2026-07-31 01:32:38,402 | INFO     | aiogram.event | Update id=883467488 is handled. Duration 622 ms by bot id=8591349938
2026-07-31 01:32:53,884 | INFO     | httpx | HTTP Request: POST https://pay.crypt.bot/api/getInvoices "HTTP/1.1 200 OK"
2026-07-31 01:32:54,469 | INFO     | httpx | HTTP Request: GET https://pay.xrocket.tg/tg-invoices/4736490 "HTTP/1.1 200 OK"
2026-07-31 01:33:09,033 | INFO     | aiogram.event | Update id=883467489 is not handled. Duration 12 ms by bot id=8591349938
2026-07-31 01:33:15,460 | INFO     | httpx | HTTP Request: POST https://pay.crypt.bot/api/getInvoices "HTTP/1.1 200 OK"
2026-07-31 01:33:15,993 | INFO     | httpx | HTTP Request: GET https://pay.xrocket.tg/tg-invoices/4736490 "HTTP/1.1 200 OK"
2026-07-31 01:33:22,658 | INFO     | aiogram.event | Update id=883467490 is handled. Duration 621 ms by bot id=8591349938
2026-07-31 01:33:29,814 | INFO     | admin_actions | inventory_bulk_imported product=1 count=5 admin=1403306196
2026-07-31 01:33:29,977 | INFO     | aiogram.event | Update id=883467491 is handled. Duration 178 ms by bot id=8591349938
2026-07-31 01:33:36,398 | INFO     | aiogram.event | Update id=883467492 is handled. Duration 304 ms by bot id=8591349938
2026-07-31 01:33:36,443 | INFO     | httpx | HTTP Request: POST https://pay.crypt.bot/api/getInvoices "HTTP/1.1 200 OK"
2026-07-31 01:33:36,969 | INFO     | httpx | HTTP Request: GET https://pay.xrocket.tg/tg-invoices/4736490 "HTTP/1.1 200 OK"
2026-07-31 01:33:57,628 | INFO     | httpx | HTTP Request: POST https://pay.crypt.bot/api/getInvoices "HTTP/1.1 200 OK"
2026-07-31 01:33:58,111 | INFO     | httpx | HTTP Request: GET https://pay.xrocket.tg/tg-invoices/4736490 "HTTP/1.1 200 OK"
2026-07-31 01:34:17,146 | INFO     | admin_actions | inventory_bulk_imported product=1 count=5 admin=1403306196
2026-07-31 01:34:17,577 | INFO     | aiogram.event | Update id=883467493 is handled. Duration 443 ms by bot id=8591349938
2026-07-31 01:34:18,710 | INFO     | httpx | HTTP Request: POST https://pay.crypt.bot/api/getInvoices "HTTP/1.1 200 OK"
2026-07-31 01:34:19,192 | INFO     | httpx | HTTP Request: GET https://pay.xrocket.tg/tg-invoices/4736490 "HTTP/1.1 200 OK"
2026-07-31 01:34:26,808 | INFO     | aiogram.event | Update id=883467494 is handled. Duration 329 ms by bot id=8591349938
2026-07-31 01:34:39,752 | INFO     | httpx | HTTP Request: POST https://pay.crypt.bot/api/getInvoices "HTTP/1.1 200 OK"
2026-07-31 01:34:40,332 | INFO     | httpx | HTTP Request: GET https://pay.xrocket.tg/tg-invoices/4736490 "HTTP/1.1 200 OK"
2026-07-31 01:34:59,941 | INFO     | admin_actions | inventory_bulk_imported product=1 count=5 admin=1403306196
2026-07-31 01:35:00,537 | INFO     | aiogram.event | Update id=883467495 is handled. Duration 612 ms by bot id=8591349938
2026-07-31 01:35:00,982 | INFO     | httpx | HTTP Request: POST https://pay.crypt.bot/api/getInvoices "HTTP/1.1 200 OK"
2026-07-31 01:35:01,506 | INFO     | httpx | HTTP Request: GET https://pay.xrocket.tg/tg-invoices/4736490 "HTTP/1.1 200 OK"
2026-07-31 01:35:09,556 | INFO     | aiogram.event | Update id=883467496 is handled. Duration 433 ms by bot id=8591349938
2026-07-31 01:35:20,247 | INFO     | admin_actions | inventory_bulk_imported product=1 count=4 admin=1403306196
2026-07-31 01:35:20,453 | INFO     | aiogram.event | Update id=883467497 is handled. Duration 233 ms by bot id=8591349938
2026-07-31 01:35:22,065 | INFO     | httpx | HTTP Request: POST https://pay.crypt.bot/api/getInvoices "HTTP/1.1 200 OK"
2026-07-31 01:35:22,486 | INFO     | aiogram.event | Update id=883467498 is handled. Duration 257 ms by bot id=8591349938
2026-07-31 01:35:22,665 | INFO     | httpx | HTTP Request: GET https://pay.xrocket.tg/tg-invoices/4736490 "HTTP/1.1 200 OK"
2026-07-31 01:35:24,504 | INFO     | aiogram.event | Update id=883467499 is handled. Duration 515 ms by bot id=8591349938
2026-07-31 01:35:26,447 | INFO     | aiogram.event | Update id=883467500 is handled. Duration 520 ms by bot id=8591349938
2026-07-31 01:35:43,277 | INFO     | httpx | HTTP Request: POST https://pay.crypt.bot/api/getInvoices "HTTP/1.1 200 OK"
2026-07-31 01:35:43,781 | INFO     | httpx | HTTP Request: GET https://pay.xrocket.tg/tg-invoices/4736490 "HTTP/1.1 200 OK"
2026-07-31 01:36:04,365 | INFO     | httpx | HTTP Request: POST https://pay.crypt.bot/api/getInvoices "HTTP/1.1 200 OK"
2026-07-31 01:36:04,870 | INFO     | httpx | HTTP Request: GET https://pay.xrocket.tg/tg-invoices/4736490 "HTTP/1.1 200 OK"
2026-07-31 01:36:25,375 | INFO     | httpx | HTTP Request: POST https://pay.crypt.bot/api/getInvoices "HTTP/1.1 200 OK"
2026-07-31 01:36:25,931 | INFO     | httpx | HTTP Request: GET https://pay.xrocket.tg/tg-invoices/4736490 "HTTP/1.1 200 OK"
2026-07-31 01:36:46,465 | INFO     | httpx | HTTP Request: POST https://pay.crypt.bot/api/getInvoices "HTTP/1.1 200 OK"
2026-07-31 01:36:47,044 | INFO     | httpx | HTTP Request: GET https://pay.xrocket.tg/tg-invoices/4736490 "HTTP/1.1 200 OK"
2026-07-31 01:36:56,854 | INFO     | aiogram.event | Update id=883467501 is handled. Duration 504 ms by bot id=8591349938
2026-07-31 01:37:04,006 | INFO     | aiogram.event | Update id=883467502 is handled. Duration 328 ms by bot id=8591349938
2026-07-31 01:37:06,709 | INFO     | aiogram.event | Update id=883467503 is handled. Duration 399 ms by bot id=8591349938
2026-07-31 01:37:07,853 | INFO     | httpx | HTTP Request: POST https://pay.crypt.bot/api/getInvoices "HTTP/1.1 200 OK"
2026-07-31 01:37:08,539 | INFO     | httpx | HTTP Request: GET https://pay.xrocket.tg/tg-invoices/4736490 "HTTP/1.1 200 OK"
2026-07-31 01:37:24,265 | INFO     | aiogram.event | Update id=883467504 is handled. Duration 631 ms by bot id=8591349938
2026-07-31 01:37:26,070 | INFO     | aiogram.event | Update id=883467505 is handled. Duration 259 ms by bot id=8591349938
2026-07-31 01:37:28,250 | INFO     | aiogram.event | Update id=883467506 is handled. Duration 867 ms by bot id=8591349938
2026-07-31 01:37:29,410 | INFO     | httpx | HTTP Request: POST https://pay.crypt.bot/api/getInvoices "HTTP/1.1 200 OK"
2026-07-31 01:37:29,966 | INFO     | httpx | HTTP Request: GET https://pay.xrocket.tg/tg-invoices/4736490 "HTTP/1.1 200 OK"
2026-07-31 01:37:50,772 | INFO     | httpx | HTTP Request: POST https://pay.crypt.bot/api/getInvoices "HTTP/1.1 200 OK"
2026-07-31 01:37:51,306 | INFO     | httpx | HTTP Request: GET https://pay.xrocket.tg/tg-invoices/4736490 "HTTP/1.1 200 OK"
2026-07-31 01:37:52,841 | INFO     | aiogram.event | Update id=883467507 is handled. Duration 481 ms by bot id=8591349938
2026-07-31 01:37:55,175 | INFO     | aiogram.event | Update id=883467508 is handled. Duration 181 ms by bot id=8591349938
2026-07-31 01:38:02,390 | INFO     | aiogram.event | Update id=883467509 is handled. Duration 464 ms by bot id=8591349938
2026-07-31 01:38:04,944 | INFO     | aiogram.event | Update id=883467510 is handled. Duration 371 ms by bot id=8591349938
2026-07-31 01:38:11,850 | INFO     | httpx | HTTP Request: POST https://pay.crypt.bot/api/getInvoices "HTTP/1.1 200 OK"
2026-07-31 01:38:12,474 | INFO     | httpx | HTTP Request: GET https://pay.xrocket.tg/tg-invoices/4736490 "HTTP/1.1 200 OK"
2026-07-31 01:38:32,961 | INFO     | httpx | HTTP Request: POST https://pay.crypt.bot/api/getInvoices "HTTP/1.1 200 OK"
2026-07-31 01:38:33,396 | INFO     | aiogram.event | Update id=883467511 is handled. Duration 641 ms by bot id=8591349938
2026-07-31 01:38:33,515 | INFO     | httpx | HTTP Request: GET https://pay.xrocket.tg/tg-invoices/4736490 "HTTP/1.1 200 OK"
2026-07-31 01:38:35,481 | INFO     | aiogram.event | Update id=883467512 is handled. Duration 237 ms by bot id=8591349938
2026-07-31 01:38:37,559 | INFO     | aiogram.event | Update id=883467513 is handled. Duration 248 ms by bot id=8591349938
2026-07-31 01:38:41,131 | INFO     | aiogram.event | Update id=883467514 is handled. Duration 468 ms by bot id=8591349938
2026-07-31 01:38:42,512 | INFO     | aiogram.event | Update id=883467515 is handled. Duration 433 ms by bot id=8591349938
2026-07-31 01:38:42,708 | INFO     | aiogram.event | Update id=883467516 is handled. Duration 0 ms by bot id=8591349938
2026-07-31 01:38:54,020 | INFO     | httpx | HTTP Request: POST https://pay.crypt.bot/api/getInvoices "HTTP/1.1 200 OK"
2026-07-31 01:38:54,542 | INFO     | httpx | HTTP Request: GET https://pay.xrocket.tg/tg-invoices/4736490 "HTTP/1.1 200 OK"
2026-07-31 01:39:15,053 | INFO     | httpx | HTTP Request: POST https://pay.crypt.bot/api/getInvoices "HTTP/1.1 200 OK"
2026-07-31 01:39:15,535 | INFO     | httpx | HTTP Request: GET https://pay.xrocket.tg/tg-invoices/4736490 "HTTP/1.1 200 OK"
2026-07-31 01:39:36,049 | INFO     | httpx | HTTP Request: POST https://pay.crypt.bot/api/getInvoices "HTTP/1.1 200 OK"
2026-07-31 01:39:36,565 | INFO     | httpx | HTTP Request: GET https://pay.xrocket.tg/tg-invoices/4736490 "HTTP/1.1 200 OK"
2026-07-31 01:39:57,103 | INFO     | httpx | HTTP Request: POST https://pay.crypt.bot/api/getInvoices "HTTP/1.1 200 OK"
2026-07-31 01:39:57,604 | INFO     | httpx | HTTP Request: GET https://pay.xrocket.tg/tg-invoices/4736490 "HTTP/1.1 200 OK"
2026-07-31 01:40:18,125 | INFO     | httpx | HTTP Request: POST https://pay.crypt.bot/api/getInvoices "HTTP/1.1 200 OK"
2026-07-31 01:40:18,650 | INFO     | httpx | HTTP Request: GET https://pay.xrocket.tg/tg-invoices/4736490 "HTTP/1.1 200 OK"
2026-07-31 01:40:39,128 | INFO     | httpx | HTTP Request: POST https://pay.crypt.bot/api/getInvoices "HTTP/1.1 200 OK"
2026-07-31 01:40:39,639 | INFO     | httpx | HTTP Request: GET https://pay.xrocket.tg/tg-invoices/4736490 "HTTP/1.1 200 OK"
2026-07-31 01:40:49,743 | INFO     | admin_actions | setting_changed key=payment_instructions_uz admin=1403306196
2026-07-31 01:40:50,366 | INFO     | aiogram.event | Update id=883467517 is handled. Duration 638 ms by bot id=8591349938
2026-07-31 01:40:57,188 | INFO     | aiogram.event | Update id=883467518 is handled. Duration 225 ms by bot id=8591349938
2026-07-31 01:40:58,494 | INFO     | aiogram.event | Update id=883467519 is handled. Duration 228 ms by bot id=8591349938
2026-07-31 01:41:00,181 | INFO     | aiogram.event | Update id=883467520 is handled. Duration 685 ms by bot id=8591349938
2026-07-31 01:41:00,344 | INFO     | httpx | HTTP Request: POST https://pay.crypt.bot/api/getInvoices "HTTP/1.1 200 OK"
2026-07-31 01:41:00,822 | INFO     | httpx | HTTP Request: GET https://pay.xrocket.tg/tg-invoices/4736490 "HTTP/1.1 200 OK"
2026-07-31 01:41:13,328 | INFO     | aiogram.event | Update id=883467521 is handled. Duration 483 ms by bot id=8591349938
2026-07-31 01:41:21,283 | INFO     | httpx | HTTP Request: POST https://pay.crypt.bot/api/getInvoices "HTTP/1.1 200 OK"
2026-07-31 01:41:21,350 | INFO     | aiogram.event | Update id=883467522 is handled. Duration 252 ms by bot id=8591349938
2026-07-31 01:41:21,802 | INFO     | httpx | HTTP Request: GET https://pay.xrocket.tg/tg-invoices/4736490 "HTTP/1.1 200 OK"
2026-07-31 01:41:23,003 | INFO     | aiogram.event | Update id=883467523 is handled. Duration 236 ms by bot id=8591349938
2026-07-31 01:41:24,806 | INFO     | aiogram.event | Update id=883467524 is handled. Duration 467 ms by bot id=8591349938
2026-07-31 01:41:26,396 | INFO     | aiogram.event | Update id=883467525 is handled. Duration 536 ms by bot id=8591349938
2026-07-31 01:41:30,002 | INFO     | admin_actions | setting_changed key=payment_instructions_en admin=1403306196
2026-07-31 01:41:30,220 | INFO     | aiogram.event | Update id=883467526 is handled. Duration 229 ms by bot id=8591349938
2026-07-31 01:41:32,071 | INFO     | aiogram.event | Update id=883467527 is handled. Duration 228 ms by bot id=8591349938
2026-07-31 01:41:33,150 | INFO     | aiogram.event | Update id=883467528 is handled. Duration 332 ms by bot id=8591349938
2026-07-31 01:41:34,837 | INFO     | aiogram.event | Update id=883467529 is handled. Duration 691 ms by bot id=8591349938
2026-07-31 01:41:36,126 | INFO     | aiogram.event | Update id=883467530 is handled. Duration 427 ms by bot id=8591349938
2026-07-31 01:41:39,306 | INFO     | aiogram.event | Update id=883467531 is handled. Duration 258 ms by bot id=8591349938
2026-07-31 01:41:41,355 | INFO     | aiogram.event | Update id=883467532 is handled. Duration 233 ms by bot id=8591349938
2026-07-31 01:41:42,283 | INFO     | httpx | HTTP Request: POST https://pay.crypt.bot/api/getInvoices "HTTP/1.1 200 OK"
2026-07-31 01:41:42,861 | INFO     | httpx | HTTP Request: GET https://pay.xrocket.tg/tg-invoices/4736490 "HTTP/1.1 200 OK"
2026-07-31 01:41:45,830 | INFO     | aiogram.event | Update id=883467533 is handled. Duration 223 ms by bot id=8591349938
2026-07-31 01:41:52,966 | INFO     | aiogram.event | Update id=883467534 is handled. Duration 620 ms by bot id=8591349938
2026-07-31 01:41:55,179 | INFO     | aiogram.event | Update id=883467535 is handled. Duration 449 ms by bot id=8591349938
2026-07-31 01:41:58,746 | INFO     | admin_actions | setting_changed key=payment_instructions_ru admin=1403306196
2026-07-31 01:41:58,981 | INFO     | aiogram.event | Update id=883467536 is handled. Duration 248 ms by bot id=8591349938
2026-07-31 01:42:02,870 | INFO     | aiogram.event | Update id=883467537 is handled. Duration 251 ms by bot id=8591349938
2026-07-31 01:42:03,825 | INFO     | httpx | HTTP Request: POST https://pay.crypt.bot/api/getInvoices "HTTP/1.1 200 OK"
2026-07-31 01:42:03,995 | INFO     | aiogram.event | Update id=883467538 is handled. Duration 263 ms by bot id=8591349938
2026-07-31 01:42:05,671 | INFO     | aiogram.event | Update id=883467539 is handled. Duration 668 ms by bot id=8591349938
2026-07-31 01:42:07,434 | INFO     | httpx | HTTP Request: GET https://pay.xrocket.tg/tg-invoices/4736490 "HTTP/1.1 200 OK"
2026-07-31 01:42:09,138 | INFO     | aiogram.event | Update id=883467540 is handled. Duration 428 ms by bot id=8591349938
2026-07-31 01:42:28,328 | INFO     | httpx | HTTP Request: POST https://pay.crypt.bot/api/getInvoices "HTTP/1.1 200 OK"
2026-07-31 01:42:28,932 | INFO     | httpx | HTTP Request: GET https://pay.xrocket.tg/tg-invoices/4736490 "HTTP/1.1 200 OK"
2026-07-31 01:42:46,528 | INFO     | aiogram.event | Update id=883467541 is handled. Duration 1256 ms by bot id=8591349938
2026-07-31 01:42:49,527 | INFO     | httpx | HTTP Request: POST https://pay.crypt.bot/api/getInvoices "HTTP/1.1 200 OK"
2026-07-31 01:42:50,075 | INFO     | httpx | HTTP Request: GET https://pay.xrocket.tg/tg-invoices/4736490 "HTTP/1.1 200 OK"
2026-07-31 01:43:10,708 | INFO     | httpx | HTTP Request: POST https://pay.crypt.bot/api/getInvoices "HTTP/1.1 200 OK"
2026-07-31 01:43:11,290 | INFO     | httpx | HTTP Request: GET https://pay.xrocket.tg/tg-invoices/4736490 "HTTP/1.1 200 OK"
2026-07-31 01:43:31,808 | INFO     | httpx | HTTP Request: POST https://pay.crypt.bot/api/getInvoices "HTTP/1.1 200 OK"
2026-07-31 01:43:32,369 | INFO     | httpx | HTTP Request: GET https://pay.xrocket.tg/tg-invoices/4736490 "HTTP/1.1 200 OK"
2026-07-31 01:43:40,044 | INFO     | aiogram.event | Update id=883467542 is handled. Duration 714 ms by bot id=8591349938
2026-07-31 01:43:41,292 | INFO     | aiogram.event | Update id=883467543 is handled. Duration 238 ms by bot id=8591349938
2026-07-31 01:43:43,358 | INFO     | aiogram.event | Update id=883467544 is handled. Duration 427 ms by bot id=8591349938
2026-07-31 01:43:44,808 | INFO     | aiogram.event | Update id=883467545 is handled. Duration 410 ms by bot id=8591349938
2026-07-31 01:43:48,923 | INFO     | aiogram.event | Update id=883467546 is handled. Duration 514 ms by bot id=8591349938
2026-07-31 01:43:52,913 | INFO     | httpx | HTTP Request: POST https://pay.crypt.bot/api/getInvoices "HTTP/1.1 200 OK"
2026-07-31 01:43:53,437 | INFO     | httpx | HTTP Request: GET https://pay.xrocket.tg/tg-invoices/4736490 "HTTP/1.1 200 OK"
2026-07-31 01:44:14,018 | INFO     | httpx | HTTP Request: POST https://pay.crypt.bot/api/getInvoices "HTTP/1.1 200 OK"
2026-07-31 01:44:14,511 | INFO     | httpx | HTTP Request: GET https://pay.xrocket.tg/tg-invoices/4736490 "HTTP/1.1 200 OK"
2026-07-31 01:44:35,135 | INFO     | httpx | HTTP Request: POST https://pay.crypt.bot/api/getInvoices "HTTP/1.1 200 OK"
2026-07-31 01:44:35,821 | INFO     | httpx | HTTP Request: GET https://pay.xrocket.tg/tg-invoices/4736490 "HTTP/1.1 200 OK"
2026-07-31 01:44:56,508 | INFO     | httpx | HTTP Request: POST https://pay.crypt.bot/api/getInvoices "HTTP/1.1 200 OK"
2026-07-31 01:44:57,202 | INFO     | httpx | HTTP Request: GET https://pay.xrocket.tg/tg-invoices/4736490 "HTTP/1.1 200 OK"
2026-07-31 01:45:17,849 | INFO     | httpx | HTTP Request: POST https://pay.crypt.bot/api/getInvoices "HTTP/1.1 200 OK"
2026-07-31 01:45:18,359 | INFO     | httpx | HTTP Request: GET https://pay.xrocket.tg/tg-invoices/4736490 "HTTP/1.1 200 OK"
2026-07-31 01:45:38,901 | INFO     | httpx | HTTP Request: POST https://pay.crypt.bot/api/getInvoices "HTTP/1.1 200 OK"
2026-07-31 01:45:39,463 | INFO     | httpx | HTTP Request: GET https://pay.xrocket.tg/tg-invoices/4736490 "HTTP/1.1 200 OK"
2026-07-31 01:45:59,997 | INFO     | httpx | HTTP Request: POST https://pay.crypt.bot/api/getInvoices "HTTP/1.1 200 OK"
2026-07-31 01:46:00,503 | INFO     | httpx | HTTP Request: GET https://pay.xrocket.tg/tg-invoices/4736490 "HTTP/1.1 200 OK"
2026-07-31 01:46:21,310 | INFO     | httpx | HTTP Request: POST https://pay.crypt.bot/api/getInvoices "HTTP/1.1 200 OK"
2026-07-31 01:46:21,851 | INFO     | httpx | HTTP Request: GET https://pay.xrocket.tg/tg-invoices/4736490 "HTTP/1.1 200 OK"
2026-07-31 01:46:42,364 | INFO     | httpx | HTTP Request: POST https://pay.crypt.bot/api/getInvoices "HTTP/1.1 200 OK"
2026-07-31 01:46:42,938 | INFO     | httpx | HTTP Request: GET https://pay.xrocket.tg/tg-invoices/4736490 "HTTP/1.1 200 OK"
2026-07-31 01:47:03,782 | INFO     | httpx | HTTP Request: POST https://pay.crypt.bot/api/getInvoices "HTTP/1.1 200 OK"
2026-07-31 01:47:04,434 | INFO     | httpx | HTTP Request: GET https://pay.xrocket.tg/tg-invoices/4736490 "HTTP/1.1 200 OK"
2026-07-31 01:47:24,952 | INFO     | httpx | HTTP Request: POST https://pay.crypt.bot/api/getInvoices "HTTP/1.1 200 OK"
2026-07-31 01:47:25,461 | INFO     | httpx | HTTP Request: GET https://pay.xrocket.tg/tg-invoices/4736490 "HTTP/1.1 200 OK"
2026-07-31 01:47:46,224 | INFO     | httpx | HTTP Request: POST https://pay.crypt.bot/api/getInvoices "HTTP/1.1 200 OK"
2026-07-31 01:47:46,820 | INFO     | httpx | HTTP Request: GET https://pay.xrocket.tg/tg-invoices/4736490 "HTTP/1.1 200 OK"
2026-07-31 01:48:07,434 | INFO     | httpx | HTTP Request: POST https://pay.crypt.bot/api/getInvoices "HTTP/1.1 200 OK"
2026-07-31 01:48:07,935 | INFO     | httpx | HTTP Request: GET https://pay.xrocket.tg/tg-invoices/4736490 "HTTP/1.1 200 OK"
2026-07-31 01:48:12,576 | WARNING  | aiogram.dispatcher | Received SIGINT signal
2026-07-31 01:48:12,577 | INFO     | aiogram.dispatcher | Polling stopped for bot @Tenkyushopbot id=8591349938 - 'Tenkyu Shop'
2026-07-31 01:48:12,577 | INFO     | aiogram.dispatcher | Polling stopped
2026-07-31 01:48:16,066 | INFO     | __main__ | Starting Telegram Digital Product Sales Bot...
2026-07-31 01:48:16,069 | INFO     | app.database.bootstrap | Database tables ensured (create_all).
2026-07-31 01:48:16,071 | INFO     | app.database.bootstrap | Patched missing column: products.delivery_instructions
2026-07-31 01:48:16,082 | INFO     | providers | Crypto payment poller started (interval=20.0s)
2026-07-31 01:48:16,565 | INFO     | __main__ | Bot is polling...
2026-07-31 01:48:16,566 | INFO     | aiogram.dispatcher | Start polling
2026-07-31 01:48:16,708 | INFO     | aiogram.dispatcher | Run polling for bot @Tenkyushopbot id=8591349938 - 'Tenkyu Shop'
2026-07-31 01:48:17,517 | INFO     | httpx | HTTP Request: POST https://pay.crypt.bot/api/getInvoices "HTTP/1.1 200 OK"
2026-07-31 01:48:18,005 | INFO     | httpx | HTTP Request: GET https://pay.xrocket.tg/tg-invoices/4736490 "HTTP/1.1 200 OK"
2026-07-31 01:48:38,531 | INFO     | httpx | HTTP Request: POST https://pay.crypt.bot/api/getInvoices "HTTP/1.1 200 OK"
2026-07-31 01:48:38,983 | INFO     | httpx | HTTP Request: GET https://pay.xrocket.tg/tg-invoices/4736490 "HTTP/1.1 200 OK"
2026-07-31 01:48:59,462 | INFO     | httpx | HTTP Request: POST https://pay.crypt.bot/api/getInvoices "HTTP/1.1 200 OK"
2026-07-31 01:48:59,557 | INFO     | aiogram.event | Update id=883467547 is handled. Duration 630 ms by bot id=8591349938
2026-07-31 01:49:00,090 | INFO     | httpx | HTTP Request: GET https://pay.xrocket.tg/tg-invoices/4736490 "HTTP/1.1 200 OK"
2026-07-31 01:49:00,695 | INFO     | aiogram.event | Update id=883467548 is handled. Duration 240 ms by bot id=8591349938
2026-07-31 01:49:04,003 | INFO     | aiogram.event | Update id=883467549 is handled. Duration 667 ms by bot id=8591349938
2026-07-31 01:49:09,801 | INFO     | aiogram.event | Update id=883467550 is handled. Duration 457 ms by bot id=8591349938
2026-07-31 01:49:13,813 | INFO     | aiogram.event | Update id=883467551 is handled. Duration 690 ms by bot id=8591349938
2026-07-31 01:49:20,811 | INFO     | httpx | HTTP Request: POST https://pay.crypt.bot/api/getInvoices "HTTP/1.1 200 OK"
2026-07-31 01:49:21,488 | INFO     | httpx | HTTP Request: GET https://pay.xrocket.tg/tg-invoices/4736490 "HTTP/1.1 200 OK"
2026-07-31 01:49:41,968 | INFO     | httpx | HTTP Request: POST https://pay.crypt.bot/api/getInvoices "HTTP/1.1 200 OK"
2026-07-31 01:49:42,486 | INFO     | httpx | HTTP Request: GET https://pay.xrocket.tg/tg-invoices/4736490 "HTTP/1.1 200 OK"
2026-07-31 01:50:02,999 | INFO     | httpx | HTTP Request: POST https://pay.crypt.bot/api/getInvoices "HTTP/1.1 200 OK"
2026-07-31 01:50:03,512 | INFO     | httpx | HTTP Request: GET https://pay.xrocket.tg/tg-invoices/4736490 "HTTP/1.1 200 OK"
2026-07-31 01:50:09,728 | INFO     | aiogram.event | Update id=883467552 is handled. Duration 804 ms by bot id=8591349938
2026-07-31 01:50:12,319 | INFO     | aiogram.event | Update id=883467553 is handled. Duration 166 ms by bot id=8591349938
2026-07-31 01:50:13,545 | INFO     | aiogram.event | Update id=883467554 is handled. Duration 233 ms by bot id=8591349938
2026-07-31 01:50:19,099 | INFO     | aiogram.event | Update id=883467555 is handled. Duration 408 ms by bot id=8591349938
2026-07-31 01:50:20,993 | INFO     | aiogram.event | Update id=883467556 is handled. Duration 236 ms by bot id=8591349938
2026-07-31 01:50:22,277 | INFO     | aiogram.event | Update id=883467557 is handled. Duration 168 ms by bot id=8591349938
2026-07-31 01:50:24,260 | INFO     | httpx | HTTP Request: POST https://pay.crypt.bot/api/getInvoices "HTTP/1.1 200 OK"
2026-07-31 01:50:24,795 | INFO     | httpx | HTTP Request: GET https://pay.xrocket.tg/tg-invoices/4736490 "HTTP/1.1 200 OK"
2026-07-31 01:50:24,942 | INFO     | aiogram.event | Update id=883467558 is handled. Duration 315 ms by bot id=8591349938
2026-07-31 01:50:35,490 | INFO     | admin_actions | setting_changed key=proof_channel_url admin=1403306196
2026-07-31 01:50:35,652 | INFO     | aiogram.event | Update id=883467559 is handled. Duration 176 ms by bot id=8591349938
2026-07-31 01:50:37,891 | INFO     | aiogram.event | Update id=883467560 is handled. Duration 172 ms by bot id=8591349938
2026-07-31 01:50:38,973 | ERROR    | app.middlewares.error_handling | Unhandled exception while processing update
Traceback (most recent call last):
  File "/Users/mehriddinmengturayev/Downloads/shopbot/app/middlewares/error_handling.py", line 33, in __call__
    return await handler(event, data)
           ^^^^^^^^^^^^^^^^^^^^^^^^^^
  File "/Users/mehriddinmengturayev/Downloads/shopbot/app/middlewares/throttling.py", line 40, in __call__
    return await handler(event, data)
           ^^^^^^^^^^^^^^^^^^^^^^^^^^
  File "/Users/mehriddinmengturayev/Downloads/shopbot/app/middlewares/db_session.py", line 27, in __call__
    return await handler(event, data)
           ^^^^^^^^^^^^^^^^^^^^^^^^^^
  File "/Users/mehriddinmengturayev/Downloads/shopbot/app/middlewares/user_context.py", line 44, in __call__
    return await handler(event, data)
           ^^^^^^^^^^^^^^^^^^^^^^^^^^
  File "/Users/mehriddinmengturayev/Downloads/shopbot/.venv/lib/python3.13/site-packages/aiogram/dispatcher/event/telegram.py", line 121, in trigger
    return await wrapped_inner(event, kwargs)
           ^^^^^^^^^^^^^^^^^^^^^^^^^^^^^^^^^^
  File "/Users/mehriddinmengturayev/Downloads/shopbot/.venv/lib/python3.13/site-packages/aiogram/dispatcher/event/handler.py", line 43, in call
    return await wrapped()
           ^^^^^^^^^^^^^^^
  File "/Users/mehriddinmengturayev/Downloads/shopbot/.venv/lib/python3.13/site-packages/aiogram/dispatcher/dispatcher.py", line 276, in _listen_update
    return await self.propagate_event(update_type=update_type, event=event, **kwargs)
           ^^^^^^^^^^^^^^^^^^^^^^^^^^^^^^^^^^^^^^^^^^^^^^^^^^^^^^^^^^^^^^^^^^^^^^^^^^
  File "/Users/mehriddinmengturayev/Downloads/shopbot/.venv/lib/python3.13/site-packages/aiogram/dispatcher/router.py", line 146, in propagate_event
    return await observer.wrap_outer_middleware(_wrapped, event=event, data=kwargs)
           ^^^^^^^^^^^^^^^^^^^^^^^^^^^^^^^^^^^^^^^^^^^^^^^^^^^^^^^^^^^^^^^^^^^^^^^^
  File "/Users/mehriddinmengturayev/Downloads/shopbot/.venv/lib/python3.13/site-packages/aiogram/dispatcher/router.py", line 141, in _wrapped
    return await self._propagate_event(
           ^^^^^^^^^^^^^^^^^^^^^^^^^^^^
        observer=observer, update_type=update_type, event=telegram_event, **data
        ^^^^^^^^^^^^^^^^^^^^^^^^^^^^^^^^^^^^^^^^^^^^^^^^^^^^^^^^^^^^^^^^^^^^^^^^
    )
    ^
  File "/Users/mehriddinmengturayev/Downloads/shopbot/.venv/lib/python3.13/site-packages/aiogram/dispatcher/router.py", line 174, in _propagate_event
    response = await router.propagate_event(update_type=update_type, event=event, **kwargs)
               ^^^^^^^^^^^^^^^^^^^^^^^^^^^^^^^^^^^^^^^^^^^^^^^^^^^^^^^^^^^^^^^^^^^^^^^^^^^^
  File "/Users/mehriddinmengturayev/Downloads/shopbot/.venv/lib/python3.13/site-packages/aiogram/dispatcher/router.py", line 146, in propagate_event
    return await observer.wrap_outer_middleware(_wrapped, event=event, data=kwargs)
           ^^^^^^^^^^^^^^^^^^^^^^^^^^^^^^^^^^^^^^^^^^^^^^^^^^^^^^^^^^^^^^^^^^^^^^^^
  File "/Users/mehriddinmengturayev/Downloads/shopbot/.venv/lib/python3.13/site-packages/aiogram/dispatcher/router.py", line 141, in _wrapped
    return await self._propagate_event(
           ^^^^^^^^^^^^^^^^^^^^^^^^^^^^
        observer=observer, update_type=update_type, event=telegram_event, **data
        ^^^^^^^^^^^^^^^^^^^^^^^^^^^^^^^^^^^^^^^^^^^^^^^^^^^^^^^^^^^^^^^^^^^^^^^^
    )
    ^
  File "/Users/mehriddinmengturayev/Downloads/shopbot/.venv/lib/python3.13/site-packages/aiogram/dispatcher/router.py", line 174, in _propagate_event
    response = await router.propagate_event(update_type=update_type, event=event, **kwargs)
               ^^^^^^^^^^^^^^^^^^^^^^^^^^^^^^^^^^^^^^^^^^^^^^^^^^^^^^^^^^^^^^^^^^^^^^^^^^^^
  File "/Users/mehriddinmengturayev/Downloads/shopbot/.venv/lib/python3.13/site-packages/aiogram/dispatcher/router.py", line 146, in propagate_event
    return await observer.wrap_outer_middleware(_wrapped, event=event, data=kwargs)
           ^^^^^^^^^^^^^^^^^^^^^^^^^^^^^^^^^^^^^^^^^^^^^^^^^^^^^^^^^^^^^^^^^^^^^^^^
  File "/Users/mehriddinmengturayev/Downloads/shopbot/.venv/lib/python3.13/site-packages/aiogram/dispatcher/router.py", line 141, in _wrapped
    return await self._propagate_event(
           ^^^^^^^^^^^^^^^^^^^^^^^^^^^^
        observer=observer, update_type=update_type, event=telegram_event, **data
        ^^^^^^^^^^^^^^^^^^^^^^^^^^^^^^^^^^^^^^^^^^^^^^^^^^^^^^^^^^^^^^^^^^^^^^^^
    )
    ^
  File "/Users/mehriddinmengturayev/Downloads/shopbot/.venv/lib/python3.13/site-packages/aiogram/dispatcher/router.py", line 166, in _propagate_event
    response = await observer.trigger(event, **kwargs)
               ^^^^^^^^^^^^^^^^^^^^^^^^^^^^^^^^^^^^^^^
  File "/Users/mehriddinmengturayev/Downloads/shopbot/.venv/lib/python3.13/site-packages/aiogram/dispatcher/event/telegram.py", line 121, in trigger
    return await wrapped_inner(event, kwargs)
           ^^^^^^^^^^^^^^^^^^^^^^^^^^^^^^^^^^
  File "/Users/mehriddinmengturayev/Downloads/shopbot/.venv/lib/python3.13/site-packages/aiogram/dispatcher/event/handler.py", line 43, in call
    return await wrapped()
           ^^^^^^^^^^^^^^^
  File "/Users/mehriddinmengturayev/Downloads/shopbot/app/handlers/user/reviews.py", line 38, in show_reviews
    await message.answer(
    ...<2 lines>...
    )
  File "/Users/mehriddinmengturayev/Downloads/shopbot/.venv/lib/python3.13/site-packages/aiogram/methods/base.py", line 84, in emit
    return await bot(self)
           ^^^^^^^^^^^^^^^
  File "/Users/mehriddinmengturayev/Downloads/shopbot/.venv/lib/python3.13/site-packages/aiogram/client/bot.py", line 494, in __call__
    return await self.session(self, method, timeout=request_timeout)
           ^^^^^^^^^^^^^^^^^^^^^^^^^^^^^^^^^^^^^^^^^^^^^^^^^^^^^^^^^
  File "/Users/mehriddinmengturayev/Downloads/shopbot/.venv/lib/python3.13/site-packages/aiogram/client/session/base.py", line 254, in __call__
    return cast(TelegramType, await middleware(bot, method))
                              ^^^^^^^^^^^^^^^^^^^^^^^^^^^^^
  File "/Users/mehriddinmengturayev/Downloads/shopbot/.venv/lib/python3.13/site-packages/aiogram/client/session/aiohttp.py", line 189, in make_request
    response = self.check_response(
        bot=bot, method=method, status_code=resp.status, content=raw_result
    )
  File "/Users/mehriddinmengturayev/Downloads/shopbot/.venv/lib/python3.13/site-packages/aiogram/client/session/base.py", line 120, in check_response
    raise TelegramBadRequest(method=method, message=description)
aiogram.exceptions.TelegramBadRequest: Telegram server says - Bad Request: inline keyboard button URL 'isbotlar @jcjkdjchjd' is invalid: Disallowed character in URL userinfo
2026-07-31 01:50:38,984 | INFO     | aiogram.event | Update id=883467561 is handled. Duration 347 ms by bot id=8591349938
2026-07-31 01:50:44,288 | ERROR    | app.middlewares.error_handling | Unhandled exception while processing update
Traceback (most recent call last):
  File "/Users/mehriddinmengturayev/Downloads/shopbot/app/middlewares/error_handling.py", line 33, in __call__
    return await handler(event, data)
           ^^^^^^^^^^^^^^^^^^^^^^^^^^
  File "/Users/mehriddinmengturayev/Downloads/shopbot/app/middlewares/throttling.py", line 40, in __call__
    return await handler(event, data)
           ^^^^^^^^^^^^^^^^^^^^^^^^^^
  File "/Users/mehriddinmengturayev/Downloads/shopbot/app/middlewares/db_session.py", line 27, in __call__
    return await handler(event, data)
           ^^^^^^^^^^^^^^^^^^^^^^^^^^
  File "/Users/mehriddinmengturayev/Downloads/shopbot/app/middlewares/user_context.py", line 44, in __call__
    return await handler(event, data)
           ^^^^^^^^^^^^^^^^^^^^^^^^^^
  File "/Users/mehriddinmengturayev/Downloads/shopbot/.venv/lib/python3.13/site-packages/aiogram/dispatcher/event/telegram.py", line 121, in trigger
    return await wrapped_inner(event, kwargs)
           ^^^^^^^^^^^^^^^^^^^^^^^^^^^^^^^^^^
  File "/Users/mehriddinmengturayev/Downloads/shopbot/.venv/lib/python3.13/site-packages/aiogram/dispatcher/event/handler.py", line 43, in call
    return await wrapped()
           ^^^^^^^^^^^^^^^
  File "/Users/mehriddinmengturayev/Downloads/shopbot/.venv/lib/python3.13/site-packages/aiogram/dispatcher/dispatcher.py", line 276, in _listen_update
    return await self.propagate_event(update_type=update_type, event=event, **kwargs)
           ^^^^^^^^^^^^^^^^^^^^^^^^^^^^^^^^^^^^^^^^^^^^^^^^^^^^^^^^^^^^^^^^^^^^^^^^^^
  File "/Users/mehriddinmengturayev/Downloads/shopbot/.venv/lib/python3.13/site-packages/aiogram/dispatcher/router.py", line 146, in propagate_event
    return await observer.wrap_outer_middleware(_wrapped, event=event, data=kwargs)
           ^^^^^^^^^^^^^^^^^^^^^^^^^^^^^^^^^^^^^^^^^^^^^^^^^^^^^^^^^^^^^^^^^^^^^^^^
  File "/Users/mehriddinmengturayev/Downloads/shopbot/.venv/lib/python3.13/site-packages/aiogram/dispatcher/router.py", line 141, in _wrapped
    return await self._propagate_event(
           ^^^^^^^^^^^^^^^^^^^^^^^^^^^^
        observer=observer, update_type=update_type, event=telegram_event, **data
        ^^^^^^^^^^^^^^^^^^^^^^^^^^^^^^^^^^^^^^^^^^^^^^^^^^^^^^^^^^^^^^^^^^^^^^^^
    )
    ^
  File "/Users/mehriddinmengturayev/Downloads/shopbot/.venv/lib/python3.13/site-packages/aiogram/dispatcher/router.py", line 174, in _propagate_event
    response = await router.propagate_event(update_type=update_type, event=event, **kwargs)
               ^^^^^^^^^^^^^^^^^^^^^^^^^^^^^^^^^^^^^^^^^^^^^^^^^^^^^^^^^^^^^^^^^^^^^^^^^^^^
  File "/Users/mehriddinmengturayev/Downloads/shopbot/.venv/lib/python3.13/site-packages/aiogram/dispatcher/router.py", line 146, in propagate_event
    return await observer.wrap_outer_middleware(_wrapped, event=event, data=kwargs)
           ^^^^^^^^^^^^^^^^^^^^^^^^^^^^^^^^^^^^^^^^^^^^^^^^^^^^^^^^^^^^^^^^^^^^^^^^
  File "/Users/mehriddinmengturayev/Downloads/shopbot/.venv/lib/python3.13/site-packages/aiogram/dispatcher/router.py", line 141, in _wrapped
    return await self._propagate_event(
           ^^^^^^^^^^^^^^^^^^^^^^^^^^^^
        observer=observer, update_type=update_type, event=telegram_event, **data
        ^^^^^^^^^^^^^^^^^^^^^^^^^^^^^^^^^^^^^^^^^^^^^^^^^^^^^^^^^^^^^^^^^^^^^^^^
    )
    ^
  File "/Users/mehriddinmengturayev/Downloads/shopbot/.venv/lib/python3.13/site-packages/aiogram/dispatcher/router.py", line 174, in _propagate_event
    response = await router.propagate_event(update_type=update_type, event=event, **kwargs)
               ^^^^^^^^^^^^^^^^^^^^^^^^^^^^^^^^^^^^^^^^^^^^^^^^^^^^^^^^^^^^^^^^^^^^^^^^^^^^
  File "/Users/mehriddinmengturayev/Downloads/shopbot/.venv/lib/python3.13/site-packages/aiogram/dispatcher/router.py", line 146, in propagate_event
    return await observer.wrap_outer_middleware(_wrapped, event=event, data=kwargs)
           ^^^^^^^^^^^^^^^^^^^^^^^^^^^^^^^^^^^^^^^^^^^^^^^^^^^^^^^^^^^^^^^^^^^^^^^^
  File "/Users/mehriddinmengturayev/Downloads/shopbot/.venv/lib/python3.13/site-packages/aiogram/dispatcher/router.py", line 141, in _wrapped
    return await self._propagate_event(
           ^^^^^^^^^^^^^^^^^^^^^^^^^^^^
        observer=observer, update_type=update_type, event=telegram_event, **data
        ^^^^^^^^^^^^^^^^^^^^^^^^^^^^^^^^^^^^^^^^^^^^^^^^^^^^^^^^^^^^^^^^^^^^^^^^
    )
    ^
  File "/Users/mehriddinmengturayev/Downloads/shopbot/.venv/lib/python3.13/site-packages/aiogram/dispatcher/router.py", line 166, in _propagate_event
    response = await observer.trigger(event, **kwargs)
               ^^^^^^^^^^^^^^^^^^^^^^^^^^^^^^^^^^^^^^^
  File "/Users/mehriddinmengturayev/Downloads/shopbot/.venv/lib/python3.13/site-packages/aiogram/dispatcher/event/telegram.py", line 121, in trigger
    return await wrapped_inner(event, kwargs)
           ^^^^^^^^^^^^^^^^^^^^^^^^^^^^^^^^^^
  File "/Users/mehriddinmengturayev/Downloads/shopbot/.venv/lib/python3.13/site-packages/aiogram/dispatcher/event/handler.py", line 43, in call
    return await wrapped()
           ^^^^^^^^^^^^^^^
  File "/Users/mehriddinmengturayev/Downloads/shopbot/app/handlers/user/reviews.py", line 38, in show_reviews
    await message.answer(
    ...<2 lines>...
    )
  File "/Users/mehriddinmengturayev/Downloads/shopbot/.venv/lib/python3.13/site-packages/aiogram/methods/base.py", line 84, in emit
    return await bot(self)
           ^^^^^^^^^^^^^^^
  File "/Users/mehriddinmengturayev/Downloads/shopbot/.venv/lib/python3.13/site-packages/aiogram/client/bot.py", line 494, in __call__
    return await self.session(self, method, timeout=request_timeout)
           ^^^^^^^^^^^^^^^^^^^^^^^^^^^^^^^^^^^^^^^^^^^^^^^^^^^^^^^^^
  File "/Users/mehriddinmengturayev/Downloads/shopbot/.venv/lib/python3.13/site-packages/aiogram/client/session/base.py", line 254, in __call__
    return cast(TelegramType, await middleware(bot, method))
                              ^^^^^^^^^^^^^^^^^^^^^^^^^^^^^
  File "/Users/mehriddinmengturayev/Downloads/shopbot/.venv/lib/python3.13/site-packages/aiogram/client/session/aiohttp.py", line 189, in make_request
    response = self.check_response(
        bot=bot, method=method, status_code=resp.status, content=raw_result
    )
  File "/Users/mehriddinmengturayev/Downloads/shopbot/.venv/lib/python3.13/site-packages/aiogram/client/session/base.py", line 120, in check_response
    raise TelegramBadRequest(method=method, message=description)
aiogram.exceptions.TelegramBadRequest: Telegram server says - Bad Request: inline keyboard button URL 'isbotlar @jcjkdjchjd' is invalid: Disallowed character in URL userinfo
2026-07-31 01:50:44,291 | INFO     | aiogram.event | Update id=883467562 is handled. Duration 330 ms by bot id=8591349938
2026-07-31 01:50:45,379 | INFO     | httpx | HTTP Request: POST https://pay.crypt.bot/api/getInvoices "HTTP/1.1 200 OK"
2026-07-31 01:50:45,911 | INFO     | httpx | HTTP Request: GET https://pay.xrocket.tg/tg-invoices/4736490 "HTTP/1.1 200 OK"
2026-07-31 01:51:06,467 | INFO     | httpx | HTTP Request: POST https://pay.crypt.bot/api/getInvoices "HTTP/1.1 200 OK"
2026-07-31 01:51:06,962 | INFO     | httpx | HTTP Request: GET https://pay.xrocket.tg/tg-invoices/4736490 "HTTP/1.1 200 OK"
2026-07-31 01:51:27,501 | INFO     | httpx | HTTP Request: POST https://pay.crypt.bot/api/getInvoices "HTTP/1.1 200 OK"
2026-07-31 01:51:28,114 | INFO     | httpx | HTTP Request: GET https://pay.xrocket.tg/tg-invoices/4736490 "HTTP/1.1 200 OK"
2026-07-31 01:51:48,837 | INFO     | httpx | HTTP Request: POST https://pay.crypt.bot/api/getInvoices "HTTP/1.1 200 OK"
2026-07-31 01:51:49,359 | INFO     | httpx | HTTP Request: GET https://pay.xrocket.tg/tg-invoices/4736490 "HTTP/1.1 200 OK"
2026-07-31 01:52:09,825 | INFO     | httpx | HTTP Request: POST https://pay.crypt.bot/api/getInvoices "HTTP/1.1 200 OK"
2026-07-31 01:52:10,307 | INFO     | httpx | HTTP Request: GET https://pay.xrocket.tg/tg-invoices/4736490 "HTTP/1.1 200 OK"
2026-07-31 01:52:31,614 | INFO     | httpx | HTTP Request: POST https://pay.crypt.bot/api/getInvoices "HTTP/1.1 200 OK"
2026-07-31 01:52:32,182 | INFO     | httpx | HTTP Request: GET https://pay.xrocket.tg/tg-invoices/4736490 "HTTP/1.1 200 OK"
2026-07-31 01:52:52,679 | INFO     | httpx | HTTP Request: POST https://pay.crypt.bot/api/getInvoices "HTTP/1.1 200 OK"
2026-07-31 01:52:53,197 | INFO     | httpx | HTTP Request: GET https://pay.xrocket.tg/tg-invoices/4736490 "HTTP/1.1 200 OK"
2026-07-31 01:53:13,859 | INFO     | httpx | HTTP Request: POST https://pay.crypt.bot/api/getInvoices "HTTP/1.1 200 OK"
2026-07-31 01:53:14,327 | INFO     | httpx | HTTP Request: GET https://pay.xrocket.tg/tg-invoices/4736490 "HTTP/1.1 200 OK"
2026-07-31 01:53:34,803 | INFO     | httpx | HTTP Request: POST https://pay.crypt.bot/api/getInvoices "HTTP/1.1 200 OK"
2026-07-31 01:53:35,388 | INFO     | httpx | HTTP Request: GET https://pay.xrocket.tg/tg-invoices/4736490 "HTTP/1.1 200 OK"
2026-07-31 01:53:56,094 | INFO     | httpx | HTTP Request: POST https://pay.crypt.bot/api/getInvoices "HTTP/1.1 200 OK"
2026-07-31 01:53:56,611 | INFO     | httpx | HTTP Request: GET https://pay.xrocket.tg/tg-invoices/4736490 "HTTP/1.1 200 OK"
2026-07-31 01:54:17,114 | INFO     | httpx | HTTP Request: POST https://pay.crypt.bot/api/getInvoices "HTTP/1.1 200 OK"
2026-07-31 01:54:17,639 | INFO     | httpx | HTTP Request: GET https://pay.xrocket.tg/tg-invoices/4736490 "HTTP/1.1 200 OK"
2026-07-31 01:54:38,198 | INFO     | httpx | HTTP Request: POST https://pay.crypt.bot/api/getInvoices "HTTP/1.1 200 OK"
2026-07-31 01:54:38,772 | INFO     | httpx | HTTP Request: GET https://pay.xrocket.tg/tg-invoices/4736490 "HTTP/1.1 200 OK"
2026-07-31 01:54:59,414 | INFO     | httpx | HTTP Request: POST https://pay.crypt.bot/api/getInvoices "HTTP/1.1 200 OK"
2026-07-31 01:55:00,100 | INFO     | httpx | HTTP Request: GET https://pay.xrocket.tg/tg-invoices/4736490 "HTTP/1.1 200 OK"
2026-07-31 01:55:20,817 | INFO     | httpx | HTTP Request: POST https://pay.crypt.bot/api/getInvoices "HTTP/1.1 200 OK"
2026-07-31 01:55:21,454 | INFO     | httpx | HTTP Request: GET https://pay.xrocket.tg/tg-invoices/4736490 "HTTP/1.1 200 OK"
2026-07-31 01:55:42,012 | INFO     | httpx | HTTP Request: POST https://pay.crypt.bot/api/getInvoices "HTTP/1.1 200 OK"
2026-07-31 01:55:42,560 | INFO     | httpx | HTTP Request: GET https://pay.xrocket.tg/tg-invoices/4736490 "HTTP/1.1 200 OK"
2026-07-31 01:56:03,199 | INFO     | httpx | HTTP Request: POST https://pay.crypt.bot/api/getInvoices "HTTP/1.1 200 OK"
2026-07-31 01:56:03,731 | INFO     | httpx | HTTP Request: GET https://pay.xrocket.tg/tg-invoices/4736490 "HTTP/1.1 200 OK"
2026-07-31 01:56:24,288 | INFO     | httpx | HTTP Request: POST https://pay.crypt.bot/api/getInvoices "HTTP/1.1 200 OK"
2026-07-31 01:56:24,856 | INFO     | httpx | HTTP Request: GET https://pay.xrocket.tg/tg-invoices/4736490 "HTTP/1.1 200 OK"
2026-07-31 01:56:45,913 | INFO     | httpx | HTTP Request: POST https://pay.crypt.bot/api/getInvoices "HTTP/1.1 200 OK"
2026-07-31 01:56:46,475 | INFO     | httpx | HTTP Request: GET https://pay.xrocket.tg/tg-invoices/4736490 "HTTP/1.1 200 OK"
2026-07-31 01:57:07,131 | INFO     | httpx | HTTP Request: POST https://pay.crypt.bot/api/getInvoices "HTTP/1.1 200 OK"
2026-07-31 01:57:07,678 | INFO     | httpx | HTTP Request: GET https://pay.xrocket.tg/tg-invoices/4736490 "HTTP/1.1 200 OK"
2026-07-31 01:57:28,330 | INFO     | httpx | HTTP Request: POST https://pay.crypt.bot/api/getInvoices "HTTP/1.1 200 OK"
2026-07-31 01:57:28,919 | INFO     | httpx | HTTP Request: GET https://pay.xrocket.tg/tg-invoices/4736490 "HTTP/1.1 200 OK"
2026-07-31 01:57:49,389 | INFO     | httpx | HTTP Request: POST https://pay.crypt.bot/api/getInvoices "HTTP/1.1 200 OK"
2026-07-31 01:57:49,916 | INFO     | httpx | HTTP Request: GET https://pay.xrocket.tg/tg-invoices/4736490 "HTTP/1.1 200 OK"
2026-07-31 01:58:11,111 | INFO     | httpx | HTTP Request: POST https://pay.crypt.bot/api/getInvoices "HTTP/1.1 200 OK"
2026-07-31 01:58:11,649 | INFO     | httpx | HTTP Request: GET https://pay.xrocket.tg/tg-invoices/4736490 "HTTP/1.1 200 OK"
2026-07-31 01:58:32,155 | INFO     | httpx | HTTP Request: POST https://pay.crypt.bot/api/getInvoices "HTTP/1.1 200 OK"
2026-07-31 01:58:32,649 | INFO     | httpx | HTTP Request: GET https://pay.xrocket.tg/tg-invoices/4736490 "HTTP/1.1 200 OK"
2026-07-31 01:58:53,203 | INFO     | httpx | HTTP Request: POST https://pay.crypt.bot/api/getInvoices "HTTP/1.1 200 OK"
2026-07-31 01:58:53,705 | INFO     | httpx | HTTP Request: GET https://pay.xrocket.tg/tg-invoices/4736490 "HTTP/1.1 200 OK"
2026-07-31 01:59:14,248 | INFO     | httpx | HTTP Request: POST https://pay.crypt.bot/api/getInvoices "HTTP/1.1 200 OK"
2026-07-31 01:59:14,759 | INFO     | httpx | HTTP Request: GET https://pay.xrocket.tg/tg-invoices/4736490 "HTTP/1.1 200 OK"
2026-07-31 01:59:35,696 | INFO     | httpx | HTTP Request: POST https://pay.crypt.bot/api/getInvoices "HTTP/1.1 200 OK"
2026-07-31 01:59:36,295 | INFO     | httpx | HTTP Request: GET https://pay.xrocket.tg/tg-invoices/4736490 "HTTP/1.1 200 OK"
2026-07-31 01:59:56,856 | INFO     | httpx | HTTP Request: POST https://pay.crypt.bot/api/getInvoices "HTTP/1.1 200 OK"
2026-07-31 01:59:57,479 | INFO     | httpx | HTTP Request: GET https://pay.xrocket.tg/tg-invoices/4736490 "HTTP/1.1 200 OK"
2026-07-31 02:00:18,011 | INFO     | httpx | HTTP Request: POST https://pay.crypt.bot/api/getInvoices "HTTP/1.1 200 OK"
2026-07-31 02:00:18,573 | INFO     | httpx | HTTP Request: GET https://pay.xrocket.tg/tg-invoices/4736490 "HTTP/1.1 200 OK"
2026-07-31 02:00:39,042 | INFO     | httpx | HTTP Request: POST https://pay.crypt.bot/api/getInvoices "HTTP/1.1 200 OK"
2026-07-31 02:00:39,567 | INFO     | httpx | HTTP Request: GET https://pay.xrocket.tg/tg-invoices/4736490 "HTTP/1.1 200 OK"
2026-07-31 02:01:00,188 | INFO     | httpx | HTTP Request: POST https://pay.crypt.bot/api/getInvoices "HTTP/1.1 200 OK"
2026-07-31 02:01:00,752 | INFO     | httpx | HTTP Request: GET https://pay.xrocket.tg/tg-invoices/4736490 "HTTP/1.1 200 OK"
2026-07-31 02:01:21,254 | INFO     | httpx | HTTP Request: POST https://pay.crypt.bot/api/getInvoices "HTTP/1.1 200 OK"
2026-07-31 02:01:21,785 | INFO     | httpx | HTTP Request: GET https://pay.xrocket.tg/tg-invoices/4736490 "HTTP/1.1 200 OK"
2026-07-31 02:01:42,305 | INFO     | httpx | HTTP Request: POST https://pay.crypt.bot/api/getInvoices "HTTP/1.1 200 OK"
2026-07-31 02:01:42,861 | INFO     | httpx | HTTP Request: GET https://pay.xrocket.tg/tg-invoices/4736490 "HTTP/1.1 200 OK"
2026-07-31 02:01:55,920 | WARNING  | aiogram.dispatcher | Received SIGINT signal
2026-07-31 02:01:55,922 | INFO     | aiogram.dispatcher | Polling stopped for bot @Tenkyushopbot id=8591349938 - 'Tenkyu Shop'
2026-07-31 02:01:55,922 | INFO     | aiogram.dispatcher | Polling stopped
2026-07-31 02:01:58,017 | INFO     | __main__ | Starting Telegram Digital Product Sales Bot...
2026-07-31 02:01:58,020 | INFO     | app.database.bootstrap | Database tables ensured (create_all).
2026-07-31 02:01:58,033 | INFO     | providers | Crypto payment poller started (interval=20.0s)
2026-07-31 02:01:58,587 | INFO     | __main__ | Bot is polling...
2026-07-31 02:01:58,588 | INFO     | aiogram.dispatcher | Start polling
2026-07-31 02:01:58,772 | INFO     | aiogram.dispatcher | Run polling for bot @Tenkyushopbot id=8591349938 - 'Tenkyu Shop'
2026-07-31 02:01:58,930 | INFO     | httpx | HTTP Request: POST https://pay.crypt.bot/api/getInvoices "HTTP/1.1 200 OK"
2026-07-31 02:01:59,536 | INFO     | httpx | HTTP Request: GET https://pay.xrocket.tg/tg-invoices/4736490 "HTTP/1.1 200 OK"
2026-07-31 02:02:14,824 | INFO     | aiogram.event | Update id=883467563 is handled. Duration 490 ms by bot id=8591349938
2026-07-31 02:02:18,819 | INFO     | aiogram.event | Update id=883467564 is handled. Duration 167 ms by bot id=8591349938
2026-07-31 02:02:20,354 | INFO     | httpx | HTTP Request: POST https://pay.crypt.bot/api/getInvoices "HTTP/1.1 200 OK"
2026-07-31 02:02:20,882 | INFO     | httpx | HTTP Request: GET https://pay.xrocket.tg/tg-invoices/4736490 "HTTP/1.1 200 OK"
2026-07-31 02:02:21,326 | INFO     | aiogram.event | Update id=883467565 is handled. Duration 573 ms by bot id=8591349938
2026-07-31 02:02:25,389 | INFO     | aiogram.event | Update id=883467566 is handled. Duration 355 ms by bot id=8591349938
2026-07-31 02:02:27,960 | INFO     | aiogram.event | Update id=883467567 is handled. Duration 329 ms by bot id=8591349938
2026-07-31 02:02:29,572 | INFO     | aiogram.event | Update id=883467568 is handled. Duration 223 ms by bot id=8591349938
2026-07-31 02:02:41,352 | INFO     | httpx | HTTP Request: POST https://pay.crypt.bot/api/getInvoices "HTTP/1.1 200 OK"
2026-07-31 02:02:41,929 | INFO     | httpx | HTTP Request: GET https://pay.xrocket.tg/tg-invoices/4736490 "HTTP/1.1 200 OK"
2026-07-31 02:02:54,971 | INFO     | aiogram.event | Update id=883467569 is handled. Duration 711 ms by bot id=8591349938
2026-07-31 02:02:57,824 | INFO     | aiogram.event | Update id=883467570 is handled. Duration 445 ms by bot id=8591349938
2026-07-31 02:03:03,060 | INFO     | httpx | HTTP Request: POST https://pay.crypt.bot/api/getInvoices "HTTP/1.1 200 OK"
2026-07-31 02:03:03,772 | INFO     | httpx | HTTP Request: GET https://pay.xrocket.tg/tg-invoices/4736490 "HTTP/1.1 200 OK"
2026-07-31 02:03:24,512 | INFO     | httpx | HTTP Request: POST https://pay.crypt.bot/api/getInvoices "HTTP/1.1 200 OK"
2026-07-31 02:03:25,145 | INFO     | httpx | HTTP Request: GET https://pay.xrocket.tg/tg-invoices/4736490 "HTTP/1.1 200 OK"
2026-07-31 02:03:45,665 | INFO     | httpx | HTTP Request: POST https://pay.crypt.bot/api/getInvoices "HTTP/1.1 200 OK"
2026-07-31 02:03:46,214 | INFO     | httpx | HTTP Request: GET https://pay.xrocket.tg/tg-invoices/4736490 "HTTP/1.1 200 OK"
2026-07-31 02:04:06,726 | INFO     | httpx | HTTP Request: POST https://pay.crypt.bot/api/getInvoices "HTTP/1.1 200 OK"
2026-07-31 02:04:07,333 | INFO     | httpx | HTTP Request: GET https://pay.xrocket.tg/tg-invoices/4736490 "HTTP/1.1 200 OK"
2026-07-31 02:04:27,970 | INFO     | httpx | HTTP Request: POST https://pay.crypt.bot/api/getInvoices "HTTP/1.1 200 OK"
2026-07-31 02:04:28,455 | INFO     | httpx | HTTP Request: GET https://pay.xrocket.tg/tg-invoices/4736490 "HTTP/1.1 200 OK"
2026-07-31 02:04:49,032 | INFO     | httpx | HTTP Request: POST https://pay.crypt.bot/api/getInvoices "HTTP/1.1 200 OK"
2026-07-31 02:04:49,566 | INFO     | httpx | HTTP Request: GET https://pay.xrocket.tg/tg-invoices/4736490 "HTTP/1.1 200 OK"
2026-07-31 02:05:10,119 | INFO     | httpx | HTTP Request: POST https://pay.crypt.bot/api/getInvoices "HTTP/1.1 200 OK"
2026-07-31 02:05:10,643 | INFO     | httpx | HTTP Request: GET https://pay.xrocket.tg/tg-invoices/4736490 "HTTP/1.1 200 OK"
2026-07-31 02:05:31,423 | INFO     | httpx | HTTP Request: POST https://pay.crypt.bot/api/getInvoices "HTTP/1.1 200 OK"
2026-07-31 02:05:31,901 | INFO     | httpx | HTTP Request: GET https://pay.xrocket.tg/tg-invoices/4736490 "HTTP/1.1 200 OK"
2026-07-31 02:05:52,358 | INFO     | httpx | HTTP Request: POST https://pay.crypt.bot/api/getInvoices "HTTP/1.1 200 OK"
2026-07-31 02:05:52,854 | INFO     | httpx | HTTP Request: GET https://pay.xrocket.tg/tg-invoices/4736490 "HTTP/1.1 200 OK"
2026-07-31 02:06:13,460 | INFO     | httpx | HTTP Request: POST https://pay.crypt.bot/api/getInvoices "HTTP/1.1 200 OK"
2026-07-31 02:06:13,958 | INFO     | httpx | HTTP Request: GET https://pay.xrocket.tg/tg-invoices/4736490 "HTTP/1.1 200 OK"
2026-07-31 02:06:34,416 | INFO     | httpx | HTTP Request: POST https://pay.crypt.bot/api/getInvoices "HTTP/1.1 200 OK"
2026-07-31 02:06:34,969 | INFO     | httpx | HTTP Request: GET https://pay.xrocket.tg/tg-invoices/4736490 "HTTP/1.1 200 OK"
2026-07-31 02:06:55,549 | INFO     | httpx | HTTP Request: POST https://pay.crypt.bot/api/getInvoices "HTTP/1.1 200 OK"
2026-07-31 02:06:56,103 | INFO     | httpx | HTTP Request: GET https://pay.xrocket.tg/tg-invoices/4736490 "HTTP/1.1 200 OK"
2026-07-31 02:07:16,691 | INFO     | httpx | HTTP Request: POST https://pay.crypt.bot/api/getInvoices "HTTP/1.1 200 OK"
2026-07-31 02:07:17,181 | INFO     | httpx | HTTP Request: GET https://pay.xrocket.tg/tg-invoices/4736490 "HTTP/1.1 200 OK"
2026-07-31 02:07:37,672 | INFO     | httpx | HTTP Request: POST https://pay.crypt.bot/api/getInvoices "HTTP/1.1 200 OK"
2026-07-31 02:07:38,191 | INFO     | httpx | HTTP Request: GET https://pay.xrocket.tg/tg-invoices/4736490 "HTTP/1.1 200 OK"
2026-07-31 02:07:58,683 | INFO     | httpx | HTTP Request: POST https://pay.crypt.bot/api/getInvoices "HTTP/1.1 200 OK"
2026-07-31 02:07:59,219 | INFO     | httpx | HTTP Request: GET https://pay.xrocket.tg/tg-invoices/4736490 "HTTP/1.1 200 OK"
2026-07-31 02:08:19,734 | INFO     | httpx | HTTP Request: POST https://pay.crypt.bot/api/getInvoices "HTTP/1.1 200 OK"
2026-07-31 02:08:20,296 | INFO     | httpx | HTTP Request: GET https://pay.xrocket.tg/tg-invoices/4736490 "HTTP/1.1 200 OK"
2026-07-31 02:08:40,853 | INFO     | httpx | HTTP Request: POST https://pay.crypt.bot/api/getInvoices "HTTP/1.1 200 OK"
2026-07-31 02:08:41,344 | INFO     | httpx | HTTP Request: GET https://pay.xrocket.tg/tg-invoices/4736490 "HTTP/1.1 200 OK"
2026-07-31 02:09:01,972 | INFO     | httpx | HTTP Request: POST https://pay.crypt.bot/api/getInvoices "HTTP/1.1 200 OK"
2026-07-31 02:09:02,468 | INFO     | httpx | HTTP Request: GET https://pay.xrocket.tg/tg-invoices/4736490 "HTTP/1.1 200 OK"
2026-07-31 02:09:22,938 | INFO     | httpx | HTTP Request: POST https://pay.crypt.bot/api/getInvoices "HTTP/1.1 200 OK"
2026-07-31 02:09:23,452 | INFO     | httpx | HTTP Request: GET https://pay.xrocket.tg/tg-invoices/4736490 "HTTP/1.1 200 OK"
2026-07-31 02:09:44,068 | INFO     | httpx | HTTP Request: POST https://pay.crypt.bot/api/getInvoices "HTTP/1.1 200 OK"
2026-07-31 02:09:44,584 | INFO     | httpx | HTTP Request: GET https://pay.xrocket.tg/tg-invoices/4736490 "HTTP/1.1 200 OK"
2026-07-31 02:10:05,082 | INFO     | httpx | HTTP Request: POST https://pay.crypt.bot/api/getInvoices "HTTP/1.1 200 OK"
2026-07-31 02:10:05,798 | INFO     | httpx | HTTP Request: GET https://pay.xrocket.tg/tg-invoices/4736490 "HTTP/1.1 200 OK"
2026-07-31 02:10:26,398 | INFO     | httpx | HTTP Request: POST https://pay.crypt.bot/api/getInvoices "HTTP/1.1 200 OK"
2026-07-31 02:10:29,638 | INFO     | httpx | HTTP Request: GET https://pay.xrocket.tg/tg-invoices/4736490 "HTTP/1.1 200 OK"
2026-07-31 02:10:50,340 | INFO     | httpx | HTTP Request: POST https://pay.crypt.bot/api/getInvoices "HTTP/1.1 200 OK"
2026-07-31 02:10:50,820 | INFO     | httpx | HTTP Request: GET https://pay.xrocket.tg/tg-invoices/4736490 "HTTP/1.1 200 OK"
2026-07-31 02:11:11,626 | INFO     | httpx | HTTP Request: POST https://pay.crypt.bot/api/getInvoices "HTTP/1.1 200 OK"
2026-07-31 02:11:12,182 | INFO     | httpx | HTTP Request: GET https://pay.xrocket.tg/tg-invoices/4736490 "HTTP/1.1 200 OK"
2026-07-31 02:11:32,636 | INFO     | httpx | HTTP Request: POST https://pay.crypt.bot/api/getInvoices "HTTP/1.1 200 OK"
2026-07-31 02:11:33,155 | INFO     | httpx | HTTP Request: GET https://pay.xrocket.tg/tg-invoices/4736490 "HTTP/1.1 200 OK"
2026-07-31 02:11:53,648 | INFO     | httpx | HTTP Request: POST https://pay.crypt.bot/api/getInvoices "HTTP/1.1 200 OK"
2026-07-31 02:11:54,279 | INFO     | httpx | HTTP Request: GET https://pay.xrocket.tg/tg-invoices/4736490 "HTTP/1.1 200 OK"
2026-07-31 02:12:15,129 | INFO     | httpx | HTTP Request: POST https://pay.crypt.bot/api/getInvoices "HTTP/1.1 200 OK"
2026-07-31 02:12:15,642 | INFO     | httpx | HTTP Request: GET https://pay.xrocket.tg/tg-invoices/4736490 "HTTP/1.1 200 OK"
2026-07-31 02:12:36,121 | INFO     | httpx | HTTP Request: POST https://pay.crypt.bot/api/getInvoices "HTTP/1.1 200 OK"
2026-07-31 02:12:36,591 | INFO     | httpx | HTTP Request: GET https://pay.xrocket.tg/tg-invoices/4736490 "HTTP/1.1 200 OK"
2026-07-31 02:12:57,046 | INFO     | httpx | HTTP Request: POST https://pay.crypt.bot/api/getInvoices "HTTP/1.1 200 OK"
2026-07-31 02:12:57,631 | INFO     | httpx | HTTP Request: GET https://pay.xrocket.tg/tg-invoices/4736490 "HTTP/1.1 200 OK"
2026-07-31 02:13:18,368 | INFO     | httpx | HTTP Request: POST https://pay.crypt.bot/api/getInvoices "HTTP/1.1 200 OK"
2026-07-31 02:13:19,046 | INFO     | httpx | HTTP Request: GET https://pay.xrocket.tg/tg-invoices/4736490 "HTTP/1.1 200 OK"
2026-07-31 02:13:39,532 | INFO     | httpx | HTTP Request: POST https://pay.crypt.bot/api/getInvoices "HTTP/1.1 200 OK"
2026-07-31 02:13:40,015 | INFO     | httpx | HTTP Request: GET https://pay.xrocket.tg/tg-invoices/4736490 "HTTP/1.1 200 OK"
2026-07-31 02:14:00,518 | INFO     | httpx | HTTP Request: POST https://pay.crypt.bot/api/getInvoices "HTTP/1.1 200 OK"
2026-07-31 02:14:01,044 | INFO     | httpx | HTTP Request: GET https://pay.xrocket.tg/tg-invoices/4736490 "HTTP/1.1 200 OK"
2026-07-31 02:14:21,614 | INFO     | httpx | HTTP Request: POST https://pay.crypt.bot/api/getInvoices "HTTP/1.1 200 OK"
2026-07-31 02:14:22,140 | INFO     | httpx | HTTP Request: GET https://pay.xrocket.tg/tg-invoices/4736490 "HTTP/1.1 200 OK"
2026-07-31 02:14:42,587 | INFO     | httpx | HTTP Request: POST https://pay.crypt.bot/api/getInvoices "HTTP/1.1 200 OK"
2026-07-31 02:14:43,132 | INFO     | httpx | HTTP Request: GET https://pay.xrocket.tg/tg-invoices/4736490 "HTTP/1.1 200 OK"
2026-07-31 02:15:03,645 | INFO     | httpx | HTTP Request: POST https://pay.crypt.bot/api/getInvoices "HTTP/1.1 200 OK"
2026-07-31 02:15:04,139 | INFO     | httpx | HTTP Request: GET https://pay.xrocket.tg/tg-invoices/4736490 "HTTP/1.1 200 OK"
2026-07-31 02:15:24,853 | INFO     | httpx | HTTP Request: POST https://pay.crypt.bot/api/getInvoices "HTTP/1.1 200 OK"
2026-07-31 02:15:25,497 | INFO     | httpx | HTTP Request: GET https://pay.xrocket.tg/tg-invoices/4736490 "HTTP/1.1 200 OK"
2026-07-31 02:15:45,988 | INFO     | httpx | HTTP Request: POST https://pay.crypt.bot/api/getInvoices "HTTP/1.1 200 OK"
2026-07-31 02:15:46,497 | INFO     | httpx | HTTP Request: GET https://pay.xrocket.tg/tg-invoices/4736490 "HTTP/1.1 200 OK"
2026-07-31 02:16:07,271 | INFO     | httpx | HTTP Request: POST https://pay.crypt.bot/api/getInvoices "HTTP/1.1 200 OK"
2026-07-31 02:16:07,964 | INFO     | httpx | HTTP Request: GET https://pay.xrocket.tg/tg-invoices/4736490 "HTTP/1.1 200 OK"
2026-07-31 02:16:28,505 | INFO     | httpx | HTTP Request: POST https://pay.crypt.bot/api/getInvoices "HTTP/1.1 200 OK"
2026-07-31 02:16:29,007 | INFO     | httpx | HTTP Request: GET https://pay.xrocket.tg/tg-invoices/4736490 "HTTP/1.1 200 OK"
2026-07-31 02:16:49,860 | INFO     | httpx | HTTP Request: POST https://pay.crypt.bot/api/getInvoices "HTTP/1.1 200 OK"
2026-07-31 02:16:52,298 | INFO     | httpx | HTTP Request: GET https://pay.xrocket.tg/tg-invoices/4736490 "HTTP/1.1 200 OK"
2026-07-31 02:17:12,833 | INFO     | httpx | HTTP Request: POST https://pay.crypt.bot/api/getInvoices "HTTP/1.1 200 OK"
2026-07-31 02:17:13,308 | INFO     | httpx | HTTP Request: GET https://pay.xrocket.tg/tg-invoices/4736490 "HTTP/1.1 200 OK"
2026-07-31 02:17:34,464 | INFO     | httpx | HTTP Request: POST https://pay.crypt.bot/api/getInvoices "HTTP/1.1 200 OK"
2026-07-31 02:17:34,988 | INFO     | httpx | HTTP Request: GET https://pay.xrocket.tg/tg-invoices/4736490 "HTTP/1.1 200 OK"
2026-07-31 02:17:55,439 | INFO     | httpx | HTTP Request: POST https://pay.crypt.bot/api/getInvoices "HTTP/1.1 200 OK"
2026-07-31 02:17:55,995 | INFO     | httpx | HTTP Request: GET https://pay.xrocket.tg/tg-invoices/4736490 "HTTP/1.1 200 OK"
2026-07-31 02:18:16,800 | INFO     | httpx | HTTP Request: POST https://pay.crypt.bot/api/getInvoices "HTTP/1.1 200 OK"
2026-07-31 02:18:17,311 | INFO     | httpx | HTTP Request: GET https://pay.xrocket.tg/tg-invoices/4736490 "HTTP/1.1 200 OK"
2026-07-31 02:18:37,846 | INFO     | httpx | HTTP Request: POST https://pay.crypt.bot/api/getInvoices "HTTP/1.1 200 OK"
2026-07-31 02:18:38,391 | INFO     | httpx | HTTP Request: GET https://pay.xrocket.tg/tg-invoices/4736490 "HTTP/1.1 200 OK"
2026-07-31 02:18:58,978 | INFO     | httpx | HTTP Request: POST https://pay.crypt.bot/api/getInvoices "HTTP/1.1 200 OK"
2026-07-31 02:18:59,487 | INFO     | httpx | HTTP Request: GET https://pay.xrocket.tg/tg-invoices/4736490 "HTTP/1.1 200 OK"
2026-07-31 02:19:20,059 | INFO     | httpx | HTTP Request: POST https://pay.crypt.bot/api/getInvoices "HTTP/1.1 200 OK"
2026-07-31 02:19:20,565 | INFO     | httpx | HTTP Request: GET https://pay.xrocket.tg/tg-invoices/4736490 "HTTP/1.1 200 OK"
2026-07-31 02:19:41,033 | INFO     | httpx | HTTP Request: POST https://pay.crypt.bot/api/getInvoices "HTTP/1.1 200 OK"
2026-07-31 02:19:41,501 | INFO     | httpx | HTTP Request: GET https://pay.xrocket.tg/tg-invoices/4736490 "HTTP/1.1 200 OK"
2026-07-31 02:20:02,452 | INFO     | httpx | HTTP Request: POST https://pay.crypt.bot/api/getInvoices "HTTP/1.1 200 OK"
2026-07-31 02:20:03,010 | INFO     | httpx | HTTP Request: GET https://pay.xrocket.tg/tg-invoices/4736490 "HTTP/1.1 200 OK"
2026-07-31 02:20:23,475 | INFO     | httpx | HTTP Request: POST https://pay.crypt.bot/api/getInvoices "HTTP/1.1 200 OK"
2026-07-31 02:20:24,142 | INFO     | httpx | HTTP Request: GET https://pay.xrocket.tg/tg-invoices/4736490 "HTTP/1.1 200 OK"
2026-07-31 02:20:44,600 | INFO     | httpx | HTTP Request: POST https://pay.crypt.bot/api/getInvoices "HTTP/1.1 200 OK"
2026-07-31 02:20:45,104 | INFO     | httpx | HTTP Request: GET https://pay.xrocket.tg/tg-invoices/4736490 "HTTP/1.1 200 OK"
2026-07-31 02:21:05,747 | INFO     | httpx | HTTP Request: POST https://pay.crypt.bot/api/getInvoices "HTTP/1.1 200 OK"
2026-07-31 02:21:06,209 | INFO     | httpx | HTTP Request: GET https://pay.xrocket.tg/tg-invoices/4736490 "HTTP/1.1 200 OK"
2026-07-31 02:21:26,811 | INFO     | httpx | HTTP Request: POST https://pay.crypt.bot/api/getInvoices "HTTP/1.1 200 OK"
2026-07-31 02:21:27,376 | INFO     | httpx | HTTP Request: GET https://pay.xrocket.tg/tg-invoices/4736490 "HTTP/1.1 200 OK"
2026-07-31 02:21:47,924 | INFO     | httpx | HTTP Request: POST https://pay.crypt.bot/api/getInvoices "HTTP/1.1 200 OK"
2026-07-31 02:21:48,476 | INFO     | httpx | HTTP Request: GET https://pay.xrocket.tg/tg-invoices/4736490 "HTTP/1.1 200 OK"
2026-07-31 02:22:08,942 | INFO     | httpx | HTTP Request: POST https://pay.crypt.bot/api/getInvoices "HTTP/1.1 200 OK"
2026-07-31 02:22:09,420 | INFO     | httpx | HTTP Request: GET https://pay.xrocket.tg/tg-invoices/4736490 "HTTP/1.1 200 OK"
2026-07-31 02:22:29,897 | INFO     | httpx | HTTP Request: POST https://pay.crypt.bot/api/getInvoices "HTTP/1.1 200 OK"
2026-07-31 02:22:30,402 | INFO     | httpx | HTTP Request: GET https://pay.xrocket.tg/tg-invoices/4736490 "HTTP/1.1 200 OK"
2026-07-31 02:22:50,935 | INFO     | httpx | HTTP Request: POST https://pay.crypt.bot/api/getInvoices "HTTP/1.1 200 OK"
2026-07-31 02:22:51,448 | INFO     | httpx | HTTP Request: GET https://pay.xrocket.tg/tg-invoices/4736490 "HTTP/1.1 200 OK"
2026-07-31 02:23:11,947 | INFO     | httpx | HTTP Request: POST https://pay.crypt.bot/api/getInvoices "HTTP/1.1 200 OK"
2026-07-31 02:23:12,489 | INFO     | httpx | HTTP Request: GET https://pay.xrocket.tg/tg-invoices/4736490 "HTTP/1.1 200 OK"
2026-07-31 02:23:32,969 | INFO     | httpx | HTTP Request: POST https://pay.crypt.bot/api/getInvoices "HTTP/1.1 200 OK"
2026-07-31 02:23:33,455 | INFO     | httpx | HTTP Request: GET https://pay.xrocket.tg/tg-invoices/4736490 "HTTP/1.1 200 OK"
2026-07-31 02:23:54,118 | INFO     | httpx | HTTP Request: POST https://pay.crypt.bot/api/getInvoices "HTTP/1.1 200 OK"
2026-07-31 02:23:54,611 | INFO     | httpx | HTTP Request: GET https://pay.xrocket.tg/tg-invoices/4736490 "HTTP/1.1 200 OK"
2026-07-31 02:24:15,364 | INFO     | httpx | HTTP Request: POST https://pay.crypt.bot/api/getInvoices "HTTP/1.1 200 OK"
2026-07-31 02:24:15,949 | INFO     | httpx | HTTP Request: GET https://pay.xrocket.tg/tg-invoices/4736490 "HTTP/1.1 200 OK"
2026-07-31 02:24:36,473 | INFO     | httpx | HTTP Request: POST https://pay.crypt.bot/api/getInvoices "HTTP/1.1 200 OK"
2026-07-31 02:24:36,961 | INFO     | httpx | HTTP Request: GET https://pay.xrocket.tg/tg-invoices/4736490 "HTTP/1.1 200 OK"
2026-07-31 02:24:57,499 | INFO     | httpx | HTTP Request: POST https://pay.crypt.bot/api/getInvoices "HTTP/1.1 200 OK"
2026-07-31 02:24:58,088 | INFO     | httpx | HTTP Request: GET https://pay.xrocket.tg/tg-invoices/4736490 "HTTP/1.1 200 OK"
2026-07-31 02:25:18,769 | INFO     | httpx | HTTP Request: POST https://pay.crypt.bot/api/getInvoices "HTTP/1.1 200 OK"
2026-07-31 02:25:19,281 | INFO     | httpx | HTTP Request: GET https://pay.xrocket.tg/tg-invoices/4736490 "HTTP/1.1 200 OK"
2026-07-31 02:25:39,755 | INFO     | httpx | HTTP Request: POST https://pay.crypt.bot/api/getInvoices "HTTP/1.1 200 OK"
2026-07-31 02:25:40,244 | INFO     | httpx | HTTP Request: GET https://pay.xrocket.tg/tg-invoices/4736490 "HTTP/1.1 200 OK"
2026-07-31 02:26:00,757 | INFO     | httpx | HTTP Request: POST https://pay.crypt.bot/api/getInvoices "HTTP/1.1 200 OK"
2026-07-31 02:26:01,251 | INFO     | httpx | HTTP Request: GET https://pay.xrocket.tg/tg-invoices/4736490 "HTTP/1.1 200 OK"
2026-07-31 02:26:21,796 | INFO     | httpx | HTTP Request: POST https://pay.crypt.bot/api/getInvoices "HTTP/1.1 200 OK"
2026-07-31 02:26:22,253 | INFO     | httpx | HTTP Request: GET https://pay.xrocket.tg/tg-invoices/4736490 "HTTP/1.1 200 OK"
2026-07-31 02:26:42,721 | INFO     | httpx | HTTP Request: POST https://pay.crypt.bot/api/getInvoices "HTTP/1.1 200 OK"
2026-07-31 02:26:43,431 | INFO     | httpx | HTTP Request: GET https://pay.xrocket.tg/tg-invoices/4736490 "HTTP/1.1 200 OK"
2026-07-31 02:27:04,392 | INFO     | httpx | HTTP Request: POST https://pay.crypt.bot/api/getInvoices "HTTP/1.1 200 OK"
2026-07-31 02:27:04,973 | INFO     | httpx | HTTP Request: GET https://pay.xrocket.tg/tg-invoices/4736490 "HTTP/1.1 200 OK"
2026-07-31 02:27:25,461 | INFO     | httpx | HTTP Request: POST https://pay.crypt.bot/api/getInvoices "HTTP/1.1 200 OK"
2026-07-31 02:27:25,958 | INFO     | httpx | HTTP Request: GET https://pay.xrocket.tg/tg-invoices/4736490 "HTTP/1.1 200 OK"
2026-07-31 02:27:46,440 | INFO     | httpx | HTTP Request: POST https://pay.crypt.bot/api/getInvoices "HTTP/1.1 200 OK"
2026-07-31 02:27:46,979 | INFO     | httpx | HTTP Request: GET https://pay.xrocket.tg/tg-invoices/4736490 "HTTP/1.1 200 OK"
2026-07-31 02:28:07,802 | INFO     | httpx | HTTP Request: POST https://pay.crypt.bot/api/getInvoices "HTTP/1.1 200 OK"
2026-07-31 02:28:08,366 | INFO     | httpx | HTTP Request: GET https://pay.xrocket.tg/tg-invoices/4736490 "HTTP/1.1 200 OK"
2026-07-31 02:28:28,885 | INFO     | httpx | HTTP Request: POST https://pay.crypt.bot/api/getInvoices "HTTP/1.1 200 OK"
2026-07-31 02:28:29,410 | INFO     | httpx | HTTP Request: GET https://pay.xrocket.tg/tg-invoices/4736490 "HTTP/1.1 200 OK"
2026-07-31 02:28:49,902 | INFO     | httpx | HTTP Request: POST https://pay.crypt.bot/api/getInvoices "HTTP/1.1 200 OK"
2026-07-31 02:28:50,396 | INFO     | httpx | HTTP Request: GET https://pay.xrocket.tg/tg-invoices/4736490 "HTTP/1.1 200 OK"
2026-07-31 02:29:11,077 | INFO     | httpx | HTTP Request: POST https://pay.crypt.bot/api/getInvoices "HTTP/1.1 200 OK"
2026-07-31 02:29:11,593 | INFO     | httpx | HTTP Request: GET https://pay.xrocket.tg/tg-invoices/4736490 "HTTP/1.1 200 OK"
2026-07-31 02:29:32,386 | INFO     | httpx | HTTP Request: POST https://pay.crypt.bot/api/getInvoices "HTTP/1.1 200 OK"
2026-07-31 02:29:32,972 | INFO     | httpx | HTTP Request: GET https://pay.xrocket.tg/tg-invoices/4736490 "HTTP/1.1 200 OK"
2026-07-31 02:29:53,799 | INFO     | httpx | HTTP Request: POST https://pay.crypt.bot/api/getInvoices "HTTP/1.1 200 OK"
2026-07-31 02:29:54,297 | INFO     | httpx | HTTP Request: GET https://pay.xrocket.tg/tg-invoices/4736490 "HTTP/1.1 200 OK"
2026-07-31 02:30:14,748 | INFO     | httpx | HTTP Request: POST https://pay.crypt.bot/api/getInvoices "HTTP/1.1 200 OK"
2026-07-31 02:30:15,227 | INFO     | httpx | HTTP Request: GET https://pay.xrocket.tg/tg-invoices/4736490 "HTTP/1.1 200 OK"
2026-07-31 02:30:35,973 | INFO     | httpx | HTTP Request: POST https://pay.crypt.bot/api/getInvoices "HTTP/1.1 200 OK"
2026-07-31 02:30:36,494 | INFO     | httpx | HTTP Request: GET https://pay.xrocket.tg/tg-invoices/4736490 "HTTP/1.1 200 OK"
2026-07-31 02:30:56,945 | INFO     | httpx | HTTP Request: POST https://pay.crypt.bot/api/getInvoices "HTTP/1.1 200 OK"
2026-07-31 02:30:57,463 | INFO     | httpx | HTTP Request: GET https://pay.xrocket.tg/tg-invoices/4736490 "HTTP/1.1 200 OK"
2026-07-31 02:31:18,138 | INFO     | httpx | HTTP Request: POST https://pay.crypt.bot/api/getInvoices "HTTP/1.1 200 OK"
2026-07-31 02:31:18,667 | INFO     | httpx | HTTP Request: GET https://pay.xrocket.tg/tg-invoices/4736490 "HTTP/1.1 200 OK"
2026-07-31 02:31:38,798 | WARNING  | aiogram.dispatcher | Received SIGINT signal
2026-07-31 02:31:38,800 | INFO     | aiogram.dispatcher | Polling stopped for bot @Tenkyushopbot id=8591349938 - 'Tenkyu Shop'
2026-07-31 02:31:38,800 | INFO     | aiogram.dispatcher | Polling stopped
2026-07-31 02:31:41,577 | INFO     | __main__ | Starting Telegram Digital Product Sales Bot...
2026-07-31 02:31:41,580 | INFO     | app.database.bootstrap | Database tables ensured (create_all).
2026-07-31 02:31:41,583 | INFO     | app.database.bootstrap | Patched missing column: reviews.author_name
2026-07-31 02:31:41,583 | INFO     | app.database.bootstrap | Patched missing column: products.name_uz
2026-07-31 02:31:41,583 | INFO     | app.database.bootstrap | Patched missing column: products.name_ru
2026-07-31 02:31:41,584 | INFO     | app.database.bootstrap | Patched missing column: products.name_en
2026-07-31 02:31:41,584 | INFO     | app.database.bootstrap | Patched missing column: products.description_uz
2026-07-31 02:31:41,585 | INFO     | app.database.bootstrap | Patched missing column: products.description_ru
2026-07-31 02:31:41,585 | INFO     | app.database.bootstrap | Patched missing column: products.description_en
2026-07-31 02:31:41,585 | INFO     | app.database.bootstrap | Patched missing column: products.delivery_instructions_uz
2026-07-31 02:31:41,586 | INFO     | app.database.bootstrap | Patched missing column: products.delivery_instructions_ru
2026-07-31 02:31:41,586 | INFO     | app.database.bootstrap | Patched missing column: products.delivery_instructions_en
2026-07-31 02:31:41,597 | INFO     | providers | Crypto payment poller started (interval=20.0s)
2026-07-31 02:31:42,139 | INFO     | httpx | HTTP Request: POST https://pay.crypt.bot/api/getInvoices "HTTP/1.1 200 OK"
2026-07-31 02:31:42,224 | INFO     | __main__ | Bot is polling...
2026-07-31 02:31:42,225 | INFO     | aiogram.dispatcher | Start polling
2026-07-31 02:31:42,380 | INFO     | aiogram.dispatcher | Run polling for bot @Tenkyushopbot id=8591349938 - 'Tenkyu Shop'
2026-07-31 02:31:42,741 | INFO     | httpx | HTTP Request: GET https://pay.xrocket.tg/tg-invoices/4736490 "HTTP/1.1 200 OK"
2026-07-31 02:31:51,788 | INFO     | aiogram.event | Update id=883467571 is handled. Duration 721 ms by bot id=8591349938
2026-07-31 02:31:56,579 | INFO     | aiogram.event | Update id=883467572 is handled. Duration 236 ms by bot id=8591349938
2026-07-31 02:31:59,212 | INFO     | aiogram.event | Update id=883467573 is handled. Duration 678 ms by bot id=8591349938
2026-07-31 02:32:01,491 | INFO     | aiogram.event | Update id=883467574 is handled. Duration 230 ms by bot id=8591349938
2026-07-31 02:32:03,580 | INFO     | httpx | HTTP Request: POST https://pay.crypt.bot/api/getInvoices "HTTP/1.1 200 OK"
2026-07-31 02:32:03,656 | INFO     | aiogram.event | Update id=883467575 is handled. Duration 855 ms by bot id=8591349938
2026-07-31 02:32:04,100 | INFO     | httpx | HTTP Request: GET https://pay.xrocket.tg/tg-invoices/4736490 "HTTP/1.1 200 OK"
2026-07-31 02:32:06,929 | INFO     | aiogram.event | Update id=883467576 is handled. Duration 459 ms by bot id=8591349938
2026-07-31 02:32:12,760 | INFO     | aiogram.event | Update id=883467577 is handled. Duration 258 ms by bot id=8591349938
2026-07-31 02:32:17,771 | INFO     | aiogram.event | Update id=883467578 is handled. Duration 486 ms by bot id=8591349938
2026-07-31 02:32:19,159 | INFO     | admin_actions | review_deleted id=1 admin=1403306196
2026-07-31 02:32:19,580 | INFO     | aiogram.event | Update id=883467579 is handled. Duration 436 ms by bot id=8591349938
2026-07-31 02:32:24,726 | INFO     | httpx | HTTP Request: POST https://pay.crypt.bot/api/getInvoices "HTTP/1.1 200 OK"
2026-07-31 02:32:24,742 | INFO     | aiogram.event | Update id=883467580 is handled. Duration 213 ms by bot id=8591349938
2026-07-31 02:32:25,238 | INFO     | httpx | HTTP Request: GET https://pay.xrocket.tg/tg-invoices/4736490 "HTTP/1.1 200 OK"
2026-07-31 02:32:26,870 | INFO     | aiogram.event | Update id=883467581 is handled. Duration 228 ms by bot id=8591349938
2026-07-31 02:32:31,461 | INFO     | aiogram.event | Update id=883467582 is handled. Duration 404 ms by bot id=8591349938
2026-07-31 02:32:34,078 | INFO     | aiogram.event | Update id=883467583 is handled. Duration 417 ms by bot id=8591349938
2026-07-31 02:32:44,353 | INFO     | admin_actions | setting_changed key=payment_instructions_uz admin=1403306196
2026-07-31 02:32:44,593 | INFO     | aiogram.event | Update id=883467584 is handled. Duration 251 ms by bot id=8591349938
2026-07-31 02:32:45,760 | INFO     | httpx | HTTP Request: POST https://pay.crypt.bot/api/getInvoices "HTTP/1.1 200 OK"
2026-07-31 02:32:46,420 | INFO     | httpx | HTTP Request: GET https://pay.xrocket.tg/tg-invoices/4736490 "HTTP/1.1 200 OK"
2026-07-31 02:32:47,523 | INFO     | aiogram.event | Update id=883467585 is handled. Duration 221 ms by bot id=8591349938
2026-07-31 02:32:48,674 | INFO     | aiogram.event | Update id=883467586 is handled. Duration 246 ms by bot id=8591349938
2026-07-31 02:32:50,544 | INFO     | aiogram.event | Update id=883467587 is handled. Duration 676 ms by bot id=8591349938
2026-07-31 02:32:52,278 | INFO     | aiogram.event | Update id=883467588 is handled. Duration 483 ms by bot id=8591349938
2026-07-31 02:33:06,944 | INFO     | httpx | HTTP Request: POST https://pay.crypt.bot/api/getInvoices "HTTP/1.1 200 OK"
2026-07-31 02:33:07,494 | INFO     | httpx | HTTP Request: GET https://pay.xrocket.tg/tg-invoices/4736490 "HTTP/1.1 200 OK"
2026-07-31 02:33:19,969 | INFO     | aiogram.event | Update id=883467589 is handled. Duration 438 ms by bot id=8591349938
2026-07-31 02:33:21,247 | INFO     | aiogram.event | Update id=883467590 is handled. Duration 167 ms by bot id=8591349938
2026-07-31 02:33:26,279 | INFO     | aiogram.event | Update id=883467591 is handled. Duration 197 ms by bot id=8591349938
2026-07-31 02:33:27,977 | INFO     | httpx | HTTP Request: POST https://pay.crypt.bot/api/getInvoices "HTTP/1.1 200 OK"
2026-07-31 02:33:28,240 | INFO     | aiogram.event | Update id=883467592 is handled. Duration 313 ms by bot id=8591349938
2026-07-31 02:33:28,460 | INFO     | httpx | HTTP Request: GET https://pay.xrocket.tg/tg-invoices/4736490 "HTTP/1.1 200 OK"
2026-07-31 02:33:41,024 | INFO     | aiogram.event | Update id=883467593 is handled. Duration 166 ms by bot id=8591349938
2026-07-31 02:33:48,922 | INFO     | httpx | HTTP Request: POST https://pay.crypt.bot/api/getInvoices "HTTP/1.1 200 OK"
2026-07-31 02:33:49,444 | INFO     | httpx | HTTP Request: GET https://pay.xrocket.tg/tg-invoices/4736490 "HTTP/1.1 200 OK"
2026-07-31 02:34:02,422 | INFO     | aiogram.event | Update id=883467594 is handled. Duration 703 ms by bot id=8591349938
2026-07-31 02:34:04,278 | INFO     | aiogram.event | Update id=883467595 is handled. Duration 417 ms by bot id=8591349938
2026-07-31 02:34:06,090 | INFO     | aiogram.event | Update id=883467596 is handled. Duration 425 ms by bot id=8591349938
2026-07-31 02:34:10,025 | INFO     | httpx | HTTP Request: POST https://pay.crypt.bot/api/getInvoices "HTTP/1.1 200 OK"
2026-07-31 02:34:10,576 | INFO     | httpx | HTTP Request: GET https://pay.xrocket.tg/tg-invoices/4736490 "HTTP/1.1 200 OK"
2026-07-31 02:34:13,047 | INFO     | admin_actions | product_field_edited id=1 field=payment_instructions admin=1403306196
2026-07-31 02:34:13,304 | INFO     | aiogram.event | Update id=883467597 is handled. Duration 277 ms by bot id=8591349938
2026-07-31 02:34:29,951 | INFO     | aiogram.event | Update id=883467598 is handled. Duration 624 ms by bot id=8591349938
2026-07-31 02:34:31,158 | INFO     | httpx | HTTP Request: POST https://pay.crypt.bot/api/getInvoices "HTTP/1.1 200 OK"
2026-07-31 02:34:31,723 | INFO     | httpx | HTTP Request: GET https://pay.xrocket.tg/tg-invoices/4736490 "HTTP/1.1 200 OK"
2026-07-31 02:34:52,343 | INFO     | httpx | HTTP Request: POST https://pay.crypt.bot/api/getInvoices "HTTP/1.1 200 OK"
2026-07-31 02:34:53,107 | INFO     | httpx | HTTP Request: GET https://pay.xrocket.tg/tg-invoices/4736490 "HTTP/1.1 200 OK"
2026-07-31 02:35:00,050 | INFO     | aiogram.event | Update id=883467599 is handled. Duration 791 ms by bot id=8591349938
2026-07-31 02:35:03,141 | INFO     | admin_actions | product_field_edited id=1 field=description_en admin=1403306196
2026-07-31 02:35:03,477 | INFO     | aiogram.event | Update id=883467600 is handled. Duration 350 ms by bot id=8591349938
2026-07-31 02:35:06,536 | INFO     | aiogram.event | Update id=883467601 is handled. Duration 502 ms by bot id=8591349938
2026-07-31 02:35:13,572 | INFO     | httpx | HTTP Request: POST https://pay.crypt.bot/api/getInvoices "HTTP/1.1 200 OK"
2026-07-31 02:35:14,242 | INFO     | httpx | HTTP Request: GET https://pay.xrocket.tg/tg-invoices/4736490 "HTTP/1.1 200 OK"
2026-07-31 02:35:16,716 | INFO     | aiogram.event | Update id=883467602 is handled. Duration 410 ms by bot id=8591349938
2026-07-31 02:35:19,252 | INFO     | admin_actions | product_field_edited id=1 field=description_uz admin=1403306196
2026-07-31 02:35:19,471 | INFO     | aiogram.event | Update id=883467603 is handled. Duration 238 ms by bot id=8591349938
2026-07-31 02:35:34,716 | INFO     | httpx | HTTP Request: POST https://pay.crypt.bot/api/getInvoices "HTTP/1.1 200 OK"
2026-07-31 02:35:35,214 | INFO     | httpx | HTTP Request: GET https://pay.xrocket.tg/tg-invoices/4736490 "HTTP/1.1 200 OK"
2026-07-31 02:35:39,509 | INFO     | aiogram.event | Update id=883467604 is handled. Duration 730 ms by bot id=8591349938
2026-07-31 02:35:40,873 | INFO     | aiogram.event | Update id=883467605 is handled. Duration 303 ms by bot id=8591349938
2026-07-31 02:35:43,686 | INFO     | admin_actions | product_field_edited id=1 field=description_ru admin=1403306196
2026-07-31 02:35:43,859 | INFO     | aiogram.event | Update id=883467606 is handled. Duration 188 ms by bot id=8591349938
2026-07-31 02:35:46,762 | INFO     | aiogram.event | Update id=883467607 is handled. Duration 178 ms by bot id=8591349938
2026-07-31 02:35:48,551 | INFO     | aiogram.event | Update id=883467608 is handled. Duration 174 ms by bot id=8591349938
2026-07-31 02:35:50,566 | INFO     | aiogram.event | Update id=883467609 is handled. Duration 464 ms by bot id=8591349938
2026-07-31 02:35:51,802 | INFO     | aiogram.event | Update id=883467610 is handled. Duration 166 ms by bot id=8591349938
2026-07-31 02:35:53,892 | INFO     | aiogram.event | Update id=883467611 is handled. Duration 582 ms by bot id=8591349938
2026-07-31 02:35:55,726 | INFO     | httpx | HTTP Request: POST https://pay.crypt.bot/api/getInvoices "HTTP/1.1 200 OK"
2026-07-31 02:35:56,265 | INFO     | httpx | HTTP Request: GET https://pay.xrocket.tg/tg-invoices/4736490 "HTTP/1.1 200 OK"
2026-07-31 02:36:05,060 | INFO     | aiogram.event | Update id=883467612 is handled. Duration 525 ms by bot id=8591349938
2026-07-31 02:36:16,966 | INFO     | httpx | HTTP Request: POST https://pay.crypt.bot/api/getInvoices "HTTP/1.1 200 OK"
2026-07-31 02:36:17,675 | INFO     | httpx | HTTP Request: GET https://pay.xrocket.tg/tg-invoices/4736490 "HTTP/1.1 200 OK"
2026-07-31 02:36:38,200 | INFO     | httpx | HTTP Request: POST https://pay.crypt.bot/api/getInvoices "HTTP/1.1 200 OK"
2026-07-31 02:36:38,719 | INFO     | httpx | HTTP Request: GET https://pay.xrocket.tg/tg-invoices/4736490 "HTTP/1.1 200 OK"
2026-07-31 02:36:59,435 | INFO     | httpx | HTTP Request: POST https://pay.crypt.bot/api/getInvoices "HTTP/1.1 200 OK"
2026-07-31 02:36:59,987 | INFO     | httpx | HTTP Request: GET https://pay.xrocket.tg/tg-invoices/4736490 "HTTP/1.1 200 OK"
2026-07-31 02:37:06,200 | INFO     | aiogram.event | Update id=883467613 is handled. Duration 427 ms by bot id=8591349938
2026-07-31 02:37:07,882 | ERROR    | app.middlewares.error_handling | Unhandled exception while processing update
Traceback (most recent call last):
  File "/Users/mehriddinmengturayev/Downloads/shopbot/app/middlewares/error_handling.py", line 33, in __call__
    return await handler(event, data)
           ^^^^^^^^^^^^^^^^^^^^^^^^^^
  File "/Users/mehriddinmengturayev/Downloads/shopbot/app/middlewares/throttling.py", line 40, in __call__
    return await handler(event, data)
           ^^^^^^^^^^^^^^^^^^^^^^^^^^
  File "/Users/mehriddinmengturayev/Downloads/shopbot/app/middlewares/db_session.py", line 27, in __call__
    return await handler(event, data)
           ^^^^^^^^^^^^^^^^^^^^^^^^^^
  File "/Users/mehriddinmengturayev/Downloads/shopbot/app/middlewares/user_context.py", line 41, in __call__
    return await handler(event, data)
           ^^^^^^^^^^^^^^^^^^^^^^^^^^
  File "/Users/mehriddinmengturayev/Downloads/shopbot/.venv/lib/python3.13/site-packages/aiogram/dispatcher/event/telegram.py", line 121, in trigger
    return await wrapped_inner(event, kwargs)
           ^^^^^^^^^^^^^^^^^^^^^^^^^^^^^^^^^^
  File "/Users/mehriddinmengturayev/Downloads/shopbot/.venv/lib/python3.13/site-packages/aiogram/dispatcher/event/handler.py", line 43, in call
    return await wrapped()
           ^^^^^^^^^^^^^^^
  File "/Users/mehriddinmengturayev/Downloads/shopbot/.venv/lib/python3.13/site-packages/aiogram/dispatcher/dispatcher.py", line 276, in _listen_update
    return await self.propagate_event(update_type=update_type, event=event, **kwargs)
           ^^^^^^^^^^^^^^^^^^^^^^^^^^^^^^^^^^^^^^^^^^^^^^^^^^^^^^^^^^^^^^^^^^^^^^^^^^
  File "/Users/mehriddinmengturayev/Downloads/shopbot/.venv/lib/python3.13/site-packages/aiogram/dispatcher/router.py", line 146, in propagate_event
    return await observer.wrap_outer_middleware(_wrapped, event=event, data=kwargs)
           ^^^^^^^^^^^^^^^^^^^^^^^^^^^^^^^^^^^^^^^^^^^^^^^^^^^^^^^^^^^^^^^^^^^^^^^^
  File "/Users/mehriddinmengturayev/Downloads/shopbot/.venv/lib/python3.13/site-packages/aiogram/dispatcher/router.py", line 141, in _wrapped
    return await self._propagate_event(
           ^^^^^^^^^^^^^^^^^^^^^^^^^^^^
        observer=observer, update_type=update_type, event=telegram_event, **data
        ^^^^^^^^^^^^^^^^^^^^^^^^^^^^^^^^^^^^^^^^^^^^^^^^^^^^^^^^^^^^^^^^^^^^^^^^
    )
    ^
  File "/Users/mehriddinmengturayev/Downloads/shopbot/.venv/lib/python3.13/site-packages/aiogram/dispatcher/router.py", line 174, in _propagate_event
    response = await router.propagate_event(update_type=update_type, event=event, **kwargs)
               ^^^^^^^^^^^^^^^^^^^^^^^^^^^^^^^^^^^^^^^^^^^^^^^^^^^^^^^^^^^^^^^^^^^^^^^^^^^^
  File "/Users/mehriddinmengturayev/Downloads/shopbot/.venv/lib/python3.13/site-packages/aiogram/dispatcher/router.py", line 146, in propagate_event
    return await observer.wrap_outer_middleware(_wrapped, event=event, data=kwargs)
           ^^^^^^^^^^^^^^^^^^^^^^^^^^^^^^^^^^^^^^^^^^^^^^^^^^^^^^^^^^^^^^^^^^^^^^^^
  File "/Users/mehriddinmengturayev/Downloads/shopbot/.venv/lib/python3.13/site-packages/aiogram/dispatcher/router.py", line 141, in _wrapped
    return await self._propagate_event(
           ^^^^^^^^^^^^^^^^^^^^^^^^^^^^
        observer=observer, update_type=update_type, event=telegram_event, **data
        ^^^^^^^^^^^^^^^^^^^^^^^^^^^^^^^^^^^^^^^^^^^^^^^^^^^^^^^^^^^^^^^^^^^^^^^^
    )
    ^
  File "/Users/mehriddinmengturayev/Downloads/shopbot/.venv/lib/python3.13/site-packages/aiogram/dispatcher/router.py", line 174, in _propagate_event
    response = await router.propagate_event(update_type=update_type, event=event, **kwargs)
               ^^^^^^^^^^^^^^^^^^^^^^^^^^^^^^^^^^^^^^^^^^^^^^^^^^^^^^^^^^^^^^^^^^^^^^^^^^^^
  File "/Users/mehriddinmengturayev/Downloads/shopbot/.venv/lib/python3.13/site-packages/aiogram/dispatcher/router.py", line 146, in propagate_event
    return await observer.wrap_outer_middleware(_wrapped, event=event, data=kwargs)
           ^^^^^^^^^^^^^^^^^^^^^^^^^^^^^^^^^^^^^^^^^^^^^^^^^^^^^^^^^^^^^^^^^^^^^^^^
  File "/Users/mehriddinmengturayev/Downloads/shopbot/.venv/lib/python3.13/site-packages/aiogram/dispatcher/router.py", line 141, in _wrapped
    return await self._propagate_event(
           ^^^^^^^^^^^^^^^^^^^^^^^^^^^^
        observer=observer, update_type=update_type, event=telegram_event, **data
        ^^^^^^^^^^^^^^^^^^^^^^^^^^^^^^^^^^^^^^^^^^^^^^^^^^^^^^^^^^^^^^^^^^^^^^^^
    )
    ^
  File "/Users/mehriddinmengturayev/Downloads/shopbot/.venv/lib/python3.13/site-packages/aiogram/dispatcher/router.py", line 166, in _propagate_event
    response = await observer.trigger(event, **kwargs)
               ^^^^^^^^^^^^^^^^^^^^^^^^^^^^^^^^^^^^^^^
  File "/Users/mehriddinmengturayev/Downloads/shopbot/.venv/lib/python3.13/site-packages/aiogram/dispatcher/event/telegram.py", line 121, in trigger
    return await wrapped_inner(event, kwargs)
           ^^^^^^^^^^^^^^^^^^^^^^^^^^^^^^^^^^
  File "/Users/mehriddinmengturayev/Downloads/shopbot/.venv/lib/python3.13/site-packages/aiogram/dispatcher/event/handler.py", line 43, in call
    return await wrapped()
           ^^^^^^^^^^^^^^^
  File "/Users/mehriddinmengturayev/Downloads/shopbot/app/handlers/user/reviews.py", line 43, in show_reviews
    await message.answer(
    ...<2 lines>...
    )
  File "/Users/mehriddinmengturayev/Downloads/shopbot/.venv/lib/python3.13/site-packages/aiogram/methods/base.py", line 84, in emit
    return await bot(self)
           ^^^^^^^^^^^^^^^
  File "/Users/mehriddinmengturayev/Downloads/shopbot/.venv/lib/python3.13/site-packages/aiogram/client/bot.py", line 494, in __call__
    return await self.session(self, method, timeout=request_timeout)
           ^^^^^^^^^^^^^^^^^^^^^^^^^^^^^^^^^^^^^^^^^^^^^^^^^^^^^^^^^
  File "/Users/mehriddinmengturayev/Downloads/shopbot/.venv/lib/python3.13/site-packages/aiogram/client/session/base.py", line 254, in __call__
    return cast(TelegramType, await middleware(bot, method))
                              ^^^^^^^^^^^^^^^^^^^^^^^^^^^^^
  File "/Users/mehriddinmengturayev/Downloads/shopbot/.venv/lib/python3.13/site-packages/aiogram/client/session/aiohttp.py", line 189, in make_request
    response = self.check_response(
        bot=bot, method=method, status_code=resp.status, content=raw_result
    )
  File "/Users/mehriddinmengturayev/Downloads/shopbot/.venv/lib/python3.13/site-packages/aiogram/client/session/base.py", line 120, in check_response
    raise TelegramBadRequest(method=method, message=description)
aiogram.exceptions.TelegramBadRequest: Telegram server says - Bad Request: inline keyboard button URL 'isbotlar @jcjkdjchjd' is invalid: Disallowed character in URL userinfo
2026-07-31 02:37:07,892 | INFO     | aiogram.event | Update id=883467614 is handled. Duration 337 ms by bot id=8591349938
2026-07-31 02:37:12,814 | ERROR    | app.middlewares.error_handling | Unhandled exception while processing update
Traceback (most recent call last):
  File "/Users/mehriddinmengturayev/Downloads/shopbot/app/middlewares/error_handling.py", line 33, in __call__
    return await handler(event, data)
           ^^^^^^^^^^^^^^^^^^^^^^^^^^
  File "/Users/mehriddinmengturayev/Downloads/shopbot/app/middlewares/throttling.py", line 40, in __call__
    return await handler(event, data)
           ^^^^^^^^^^^^^^^^^^^^^^^^^^
  File "/Users/mehriddinmengturayev/Downloads/shopbot/app/middlewares/db_session.py", line 27, in __call__
    return await handler(event, data)
           ^^^^^^^^^^^^^^^^^^^^^^^^^^
  File "/Users/mehriddinmengturayev/Downloads/shopbot/app/middlewares/user_context.py", line 41, in __call__
    return await handler(event, data)
           ^^^^^^^^^^^^^^^^^^^^^^^^^^
  File "/Users/mehriddinmengturayev/Downloads/shopbot/.venv/lib/python3.13/site-packages/aiogram/dispatcher/event/telegram.py", line 121, in trigger
    return await wrapped_inner(event, kwargs)
           ^^^^^^^^^^^^^^^^^^^^^^^^^^^^^^^^^^
  File "/Users/mehriddinmengturayev/Downloads/shopbot/.venv/lib/python3.13/site-packages/aiogram/dispatcher/event/handler.py", line 43, in call
    return await wrapped()
           ^^^^^^^^^^^^^^^
  File "/Users/mehriddinmengturayev/Downloads/shopbot/.venv/lib/python3.13/site-packages/aiogram/dispatcher/dispatcher.py", line 276, in _listen_update
    return await self.propagate_event(update_type=update_type, event=event, **kwargs)
           ^^^^^^^^^^^^^^^^^^^^^^^^^^^^^^^^^^^^^^^^^^^^^^^^^^^^^^^^^^^^^^^^^^^^^^^^^^
  File "/Users/mehriddinmengturayev/Downloads/shopbot/.venv/lib/python3.13/site-packages/aiogram/dispatcher/router.py", line 146, in propagate_event
    return await observer.wrap_outer_middleware(_wrapped, event=event, data=kwargs)
           ^^^^^^^^^^^^^^^^^^^^^^^^^^^^^^^^^^^^^^^^^^^^^^^^^^^^^^^^^^^^^^^^^^^^^^^^
  File "/Users/mehriddinmengturayev/Downloads/shopbot/.venv/lib/python3.13/site-packages/aiogram/dispatcher/router.py", line 141, in _wrapped
    return await self._propagate_event(
           ^^^^^^^^^^^^^^^^^^^^^^^^^^^^
        observer=observer, update_type=update_type, event=telegram_event, **data
        ^^^^^^^^^^^^^^^^^^^^^^^^^^^^^^^^^^^^^^^^^^^^^^^^^^^^^^^^^^^^^^^^^^^^^^^^
    )
    ^
  File "/Users/mehriddinmengturayev/Downloads/shopbot/.venv/lib/python3.13/site-packages/aiogram/dispatcher/router.py", line 174, in _propagate_event
    response = await router.propagate_event(update_type=update_type, event=event, **kwargs)
               ^^^^^^^^^^^^^^^^^^^^^^^^^^^^^^^^^^^^^^^^^^^^^^^^^^^^^^^^^^^^^^^^^^^^^^^^^^^^
  File "/Users/mehriddinmengturayev/Downloads/shopbot/.venv/lib/python3.13/site-packages/aiogram/dispatcher/router.py", line 146, in propagate_event
    return await observer.wrap_outer_middleware(_wrapped, event=event, data=kwargs)
           ^^^^^^^^^^^^^^^^^^^^^^^^^^^^^^^^^^^^^^^^^^^^^^^^^^^^^^^^^^^^^^^^^^^^^^^^
  File "/Users/mehriddinmengturayev/Downloads/shopbot/.venv/lib/python3.13/site-packages/aiogram/dispatcher/router.py", line 141, in _wrapped
    return await self._propagate_event(
           ^^^^^^^^^^^^^^^^^^^^^^^^^^^^
        observer=observer, update_type=update_type, event=telegram_event, **data
        ^^^^^^^^^^^^^^^^^^^^^^^^^^^^^^^^^^^^^^^^^^^^^^^^^^^^^^^^^^^^^^^^^^^^^^^^
    )
    ^
  File "/Users/mehriddinmengturayev/Downloads/shopbot/.venv/lib/python3.13/site-packages/aiogram/dispatcher/router.py", line 174, in _propagate_event
    response = await router.propagate_event(update_type=update_type, event=event, **kwargs)
               ^^^^^^^^^^^^^^^^^^^^^^^^^^^^^^^^^^^^^^^^^^^^^^^^^^^^^^^^^^^^^^^^^^^^^^^^^^^^
  File "/Users/mehriddinmengturayev/Downloads/shopbot/.venv/lib/python3.13/site-packages/aiogram/dispatcher/router.py", line 146, in propagate_event
    return await observer.wrap_outer_middleware(_wrapped, event=event, data=kwargs)
           ^^^^^^^^^^^^^^^^^^^^^^^^^^^^^^^^^^^^^^^^^^^^^^^^^^^^^^^^^^^^^^^^^^^^^^^^
  File "/Users/mehriddinmengturayev/Downloads/shopbot/.venv/lib/python3.13/site-packages/aiogram/dispatcher/router.py", line 141, in _wrapped
    return await self._propagate_event(
           ^^^^^^^^^^^^^^^^^^^^^^^^^^^^
        observer=observer, update_type=update_type, event=telegram_event, **data
        ^^^^^^^^^^^^^^^^^^^^^^^^^^^^^^^^^^^^^^^^^^^^^^^^^^^^^^^^^^^^^^^^^^^^^^^^
    )
    ^
  File "/Users/mehriddinmengturayev/Downloads/shopbot/.venv/lib/python3.13/site-packages/aiogram/dispatcher/router.py", line 166, in _propagate_event
    response = await observer.trigger(event, **kwargs)
               ^^^^^^^^^^^^^^^^^^^^^^^^^^^^^^^^^^^^^^^
  File "/Users/mehriddinmengturayev/Downloads/shopbot/.venv/lib/python3.13/site-packages/aiogram/dispatcher/event/telegram.py", line 121, in trigger
    return await wrapped_inner(event, kwargs)
           ^^^^^^^^^^^^^^^^^^^^^^^^^^^^^^^^^^
  File "/Users/mehriddinmengturayev/Downloads/shopbot/.venv/lib/python3.13/site-packages/aiogram/dispatcher/event/handler.py", line 43, in call
    return await wrapped()
           ^^^^^^^^^^^^^^^
  File "/Users/mehriddinmengturayev/Downloads/shopbot/app/handlers/user/reviews.py", line 43, in show_reviews
    await message.answer(
    ...<2 lines>...
    )
  File "/Users/mehriddinmengturayev/Downloads/shopbot/.venv/lib/python3.13/site-packages/aiogram/methods/base.py", line 84, in emit
    return await bot(self)
           ^^^^^^^^^^^^^^^
  File "/Users/mehriddinmengturayev/Downloads/shopbot/.venv/lib/python3.13/site-packages/aiogram/client/bot.py", line 494, in __call__
    return await self.session(self, method, timeout=request_timeout)
           ^^^^^^^^^^^^^^^^^^^^^^^^^^^^^^^^^^^^^^^^^^^^^^^^^^^^^^^^^
  File "/Users/mehriddinmengturayev/Downloads/shopbot/.venv/lib/python3.13/site-packages/aiogram/client/session/base.py", line 254, in __call__
    return cast(TelegramType, await middleware(bot, method))
                              ^^^^^^^^^^^^^^^^^^^^^^^^^^^^^
  File "/Users/mehriddinmengturayev/Downloads/shopbot/.venv/lib/python3.13/site-packages/aiogram/client/session/aiohttp.py", line 189, in make_request
    response = self.check_response(
        bot=bot, method=method, status_code=resp.status, content=raw_result
    )
  File "/Users/mehriddinmengturayev/Downloads/shopbot/.venv/lib/python3.13/site-packages/aiogram/client/session/base.py", line 120, in check_response
    raise TelegramBadRequest(method=method, message=description)
aiogram.exceptions.TelegramBadRequest: Telegram server says - Bad Request: inline keyboard button URL 'isbotlar @jcjkdjchjd' is invalid: Disallowed character in URL userinfo
2026-07-31 02:37:12,818 | INFO     | aiogram.event | Update id=883467615 is handled. Duration 316 ms by bot id=8591349938
2026-07-31 02:37:20,511 | INFO     | httpx | HTTP Request: POST https://pay.crypt.bot/api/getInvoices "HTTP/1.1 200 OK"
2026-07-31 02:37:21,034 | INFO     | httpx | HTTP Request: GET https://pay.xrocket.tg/tg-invoices/4736490 "HTTP/1.1 200 OK"
2026-07-31 02:37:23,967 | INFO     | aiogram.event | Update id=883467616 is handled. Duration 194 ms by bot id=8591349938
2026-07-31 02:37:26,141 | INFO     | aiogram.event | Update id=883467617 is handled. Duration 485 ms by bot id=8591349938
2026-07-31 02:37:28,186 | INFO     | aiogram.event | Update id=883467618 is handled. Duration 155 ms by bot id=8591349938
2026-07-31 02:37:41,563 | INFO     | httpx | HTTP Request: POST https://pay.crypt.bot/api/getInvoices "HTTP/1.1 200 OK"
2026-07-31 02:37:42,100 | INFO     | httpx | HTTP Request: GET https://pay.xrocket.tg/tg-invoices/4736490 "HTTP/1.1 200 OK"
2026-07-31 02:38:03,440 | INFO     | httpx | HTTP Request: POST https://pay.crypt.bot/api/getInvoices "HTTP/1.1 200 OK"
2026-07-31 02:38:03,971 | INFO     | httpx | HTTP Request: GET https://pay.xrocket.tg/tg-invoices/4736490 "HTTP/1.1 200 OK"
2026-07-31 02:38:13,665 | INFO     | aiogram.event | Update id=883467619 is handled. Duration 2790 ms by bot id=8591349938
2026-07-31 02:38:18,496 | ERROR    | app.middlewares.error_handling | Unhandled exception while processing update
Traceback (most recent call last):
  File "/opt/homebrew/Cellar/python@3.13/3.13.14_1/Frameworks/Python.framework/Versions/3.13/lib/python3.13/asyncio/selector_events.py", line 987, in _read_ready__get_buffer
    nbytes = self._sock.recv_into(buf)
ConnectionResetError: [Errno 54] Connection reset by peer

The above exception was the direct cause of the following exception:

Traceback (most recent call last):
  File "/Users/mehriddinmengturayev/Downloads/shopbot/.venv/lib/python3.13/site-packages/aiogram/client/session/aiohttp.py", line 181, in make_request
    async with session.post(
               ~~~~~~~~~~~~^
        url, data=form, timeout=self.timeout if timeout is None else timeout
        ^^^^^^^^^^^^^^^^^^^^^^^^^^^^^^^^^^^^^^^^^^^^^^^^^^^^^^^^^^^^^^^^^^^^
    ) as resp:
    ^
  File "/Users/mehriddinmengturayev/Downloads/shopbot/.venv/lib/python3.13/site-packages/aiohttp/client.py", line 1360, in __aenter__
    self._resp: _RetType = await self._coro
                           ^^^^^^^^^^^^^^^^
  File "/Users/mehriddinmengturayev/Downloads/shopbot/.venv/lib/python3.13/site-packages/aiohttp/client.py", line 690, in _request
    await resp.start(conn)
  File "/Users/mehriddinmengturayev/Downloads/shopbot/.venv/lib/python3.13/site-packages/aiohttp/client_reqrep.py", line 1059, in start
    message, payload = await protocol.read()  # type: ignore[union-attr]
                       ^^^^^^^^^^^^^^^^^^^^^
  File "/Users/mehriddinmengturayev/Downloads/shopbot/.venv/lib/python3.13/site-packages/aiohttp/streams.py", line 644, in read
    await self._waiter
aiohttp.client_exceptions.ClientOSError: [Errno 54] Connection reset by peer

During handling of the above exception, another exception occurred:

Traceback (most recent call last):
  File "/Users/mehriddinmengturayev/Downloads/shopbot/app/middlewares/error_handling.py", line 33, in __call__
    return await handler(event, data)
           ^^^^^^^^^^^^^^^^^^^^^^^^^^
  File "/Users/mehriddinmengturayev/Downloads/shopbot/app/middlewares/throttling.py", line 40, in __call__
    return await handler(event, data)
           ^^^^^^^^^^^^^^^^^^^^^^^^^^
  File "/Users/mehriddinmengturayev/Downloads/shopbot/app/middlewares/db_session.py", line 27, in __call__
    return await handler(event, data)
           ^^^^^^^^^^^^^^^^^^^^^^^^^^
  File "/Users/mehriddinmengturayev/Downloads/shopbot/app/middlewares/user_context.py", line 41, in __call__
    return await handler(event, data)
           ^^^^^^^^^^^^^^^^^^^^^^^^^^
  File "/Users/mehriddinmengturayev/Downloads/shopbot/.venv/lib/python3.13/site-packages/aiogram/dispatcher/event/telegram.py", line 121, in trigger
    return await wrapped_inner(event, kwargs)
           ^^^^^^^^^^^^^^^^^^^^^^^^^^^^^^^^^^
  File "/Users/mehriddinmengturayev/Downloads/shopbot/.venv/lib/python3.13/site-packages/aiogram/dispatcher/event/handler.py", line 43, in call
    return await wrapped()
           ^^^^^^^^^^^^^^^
  File "/Users/mehriddinmengturayev/Downloads/shopbot/.venv/lib/python3.13/site-packages/aiogram/dispatcher/dispatcher.py", line 276, in _listen_update
    return await self.propagate_event(update_type=update_type, event=event, **kwargs)
           ^^^^^^^^^^^^^^^^^^^^^^^^^^^^^^^^^^^^^^^^^^^^^^^^^^^^^^^^^^^^^^^^^^^^^^^^^^
  File "/Users/mehriddinmengturayev/Downloads/shopbot/.venv/lib/python3.13/site-packages/aiogram/dispatcher/router.py", line 146, in propagate_event
    return await observer.wrap_outer_middleware(_wrapped, event=event, data=kwargs)
           ^^^^^^^^^^^^^^^^^^^^^^^^^^^^^^^^^^^^^^^^^^^^^^^^^^^^^^^^^^^^^^^^^^^^^^^^
  File "/Users/mehriddinmengturayev/Downloads/shopbot/.venv/lib/python3.13/site-packages/aiogram/dispatcher/router.py", line 141, in _wrapped
    return await self._propagate_event(
           ^^^^^^^^^^^^^^^^^^^^^^^^^^^^
        observer=observer, update_type=update_type, event=telegram_event, **data
        ^^^^^^^^^^^^^^^^^^^^^^^^^^^^^^^^^^^^^^^^^^^^^^^^^^^^^^^^^^^^^^^^^^^^^^^^
    )
    ^
  File "/Users/mehriddinmengturayev/Downloads/shopbot/.venv/lib/python3.13/site-packages/aiogram/dispatcher/router.py", line 174, in _propagate_event
    response = await router.propagate_event(update_type=update_type, event=event, **kwargs)
               ^^^^^^^^^^^^^^^^^^^^^^^^^^^^^^^^^^^^^^^^^^^^^^^^^^^^^^^^^^^^^^^^^^^^^^^^^^^^
  File "/Users/mehriddinmengturayev/Downloads/shopbot/.venv/lib/python3.13/site-packages/aiogram/dispatcher/router.py", line 146, in propagate_event
    return await observer.wrap_outer_middleware(_wrapped, event=event, data=kwargs)
           ^^^^^^^^^^^^^^^^^^^^^^^^^^^^^^^^^^^^^^^^^^^^^^^^^^^^^^^^^^^^^^^^^^^^^^^^
  File "/Users/mehriddinmengturayev/Downloads/shopbot/.venv/lib/python3.13/site-packages/aiogram/dispatcher/router.py", line 141, in _wrapped
    return await self._propagate_event(
           ^^^^^^^^^^^^^^^^^^^^^^^^^^^^
        observer=observer, update_type=update_type, event=telegram_event, **data
        ^^^^^^^^^^^^^^^^^^^^^^^^^^^^^^^^^^^^^^^^^^^^^^^^^^^^^^^^^^^^^^^^^^^^^^^^
    )
    ^
  File "/Users/mehriddinmengturayev/Downloads/shopbot/.venv/lib/python3.13/site-packages/aiogram/dispatcher/router.py", line 174, in _propagate_event
    response = await router.propagate_event(update_type=update_type, event=event, **kwargs)
               ^^^^^^^^^^^^^^^^^^^^^^^^^^^^^^^^^^^^^^^^^^^^^^^^^^^^^^^^^^^^^^^^^^^^^^^^^^^^
  File "/Users/mehriddinmengturayev/Downloads/shopbot/.venv/lib/python3.13/site-packages/aiogram/dispatcher/router.py", line 146, in propagate_event
    return await observer.wrap_outer_middleware(_wrapped, event=event, data=kwargs)
           ^^^^^^^^^^^^^^^^^^^^^^^^^^^^^^^^^^^^^^^^^^^^^^^^^^^^^^^^^^^^^^^^^^^^^^^^
  File "/Users/mehriddinmengturayev/Downloads/shopbot/.venv/lib/python3.13/site-packages/aiogram/dispatcher/router.py", line 141, in _wrapped
    return await self._propagate_event(
           ^^^^^^^^^^^^^^^^^^^^^^^^^^^^
        observer=observer, update_type=update_type, event=telegram_event, **data
        ^^^^^^^^^^^^^^^^^^^^^^^^^^^^^^^^^^^^^^^^^^^^^^^^^^^^^^^^^^^^^^^^^^^^^^^^
    )
    ^
  File "/Users/mehriddinmengturayev/Downloads/shopbot/.venv/lib/python3.13/site-packages/aiogram/dispatcher/router.py", line 166, in _propagate_event
    response = await observer.trigger(event, **kwargs)
               ^^^^^^^^^^^^^^^^^^^^^^^^^^^^^^^^^^^^^^^
  File "/Users/mehriddinmengturayev/Downloads/shopbot/.venv/lib/python3.13/site-packages/aiogram/dispatcher/event/telegram.py", line 121, in trigger
    return await wrapped_inner(event, kwargs)
           ^^^^^^^^^^^^^^^^^^^^^^^^^^^^^^^^^^
  File "/Users/mehriddinmengturayev/Downloads/shopbot/.venv/lib/python3.13/site-packages/aiogram/dispatcher/event/handler.py", line 43, in call
    return await wrapped()
           ^^^^^^^^^^^^^^^
  File "/Users/mehriddinmengturayev/Downloads/shopbot/app/handlers/user/shop.py", line 64, in open_shop
    await message.answer(
        t(lang, "main_menu_hint"), reply_markup=shop_list_kb([v.product for v in views], lang)
    )
  File "/Users/mehriddinmengturayev/Downloads/shopbot/.venv/lib/python3.13/site-packages/aiogram/methods/base.py", line 84, in emit
    return await bot(self)
           ^^^^^^^^^^^^^^^
  File "/Users/mehriddinmengturayev/Downloads/shopbot/.venv/lib/python3.13/site-packages/aiogram/client/bot.py", line 494, in __call__
    return await self.session(self, method, timeout=request_timeout)
           ^^^^^^^^^^^^^^^^^^^^^^^^^^^^^^^^^^^^^^^^^^^^^^^^^^^^^^^^^
  File "/Users/mehriddinmengturayev/Downloads/shopbot/.venv/lib/python3.13/site-packages/aiogram/client/session/base.py", line 254, in __call__
    return cast(TelegramType, await middleware(bot, method))
                              ^^^^^^^^^^^^^^^^^^^^^^^^^^^^^
  File "/Users/mehriddinmengturayev/Downloads/shopbot/.venv/lib/python3.13/site-packages/aiogram/client/session/aiohttp.py", line 188, in make_request
    raise TelegramNetworkError(method=method, message=f"{type(e).__name__}: {e}")
aiogram.exceptions.TelegramNetworkError: HTTP Client says - ClientOSError: [Errno 54] Connection reset by peer
2026-07-31 02:38:18,508 | INFO     | aiogram.event | Update id=883467620 is handled. Duration 159 ms by bot id=8591349938
2026-07-31 02:38:24,636 | INFO     | httpx | HTTP Request: POST https://pay.crypt.bot/api/getInvoices "HTTP/1.1 200 OK"
2026-07-31 02:38:25,013 | INFO     | aiogram.event | Update id=883467621 is handled. Duration 452 ms by bot id=8591349938
2026-07-31 02:38:25,167 | INFO     | httpx | HTTP Request: GET https://pay.xrocket.tg/tg-invoices/4736490 "HTTP/1.1 200 OK"
2026-07-31 02:38:26,952 | INFO     | aiogram.event | Update id=883467622 is handled. Duration 475 ms by bot id=8591349938
2026-07-31 02:38:32,332 | INFO     | aiogram.event | Update id=883467623 is handled. Duration 352 ms by bot id=8591349938
2026-07-31 02:38:45,665 | INFO     | httpx | HTTP Request: POST https://pay.crypt.bot/api/getInvoices "HTTP/1.1 200 OK"
2026-07-31 02:38:46,353 | INFO     | httpx | HTTP Request: GET https://pay.xrocket.tg/tg-invoices/4736490 "HTTP/1.1 200 OK"
2026-07-31 02:38:59,002 | INFO     | aiogram.event | Update id=883467624 is handled. Duration 809 ms by bot id=8591349938
2026-07-31 02:39:05,856 | INFO     | aiogram.event | Update id=883467625 is handled. Duration 170 ms by bot id=8591349938
2026-07-31 02:39:07,078 | INFO     | httpx | HTTP Request: POST https://pay.crypt.bot/api/getInvoices "HTTP/1.1 200 OK"
2026-07-31 02:39:07,750 | INFO     | httpx | HTTP Request: GET https://pay.xrocket.tg/tg-invoices/4736490 "HTTP/1.1 200 OK"
2026-07-31 02:39:07,852 | INFO     | aiogram.event | Update id=883467626 is handled. Duration 496 ms by bot id=8591349938
2026-07-31 02:39:09,089 | INFO     | aiogram.event | Update id=883467627 is handled. Duration 175 ms by bot id=8591349938
2026-07-31 02:39:10,685 | INFO     | aiogram.event | Update id=883467628 is handled. Duration 503 ms by bot id=8591349938
2026-07-31 02:39:28,699 | INFO     | httpx | HTTP Request: POST https://pay.crypt.bot/api/getInvoices "HTTP/1.1 200 OK"
2026-07-31 02:39:29,279 | INFO     | httpx | HTTP Request: GET https://pay.xrocket.tg/tg-invoices/4736490 "HTTP/1.1 200 OK"
2026-07-31 02:39:40,946 | INFO     | httpx | HTTP Request: POST https://pay.crypt.bot/api/createInvoice "HTTP/1.1 200 OK"
2026-07-31 02:39:41,929 | INFO     | aiogram.event | Update id=883467629 is handled. Duration 1999 ms by bot id=8591349938
2026-07-31 02:39:49,738 | INFO     | httpx | HTTP Request: POST https://pay.crypt.bot/api/getInvoices "HTTP/1.1 200 OK"
2026-07-31 02:39:51,546 | INFO     | httpx | HTTP Request: GET https://pay.xrocket.tg/tg-invoices/4736490 "HTTP/1.1 200 OK"
2026-07-31 02:39:51,983 | INFO     | httpx | HTTP Request: POST https://pay.crypt.bot/api/getInvoices "HTTP/1.1 200 OK"
2026-07-31 02:39:53,978 | INFO     | aiogram.event | Update id=883467630 is handled. Duration 262 ms by bot id=8591349938
2026-07-31 02:39:57,596 | INFO     | aiogram.event | Update id=883467632 is handled. Duration 451 ms by bot id=8591349938
2026-07-31 02:39:59,703 | INFO     | aiogram.event | Update id=883467631 is handled. Duration 3933 ms by bot id=8591349938
2026-07-31 02:40:05,186 | INFO     | aiogram.event | Update id=883467633 is handled. Duration 231 ms by bot id=8591349938
2026-07-31 02:40:12,699 | INFO     | httpx | HTTP Request: POST https://pay.crypt.bot/api/getInvoices "HTTP/1.1 200 OK"
2026-07-31 02:40:13,255 | INFO     | httpx | HTTP Request: GET https://pay.xrocket.tg/tg-invoices/4736490 "HTTP/1.1 200 OK"
2026-07-31 02:40:13,819 | INFO     | httpx | HTTP Request: POST https://pay.crypt.bot/api/getInvoices "HTTP/1.1 200 OK"
2026-07-31 02:40:15,797 | INFO     | aiogram.event | Update id=883467634 is handled. Duration 273 ms by bot id=8591349938
2026-07-31 02:40:17,128 | INFO     | aiogram.event | Update id=883467635 is handled. Duration 235 ms by bot id=8591349938
2026-07-31 02:40:25,326 | INFO     | aiogram.event | Update id=883467636 is handled. Duration 442 ms by bot id=8591349938
2026-07-31 02:40:28,365 | INFO     | aiogram.event | Update id=883467637 is handled. Duration 485 ms by bot id=8591349938
2026-07-31 02:40:34,610 | INFO     | httpx | HTTP Request: POST https://pay.crypt.bot/api/getInvoices "HTTP/1.1 200 OK"
2026-07-31 02:40:35,089 | INFO     | httpx | HTTP Request: GET https://pay.xrocket.tg/tg-invoices/4736490 "HTTP/1.1 200 OK"
2026-07-31 02:40:35,798 | INFO     | httpx | HTTP Request: POST https://pay.crypt.bot/api/getInvoices "HTTP/1.1 200 OK"
2026-07-31 02:40:56,266 | INFO     | httpx | HTTP Request: POST https://pay.crypt.bot/api/getInvoices "HTTP/1.1 200 OK"
2026-07-31 02:40:56,794 | INFO     | httpx | HTTP Request: GET https://pay.xrocket.tg/tg-invoices/4736490 "HTTP/1.1 200 OK"
2026-07-31 02:40:57,281 | INFO     | httpx | HTTP Request: POST https://pay.crypt.bot/api/getInvoices "HTTP/1.1 200 OK"
2026-07-31 02:40:58,413 | ERROR    | aiogram.dispatcher | Failed to fetch updates - TelegramNetworkError: HTTP Client says - ClientOSError: [Errno 54] Connection reset by peer
2026-07-31 02:40:58,414 | WARNING  | aiogram.dispatcher | Sleep for 1.000000 seconds and try again... (tryings = 0, bot id = 8591349938)
2026-07-31 02:41:10,073 | INFO     | aiogram.dispatcher | Connection established (tryings = 1, bot id = 8591349938)
2026-07-31 02:41:16,924 | INFO     | admin_actions | setting_changed key=support_message_uz admin=1403306196
2026-07-31 02:41:17,381 | INFO     | aiogram.event | Update id=883467638 is handled. Duration 491 ms by bot id=8591349938
2026-07-31 02:41:17,855 | INFO     | httpx | HTTP Request: POST https://pay.crypt.bot/api/getInvoices "HTTP/1.1 200 OK"
2026-07-31 02:41:18,411 | INFO     | httpx | HTTP Request: GET https://pay.xrocket.tg/tg-invoices/4736490 "HTTP/1.1 200 OK"
2026-07-31 02:41:18,904 | INFO     | httpx | HTTP Request: POST https://pay.crypt.bot/api/getInvoices "HTTP/1.1 200 OK"
2026-07-31 02:41:19,334 | INFO     | aiogram.event | Update id=883467639 is handled. Duration 180 ms by bot id=8591349938
2026-07-31 02:41:21,802 | INFO     | aiogram.event | Update id=883467640 is handled. Duration 341 ms by bot id=8591349938
2026-07-31 02:41:23,108 | INFO     | aiogram.event | Update id=883467641 is handled. Duration 331 ms by bot id=8591349938
2026-07-31 02:41:33,173 | INFO     | admin_actions | setting_changed key=support_message_ru admin=1403306196
2026-07-31 02:41:33,324 | INFO     | aiogram.event | Update id=883467642 is handled. Duration 160 ms by bot id=8591349938
2026-07-31 02:41:34,589 | INFO     | aiogram.event | Update id=883467643 is handled. Duration 167 ms by bot id=8591349938
2026-07-31 02:41:36,629 | INFO     | aiogram.event | Update id=883467644 is handled. Duration 311 ms by bot id=8591349938
2026-07-31 02:41:38,092 | INFO     | aiogram.event | Update id=883467645 is handled. Duration 332 ms by bot id=8591349938
2026-07-31 02:41:39,421 | INFO     | httpx | HTTP Request: POST https://pay.crypt.bot/api/getInvoices "HTTP/1.1 200 OK"
2026-07-31 02:41:40,268 | INFO     | httpx | HTTP Request: GET https://pay.xrocket.tg/tg-invoices/4736490 "HTTP/1.1 200 OK"
2026-07-31 02:41:40,693 | INFO     | httpx | HTTP Request: POST https://pay.crypt.bot/api/getInvoices "HTTP/1.1 200 OK"
2026-07-31 02:41:48,870 | INFO     | admin_actions | setting_changed key=support_message_en admin=1403306196
2026-07-31 02:41:49,029 | INFO     | aiogram.event | Update id=883467646 is handled. Duration 172 ms by bot id=8591349938
2026-07-31 02:42:01,240 | INFO     | httpx | HTTP Request: POST https://pay.crypt.bot/api/getInvoices "HTTP/1.1 200 OK"
2026-07-31 02:42:01,786 | INFO     | httpx | HTTP Request: GET https://pay.xrocket.tg/tg-invoices/4736490 "HTTP/1.1 200 OK"
2026-07-31 02:42:02,965 | INFO     | httpx | HTTP Request: POST https://pay.crypt.bot/api/getInvoices "HTTP/1.1 200 OK"
2026-07-31 02:42:09,132 | INFO     | aiogram.event | Update id=883467647 is handled. Duration 435 ms by bot id=8591349938
2026-07-31 02:42:11,327 | INFO     | aiogram.event | Update id=883467648 is handled. Duration 184 ms by bot id=8591349938
2026-07-31 02:42:13,959 | INFO     | aiogram.event | Update id=883467649 is handled. Duration 466 ms by bot id=8591349938
2026-07-31 02:42:16,046 | INFO     | aiogram.event | Update id=883467650 is handled. Duration 332 ms by bot id=8591349938
2026-07-31 02:42:21,351 | INFO     | aiogram.event | Update id=883467651 is handled. Duration 499 ms by bot id=8591349938
2026-07-31 02:42:23,508 | INFO     | httpx | HTTP Request: POST https://pay.crypt.bot/api/getInvoices "HTTP/1.1 200 OK"
2026-07-31 02:42:24,098 | INFO     | httpx | HTTP Request: GET https://pay.xrocket.tg/tg-invoices/4736490 "HTTP/1.1 200 OK"
2026-07-31 02:42:24,653 | INFO     | httpx | HTTP Request: POST https://pay.crypt.bot/api/getInvoices "HTTP/1.1 200 OK"
2026-07-31 02:42:45,247 | INFO     | httpx | HTTP Request: POST https://pay.crypt.bot/api/getInvoices "HTTP/1.1 200 OK"
2026-07-31 02:42:45,787 | INFO     | httpx | HTTP Request: GET https://pay.xrocket.tg/tg-invoices/4736490 "HTTP/1.1 200 OK"
2026-07-31 02:42:46,243 | INFO     | httpx | HTTP Request: POST https://pay.crypt.bot/api/getInvoices "HTTP/1.1 200 OK"
2026-07-31 02:43:06,718 | INFO     | httpx | HTTP Request: POST https://pay.crypt.bot/api/getInvoices "HTTP/1.1 200 OK"
2026-07-31 02:43:07,202 | INFO     | httpx | HTTP Request: GET https://pay.xrocket.tg/tg-invoices/4736490 "HTTP/1.1 200 OK"
2026-07-31 02:43:07,643 | INFO     | httpx | HTTP Request: POST https://pay.crypt.bot/api/getInvoices "HTTP/1.1 200 OK"
2026-07-31 02:43:09,038 | INFO     | aiogram.event | Update id=883467652 is handled. Duration 583 ms by bot id=8591349938
2026-07-31 02:43:14,698 | INFO     | aiogram.event | Update id=883467653 is handled. Duration 212 ms by bot id=8591349938
2026-07-31 02:43:17,241 | INFO     | aiogram.event | Update id=883467654 is handled. Duration 212 ms by bot id=8591349938
2026-07-31 02:43:18,549 | INFO     | aiogram.event | Update id=883467655 is handled. Duration 214 ms by bot id=8591349938
2026-07-31 02:43:21,956 | INFO     | aiogram.event | Update id=883467656 is handled. Duration 412 ms by bot id=8591349938
2026-07-31 02:43:23,483 | INFO     | aiogram.event | Update id=883467657 is handled. Duration 398 ms by bot id=8591349938
2026-07-31 02:43:28,316 | INFO     | httpx | HTTP Request: POST https://pay.crypt.bot/api/getInvoices "HTTP/1.1 200 OK"
2026-07-31 02:43:28,801 | INFO     | httpx | HTTP Request: GET https://pay.xrocket.tg/tg-invoices/4736490 "HTTP/1.1 200 OK"
2026-07-31 02:43:29,243 | INFO     | httpx | HTTP Request: POST https://pay.crypt.bot/api/getInvoices "HTTP/1.1 200 OK"
2026-07-31 02:43:32,596 | INFO     | admin_actions | setting_changed key=support_message_en admin=1403306196
2026-07-31 02:43:32,810 | INFO     | aiogram.event | Update id=883467658 is handled. Duration 225 ms by bot id=8591349938
2026-07-31 02:43:38,336 | INFO     | aiogram.event | Update id=883467659 is handled. Duration 204 ms by bot id=8591349938
2026-07-31 02:43:40,049 | INFO     | aiogram.event | Update id=883467660 is handled. Duration 215 ms by bot id=8591349938
2026-07-31 02:43:49,690 | INFO     | httpx | HTTP Request: POST https://pay.crypt.bot/api/getInvoices "HTTP/1.1 200 OK"
2026-07-31 02:43:50,229 | INFO     | httpx | HTTP Request: GET https://pay.xrocket.tg/tg-invoices/4736490 "HTTP/1.1 200 OK"
2026-07-31 02:43:50,647 | INFO     | httpx | HTTP Request: POST https://pay.crypt.bot/api/getInvoices "HTTP/1.1 200 OK"
2026-07-31 02:43:52,015 | INFO     | aiogram.event | Update id=883467661 is handled. Duration 241 ms by bot id=8591349938
2026-07-31 02:43:57,684 | INFO     | aiogram.event | Update id=883467662 is handled. Duration 3631 ms by bot id=8591349938
2026-07-31 02:44:11,312 | INFO     | httpx | HTTP Request: POST https://pay.crypt.bot/api/getInvoices "HTTP/1.1 200 OK"
2026-07-31 02:44:11,878 | INFO     | httpx | HTTP Request: GET https://pay.xrocket.tg/tg-invoices/4736490 "HTTP/1.1 200 OK"
2026-07-31 02:44:12,378 | INFO     | httpx | HTTP Request: POST https://pay.crypt.bot/api/getInvoices "HTTP/1.1 200 OK"
2026-07-31 02:44:32,863 | INFO     | httpx | HTTP Request: POST https://pay.crypt.bot/api/getInvoices "HTTP/1.1 200 OK"
2026-07-31 02:44:33,407 | INFO     | httpx | HTTP Request: GET https://pay.xrocket.tg/tg-invoices/4736490 "HTTP/1.1 200 OK"
2026-07-31 02:44:33,871 | INFO     | httpx | HTTP Request: POST https://pay.crypt.bot/api/getInvoices "HTTP/1.1 200 OK"
2026-07-31 02:44:54,342 | INFO     | httpx | HTTP Request: POST https://pay.crypt.bot/api/getInvoices "HTTP/1.1 200 OK"
2026-07-31 02:44:54,865 | INFO     | httpx | HTTP Request: GET https://pay.xrocket.tg/tg-invoices/4736490 "HTTP/1.1 200 OK"
2026-07-31 02:44:55,441 | INFO     | httpx | HTTP Request: POST https://pay.crypt.bot/api/getInvoices "HTTP/1.1 200 OK"
2026-07-31 02:45:16,039 | INFO     | httpx | HTTP Request: POST https://pay.crypt.bot/api/getInvoices "HTTP/1.1 200 OK"
2026-07-31 02:45:16,526 | INFO     | httpx | HTTP Request: GET https://pay.xrocket.tg/tg-invoices/4736490 "HTTP/1.1 200 OK"
2026-07-31 02:45:16,961 | INFO     | httpx | HTTP Request: POST https://pay.crypt.bot/api/getInvoices "HTTP/1.1 200 OK"
2026-07-31 02:45:37,442 | INFO     | httpx | HTTP Request: POST https://pay.crypt.bot/api/getInvoices "HTTP/1.1 200 OK"
2026-07-31 02:45:37,934 | INFO     | httpx | HTTP Request: GET https://pay.xrocket.tg/tg-invoices/4736490 "HTTP/1.1 200 OK"
2026-07-31 02:45:38,416 | INFO     | httpx | HTTP Request: POST https://pay.crypt.bot/api/getInvoices "HTTP/1.1 200 OK"
2026-07-31 02:45:59,121 | INFO     | httpx | HTTP Request: POST https://pay.crypt.bot/api/getInvoices "HTTP/1.1 200 OK"
2026-07-31 02:45:59,648 | INFO     | httpx | HTTP Request: GET https://pay.xrocket.tg/tg-invoices/4736490 "HTTP/1.1 200 OK"
2026-07-31 02:46:00,309 | INFO     | httpx | HTTP Request: POST https://pay.crypt.bot/api/getInvoices "HTTP/1.1 200 OK"
2026-07-31 02:46:20,879 | INFO     | httpx | HTTP Request: POST https://pay.crypt.bot/api/getInvoices "HTTP/1.1 200 OK"
2026-07-31 02:46:21,373 | INFO     | httpx | HTTP Request: GET https://pay.xrocket.tg/tg-invoices/4736490 "HTTP/1.1 200 OK"
2026-07-31 02:46:21,848 | INFO     | httpx | HTTP Request: POST https://pay.crypt.bot/api/getInvoices "HTTP/1.1 200 OK"
2026-07-31 02:46:42,651 | INFO     | httpx | HTTP Request: POST https://pay.crypt.bot/api/getInvoices "HTTP/1.1 200 OK"
2026-07-31 02:46:43,153 | INFO     | httpx | HTTP Request: GET https://pay.xrocket.tg/tg-invoices/4736490 "HTTP/1.1 200 OK"
2026-07-31 02:46:43,654 | INFO     | httpx | HTTP Request: POST https://pay.crypt.bot/api/getInvoices "HTTP/1.1 200 OK"
2026-07-31 02:46:44,846 | WARNING  | aiogram.dispatcher | Received SIGINT signal
2026-07-31 02:46:44,848 | INFO     | aiogram.dispatcher | Polling stopped for bot @Tenkyushopbot id=8591349938 - 'Tenkyu Shop'
2026-07-31 02:46:44,848 | INFO     | aiogram.dispatcher | Polling stopped
2026-07-31 02:47:05,794 | INFO     | __main__ | Starting Telegram Digital Product Sales Bot...
2026-07-31 02:47:05,800 | INFO     | app.database.bootstrap | Database tables ensured (create_all).
2026-07-31 02:47:05,812 | INFO     | app.database.bootstrap | Default settings seeded.
2026-07-31 02:47:05,815 | INFO     | providers | Crypto payment poller started (interval=20.0s)
2026-07-31 02:47:06,231 | INFO     | httpx | HTTP Request: POST https://pay.crypt.bot/api/getInvoices "HTTP/1.1 200 OK"
2026-07-31 02:47:06,312 | INFO     | __main__ | Bot is polling...
2026-07-31 02:47:06,313 | INFO     | aiogram.dispatcher | Start polling
2026-07-31 02:47:06,466 | INFO     | aiogram.dispatcher | Run polling for bot @Tenkyushopbot id=8591349938 - 'Tenkyu Shop'
2026-07-31 02:47:06,740 | INFO     | httpx | HTTP Request: GET https://pay.xrocket.tg/tg-invoices/4736490 "HTTP/1.1 200 OK"
2026-07-31 02:47:07,505 | INFO     | httpx | HTTP Request: POST https://pay.crypt.bot/api/getInvoices "HTTP/1.1 200 OK"
2026-07-31 02:47:17,281 | INFO     | aiogram.event | Update id=883467663 is handled. Duration 478 ms by bot id=8591349938
2026-07-31 02:47:20,590 | INFO     | aiogram.event | Update id=883467664 is handled. Duration 165 ms by bot id=8591349938
2026-07-31 02:47:22,025 | INFO     | aiogram.event | Update id=883467665 is handled. Duration 496 ms by bot id=8591349938
2026-07-31 02:47:28,050 | INFO     | httpx | HTTP Request: POST https://pay.crypt.bot/api/getInvoices "HTTP/1.1 200 OK"
2026-07-31 02:47:28,180 | INFO     | aiogram.event | Update id=883467666 is handled. Duration 189 ms by bot id=8591349938
2026-07-31 02:47:28,560 | INFO     | httpx | HTTP Request: GET https://pay.xrocket.tg/tg-invoices/4736490 "HTTP/1.1 200 OK"
2026-07-31 02:47:29,005 | INFO     | httpx | HTTP Request: POST https://pay.crypt.bot/api/getInvoices "HTTP/1.1 200 OK"
2026-07-31 02:47:34,573 | ERROR    | app.middlewares.error_handling | Unhandled exception while processing update
Traceback (most recent call last):
  File "/Users/mehriddinmengturayev/Downloads/shopbot/app/middlewares/error_handling.py", line 33, in __call__
    return await handler(event, data)
           ^^^^^^^^^^^^^^^^^^^^^^^^^^
  File "/Users/mehriddinmengturayev/Downloads/shopbot/app/middlewares/throttling.py", line 40, in __call__
    return await handler(event, data)
           ^^^^^^^^^^^^^^^^^^^^^^^^^^
  File "/Users/mehriddinmengturayev/Downloads/shopbot/app/middlewares/db_session.py", line 27, in __call__
    return await handler(event, data)
           ^^^^^^^^^^^^^^^^^^^^^^^^^^
  File "/Users/mehriddinmengturayev/Downloads/shopbot/app/middlewares/user_context.py", line 41, in __call__
    return await handler(event, data)
           ^^^^^^^^^^^^^^^^^^^^^^^^^^
  File "/Users/mehriddinmengturayev/Downloads/shopbot/.venv/lib/python3.13/site-packages/aiogram/dispatcher/event/telegram.py", line 121, in trigger
    return await wrapped_inner(event, kwargs)
           ^^^^^^^^^^^^^^^^^^^^^^^^^^^^^^^^^^
  File "/Users/mehriddinmengturayev/Downloads/shopbot/.venv/lib/python3.13/site-packages/aiogram/dispatcher/event/handler.py", line 43, in call
    return await wrapped()
           ^^^^^^^^^^^^^^^
  File "/Users/mehriddinmengturayev/Downloads/shopbot/.venv/lib/python3.13/site-packages/aiogram/dispatcher/dispatcher.py", line 276, in _listen_update
    return await self.propagate_event(update_type=update_type, event=event, **kwargs)
           ^^^^^^^^^^^^^^^^^^^^^^^^^^^^^^^^^^^^^^^^^^^^^^^^^^^^^^^^^^^^^^^^^^^^^^^^^^
  File "/Users/mehriddinmengturayev/Downloads/shopbot/.venv/lib/python3.13/site-packages/aiogram/dispatcher/router.py", line 146, in propagate_event
    return await observer.wrap_outer_middleware(_wrapped, event=event, data=kwargs)
           ^^^^^^^^^^^^^^^^^^^^^^^^^^^^^^^^^^^^^^^^^^^^^^^^^^^^^^^^^^^^^^^^^^^^^^^^
  File "/Users/mehriddinmengturayev/Downloads/shopbot/.venv/lib/python3.13/site-packages/aiogram/dispatcher/router.py", line 141, in _wrapped
    return await self._propagate_event(
           ^^^^^^^^^^^^^^^^^^^^^^^^^^^^
        observer=observer, update_type=update_type, event=telegram_event, **data
        ^^^^^^^^^^^^^^^^^^^^^^^^^^^^^^^^^^^^^^^^^^^^^^^^^^^^^^^^^^^^^^^^^^^^^^^^
    )
    ^
  File "/Users/mehriddinmengturayev/Downloads/shopbot/.venv/lib/python3.13/site-packages/aiogram/dispatcher/router.py", line 174, in _propagate_event
    response = await router.propagate_event(update_type=update_type, event=event, **kwargs)
               ^^^^^^^^^^^^^^^^^^^^^^^^^^^^^^^^^^^^^^^^^^^^^^^^^^^^^^^^^^^^^^^^^^^^^^^^^^^^
  File "/Users/mehriddinmengturayev/Downloads/shopbot/.venv/lib/python3.13/site-packages/aiogram/dispatcher/router.py", line 146, in propagate_event
    return await observer.wrap_outer_middleware(_wrapped, event=event, data=kwargs)
           ^^^^^^^^^^^^^^^^^^^^^^^^^^^^^^^^^^^^^^^^^^^^^^^^^^^^^^^^^^^^^^^^^^^^^^^^
  File "/Users/mehriddinmengturayev/Downloads/shopbot/.venv/lib/python3.13/site-packages/aiogram/dispatcher/router.py", line 141, in _wrapped
    return await self._propagate_event(
           ^^^^^^^^^^^^^^^^^^^^^^^^^^^^
        observer=observer, update_type=update_type, event=telegram_event, **data
        ^^^^^^^^^^^^^^^^^^^^^^^^^^^^^^^^^^^^^^^^^^^^^^^^^^^^^^^^^^^^^^^^^^^^^^^^
    )
    ^
  File "/Users/mehriddinmengturayev/Downloads/shopbot/.venv/lib/python3.13/site-packages/aiogram/dispatcher/router.py", line 174, in _propagate_event
    response = await router.propagate_event(update_type=update_type, event=event, **kwargs)
               ^^^^^^^^^^^^^^^^^^^^^^^^^^^^^^^^^^^^^^^^^^^^^^^^^^^^^^^^^^^^^^^^^^^^^^^^^^^^
  File "/Users/mehriddinmengturayev/Downloads/shopbot/.venv/lib/python3.13/site-packages/aiogram/dispatcher/router.py", line 146, in propagate_event
    return await observer.wrap_outer_middleware(_wrapped, event=event, data=kwargs)
           ^^^^^^^^^^^^^^^^^^^^^^^^^^^^^^^^^^^^^^^^^^^^^^^^^^^^^^^^^^^^^^^^^^^^^^^^
  File "/Users/mehriddinmengturayev/Downloads/shopbot/.venv/lib/python3.13/site-packages/aiogram/dispatcher/router.py", line 141, in _wrapped
    return await self._propagate_event(
           ^^^^^^^^^^^^^^^^^^^^^^^^^^^^
        observer=observer, update_type=update_type, event=telegram_event, **data
        ^^^^^^^^^^^^^^^^^^^^^^^^^^^^^^^^^^^^^^^^^^^^^^^^^^^^^^^^^^^^^^^^^^^^^^^^
    )
    ^
  File "/Users/mehriddinmengturayev/Downloads/shopbot/.venv/lib/python3.13/site-packages/aiogram/dispatcher/router.py", line 166, in _propagate_event
    response = await observer.trigger(event, **kwargs)
               ^^^^^^^^^^^^^^^^^^^^^^^^^^^^^^^^^^^^^^^
  File "/Users/mehriddinmengturayev/Downloads/shopbot/.venv/lib/python3.13/site-packages/aiogram/dispatcher/event/telegram.py", line 121, in trigger
    return await wrapped_inner(event, kwargs)
           ^^^^^^^^^^^^^^^^^^^^^^^^^^^^^^^^^^
  File "/Users/mehriddinmengturayev/Downloads/shopbot/.venv/lib/python3.13/site-packages/aiogram/dispatcher/event/handler.py", line 43, in call
    return await wrapped()
           ^^^^^^^^^^^^^^^
  File "/Users/mehriddinmengturayev/Downloads/shopbot/app/handlers/user/reviews.py", line 29, in show_reviews
    await message.answer(
    ...<2 lines>...
    )
  File "/Users/mehriddinmengturayev/Downloads/shopbot/.venv/lib/python3.13/site-packages/aiogram/methods/base.py", line 84, in emit
    return await bot(self)
           ^^^^^^^^^^^^^^^
  File "/Users/mehriddinmengturayev/Downloads/shopbot/.venv/lib/python3.13/site-packages/aiogram/client/bot.py", line 494, in __call__
    return await self.session(self, method, timeout=request_timeout)
           ^^^^^^^^^^^^^^^^^^^^^^^^^^^^^^^^^^^^^^^^^^^^^^^^^^^^^^^^^
  File "/Users/mehriddinmengturayev/Downloads/shopbot/.venv/lib/python3.13/site-packages/aiogram/client/session/base.py", line 254, in __call__
    return cast(TelegramType, await middleware(bot, method))
                              ^^^^^^^^^^^^^^^^^^^^^^^^^^^^^
  File "/Users/mehriddinmengturayev/Downloads/shopbot/.venv/lib/python3.13/site-packages/aiogram/client/session/aiohttp.py", line 189, in make_request
    response = self.check_response(
        bot=bot, method=method, status_code=resp.status, content=raw_result
    )
  File "/Users/mehriddinmengturayev/Downloads/shopbot/.venv/lib/python3.13/site-packages/aiogram/client/session/base.py", line 120, in check_response
    raise TelegramBadRequest(method=method, message=description)
aiogram.exceptions.TelegramBadRequest: Telegram server says - Bad Request: inline keyboard button URL 'isbotlar @jcjkdjchjd' is invalid: Disallowed character in URL userinfo
2026-07-31 02:47:34,585 | INFO     | aiogram.event | Update id=883467667 is handled. Duration 352 ms by bot id=8591349938
2026-07-31 02:47:38,347 | INFO     | aiogram.event | Update id=883467668 is not handled. Duration 12 ms by bot id=8591349938
2026-07-31 02:47:41,204 | INFO     | aiogram.event | Update id=883467669 is handled. Duration 164 ms by bot id=8591349938
2026-07-31 02:47:42,703 | INFO     | aiogram.event | Update id=883467670 is handled. Duration 171 ms by bot id=8591349938
2026-07-31 02:47:49,542 | INFO     | httpx | HTTP Request: POST https://pay.crypt.bot/api/getInvoices "HTTP/1.1 200 OK"
2026-07-31 02:47:50,066 | INFO     | httpx | HTTP Request: GET https://pay.xrocket.tg/tg-invoices/4736490 "HTTP/1.1 200 OK"
2026-07-31 02:47:50,509 | INFO     | httpx | HTTP Request: POST https://pay.crypt.bot/api/getInvoices "HTTP/1.1 200 OK"
2026-07-31 02:47:52,389 | INFO     | aiogram.event | Update id=883467671 is handled. Duration 328 ms by bot id=8591349938
2026-07-31 02:47:57,104 | INFO     | aiogram.event | Update id=883467672 is handled. Duration 339 ms by bot id=8591349938
2026-07-31 02:47:59,579 | INFO     | aiogram.event | Update id=883467673 is handled. Duration 358 ms by bot id=8591349938
2026-07-31 02:48:05,376 | INFO     | admin_actions | setting_changed key=reviews_text_en admin=1403306196
2026-07-31 02:48:05,538 | INFO     | aiogram.event | Update id=883467674 is handled. Duration 175 ms by bot id=8591349938
2026-07-31 02:48:07,807 | INFO     | aiogram.event | Update id=883467675 is handled. Duration 189 ms by bot id=8591349938
2026-07-31 02:48:10,023 | ERROR    | app.middlewares.error_handling | Unhandled exception while processing update
Traceback (most recent call last):
  File "/Users/mehriddinmengturayev/Downloads/shopbot/app/middlewares/error_handling.py", line 33, in __call__
    return await handler(event, data)
           ^^^^^^^^^^^^^^^^^^^^^^^^^^
  File "/Users/mehriddinmengturayev/Downloads/shopbot/app/middlewares/throttling.py", line 40, in __call__
    return await handler(event, data)
           ^^^^^^^^^^^^^^^^^^^^^^^^^^
  File "/Users/mehriddinmengturayev/Downloads/shopbot/app/middlewares/db_session.py", line 27, in __call__
    return await handler(event, data)
           ^^^^^^^^^^^^^^^^^^^^^^^^^^
  File "/Users/mehriddinmengturayev/Downloads/shopbot/app/middlewares/user_context.py", line 41, in __call__
    return await handler(event, data)
           ^^^^^^^^^^^^^^^^^^^^^^^^^^
  File "/Users/mehriddinmengturayev/Downloads/shopbot/.venv/lib/python3.13/site-packages/aiogram/dispatcher/event/telegram.py", line 121, in trigger
    return await wrapped_inner(event, kwargs)
           ^^^^^^^^^^^^^^^^^^^^^^^^^^^^^^^^^^
  File "/Users/mehriddinmengturayev/Downloads/shopbot/.venv/lib/python3.13/site-packages/aiogram/dispatcher/event/handler.py", line 43, in call
    return await wrapped()
           ^^^^^^^^^^^^^^^
  File "/Users/mehriddinmengturayev/Downloads/shopbot/.venv/lib/python3.13/site-packages/aiogram/dispatcher/dispatcher.py", line 276, in _listen_update
    return await self.propagate_event(update_type=update_type, event=event, **kwargs)
           ^^^^^^^^^^^^^^^^^^^^^^^^^^^^^^^^^^^^^^^^^^^^^^^^^^^^^^^^^^^^^^^^^^^^^^^^^^
  File "/Users/mehriddinmengturayev/Downloads/shopbot/.venv/lib/python3.13/site-packages/aiogram/dispatcher/router.py", line 146, in propagate_event
    return await observer.wrap_outer_middleware(_wrapped, event=event, data=kwargs)
           ^^^^^^^^^^^^^^^^^^^^^^^^^^^^^^^^^^^^^^^^^^^^^^^^^^^^^^^^^^^^^^^^^^^^^^^^
  File "/Users/mehriddinmengturayev/Downloads/shopbot/.venv/lib/python3.13/site-packages/aiogram/dispatcher/router.py", line 141, in _wrapped
    return await self._propagate_event(
           ^^^^^^^^^^^^^^^^^^^^^^^^^^^^
        observer=observer, update_type=update_type, event=telegram_event, **data
        ^^^^^^^^^^^^^^^^^^^^^^^^^^^^^^^^^^^^^^^^^^^^^^^^^^^^^^^^^^^^^^^^^^^^^^^^
    )
    ^
  File "/Users/mehriddinmengturayev/Downloads/shopbot/.venv/lib/python3.13/site-packages/aiogram/dispatcher/router.py", line 174, in _propagate_event
    response = await router.propagate_event(update_type=update_type, event=event, **kwargs)
               ^^^^^^^^^^^^^^^^^^^^^^^^^^^^^^^^^^^^^^^^^^^^^^^^^^^^^^^^^^^^^^^^^^^^^^^^^^^^
  File "/Users/mehriddinmengturayev/Downloads/shopbot/.venv/lib/python3.13/site-packages/aiogram/dispatcher/router.py", line 146, in propagate_event
    return await observer.wrap_outer_middleware(_wrapped, event=event, data=kwargs)
           ^^^^^^^^^^^^^^^^^^^^^^^^^^^^^^^^^^^^^^^^^^^^^^^^^^^^^^^^^^^^^^^^^^^^^^^^
  File "/Users/mehriddinmengturayev/Downloads/shopbot/.venv/lib/python3.13/site-packages/aiogram/dispatcher/router.py", line 141, in _wrapped
    return await self._propagate_event(
           ^^^^^^^^^^^^^^^^^^^^^^^^^^^^
        observer=observer, update_type=update_type, event=telegram_event, **data
        ^^^^^^^^^^^^^^^^^^^^^^^^^^^^^^^^^^^^^^^^^^^^^^^^^^^^^^^^^^^^^^^^^^^^^^^^
    )
    ^
  File "/Users/mehriddinmengturayev/Downloads/shopbot/.venv/lib/python3.13/site-packages/aiogram/dispatcher/router.py", line 174, in _propagate_event
    response = await router.propagate_event(update_type=update_type, event=event, **kwargs)
               ^^^^^^^^^^^^^^^^^^^^^^^^^^^^^^^^^^^^^^^^^^^^^^^^^^^^^^^^^^^^^^^^^^^^^^^^^^^^
  File "/Users/mehriddinmengturayev/Downloads/shopbot/.venv/lib/python3.13/site-packages/aiogram/dispatcher/router.py", line 146, in propagate_event
    return await observer.wrap_outer_middleware(_wrapped, event=event, data=kwargs)
           ^^^^^^^^^^^^^^^^^^^^^^^^^^^^^^^^^^^^^^^^^^^^^^^^^^^^^^^^^^^^^^^^^^^^^^^^
  File "/Users/mehriddinmengturayev/Downloads/shopbot/.venv/lib/python3.13/site-packages/aiogram/dispatcher/router.py", line 141, in _wrapped
    return await self._propagate_event(
           ^^^^^^^^^^^^^^^^^^^^^^^^^^^^
        observer=observer, update_type=update_type, event=telegram_event, **data
        ^^^^^^^^^^^^^^^^^^^^^^^^^^^^^^^^^^^^^^^^^^^^^^^^^^^^^^^^^^^^^^^^^^^^^^^^
    )
    ^
  File "/Users/mehriddinmengturayev/Downloads/shopbot/.venv/lib/python3.13/site-packages/aiogram/dispatcher/router.py", line 166, in _propagate_event
    response = await observer.trigger(event, **kwargs)
               ^^^^^^^^^^^^^^^^^^^^^^^^^^^^^^^^^^^^^^^
  File "/Users/mehriddinmengturayev/Downloads/shopbot/.venv/lib/python3.13/site-packages/aiogram/dispatcher/event/telegram.py", line 121, in trigger
    return await wrapped_inner(event, kwargs)
           ^^^^^^^^^^^^^^^^^^^^^^^^^^^^^^^^^^
  File "/Users/mehriddinmengturayev/Downloads/shopbot/.venv/lib/python3.13/site-packages/aiogram/dispatcher/event/handler.py", line 43, in call
    return await wrapped()
           ^^^^^^^^^^^^^^^
  File "/Users/mehriddinmengturayev/Downloads/shopbot/app/handlers/user/reviews.py", line 29, in show_reviews
    await message.answer(
    ...<2 lines>...
    )
  File "/Users/mehriddinmengturayev/Downloads/shopbot/.venv/lib/python3.13/site-packages/aiogram/methods/base.py", line 84, in emit
    return await bot(self)
           ^^^^^^^^^^^^^^^
  File "/Users/mehriddinmengturayev/Downloads/shopbot/.venv/lib/python3.13/site-packages/aiogram/client/bot.py", line 494, in __call__
    return await self.session(self, method, timeout=request_timeout)
           ^^^^^^^^^^^^^^^^^^^^^^^^^^^^^^^^^^^^^^^^^^^^^^^^^^^^^^^^^
  File "/Users/mehriddinmengturayev/Downloads/shopbot/.venv/lib/python3.13/site-packages/aiogram/client/session/base.py", line 254, in __call__
    return cast(TelegramType, await middleware(bot, method))
                              ^^^^^^^^^^^^^^^^^^^^^^^^^^^^^
  File "/Users/mehriddinmengturayev/Downloads/shopbot/.venv/lib/python3.13/site-packages/aiogram/client/session/aiohttp.py", line 189, in make_request
    response = self.check_response(
        bot=bot, method=method, status_code=resp.status, content=raw_result
    )
  File "/Users/mehriddinmengturayev/Downloads/shopbot/.venv/lib/python3.13/site-packages/aiogram/client/session/base.py", line 120, in check_response
    raise TelegramBadRequest(method=method, message=description)
aiogram.exceptions.TelegramBadRequest: Telegram server says - Bad Request: inline keyboard button URL 'isbotlar @jcjkdjchjd' is invalid: Disallowed character in URL userinfo
2026-07-31 02:48:10,029 | INFO     | aiogram.event | Update id=883467676 is handled. Duration 342 ms by bot id=8591349938
2026-07-31 02:48:11,253 | INFO     | httpx | HTTP Request: POST https://pay.crypt.bot/api/getInvoices "HTTP/1.1 200 OK"
2026-07-31 02:48:11,765 | INFO     | httpx | HTTP Request: GET https://pay.xrocket.tg/tg-invoices/4736490 "HTTP/1.1 200 OK"
2026-07-31 02:48:12,575 | INFO     | httpx | HTTP Request: POST https://pay.crypt.bot/api/getInvoices "HTTP/1.1 200 OK"
2026-07-31 02:48:14,051 | INFO     | aiogram.event | Update id=883467677 is handled. Duration 196 ms by bot id=8591349938
2026-07-31 02:48:16,304 | INFO     | aiogram.event | Update id=883467678 is handled. Duration 505 ms by bot id=8591349938
2026-07-31 02:48:33,173 | INFO     | httpx | HTTP Request: POST https://pay.crypt.bot/api/getInvoices "HTTP/1.1 200 OK"
2026-07-31 02:48:33,790 | INFO     | httpx | HTTP Request: GET https://pay.xrocket.tg/tg-invoices/4736490 "HTTP/1.1 200 OK"
2026-07-31 02:48:34,754 | INFO     | httpx | HTTP Request: POST https://pay.crypt.bot/api/getInvoices "HTTP/1.1 200 OK"
2026-07-31 02:48:55,258 | INFO     | httpx | HTTP Request: POST https://pay.crypt.bot/api/getInvoices "HTTP/1.1 200 OK"
2026-07-31 02:48:55,897 | INFO     | httpx | HTTP Request: GET https://pay.xrocket.tg/tg-invoices/4736490 "HTTP/1.1 200 OK"
2026-07-31 02:48:56,419 | INFO     | httpx | HTTP Request: POST https://pay.crypt.bot/api/getInvoices "HTTP/1.1 200 OK"
2026-07-31 02:49:28,797 | ERROR    | providers | cryptobot check_invoice HTTP error: [Errno 8] nodename nor servname provided, or not known
2026-07-31 02:49:30,348 | ERROR    | providers | xrocket check_invoice HTTP error: [Errno 8] nodename nor servname provided, or not known
2026-07-31 02:49:31,909 | ERROR    | providers | cryptobot check_invoice HTTP error: [Errno 8] nodename nor servname provided, or not known
2026-07-31 02:57:33,359 | INFO     | httpx | HTTP Request: POST https://pay.crypt.bot/api/getInvoices "HTTP/1.1 200 OK"
2026-07-31 02:57:33,913 | INFO     | httpx | HTTP Request: GET https://pay.xrocket.tg/tg-invoices/4736490 "HTTP/1.1 200 OK"
2026-07-31 02:57:34,656 | INFO     | httpx | HTTP Request: POST https://pay.crypt.bot/api/getInvoices "HTTP/1.1 200 OK"
2026-07-31 02:57:55,190 | INFO     | httpx | HTTP Request: POST https://pay.crypt.bot/api/getInvoices "HTTP/1.1 200 OK"
2026-07-31 02:57:55,633 | INFO     | httpx | HTTP Request: GET https://pay.xrocket.tg/tg-invoices/4736490 "HTTP/1.1 200 OK"
2026-07-31 02:57:56,039 | INFO     | httpx | HTTP Request: POST https://pay.crypt.bot/api/getInvoices "HTTP/1.1 200 OK"
2026-07-31 02:58:00,226 | WARNING  | aiogram.dispatcher | Received SIGINT signal
2026-07-31 02:58:00,228 | INFO     | aiogram.dispatcher | Polling stopped for bot @Tenkyushopbot id=8591349938 - 'Tenkyu Shop'
2026-07-31 02:58:00,229 | INFO     | aiogram.dispatcher | Polling stopped
2026-07-31 02:58:03,854 | INFO     | __main__ | Starting Telegram Digital Product Sales Bot...
2026-07-31 02:58:03,858 | INFO     | app.database.bootstrap | Database tables ensured (create_all).
2026-07-31 02:58:03,872 | INFO     | providers | Crypto payment poller started (interval=20.0s)
2026-07-31 02:58:04,288 | INFO     | __main__ | Bot is polling...
2026-07-31 02:58:04,289 | INFO     | aiogram.dispatcher | Start polling
2026-07-31 02:58:04,425 | INFO     | aiogram.dispatcher | Run polling for bot @Tenkyushopbot id=8591349938 - 'Tenkyu Shop'
2026-07-31 02:58:04,864 | INFO     | httpx | HTTP Request: POST https://pay.crypt.bot/api/getInvoices "HTTP/1.1 200 OK"
2026-07-31 02:58:05,370 | INFO     | httpx | HTTP Request: GET https://pay.xrocket.tg/tg-invoices/4736490 "HTTP/1.1 200 OK"
2026-07-31 02:58:05,870 | INFO     | httpx | HTTP Request: POST https://pay.crypt.bot/api/getInvoices "HTTP/1.1 200 OK"
2026-07-31 02:58:10,303 | INFO     | aiogram.event | Update id=883467681 is handled. Duration 564 ms by bot id=8591349938
2026-07-31 02:58:12,889 | INFO     | orders | order_created id=63CAAD39CE38 user=1403306196 product=gemini pro price=39000.00
2026-07-31 02:58:13,157 | INFO     | aiogram.event | Update id=883467682 is handled. Duration 289 ms by bot id=8591349938
2026-07-31 02:58:20,314 | INFO     | payments | payment_proof_submitted order=63CAAD39CE38 user_id=1
2026-07-31 02:58:20,698 | INFO     | aiogram.event | Update id=883467683 is handled. Duration 410 ms by bot id=8591349938
2026-07-31 02:58:24,730 | INFO     | aiogram.event | Update id=883467684 is handled. Duration 436 ms by bot id=8591349938
2026-07-31 02:58:26,305 | INFO     | httpx | HTTP Request: POST https://pay.crypt.bot/api/getInvoices "HTTP/1.1 200 OK"
2026-07-31 02:58:26,781 | INFO     | httpx | HTTP Request: GET https://pay.xrocket.tg/tg-invoices/4736490 "HTTP/1.1 200 OK"
2026-07-31 02:58:27,192 | INFO     | httpx | HTTP Request: POST https://pay.crypt.bot/api/getInvoices "HTTP/1.1 200 OK"
2026-07-31 02:58:28,168 | INFO     | orders | order_rejected id=63CAAD39CE38 admin=1403306196 reason=xato
2026-07-31 02:58:28,169 | INFO     | admin_actions | order_rejected order=18 admin=1403306196
2026-07-31 02:58:28,474 | INFO     | aiogram.event | Update id=883467685 is handled. Duration 324 ms by bot id=8591349938
2026-07-31 02:58:47,623 | INFO     | httpx | HTTP Request: POST https://pay.crypt.bot/api/getInvoices "HTTP/1.1 200 OK"
2026-07-31 02:58:48,128 | INFO     | httpx | HTTP Request: GET https://pay.xrocket.tg/tg-invoices/4736490 "HTTP/1.1 200 OK"
2026-07-31 02:58:48,537 | INFO     | httpx | HTTP Request: POST https://pay.crypt.bot/api/getInvoices "HTTP/1.1 200 OK"
2026-07-31 02:59:09,163 | INFO     | httpx | HTTP Request: POST https://pay.crypt.bot/api/getInvoices "HTTP/1.1 200 OK"
2026-07-31 02:59:09,659 | INFO     | httpx | HTTP Request: GET https://pay.xrocket.tg/tg-invoices/4736490 "HTTP/1.1 200 OK"
2026-07-31 02:59:10,068 | INFO     | httpx | HTTP Request: POST https://pay.crypt.bot/api/getInvoices "HTTP/1.1 200 OK"
2026-07-31 02:59:30,840 | INFO     | httpx | HTTP Request: POST https://pay.crypt.bot/api/getInvoices "HTTP/1.1 200 OK"
2026-07-31 02:59:31,291 | INFO     | httpx | HTTP Request: GET https://pay.xrocket.tg/tg-invoices/4736490 "HTTP/1.1 200 OK"
2026-07-31 02:59:31,746 | INFO     | httpx | HTTP Request: POST https://pay.crypt.bot/api/getInvoices "HTTP/1.1 200 OK"
2026-07-31 02:59:52,186 | INFO     | httpx | HTTP Request: POST https://pay.crypt.bot/api/getInvoices "HTTP/1.1 200 OK"
2026-07-31 02:59:52,710 | INFO     | httpx | HTTP Request: GET https://pay.xrocket.tg/tg-invoices/4736490 "HTTP/1.1 200 OK"
2026-07-31 02:59:53,126 | INFO     | httpx | HTTP Request: POST https://pay.crypt.bot/api/getInvoices "HTTP/1.1 200 OK"
2026-07-31 03:00:13,618 | INFO     | httpx | HTTP Request: POST https://pay.crypt.bot/api/getInvoices "HTTP/1.1 200 OK"
2026-07-31 03:00:14,063 | INFO     | httpx | HTTP Request: GET https://pay.xrocket.tg/tg-invoices/4736490 "HTTP/1.1 200 OK"
2026-07-31 03:00:15,078 | INFO     | httpx | HTTP Request: POST https://pay.crypt.bot/api/getInvoices "HTTP/1.1 200 OK"
2026-07-31 03:00:35,502 | INFO     | httpx | HTTP Request: POST https://pay.crypt.bot/api/getInvoices "HTTP/1.1 200 OK"
2026-07-31 03:00:35,959 | INFO     | httpx | HTTP Request: GET https://pay.xrocket.tg/tg-invoices/4736490 "HTTP/1.1 200 OK"
2026-07-31 03:00:36,399 | INFO     | httpx | HTTP Request: POST https://pay.crypt.bot/api/getInvoices "HTTP/1.1 200 OK"
2026-07-31 03:00:57,077 | INFO     | httpx | HTTP Request: POST https://pay.crypt.bot/api/getInvoices "HTTP/1.1 200 OK"
2026-07-31 03:00:57,631 | INFO     | httpx | HTTP Request: GET https://pay.xrocket.tg/tg-invoices/4736490 "HTTP/1.1 200 OK"
2026-07-31 03:00:58,073 | INFO     | httpx | HTTP Request: POST https://pay.crypt.bot/api/getInvoices "HTTP/1.1 200 OK"
2026-07-31 03:01:07,259 | INFO     | aiogram.event | Update id=883467686 is handled. Duration 649 ms by bot id=8591349938
2026-07-31 03:01:09,352 | INFO     | aiogram.event | Update id=883467687 is handled. Duration 656 ms by bot id=8591349938
2026-07-31 03:01:18,368 | INFO     | aiogram.event | Update id=883467688 is handled. Duration 220 ms by bot id=8591349938
2026-07-31 03:01:18,501 | INFO     | httpx | HTTP Request: POST https://pay.crypt.bot/api/getInvoices "HTTP/1.1 200 OK"
2026-07-31 03:01:18,955 | INFO     | httpx | HTTP Request: GET https://pay.xrocket.tg/tg-invoices/4736490 "HTTP/1.1 200 OK"
2026-07-31 03:01:19,367 | INFO     | httpx | HTTP Request: POST https://pay.crypt.bot/api/getInvoices "HTTP/1.1 200 OK"
2026-07-31 03:01:21,198 | INFO     | aiogram.event | Update id=883467689 is handled. Duration 207 ms by bot id=8591349938
2026-07-31 03:01:39,763 | INFO     | httpx | HTTP Request: POST https://pay.crypt.bot/api/getInvoices "HTTP/1.1 200 OK"
2026-07-31 03:01:40,298 | INFO     | httpx | HTTP Request: GET https://pay.xrocket.tg/tg-invoices/4736490 "HTTP/1.1 200 OK"
2026-07-31 03:01:40,710 | INFO     | httpx | HTTP Request: POST https://pay.crypt.bot/api/getInvoices "HTTP/1.1 200 OK"
2026-07-31 03:02:01,138 | INFO     | httpx | HTTP Request: POST https://pay.crypt.bot/api/getInvoices "HTTP/1.1 200 OK"
2026-07-31 03:02:01,575 | INFO     | httpx | HTTP Request: GET https://pay.xrocket.tg/tg-invoices/4736490 "HTTP/1.1 200 OK"
2026-07-31 03:02:02,234 | INFO     | httpx | HTTP Request: POST https://pay.crypt.bot/api/getInvoices "HTTP/1.1 200 OK"
2026-07-31 03:02:22,658 | INFO     | httpx | HTTP Request: POST https://pay.crypt.bot/api/getInvoices "HTTP/1.1 200 OK"
2026-07-31 03:02:23,104 | INFO     | httpx | HTTP Request: GET https://pay.xrocket.tg/tg-invoices/4736490 "HTTP/1.1 200 OK"
2026-07-31 03:02:23,532 | INFO     | httpx | HTTP Request: POST https://pay.crypt.bot/api/getInvoices "HTTP/1.1 200 OK"
2026-07-31 03:02:43,967 | INFO     | httpx | HTTP Request: POST https://pay.crypt.bot/api/getInvoices "HTTP/1.1 200 OK"
2026-07-31 03:02:44,422 | INFO     | httpx | HTTP Request: GET https://pay.xrocket.tg/tg-invoices/4736490 "HTTP/1.1 200 OK"
2026-07-31 03:02:44,835 | INFO     | httpx | HTTP Request: POST https://pay.crypt.bot/api/getInvoices "HTTP/1.1 200 OK"
2026-07-31 03:03:05,540 | INFO     | httpx | HTTP Request: POST https://pay.crypt.bot/api/getInvoices "HTTP/1.1 200 OK"
2026-07-31 03:03:06,022 | INFO     | httpx | HTTP Request: GET https://pay.xrocket.tg/tg-invoices/4736490 "HTTP/1.1 200 OK"
2026-07-31 03:03:06,424 | INFO     | httpx | HTTP Request: POST https://pay.crypt.bot/api/getInvoices "HTTP/1.1 200 OK"
2026-07-31 03:03:07,923 | INFO     | aiogram.event | Update id=883467690 is handled. Duration 449 ms by bot id=8591349938
2026-07-31 03:03:09,751 | INFO     | aiogram.event | Update id=883467691 is handled. Duration 163 ms by bot id=8591349938
2026-07-31 03:03:11,699 | INFO     | aiogram.event | Update id=883467692 is handled. Duration 452 ms by bot id=8591349938
2026-07-31 03:03:14,004 | ERROR    | app.middlewares.error_handling | Unhandled exception while processing update
Traceback (most recent call last):
  File "/Users/mehriddinmengturayev/Downloads/shopbot/app/middlewares/error_handling.py", line 33, in __call__
    return await handler(event, data)
           ^^^^^^^^^^^^^^^^^^^^^^^^^^
  File "/Users/mehriddinmengturayev/Downloads/shopbot/app/middlewares/throttling.py", line 40, in __call__
    return await handler(event, data)
           ^^^^^^^^^^^^^^^^^^^^^^^^^^
  File "/Users/mehriddinmengturayev/Downloads/shopbot/app/middlewares/db_session.py", line 27, in __call__
    return await handler(event, data)
           ^^^^^^^^^^^^^^^^^^^^^^^^^^
  File "/Users/mehriddinmengturayev/Downloads/shopbot/app/middlewares/user_context.py", line 41, in __call__
    return await handler(event, data)
           ^^^^^^^^^^^^^^^^^^^^^^^^^^
  File "/Users/mehriddinmengturayev/Downloads/shopbot/.venv/lib/python3.13/site-packages/aiogram/dispatcher/event/telegram.py", line 121, in trigger
    return await wrapped_inner(event, kwargs)
           ^^^^^^^^^^^^^^^^^^^^^^^^^^^^^^^^^^
  File "/Users/mehriddinmengturayev/Downloads/shopbot/.venv/lib/python3.13/site-packages/aiogram/dispatcher/event/handler.py", line 43, in call
    return await wrapped()
           ^^^^^^^^^^^^^^^
  File "/Users/mehriddinmengturayev/Downloads/shopbot/.venv/lib/python3.13/site-packages/aiogram/dispatcher/dispatcher.py", line 276, in _listen_update
    return await self.propagate_event(update_type=update_type, event=event, **kwargs)
           ^^^^^^^^^^^^^^^^^^^^^^^^^^^^^^^^^^^^^^^^^^^^^^^^^^^^^^^^^^^^^^^^^^^^^^^^^^
  File "/Users/mehriddinmengturayev/Downloads/shopbot/.venv/lib/python3.13/site-packages/aiogram/dispatcher/router.py", line 146, in propagate_event
    return await observer.wrap_outer_middleware(_wrapped, event=event, data=kwargs)
           ^^^^^^^^^^^^^^^^^^^^^^^^^^^^^^^^^^^^^^^^^^^^^^^^^^^^^^^^^^^^^^^^^^^^^^^^
  File "/Users/mehriddinmengturayev/Downloads/shopbot/.venv/lib/python3.13/site-packages/aiogram/dispatcher/router.py", line 141, in _wrapped
    return await self._propagate_event(
           ^^^^^^^^^^^^^^^^^^^^^^^^^^^^
        observer=observer, update_type=update_type, event=telegram_event, **data
        ^^^^^^^^^^^^^^^^^^^^^^^^^^^^^^^^^^^^^^^^^^^^^^^^^^^^^^^^^^^^^^^^^^^^^^^^
    )
    ^
  File "/Users/mehriddinmengturayev/Downloads/shopbot/.venv/lib/python3.13/site-packages/aiogram/dispatcher/router.py", line 174, in _propagate_event
    response = await router.propagate_event(update_type=update_type, event=event, **kwargs)
               ^^^^^^^^^^^^^^^^^^^^^^^^^^^^^^^^^^^^^^^^^^^^^^^^^^^^^^^^^^^^^^^^^^^^^^^^^^^^
  File "/Users/mehriddinmengturayev/Downloads/shopbot/.venv/lib/python3.13/site-packages/aiogram/dispatcher/router.py", line 146, in propagate_event
    return await observer.wrap_outer_middleware(_wrapped, event=event, data=kwargs)
           ^^^^^^^^^^^^^^^^^^^^^^^^^^^^^^^^^^^^^^^^^^^^^^^^^^^^^^^^^^^^^^^^^^^^^^^^
  File "/Users/mehriddinmengturayev/Downloads/shopbot/.venv/lib/python3.13/site-packages/aiogram/dispatcher/router.py", line 141, in _wrapped
    return await self._propagate_event(
           ^^^^^^^^^^^^^^^^^^^^^^^^^^^^
        observer=observer, update_type=update_type, event=telegram_event, **data
        ^^^^^^^^^^^^^^^^^^^^^^^^^^^^^^^^^^^^^^^^^^^^^^^^^^^^^^^^^^^^^^^^^^^^^^^^
    )
    ^
  File "/Users/mehriddinmengturayev/Downloads/shopbot/.venv/lib/python3.13/site-packages/aiogram/dispatcher/router.py", line 174, in _propagate_event
    response = await router.propagate_event(update_type=update_type, event=event, **kwargs)
               ^^^^^^^^^^^^^^^^^^^^^^^^^^^^^^^^^^^^^^^^^^^^^^^^^^^^^^^^^^^^^^^^^^^^^^^^^^^^
  File "/Users/mehriddinmengturayev/Downloads/shopbot/.venv/lib/python3.13/site-packages/aiogram/dispatcher/router.py", line 146, in propagate_event
    return await observer.wrap_outer_middleware(_wrapped, event=event, data=kwargs)
           ^^^^^^^^^^^^^^^^^^^^^^^^^^^^^^^^^^^^^^^^^^^^^^^^^^^^^^^^^^^^^^^^^^^^^^^^
  File "/Users/mehriddinmengturayev/Downloads/shopbot/.venv/lib/python3.13/site-packages/aiogram/dispatcher/router.py", line 141, in _wrapped
    return await self._propagate_event(
           ^^^^^^^^^^^^^^^^^^^^^^^^^^^^
        observer=observer, update_type=update_type, event=telegram_event, **data
        ^^^^^^^^^^^^^^^^^^^^^^^^^^^^^^^^^^^^^^^^^^^^^^^^^^^^^^^^^^^^^^^^^^^^^^^^
    )
    ^
  File "/Users/mehriddinmengturayev/Downloads/shopbot/.venv/lib/python3.13/site-packages/aiogram/dispatcher/router.py", line 166, in _propagate_event
    response = await observer.trigger(event, **kwargs)
               ^^^^^^^^^^^^^^^^^^^^^^^^^^^^^^^^^^^^^^^
  File "/Users/mehriddinmengturayev/Downloads/shopbot/.venv/lib/python3.13/site-packages/aiogram/dispatcher/event/telegram.py", line 121, in trigger
    return await wrapped_inner(event, kwargs)
           ^^^^^^^^^^^^^^^^^^^^^^^^^^^^^^^^^^
  File "/Users/mehriddinmengturayev/Downloads/shopbot/.venv/lib/python3.13/site-packages/aiogram/dispatcher/event/handler.py", line 43, in call
    return await wrapped()
           ^^^^^^^^^^^^^^^
  File "/Users/mehriddinmengturayev/Downloads/shopbot/app/handlers/user/reviews.py", line 29, in show_reviews
    await message.answer(
    ...<2 lines>...
    )
  File "/Users/mehriddinmengturayev/Downloads/shopbot/.venv/lib/python3.13/site-packages/aiogram/methods/base.py", line 84, in emit
    return await bot(self)
           ^^^^^^^^^^^^^^^
  File "/Users/mehriddinmengturayev/Downloads/shopbot/.venv/lib/python3.13/site-packages/aiogram/client/bot.py", line 494, in __call__
    return await self.session(self, method, timeout=request_timeout)
           ^^^^^^^^^^^^^^^^^^^^^^^^^^^^^^^^^^^^^^^^^^^^^^^^^^^^^^^^^
  File "/Users/mehriddinmengturayev/Downloads/shopbot/.venv/lib/python3.13/site-packages/aiogram/client/session/base.py", line 254, in __call__
    return cast(TelegramType, await middleware(bot, method))
                              ^^^^^^^^^^^^^^^^^^^^^^^^^^^^^
  File "/Users/mehriddinmengturayev/Downloads/shopbot/.venv/lib/python3.13/site-packages/aiogram/client/session/aiohttp.py", line 189, in make_request
    response = self.check_response(
        bot=bot, method=method, status_code=resp.status, content=raw_result
    )
  File "/Users/mehriddinmengturayev/Downloads/shopbot/.venv/lib/python3.13/site-packages/aiogram/client/session/base.py", line 120, in check_response
    raise TelegramBadRequest(method=method, message=description)
aiogram.exceptions.TelegramBadRequest: Telegram server says - Bad Request: inline keyboard button URL 'isbotlar @jcjkdjchjd' is invalid: Disallowed character in URL userinfo
2026-07-31 03:03:14,014 | INFO     | aiogram.event | Update id=883467693 is handled. Duration 303 ms by bot id=8591349938
2026-07-31 03:03:15,269 | INFO     | aiogram.event | Update id=883467694 is handled. Duration 160 ms by bot id=8591349938
2026-07-31 03:03:17,389 | INFO     | aiogram.event | Update id=883467695 is handled. Duration 468 ms by bot id=8591349938
2026-07-31 03:03:26,828 | INFO     | httpx | HTTP Request: POST https://pay.crypt.bot/api/getInvoices "HTTP/1.1 200 OK"
2026-07-31 03:03:27,334 | INFO     | httpx | HTTP Request: GET https://pay.xrocket.tg/tg-invoices/4736490 "HTTP/1.1 200 OK"
2026-07-31 03:03:27,743 | INFO     | httpx | HTTP Request: POST https://pay.crypt.bot/api/getInvoices "HTTP/1.1 200 OK"
2026-07-31 03:03:30,068 | INFO     | aiogram.event | Update id=883467696 is handled. Duration 171 ms by bot id=8591349938
2026-07-31 03:03:31,122 | INFO     | aiogram.event | Update id=883467697 is handled. Duration 159 ms by bot id=8591349938
2026-07-31 03:03:32,597 | INFO     | aiogram.event | Update id=883467698 is handled. Duration 170 ms by bot id=8591349938
2026-07-31 03:03:34,498 | INFO     | aiogram.event | Update id=883467699 is handled. Duration 322 ms by bot id=8591349938
2026-07-31 03:03:37,822 | INFO     | aiogram.event | Update id=883467700 is handled. Duration 292 ms by bot id=8591349938
2026-07-31 03:03:46,482 | INFO     | admin_actions | product_field_edited id=1 field=price_usd admin=1403306196
2026-07-31 03:03:46,660 | INFO     | aiogram.event | Update id=883467701 is handled. Duration 193 ms by bot id=8591349938
2026-07-31 03:03:48,266 | INFO     | httpx | HTTP Request: POST https://pay.crypt.bot/api/getInvoices "HTTP/1.1 200 OK"
2026-07-31 03:03:48,761 | INFO     | httpx | HTTP Request: GET https://pay.xrocket.tg/tg-invoices/4736490 "HTTP/1.1 200 OK"
2026-07-31 03:03:49,163 | INFO     | httpx | HTTP Request: POST https://pay.crypt.bot/api/getInvoices "HTTP/1.1 200 OK"
2026-07-31 03:04:09,689 | INFO     | httpx | HTTP Request: POST https://pay.crypt.bot/api/getInvoices "HTTP/1.1 200 OK"
2026-07-31 03:04:10,308 | INFO     | httpx | HTTP Request: GET https://pay.xrocket.tg/tg-invoices/4736490 "HTTP/1.1 200 OK"
2026-07-31 03:04:10,694 | INFO     | httpx | HTTP Request: POST https://pay.crypt.bot/api/getInvoices "HTTP/1.1 200 OK"
2026-07-31 03:04:31,231 | INFO     | httpx | HTTP Request: POST https://pay.crypt.bot/api/getInvoices "HTTP/1.1 200 OK"
2026-07-31 03:04:31,718 | INFO     | httpx | HTTP Request: GET https://pay.xrocket.tg/tg-invoices/4736490 "HTTP/1.1 200 OK"
2026-07-31 03:04:32,162 | INFO     | httpx | HTTP Request: POST https://pay.crypt.bot/api/getInvoices "HTTP/1.1 200 OK"
2026-07-31 03:04:44,736 | INFO     | aiogram.event | Update id=883467702 is handled. Duration 405 ms by bot id=8591349938
2026-07-31 03:04:46,540 | INFO     | aiogram.event | Update id=883467703 is handled. Duration 162 ms by bot id=8591349938
2026-07-31 03:04:47,673 | INFO     | aiogram.event | Update id=883467704 is handled. Duration 150 ms by bot id=8591349938
2026-07-31 03:04:49,006 | INFO     | aiogram.event | Update id=883467705 is handled. Duration 435 ms by bot id=8591349938
2026-07-31 03:04:52,588 | INFO     | httpx | HTTP Request: POST https://pay.crypt.bot/api/getInvoices "HTTP/1.1 200 OK"
2026-07-31 03:04:53,039 | INFO     | httpx | HTTP Request: GET https://pay.xrocket.tg/tg-invoices/4736490 "HTTP/1.1 200 OK"
2026-07-31 03:04:53,446 | INFO     | httpx | HTTP Request: POST https://pay.crypt.bot/api/getInvoices "HTTP/1.1 200 OK"
2026-07-31 03:04:53,618 | INFO     | httpx | HTTP Request: POST https://pay.crypt.bot/api/createInvoice "HTTP/1.1 200 OK"
2026-07-31 03:04:53,920 | INFO     | aiogram.event | Update id=883467706 is handled. Duration 924 ms by bot id=8591349938
2026-07-31 03:05:04,647 | INFO     | aiogram.event | Update id=883467707 is handled. Duration 475 ms by bot id=8591349938
2026-07-31 03:05:06,165 | INFO     | aiogram.event | Update id=883467708 is handled. Duration 178 ms by bot id=8591349938
2026-07-31 03:05:12,442 | INFO     | aiogram.event | Update id=883467709 is handled. Duration 159 ms by bot id=8591349938
2026-07-31 03:05:13,889 | INFO     | httpx | HTTP Request: POST https://pay.crypt.bot/api/getInvoices "HTTP/1.1 200 OK"
2026-07-31 03:05:14,333 | INFO     | httpx | HTTP Request: GET https://pay.xrocket.tg/tg-invoices/4736490 "HTTP/1.1 200 OK"
2026-07-31 03:05:14,742 | INFO     | httpx | HTTP Request: POST https://pay.crypt.bot/api/getInvoices "HTTP/1.1 200 OK"
2026-07-31 03:05:15,160 | INFO     | httpx | HTTP Request: POST https://pay.crypt.bot/api/getInvoices "HTTP/1.1 200 OK"
2026-07-31 03:05:23,551 | INFO     | aiogram.event | Update id=883467710 is handled. Duration 9 ms by bot id=8591349938
2026-07-31 03:05:29,266 | INFO     | aiogram.event | Update id=883467711 is handled. Duration 569 ms by bot id=8591349938
2026-07-31 03:05:35,649 | INFO     | httpx | HTTP Request: POST https://pay.crypt.bot/api/getInvoices "HTTP/1.1 200 OK"
2026-07-31 03:05:36,222 | INFO     | httpx | HTTP Request: GET https://pay.xrocket.tg/tg-invoices/4736490 "HTTP/1.1 200 OK"
2026-07-31 03:05:36,667 | INFO     | httpx | HTTP Request: POST https://pay.crypt.bot/api/getInvoices "HTTP/1.1 200 OK"
2026-07-31 03:05:37,059 | INFO     | httpx | HTTP Request: POST https://pay.crypt.bot/api/getInvoices "HTTP/1.1 200 OK"
2026-07-31 03:05:40,203 | INFO     | aiogram.event | Update id=883467712 is handled. Duration 161 ms by bot id=8591349938
2026-07-31 03:05:43,370 | INFO     | aiogram.event | Update id=883467713 is handled. Duration 309 ms by bot id=8591349938
2026-07-31 03:05:46,509 | INFO     | admin_actions | support_reply_relayed admin=1403306196 user=1403306196
2026-07-31 03:05:46,663 | INFO     | aiogram.event | Update id=883467714 is handled. Duration 299 ms by bot id=8591349938
2026-07-31 03:05:49,737 | INFO     | admin_actions | support_reply_relayed admin=1403306196 user=1403306196
2026-07-31 03:05:49,888 | INFO     | aiogram.event | Update id=883467715 is handled. Duration 302 ms by bot id=8591349938
2026-07-31 03:05:52,698 | INFO     | admin_actions | support_reply_relayed admin=1403306196 user=1403306196
2026-07-31 03:05:52,847 | INFO     | aiogram.event | Update id=883467716 is handled. Duration 299 ms by bot id=8591349938
2026-07-31 03:05:57,474 | INFO     | httpx | HTTP Request: POST https://pay.crypt.bot/api/getInvoices "HTTP/1.1 200 OK"
2026-07-31 03:05:57,911 | INFO     | httpx | HTTP Request: GET https://pay.xrocket.tg/tg-invoices/4736490 "HTTP/1.1 200 OK"
2026-07-31 03:05:58,451 | INFO     | httpx | HTTP Request: POST https://pay.crypt.bot/api/getInvoices "HTTP/1.1 200 OK"
2026-07-31 03:05:58,912 | INFO     | httpx | HTTP Request: POST https://pay.crypt.bot/api/getInvoices "HTTP/1.1 200 OK"
2026-07-31 03:06:19,462 | INFO     | httpx | HTTP Request: POST https://pay.crypt.bot/api/getInvoices "HTTP/1.1 200 OK"
2026-07-31 03:06:20,033 | INFO     | httpx | HTTP Request: GET https://pay.xrocket.tg/tg-invoices/4736490 "HTTP/1.1 200 OK"
2026-07-31 03:06:20,478 | INFO     | httpx | HTTP Request: POST https://pay.crypt.bot/api/getInvoices "HTTP/1.1 200 OK"
2026-07-31 03:06:20,956 | INFO     | httpx | HTTP Request: POST https://pay.crypt.bot/api/getInvoices "HTTP/1.1 200 OK"
2026-07-31 03:06:41,479 | INFO     | httpx | HTTP Request: POST https://pay.crypt.bot/api/getInvoices "HTTP/1.1 200 OK"
2026-07-31 03:06:42,004 | INFO     | httpx | HTTP Request: GET https://pay.xrocket.tg/tg-invoices/4736490 "HTTP/1.1 200 OK"
2026-07-31 03:06:42,860 | INFO     | httpx | HTTP Request: POST https://pay.crypt.bot/api/getInvoices "HTTP/1.1 200 OK"
2026-07-31 03:06:43,313 | INFO     | httpx | HTTP Request: POST https://pay.crypt.bot/api/getInvoices "HTTP/1.1 200 OK"
2026-07-31 03:07:03,897 | INFO     | httpx | HTTP Request: POST https://pay.crypt.bot/api/getInvoices "HTTP/1.1 200 OK"
2026-07-31 03:07:04,388 | INFO     | httpx | HTTP Request: GET https://pay.xrocket.tg/tg-invoices/4736490 "HTTP/1.1 200 OK"
2026-07-31 03:07:04,986 | INFO     | httpx | HTTP Request: POST https://pay.crypt.bot/api/getInvoices "HTTP/1.1 200 OK"
2026-07-31 03:07:05,443 | INFO     | httpx | HTTP Request: POST https://pay.crypt.bot/api/getInvoices "HTTP/1.1 200 OK"
2026-07-31 03:07:26,003 | INFO     | httpx | HTTP Request: POST https://pay.crypt.bot/api/getInvoices "HTTP/1.1 200 OK"
2026-07-31 03:07:26,682 | INFO     | httpx | HTTP Request: GET https://pay.xrocket.tg/tg-invoices/4736490 "HTTP/1.1 200 OK"
2026-07-31 03:07:27,228 | INFO     | httpx | HTTP Request: POST https://pay.crypt.bot/api/getInvoices "HTTP/1.1 200 OK"
2026-07-31 03:07:27,935 | INFO     | httpx | HTTP Request: POST https://pay.crypt.bot/api/getInvoices "HTTP/1.1 200 OK"
2026-07-31 03:07:48,577 | INFO     | httpx | HTTP Request: POST https://pay.crypt.bot/api/getInvoices "HTTP/1.1 200 OK"
2026-07-31 03:07:49,082 | INFO     | httpx | HTTP Request: GET https://pay.xrocket.tg/tg-invoices/4736490 "HTTP/1.1 200 OK"
2026-07-31 03:07:49,543 | INFO     | httpx | HTTP Request: POST https://pay.crypt.bot/api/getInvoices "HTTP/1.1 200 OK"
2026-07-31 03:07:50,069 | INFO     | httpx | HTTP Request: POST https://pay.crypt.bot/api/getInvoices "HTTP/1.1 200 OK"
2026-07-31 03:08:10,569 | INFO     | httpx | HTTP Request: POST https://pay.crypt.bot/api/getInvoices "HTTP/1.1 200 OK"
2026-07-31 03:08:11,072 | INFO     | httpx | HTTP Request: GET https://pay.xrocket.tg/tg-invoices/4736490 "HTTP/1.1 200 OK"
2026-07-31 03:08:11,783 | INFO     | httpx | HTTP Request: POST https://pay.crypt.bot/api/getInvoices "HTTP/1.1 200 OK"
2026-07-31 03:08:12,229 | INFO     | httpx | HTTP Request: POST https://pay.crypt.bot/api/getInvoices "HTTP/1.1 200 OK"
2026-07-31 03:08:32,667 | INFO     | httpx | HTTP Request: POST https://pay.crypt.bot/api/getInvoices "HTTP/1.1 200 OK"
2026-07-31 03:08:33,155 | INFO     | httpx | HTTP Request: GET https://pay.xrocket.tg/tg-invoices/4736490 "HTTP/1.1 200 OK"
2026-07-31 03:08:33,750 | INFO     | httpx | HTTP Request: POST https://pay.crypt.bot/api/getInvoices "HTTP/1.1 200 OK"
2026-07-31 03:08:34,211 | INFO     | httpx | HTTP Request: POST https://pay.crypt.bot/api/getInvoices "HTTP/1.1 200 OK"
2026-07-31 03:08:54,784 | INFO     | httpx | HTTP Request: POST https://pay.crypt.bot/api/getInvoices "HTTP/1.1 200 OK"
2026-07-31 03:08:55,266 | INFO     | httpx | HTTP Request: GET https://pay.xrocket.tg/tg-invoices/4736490 "HTTP/1.1 200 OK"
2026-07-31 03:08:55,975 | INFO     | httpx | HTTP Request: POST https://pay.crypt.bot/api/getInvoices "HTTP/1.1 200 OK"
2026-07-31 03:08:56,476 | INFO     | httpx | HTTP Request: POST https://pay.crypt.bot/api/getInvoices "HTTP/1.1 200 OK"
2026-07-31 03:09:16,943 | INFO     | httpx | HTTP Request: POST https://pay.crypt.bot/api/getInvoices "HTTP/1.1 200 OK"
2026-07-31 03:09:17,532 | INFO     | httpx | HTTP Request: GET https://pay.xrocket.tg/tg-invoices/4736490 "HTTP/1.1 200 OK"
2026-07-31 03:09:17,968 | INFO     | httpx | HTTP Request: POST https://pay.crypt.bot/api/getInvoices "HTTP/1.1 200 OK"
2026-07-31 03:09:18,810 | INFO     | httpx | HTTP Request: POST https://pay.crypt.bot/api/getInvoices "HTTP/1.1 200 OK"
2026-07-31 03:09:39,522 | INFO     | httpx | HTTP Request: POST https://pay.crypt.bot/api/getInvoices "HTTP/1.1 200 OK"
2026-07-31 03:09:40,009 | INFO     | httpx | HTTP Request: GET https://pay.xrocket.tg/tg-invoices/4736490 "HTTP/1.1 200 OK"
2026-07-31 03:09:40,799 | INFO     | httpx | HTTP Request: POST https://pay.crypt.bot/api/getInvoices "HTTP/1.1 200 OK"
2026-07-31 03:09:41,456 | INFO     | httpx | HTTP Request: POST https://pay.crypt.bot/api/getInvoices "HTTP/1.1 200 OK"
2026-07-31 03:10:02,376 | INFO     | httpx | HTTP Request: POST https://pay.crypt.bot/api/getInvoices "HTTP/1.1 200 OK"
2026-07-31 03:10:02,902 | INFO     | httpx | HTTP Request: GET https://pay.xrocket.tg/tg-invoices/4736490 "HTTP/1.1 200 OK"
2026-07-31 03:10:03,807 | INFO     | httpx | HTTP Request: POST https://pay.crypt.bot/api/getInvoices "HTTP/1.1 200 OK"
2026-07-31 03:10:04,550 | INFO     | httpx | HTTP Request: POST https://pay.crypt.bot/api/getInvoices "HTTP/1.1 200 OK"
2026-07-31 03:10:25,128 | INFO     | httpx | HTTP Request: POST https://pay.crypt.bot/api/getInvoices "HTTP/1.1 200 OK"
2026-07-31 03:10:25,643 | INFO     | httpx | HTTP Request: GET https://pay.xrocket.tg/tg-invoices/4736490 "HTTP/1.1 200 OK"
2026-07-31 03:10:26,217 | INFO     | httpx | HTTP Request: POST https://pay.crypt.bot/api/getInvoices "HTTP/1.1 200 OK"
2026-07-31 03:10:26,989 | INFO     | httpx | HTTP Request: POST https://pay.crypt.bot/api/getInvoices "HTTP/1.1 200 OK"
2026-07-31 03:10:43,948 | WARNING  | aiogram.dispatcher | Received SIGINT signal
2026-07-31 03:10:43,950 | INFO     | aiogram.dispatcher | Polling stopped for bot @Tenkyushopbot id=8591349938 - 'Tenkyu Shop'
2026-07-31 03:10:43,950 | INFO     | aiogram.dispatcher | Polling stopped
2026-07-31 03:11:39,225 | INFO     | __main__ | Starting Telegram Digital Product Sales Bot...
2026-07-31 03:11:39,230 | INFO     | app.database.bootstrap | Database tables ensured (create_all).
2026-07-31 03:11:39,234 | INFO     | app.database.bootstrap | Patched missing column: inventory_codes.is_reserved
2026-07-31 03:11:39,234 | INFO     | app.database.bootstrap | Patched missing column: inventory_codes.reserved_by_order_id
2026-07-31 03:11:39,246 | INFO     | providers | Crypto payment poller started (interval=20.0s)
2026-07-31 03:11:39,725 | INFO     | __main__ | Bot is polling...
2026-07-31 03:11:39,726 | INFO     | aiogram.dispatcher | Start polling
2026-07-31 03:11:39,846 | INFO     | httpx | HTTP Request: POST https://pay.crypt.bot/api/getInvoices "HTTP/1.1 200 OK"
2026-07-31 03:11:39,862 | INFO     | aiogram.dispatcher | Run polling for bot @Tenkyushopbot id=8591349938 - 'Tenkyu Shop | Gemini Pro 18'
2026-07-31 03:11:40,385 | INFO     | httpx | HTTP Request: GET https://pay.xrocket.tg/tg-invoices/4736490 "HTTP/1.1 200 OK"
2026-07-31 03:11:40,865 | INFO     | httpx | HTTP Request: POST https://pay.crypt.bot/api/getInvoices "HTTP/1.1 200 OK"
2026-07-31 03:11:41,629 | INFO     | httpx | HTTP Request: POST https://pay.crypt.bot/api/getInvoices "HTTP/1.1 200 OK"
2026-07-31 03:12:02,269 | INFO     | httpx | HTTP Request: POST https://pay.crypt.bot/api/getInvoices "HTTP/1.1 200 OK"
2026-07-31 03:12:02,826 | INFO     | httpx | HTTP Request: GET https://pay.xrocket.tg/tg-invoices/4736490 "HTTP/1.1 200 OK"
2026-07-31 03:12:03,855 | INFO     | httpx | HTTP Request: POST https://pay.crypt.bot/api/getInvoices "HTTP/1.1 200 OK"
2026-07-31 03:12:04,349 | INFO     | httpx | HTTP Request: POST https://pay.crypt.bot/api/getInvoices "HTTP/1.1 200 OK"
2026-07-31 03:12:24,867 | INFO     | httpx | HTTP Request: POST https://pay.crypt.bot/api/getInvoices "HTTP/1.1 200 OK"
2026-07-31 03:12:25,504 | INFO     | httpx | HTTP Request: GET https://pay.xrocket.tg/tg-invoices/4736490 "HTTP/1.1 200 OK"
2026-07-31 03:12:25,986 | INFO     | httpx | HTTP Request: POST https://pay.crypt.bot/api/getInvoices "HTTP/1.1 200 OK"
2026-07-31 03:12:26,448 | INFO     | httpx | HTTP Request: POST https://pay.crypt.bot/api/getInvoices "HTTP/1.1 200 OK"
2026-07-31 03:12:47,108 | INFO     | httpx | HTTP Request: POST https://pay.crypt.bot/api/getInvoices "HTTP/1.1 200 OK"
2026-07-31 03:12:47,614 | INFO     | httpx | HTTP Request: GET https://pay.xrocket.tg/tg-invoices/4736490 "HTTP/1.1 200 OK"
2026-07-31 03:12:48,083 | INFO     | httpx | HTTP Request: POST https://pay.crypt.bot/api/getInvoices "HTTP/1.1 200 OK"
2026-07-31 03:12:48,537 | INFO     | httpx | HTTP Request: POST https://pay.crypt.bot/api/getInvoices "HTTP/1.1 200 OK"
2026-07-31 03:13:09,031 | INFO     | httpx | HTTP Request: POST https://pay.crypt.bot/api/getInvoices "HTTP/1.1 200 OK"
2026-07-31 03:13:09,570 | INFO     | httpx | HTTP Request: GET https://pay.xrocket.tg/tg-invoices/4736490 "HTTP/1.1 200 OK"
2026-07-31 03:13:10,851 | INFO     | httpx | HTTP Request: POST https://pay.crypt.bot/api/getInvoices "HTTP/1.1 200 OK"
2026-07-31 03:13:11,323 | INFO     | httpx | HTTP Request: POST https://pay.crypt.bot/api/getInvoices "HTTP/1.1 200 OK"
2026-07-31 03:13:22,222 | INFO     | aiogram.event | Update id=883467717 is handled. Duration 468 ms by bot id=8591349938
2026-07-31 03:13:24,549 | INFO     | aiogram.event | Update id=883467718 is handled. Duration 469 ms by bot id=8591349938
2026-07-31 03:13:32,363 | INFO     | httpx | HTTP Request: POST https://pay.crypt.bot/api/getInvoices "HTTP/1.1 200 OK"
2026-07-31 03:13:32,900 | INFO     | httpx | HTTP Request: GET https://pay.xrocket.tg/tg-invoices/4736490 "HTTP/1.1 200 OK"
2026-07-31 03:13:33,370 | INFO     | httpx | HTTP Request: POST https://pay.crypt.bot/api/getInvoices "HTTP/1.1 200 OK"
2026-07-31 03:13:33,932 | INFO     | httpx | HTTP Request: POST https://pay.crypt.bot/api/getInvoices "HTTP/1.1 200 OK"
2026-07-31 03:13:54,753 | INFO     | httpx | HTTP Request: POST https://pay.crypt.bot/api/getInvoices "HTTP/1.1 200 OK"
2026-07-31 03:13:55,221 | INFO     | httpx | HTTP Request: GET https://pay.xrocket.tg/tg-invoices/4736490 "HTTP/1.1 200 OK"
2026-07-31 03:13:55,711 | INFO     | httpx | HTTP Request: POST https://pay.crypt.bot/api/getInvoices "HTTP/1.1 200 OK"
2026-07-31 03:13:56,178 | INFO     | httpx | HTTP Request: POST https://pay.crypt.bot/api/getInvoices "HTTP/1.1 200 OK"
2026-07-31 03:14:16,627 | INFO     | httpx | HTTP Request: POST https://pay.crypt.bot/api/getInvoices "HTTP/1.1 200 OK"
2026-07-31 03:14:17,100 | INFO     | httpx | HTTP Request: GET https://pay.xrocket.tg/tg-invoices/4736490 "HTTP/1.1 200 OK"
2026-07-31 03:14:17,761 | INFO     | httpx | HTTP Request: POST https://pay.crypt.bot/api/getInvoices "HTTP/1.1 200 OK"
2026-07-31 03:14:18,239 | INFO     | httpx | HTTP Request: POST https://pay.crypt.bot/api/getInvoices "HTTP/1.1 200 OK"
2026-07-31 03:14:38,717 | INFO     | httpx | HTTP Request: POST https://pay.crypt.bot/api/getInvoices "HTTP/1.1 200 OK"
2026-07-31 03:14:39,223 | INFO     | httpx | HTTP Request: GET https://pay.xrocket.tg/tg-invoices/4736490 "HTTP/1.1 200 OK"
2026-07-31 03:14:39,686 | INFO     | httpx | HTTP Request: POST https://pay.crypt.bot/api/getInvoices "HTTP/1.1 200 OK"
2026-07-31 03:14:40,403 | INFO     | httpx | HTTP Request: POST https://pay.crypt.bot/api/getInvoices "HTTP/1.1 200 OK"
2026-07-31 03:15:01,150 | INFO     | httpx | HTTP Request: POST https://pay.crypt.bot/api/getInvoices "HTTP/1.1 200 OK"
2026-07-31 03:15:01,624 | INFO     | httpx | HTTP Request: GET https://pay.xrocket.tg/tg-invoices/4736490 "HTTP/1.1 200 OK"
2026-07-31 03:15:02,113 | INFO     | httpx | HTTP Request: POST https://pay.crypt.bot/api/getInvoices "HTTP/1.1 200 OK"
2026-07-31 03:15:03,287 | INFO     | httpx | HTTP Request: POST https://pay.crypt.bot/api/getInvoices "HTTP/1.1 200 OK"
2026-07-31 03:15:23,835 | INFO     | httpx | HTTP Request: POST https://pay.crypt.bot/api/getInvoices "HTTP/1.1 200 OK"
2026-07-31 03:15:24,324 | INFO     | httpx | HTTP Request: GET https://pay.xrocket.tg/tg-invoices/4736490 "HTTP/1.1 200 OK"
2026-07-31 03:15:24,851 | INFO     | httpx | HTTP Request: POST https://pay.crypt.bot/api/getInvoices "HTTP/1.1 200 OK"
2026-07-31 03:15:25,349 | INFO     | httpx | HTTP Request: POST https://pay.crypt.bot/api/getInvoices "HTTP/1.1 200 OK"
2026-07-31 03:15:45,813 | INFO     | httpx | HTTP Request: POST https://pay.crypt.bot/api/getInvoices "HTTP/1.1 200 OK"
2026-07-31 03:15:46,471 | INFO     | httpx | HTTP Request: GET https://pay.xrocket.tg/tg-invoices/4736490 "HTTP/1.1 200 OK"
2026-07-31 03:15:47,193 | INFO     | httpx | HTTP Request: POST https://pay.crypt.bot/api/getInvoices "HTTP/1.1 200 OK"
2026-07-31 03:15:47,756 | INFO     | httpx | HTTP Request: POST https://pay.crypt.bot/api/getInvoices "HTTP/1.1 200 OK"
2026-07-31 03:16:08,413 | INFO     | httpx | HTTP Request: POST https://pay.crypt.bot/api/getInvoices "HTTP/1.1 200 OK"
2026-07-31 03:16:08,879 | INFO     | httpx | HTTP Request: GET https://pay.xrocket.tg/tg-invoices/4736490 "HTTP/1.1 200 OK"
2026-07-31 03:16:09,431 | INFO     | httpx | HTTP Request: POST https://pay.crypt.bot/api/getInvoices "HTTP/1.1 200 OK"
2026-07-31 03:16:09,873 | INFO     | httpx | HTTP Request: POST https://pay.crypt.bot/api/getInvoices "HTTP/1.1 200 OK"
2026-07-31 03:16:30,628 | INFO     | httpx | HTTP Request: POST https://pay.crypt.bot/api/getInvoices "HTTP/1.1 200 OK"
2026-07-31 03:16:31,122 | INFO     | httpx | HTTP Request: GET https://pay.xrocket.tg/tg-invoices/4736490 "HTTP/1.1 200 OK"
2026-07-31 03:16:31,546 | INFO     | httpx | HTTP Request: POST https://pay.crypt.bot/api/getInvoices "HTTP/1.1 200 OK"
2026-07-31 03:16:31,989 | INFO     | httpx | HTTP Request: POST https://pay.crypt.bot/api/getInvoices "HTTP/1.1 200 OK"
2026-07-31 03:16:52,566 | INFO     | httpx | HTTP Request: POST https://pay.crypt.bot/api/getInvoices "HTTP/1.1 200 OK"
2026-07-31 03:16:53,058 | INFO     | httpx | HTTP Request: GET https://pay.xrocket.tg/tg-invoices/4736490 "HTTP/1.1 200 OK"
2026-07-31 03:16:53,493 | INFO     | httpx | HTTP Request: POST https://pay.crypt.bot/api/getInvoices "HTTP/1.1 200 OK"
2026-07-31 03:16:53,923 | INFO     | httpx | HTTP Request: POST https://pay.crypt.bot/api/getInvoices "HTTP/1.1 200 OK"
2026-07-31 03:17:14,383 | INFO     | httpx | HTTP Request: POST https://pay.crypt.bot/api/getInvoices "HTTP/1.1 200 OK"
2026-07-31 03:17:14,889 | INFO     | httpx | HTTP Request: GET https://pay.xrocket.tg/tg-invoices/4736490 "HTTP/1.1 200 OK"
2026-07-31 03:17:15,331 | INFO     | httpx | HTTP Request: POST https://pay.crypt.bot/api/getInvoices "HTTP/1.1 200 OK"
2026-07-31 03:17:15,969 | INFO     | httpx | HTTP Request: POST https://pay.crypt.bot/api/getInvoices "HTTP/1.1 200 OK"
2026-07-31 03:17:36,550 | INFO     | httpx | HTTP Request: POST https://pay.crypt.bot/api/getInvoices "HTTP/1.1 200 OK"
2026-07-31 03:17:37,041 | INFO     | httpx | HTTP Request: GET https://pay.xrocket.tg/tg-invoices/4736490 "HTTP/1.1 200 OK"
2026-07-31 03:17:37,535 | INFO     | httpx | HTTP Request: POST https://pay.crypt.bot/api/getInvoices "HTTP/1.1 200 OK"
2026-07-31 03:17:37,963 | INFO     | httpx | HTTP Request: POST https://pay.crypt.bot/api/getInvoices "HTTP/1.1 200 OK"
2026-07-31 03:17:58,395 | INFO     | httpx | HTTP Request: POST https://pay.crypt.bot/api/getInvoices "HTTP/1.1 200 OK"
2026-07-31 03:17:58,885 | INFO     | httpx | HTTP Request: GET https://pay.xrocket.tg/tg-invoices/4736490 "HTTP/1.1 200 OK"
2026-07-31 03:17:59,554 | INFO     | httpx | HTTP Request: POST https://pay.crypt.bot/api/getInvoices "HTTP/1.1 200 OK"
2026-07-31 03:18:00,003 | INFO     | httpx | HTTP Request: POST https://pay.crypt.bot/api/getInvoices "HTTP/1.1 200 OK"
2026-07-31 03:18:20,456 | INFO     | httpx | HTTP Request: POST https://pay.crypt.bot/api/getInvoices "HTTP/1.1 200 OK"
2026-07-31 03:18:20,985 | INFO     | httpx | HTTP Request: GET https://pay.xrocket.tg/tg-invoices/4736490 "HTTP/1.1 200 OK"
2026-07-31 03:18:21,481 | INFO     | httpx | HTTP Request: POST https://pay.crypt.bot/api/getInvoices "HTTP/1.1 200 OK"
2026-07-31 03:18:21,929 | INFO     | httpx | HTTP Request: POST https://pay.crypt.bot/api/getInvoices "HTTP/1.1 200 OK"
2026-07-31 03:18:42,377 | INFO     | httpx | HTTP Request: POST https://pay.crypt.bot/api/getInvoices "HTTP/1.1 200 OK"
2026-07-31 03:18:42,897 | INFO     | httpx | HTTP Request: GET https://pay.xrocket.tg/tg-invoices/4736490 "HTTP/1.1 200 OK"
2026-07-31 03:18:43,434 | INFO     | httpx | HTTP Request: POST https://pay.crypt.bot/api/getInvoices "HTTP/1.1 200 OK"
2026-07-31 03:18:44,015 | INFO     | httpx | HTTP Request: POST https://pay.crypt.bot/api/getInvoices "HTTP/1.1 200 OK"
2026-07-31 03:19:04,489 | INFO     | httpx | HTTP Request: POST https://pay.crypt.bot/api/getInvoices "HTTP/1.1 200 OK"
2026-07-31 03:19:05,074 | INFO     | httpx | HTTP Request: GET https://pay.xrocket.tg/tg-invoices/4736490 "HTTP/1.1 200 OK"
2026-07-31 03:19:05,585 | INFO     | httpx | HTTP Request: POST https://pay.crypt.bot/api/getInvoices "HTTP/1.1 200 OK"
2026-07-31 03:19:06,134 | INFO     | httpx | HTTP Request: POST https://pay.crypt.bot/api/getInvoices "HTTP/1.1 200 OK"
2026-07-31 03:19:26,602 | INFO     | httpx | HTTP Request: POST https://pay.crypt.bot/api/getInvoices "HTTP/1.1 200 OK"
2026-07-31 03:19:27,119 | INFO     | httpx | HTTP Request: GET https://pay.xrocket.tg/tg-invoices/4736490 "HTTP/1.1 200 OK"
2026-07-31 03:19:27,891 | INFO     | httpx | HTTP Request: POST https://pay.crypt.bot/api/getInvoices "HTTP/1.1 200 OK"
2026-07-31 03:19:28,408 | INFO     | httpx | HTTP Request: POST https://pay.crypt.bot/api/getInvoices "HTTP/1.1 200 OK"
2026-07-31 03:19:48,928 | INFO     | httpx | HTTP Request: POST https://pay.crypt.bot/api/getInvoices "HTTP/1.1 200 OK"
2026-07-31 03:19:49,517 | INFO     | httpx | HTTP Request: GET https://pay.xrocket.tg/tg-invoices/4736490 "HTTP/1.1 200 OK"
2026-07-31 03:19:50,020 | INFO     | httpx | HTTP Request: POST https://pay.crypt.bot/api/getInvoices "HTTP/1.1 200 OK"
2026-07-31 03:19:50,472 | INFO     | httpx | HTTP Request: POST https://pay.crypt.bot/api/getInvoices "HTTP/1.1 200 OK"
2026-07-31 03:20:11,186 | INFO     | httpx | HTTP Request: POST https://pay.crypt.bot/api/getInvoices "HTTP/1.1 200 OK"
2026-07-31 03:20:11,717 | INFO     | httpx | HTTP Request: GET https://pay.xrocket.tg/tg-invoices/4736490 "HTTP/1.1 200 OK"
2026-07-31 03:20:12,197 | INFO     | httpx | HTTP Request: POST https://pay.crypt.bot/api/getInvoices "HTTP/1.1 200 OK"
2026-07-31 03:20:12,812 | INFO     | httpx | HTTP Request: POST https://pay.crypt.bot/api/getInvoices "HTTP/1.1 200 OK"
2026-07-31 03:20:33,417 | INFO     | httpx | HTTP Request: POST https://pay.crypt.bot/api/getInvoices "HTTP/1.1 200 OK"
2026-07-31 03:20:33,946 | INFO     | httpx | HTTP Request: GET https://pay.xrocket.tg/tg-invoices/4736490 "HTTP/1.1 200 OK"
2026-07-31 03:20:34,559 | INFO     | httpx | HTTP Request: POST https://pay.crypt.bot/api/getInvoices "HTTP/1.1 200 OK"
2026-07-31 03:20:35,310 | INFO     | httpx | HTTP Request: POST https://pay.crypt.bot/api/getInvoices "HTTP/1.1 200 OK"
2026-07-31 03:20:55,989 | INFO     | httpx | HTTP Request: POST https://pay.crypt.bot/api/getInvoices "HTTP/1.1 200 OK"
2026-07-31 03:20:56,490 | INFO     | httpx | HTTP Request: GET https://pay.xrocket.tg/tg-invoices/4736490 "HTTP/1.1 200 OK"
2026-07-31 03:20:56,979 | INFO     | httpx | HTTP Request: POST https://pay.crypt.bot/api/getInvoices "HTTP/1.1 200 OK"
2026-07-31 03:20:57,410 | INFO     | httpx | HTTP Request: POST https://pay.crypt.bot/api/getInvoices "HTTP/1.1 200 OK"
2026-07-31 03:21:17,892 | INFO     | httpx | HTTP Request: POST https://pay.crypt.bot/api/getInvoices "HTTP/1.1 200 OK"
2026-07-31 03:21:18,391 | INFO     | httpx | HTTP Request: GET https://pay.xrocket.tg/tg-invoices/4736490 "HTTP/1.1 200 OK"
2026-07-31 03:21:18,858 | INFO     | httpx | HTTP Request: POST https://pay.crypt.bot/api/getInvoices "HTTP/1.1 200 OK"
2026-07-31 03:21:19,366 | INFO     | httpx | HTTP Request: POST https://pay.crypt.bot/api/getInvoices "HTTP/1.1 200 OK"
2026-07-31 03:21:39,860 | INFO     | httpx | HTTP Request: POST https://pay.crypt.bot/api/getInvoices "HTTP/1.1 200 OK"
2026-07-31 03:21:40,425 | INFO     | httpx | HTTP Request: GET https://pay.xrocket.tg/tg-invoices/4736490 "HTTP/1.1 200 OK"
2026-07-31 03:21:40,872 | INFO     | httpx | HTTP Request: POST https://pay.crypt.bot/api/getInvoices "HTTP/1.1 200 OK"
2026-07-31 03:21:41,764 | INFO     | httpx | HTTP Request: POST https://pay.crypt.bot/api/getInvoices "HTTP/1.1 200 OK"
2026-07-31 03:22:02,220 | INFO     | httpx | HTTP Request: POST https://pay.crypt.bot/api/getInvoices "HTTP/1.1 200 OK"
2026-07-31 03:22:02,688 | INFO     | httpx | HTTP Request: GET https://pay.xrocket.tg/tg-invoices/4736490 "HTTP/1.1 200 OK"
2026-07-31 03:22:03,192 | INFO     | httpx | HTTP Request: POST https://pay.crypt.bot/api/getInvoices "HTTP/1.1 200 OK"
2026-07-31 03:22:04,089 | INFO     | httpx | HTTP Request: POST https://pay.crypt.bot/api/getInvoices "HTTP/1.1 200 OK"
2026-07-31 03:22:24,667 | INFO     | httpx | HTTP Request: POST https://pay.crypt.bot/api/getInvoices "HTTP/1.1 200 OK"
2026-07-31 03:22:25,140 | INFO     | httpx | HTTP Request: GET https://pay.xrocket.tg/tg-invoices/4736490 "HTTP/1.1 200 OK"
2026-07-31 03:22:25,657 | INFO     | httpx | HTTP Request: POST https://pay.crypt.bot/api/getInvoices "HTTP/1.1 200 OK"
2026-07-31 03:22:26,206 | INFO     | httpx | HTTP Request: POST https://pay.crypt.bot/api/getInvoices "HTTP/1.1 200 OK"
2026-07-31 03:22:46,702 | INFO     | httpx | HTTP Request: POST https://pay.crypt.bot/api/getInvoices "HTTP/1.1 200 OK"
2026-07-31 03:22:47,353 | INFO     | httpx | HTTP Request: GET https://pay.xrocket.tg/tg-invoices/4736490 "HTTP/1.1 200 OK"
2026-07-31 03:22:47,991 | INFO     | httpx | HTTP Request: POST https://pay.crypt.bot/api/getInvoices "HTTP/1.1 200 OK"
2026-07-31 03:22:48,448 | INFO     | httpx | HTTP Request: POST https://pay.crypt.bot/api/getInvoices "HTTP/1.1 200 OK"
2026-07-31 03:23:08,980 | INFO     | httpx | HTTP Request: POST https://pay.crypt.bot/api/getInvoices "HTTP/1.1 200 OK"
2026-07-31 03:23:09,477 | INFO     | httpx | HTTP Request: GET https://pay.xrocket.tg/tg-invoices/4736490 "HTTP/1.1 200 OK"
2026-07-31 03:23:10,023 | INFO     | httpx | HTTP Request: POST https://pay.crypt.bot/api/getInvoices "HTTP/1.1 200 OK"
2026-07-31 03:23:10,495 | INFO     | httpx | HTTP Request: POST https://pay.crypt.bot/api/getInvoices "HTTP/1.1 200 OK"
2026-07-31 03:23:30,995 | INFO     | httpx | HTTP Request: POST https://pay.crypt.bot/api/getInvoices "HTTP/1.1 200 OK"
2026-07-31 03:23:31,434 | INFO     | httpx | HTTP Request: GET https://pay.xrocket.tg/tg-invoices/4736490 "HTTP/1.1 200 OK"
2026-07-31 03:23:31,892 | INFO     | httpx | HTTP Request: POST https://pay.crypt.bot/api/getInvoices "HTTP/1.1 200 OK"
2026-07-31 03:23:32,322 | INFO     | httpx | HTTP Request: POST https://pay.crypt.bot/api/getInvoices "HTTP/1.1 200 OK"
2026-07-31 03:23:53,001 | INFO     | httpx | HTTP Request: POST https://pay.crypt.bot/api/getInvoices "HTTP/1.1 200 OK"
2026-07-31 03:23:53,516 | INFO     | httpx | HTTP Request: GET https://pay.xrocket.tg/tg-invoices/4736490 "HTTP/1.1 200 OK"
2026-07-31 03:23:53,949 | INFO     | httpx | HTTP Request: POST https://pay.crypt.bot/api/getInvoices "HTTP/1.1 200 OK"
2026-07-31 03:23:54,409 | INFO     | httpx | HTTP Request: POST https://pay.crypt.bot/api/getInvoices "HTTP/1.1 200 OK"
2026-07-31 03:24:14,984 | INFO     | httpx | HTTP Request: POST https://pay.crypt.bot/api/getInvoices "HTTP/1.1 200 OK"
2026-07-31 03:24:15,496 | INFO     | httpx | HTTP Request: GET https://pay.xrocket.tg/tg-invoices/4736490 "HTTP/1.1 200 OK"
2026-07-31 03:24:16,045 | INFO     | httpx | HTTP Request: POST https://pay.crypt.bot/api/getInvoices "HTTP/1.1 200 OK"
2026-07-31 03:24:16,485 | INFO     | httpx | HTTP Request: POST https://pay.crypt.bot/api/getInvoices "HTTP/1.1 200 OK"
2026-07-31 03:24:36,989 | INFO     | httpx | HTTP Request: POST https://pay.crypt.bot/api/getInvoices "HTTP/1.1 200 OK"
2026-07-31 03:24:37,477 | INFO     | httpx | HTTP Request: GET https://pay.xrocket.tg/tg-invoices/4736490 "HTTP/1.1 200 OK"
2026-07-31 03:24:37,962 | INFO     | httpx | HTTP Request: POST https://pay.crypt.bot/api/getInvoices "HTTP/1.1 200 OK"
2026-07-31 03:24:38,440 | INFO     | httpx | HTTP Request: POST https://pay.crypt.bot/api/getInvoices "HTTP/1.1 200 OK"
2026-07-31 03:24:58,872 | INFO     | httpx | HTTP Request: POST https://pay.crypt.bot/api/getInvoices "HTTP/1.1 200 OK"
2026-07-31 03:24:59,419 | INFO     | httpx | HTTP Request: GET https://pay.xrocket.tg/tg-invoices/4736490 "HTTP/1.1 200 OK"
2026-07-31 03:25:00,093 | INFO     | httpx | HTTP Request: POST https://pay.crypt.bot/api/getInvoices "HTTP/1.1 200 OK"
2026-07-31 03:25:00,934 | INFO     | httpx | HTTP Request: POST https://pay.crypt.bot/api/getInvoices "HTTP/1.1 200 OK"
2026-07-31 03:25:21,380 | INFO     | httpx | HTTP Request: POST https://pay.crypt.bot/api/getInvoices "HTTP/1.1 200 OK"
2026-07-31 03:25:21,900 | INFO     | httpx | HTTP Request: GET https://pay.xrocket.tg/tg-invoices/4736490 "HTTP/1.1 200 OK"
2026-07-31 03:25:22,356 | INFO     | httpx | HTTP Request: POST https://pay.crypt.bot/api/getInvoices "HTTP/1.1 200 OK"
2026-07-31 03:25:23,076 | INFO     | httpx | HTTP Request: POST https://pay.crypt.bot/api/getInvoices "HTTP/1.1 200 OK"
2026-07-31 03:25:43,530 | INFO     | httpx | HTTP Request: POST https://pay.crypt.bot/api/getInvoices "HTTP/1.1 200 OK"
2026-07-31 03:25:44,036 | INFO     | httpx | HTTP Request: GET https://pay.xrocket.tg/tg-invoices/4736490 "HTTP/1.1 200 OK"
2026-07-31 03:25:44,490 | INFO     | httpx | HTTP Request: POST https://pay.crypt.bot/api/getInvoices "HTTP/1.1 200 OK"
2026-07-31 03:25:45,378 | INFO     | httpx | HTTP Request: POST https://pay.crypt.bot/api/getInvoices "HTTP/1.1 200 OK"
2026-07-31 03:26:06,241 | INFO     | httpx | HTTP Request: POST https://pay.crypt.bot/api/getInvoices "HTTP/1.1 200 OK"
2026-07-31 03:26:06,729 | INFO     | httpx | HTTP Request: GET https://pay.xrocket.tg/tg-invoices/4736490 "HTTP/1.1 200 OK"
2026-07-31 03:26:07,176 | INFO     | httpx | HTTP Request: POST https://pay.crypt.bot/api/getInvoices "HTTP/1.1 200 OK"
2026-07-31 03:26:07,789 | INFO     | httpx | HTTP Request: POST https://pay.crypt.bot/api/getInvoices "HTTP/1.1 200 OK"
2026-07-31 03:26:28,591 | INFO     | httpx | HTTP Request: POST https://pay.crypt.bot/api/getInvoices "HTTP/1.1 200 OK"
2026-07-31 03:26:29,146 | INFO     | httpx | HTTP Request: GET https://pay.xrocket.tg/tg-invoices/4736490 "HTTP/1.1 200 OK"
2026-07-31 03:26:29,654 | INFO     | httpx | HTTP Request: POST https://pay.crypt.bot/api/getInvoices "HTTP/1.1 200 OK"
2026-07-31 03:26:30,472 | INFO     | httpx | HTTP Request: POST https://pay.crypt.bot/api/getInvoices "HTTP/1.1 200 OK"
2026-07-31 03:26:51,060 | INFO     | httpx | HTTP Request: POST https://pay.crypt.bot/api/getInvoices "HTTP/1.1 200 OK"
2026-07-31 03:26:51,552 | INFO     | httpx | HTTP Request: GET https://pay.xrocket.tg/tg-invoices/4736490 "HTTP/1.1 200 OK"
2026-07-31 03:26:52,027 | INFO     | httpx | HTTP Request: POST https://pay.crypt.bot/api/getInvoices "HTTP/1.1 200 OK"
2026-07-31 03:26:52,536 | INFO     | httpx | HTTP Request: POST https://pay.crypt.bot/api/getInvoices "HTTP/1.1 200 OK"
2026-07-31 03:27:13,085 | INFO     | httpx | HTTP Request: POST https://pay.crypt.bot/api/getInvoices "HTTP/1.1 200 OK"
2026-07-31 03:27:14,190 | INFO     | httpx | HTTP Request: GET https://pay.xrocket.tg/tg-invoices/4736490 "HTTP/1.1 200 OK"
2026-07-31 03:27:14,635 | INFO     | httpx | HTTP Request: POST https://pay.crypt.bot/api/getInvoices "HTTP/1.1 200 OK"
2026-07-31 03:27:15,120 | INFO     | httpx | HTTP Request: POST https://pay.crypt.bot/api/getInvoices "HTTP/1.1 200 OK"
2026-07-31 03:27:35,833 | INFO     | httpx | HTTP Request: POST https://pay.crypt.bot/api/getInvoices "HTTP/1.1 200 OK"
2026-07-31 03:27:36,339 | INFO     | httpx | HTTP Request: GET https://pay.xrocket.tg/tg-invoices/4736490 "HTTP/1.1 200 OK"
2026-07-31 03:27:36,785 | INFO     | httpx | HTTP Request: POST https://pay.crypt.bot/api/getInvoices "HTTP/1.1 200 OK"
2026-07-31 03:27:37,249 | INFO     | httpx | HTTP Request: POST https://pay.crypt.bot/api/getInvoices "HTTP/1.1 200 OK"
2026-07-31 03:27:57,777 | INFO     | httpx | HTTP Request: POST https://pay.crypt.bot/api/getInvoices "HTTP/1.1 200 OK"
2026-07-31 03:27:58,300 | INFO     | httpx | HTTP Request: GET https://pay.xrocket.tg/tg-invoices/4736490 "HTTP/1.1 200 OK"
2026-07-31 03:27:59,010 | INFO     | httpx | HTTP Request: POST https://pay.crypt.bot/api/getInvoices "HTTP/1.1 200 OK"
2026-07-31 03:27:59,460 | INFO     | httpx | HTTP Request: POST https://pay.crypt.bot/api/getInvoices "HTTP/1.1 200 OK"
2026-07-31 03:28:19,913 | INFO     | httpx | HTTP Request: POST https://pay.crypt.bot/api/getInvoices "HTTP/1.1 200 OK"
2026-07-31 03:28:20,429 | INFO     | httpx | HTTP Request: GET https://pay.xrocket.tg/tg-invoices/4736490 "HTTP/1.1 200 OK"
2026-07-31 03:28:20,872 | INFO     | httpx | HTTP Request: POST https://pay.crypt.bot/api/getInvoices "HTTP/1.1 200 OK"
2026-07-31 03:28:21,352 | INFO     | httpx | HTTP Request: POST https://pay.crypt.bot/api/getInvoices "HTTP/1.1 200 OK"
2026-07-31 03:28:41,840 | INFO     | httpx | HTTP Request: POST https://pay.crypt.bot/api/getInvoices "HTTP/1.1 200 OK"
2026-07-31 03:28:42,374 | INFO     | httpx | HTTP Request: GET https://pay.xrocket.tg/tg-invoices/4736490 "HTTP/1.1 200 OK"
2026-07-31 03:28:42,858 | INFO     | httpx | HTTP Request: POST https://pay.crypt.bot/api/getInvoices "HTTP/1.1 200 OK"
2026-07-31 03:28:43,443 | INFO     | httpx | HTTP Request: POST https://pay.crypt.bot/api/getInvoices "HTTP/1.1 200 OK"
2026-07-31 03:29:04,342 | INFO     | httpx | HTTP Request: POST https://pay.crypt.bot/api/getInvoices "HTTP/1.1 200 OK"
2026-07-31 03:29:04,892 | INFO     | httpx | HTTP Request: GET https://pay.xrocket.tg/tg-invoices/4736490 "HTTP/1.1 200 OK"
2026-07-31 03:29:05,777 | INFO     | httpx | HTTP Request: POST https://pay.crypt.bot/api/getInvoices "HTTP/1.1 200 OK"
2026-07-31 03:29:06,276 | INFO     | httpx | HTTP Request: POST https://pay.crypt.bot/api/getInvoices "HTTP/1.1 200 OK"
2026-07-31 03:29:26,803 | INFO     | httpx | HTTP Request: POST https://pay.crypt.bot/api/getInvoices "HTTP/1.1 200 OK"
2026-07-31 03:29:27,366 | INFO     | httpx | HTTP Request: GET https://pay.xrocket.tg/tg-invoices/4736490 "HTTP/1.1 200 OK"
2026-07-31 03:29:28,101 | INFO     | httpx | HTTP Request: POST https://pay.crypt.bot/api/getInvoices "HTTP/1.1 200 OK"
2026-07-31 03:29:28,628 | INFO     | httpx | HTTP Request: POST https://pay.crypt.bot/api/getInvoices "HTTP/1.1 200 OK"
2026-07-31 03:29:41,872 | WARNING  | aiogram.dispatcher | Received SIGINT signal
2026-07-31 03:29:41,873 | INFO     | aiogram.dispatcher | Polling stopped for bot @Tenkyushopbot id=8591349938 - 'Tenkyu Shop | Gemini Pro 18'
2026-07-31 03:29:41,873 | INFO     | aiogram.dispatcher | Polling stopped
