2026-07-30 18:29:38,243 | ERROR    | app.middlewares.error_handling | Unhandled exception while processing update
Traceback (most recent call last):
  File "/Users/mehriddinmengturayev/Downloads/shopbot/app/middlewares/error_handling.py", line 33, in __call__
    return await handler(event, data)
           ^^^^^^^^^^^^^^^^^^^^^^^^^^
  File "/Users/mehriddinmengturayev/Downloads/shopbot/app/middlewares/throttling.py", line 40, in __call__
    return await handler(event, data)
           ^^^^^^^^^^^^^^^^^^^^^^^^^^
  File "/Users/mehriddinmengturayev/Downloads/shopbot/app/middlewares/db_session.py", line 27, in __call__
    return await handler(event, data)
           ^^^^^^^^^^^^^^^^^^^^^^^^^^
  File "/Users/mehriddinmengturayev/Downloads/shopbot/app/middlewares/user_context.py", line 41, in __call__
    return await handler(event, data)
           ^^^^^^^^^^^^^^^^^^^^^^^^^^
  File "/Users/mehriddinmengturayev/Downloads/shopbot/.venv/lib/python3.13/site-packages/aiogram/dispatcher/event/telegram.py", line 121, in trigger
    return await wrapped_inner(event, kwargs)
           ^^^^^^^^^^^^^^^^^^^^^^^^^^^^^^^^^^
  File "/Users/mehriddinmengturayev/Downloads/shopbot/.venv/lib/python3.13/site-packages/aiogram/dispatcher/event/handler.py", line 43, in call
    return await wrapped()
           ^^^^^^^^^^^^^^^
  File "/Users/mehriddinmengturayev/Downloads/shopbot/.venv/lib/python3.13/site-packages/aiogram/dispatcher/dispatcher.py", line 276, in _listen_update
    return await self.propagate_event(update_type=update_type, event=event, **kwargs)
           ^^^^^^^^^^^^^^^^^^^^^^^^^^^^^^^^^^^^^^^^^^^^^^^^^^^^^^^^^^^^^^^^^^^^^^^^^^
  File "/Users/mehriddinmengturayev/Downloads/shopbot/.venv/lib/python3.13/site-packages/aiogram/dispatcher/router.py", line 146, in propagate_event
    return await observer.wrap_outer_middleware(_wrapped, event=event, data=kwargs)
           ^^^^^^^^^^^^^^^^^^^^^^^^^^^^^^^^^^^^^^^^^^^^^^^^^^^^^^^^^^^^^^^^^^^^^^^^
  File "/Users/mehriddinmengturayev/Downloads/shopbot/.venv/lib/python3.13/site-packages/aiogram/dispatcher/router.py", line 141, in _wrapped
    return await self._propagate_event(
           ^^^^^^^^^^^^^^^^^^^^^^^^^^^^
        observer=observer, update_type=update_type, event=telegram_event, **data
        ^^^^^^^^^^^^^^^^^^^^^^^^^^^^^^^^^^^^^^^^^^^^^^^^^^^^^^^^^^^^^^^^^^^^^^^^
    )
    ^
  File "/Users/mehriddinmengturayev/Downloads/shopbot/.venv/lib/python3.13/site-packages/aiogram/dispatcher/router.py", line 174, in _propagate_event
    response = await router.propagate_event(update_type=update_type, event=event, **kwargs)
               ^^^^^^^^^^^^^^^^^^^^^^^^^^^^^^^^^^^^^^^^^^^^^^^^^^^^^^^^^^^^^^^^^^^^^^^^^^^^
  File "/Users/mehriddinmengturayev/Downloads/shopbot/.venv/lib/python3.13/site-packages/aiogram/dispatcher/router.py", line 146, in propagate_event
    return await observer.wrap_outer_middleware(_wrapped, event=event, data=kwargs)
           ^^^^^^^^^^^^^^^^^^^^^^^^^^^^^^^^^^^^^^^^^^^^^^^^^^^^^^^^^^^^^^^^^^^^^^^^
  File "/Users/mehriddinmengturayev/Downloads/shopbot/.venv/lib/python3.13/site-packages/aiogram/dispatcher/router.py", line 141, in _wrapped
    return await self._propagate_event(
           ^^^^^^^^^^^^^^^^^^^^^^^^^^^^
        observer=observer, update_type=update_type, event=telegram_event, **data
        ^^^^^^^^^^^^^^^^^^^^^^^^^^^^^^^^^^^^^^^^^^^^^^^^^^^^^^^^^^^^^^^^^^^^^^^^
    )
    ^
  File "/Users/mehriddinmengturayev/Downloads/shopbot/.venv/lib/python3.13/site-packages/aiogram/dispatcher/router.py", line 174, in _propagate_event
    response = await router.propagate_event(update_type=update_type, event=event, **kwargs)
               ^^^^^^^^^^^^^^^^^^^^^^^^^^^^^^^^^^^^^^^^^^^^^^^^^^^^^^^^^^^^^^^^^^^^^^^^^^^^
  File "/Users/mehriddinmengturayev/Downloads/shopbot/.venv/lib/python3.13/site-packages/aiogram/dispatcher/router.py", line 146, in propagate_event
    return await observer.wrap_outer_middleware(_wrapped, event=event, data=kwargs)
           ^^^^^^^^^^^^^^^^^^^^^^^^^^^^^^^^^^^^^^^^^^^^^^^^^^^^^^^^^^^^^^^^^^^^^^^^
  File "/Users/mehriddinmengturayev/Downloads/shopbot/.venv/lib/python3.13/site-packages/aiogram/dispatcher/router.py", line 141, in _wrapped
    return await self._propagate_event(
           ^^^^^^^^^^^^^^^^^^^^^^^^^^^^
        observer=observer, update_type=update_type, event=telegram_event, **data
        ^^^^^^^^^^^^^^^^^^^^^^^^^^^^^^^^^^^^^^^^^^^^^^^^^^^^^^^^^^^^^^^^^^^^^^^^
    )
    ^
  File "/Users/mehriddinmengturayev/Downloads/shopbot/.venv/lib/python3.13/site-packages/aiogram/dispatcher/router.py", line 166, in _propagate_event
    response = await observer.trigger(event, **kwargs)
               ^^^^^^^^^^^^^^^^^^^^^^^^^^^^^^^^^^^^^^^
  File "/Users/mehriddinmengturayev/Downloads/shopbot/.venv/lib/python3.13/site-packages/aiogram/dispatcher/event/telegram.py", line 121, in trigger
    return await wrapped_inner(event, kwargs)
           ^^^^^^^^^^^^^^^^^^^^^^^^^^^^^^^^^^
  File "/Users/mehriddinmengturayev/Downloads/shopbot/.venv/lib/python3.13/site-packages/aiogram/dispatcher/event/handler.py", line 43, in call
    return await wrapped()
           ^^^^^^^^^^^^^^^
  File "/Users/mehriddinmengturayev/Downloads/shopbot/app/handlers/user/reviews.py", line 42, in rate
    await callback.message.answer(" ", reply_markup=skip_review_text_kb(lang))
  File "/Users/mehriddinmengturayev/Downloads/shopbot/.venv/lib/python3.13/site-packages/aiogram/methods/base.py", line 84, in emit
    return await bot(self)
           ^^^^^^^^^^^^^^^
  File "/Users/mehriddinmengturayev/Downloads/shopbot/.venv/lib/python3.13/site-packages/aiogram/client/bot.py", line 494, in __call__
    return await self.session(self, method, timeout=request_timeout)
           ^^^^^^^^^^^^^^^^^^^^^^^^^^^^^^^^^^^^^^^^^^^^^^^^^^^^^^^^^
  File "/Users/mehriddinmengturayev/Downloads/shopbot/.venv/lib/python3.13/site-packages/aiogram/client/session/base.py", line 254, in __call__
    return cast(TelegramType, await middleware(bot, method))
                              ^^^^^^^^^^^^^^^^^^^^^^^^^^^^^
  File "/Users/mehriddinmengturayev/Downloads/shopbot/.venv/lib/python3.13/site-packages/aiogram/client/session/aiohttp.py", line 189, in make_request
    response = self.check_response(
        bot=bot, method=method, status_code=resp.status, content=raw_result
    )
  File "/Users/mehriddinmengturayev/Downloads/shopbot/.venv/lib/python3.13/site-packages/aiogram/client/session/base.py", line 120, in check_response
    raise TelegramBadRequest(method=method, message=description)
aiogram.exceptions.TelegramBadRequest: Telegram server says - Bad Request: text must be non-empty
2026-07-30 18:32:58,350 | ERROR    | app.middlewares.error_handling | Unhandled exception while processing update
Traceback (most recent call last):
  File "/Users/mehriddinmengturayev/Downloads/shopbot/app/middlewares/error_handling.py", line 33, in __call__
    return await handler(event, data)
           ^^^^^^^^^^^^^^^^^^^^^^^^^^
  File "/Users/mehriddinmengturayev/Downloads/shopbot/app/middlewares/throttling.py", line 40, in __call__
    return await handler(event, data)
           ^^^^^^^^^^^^^^^^^^^^^^^^^^
  File "/Users/mehriddinmengturayev/Downloads/shopbot/app/middlewares/db_session.py", line 27, in __call__
    return await handler(event, data)
           ^^^^^^^^^^^^^^^^^^^^^^^^^^
  File "/Users/mehriddinmengturayev/Downloads/shopbot/app/middlewares/user_context.py", line 41, in __call__
    return await handler(event, data)
           ^^^^^^^^^^^^^^^^^^^^^^^^^^
  File "/Users/mehriddinmengturayev/Downloads/shopbot/.venv/lib/python3.13/site-packages/aiogram/dispatcher/event/telegram.py", line 121, in trigger
    return await wrapped_inner(event, kwargs)
           ^^^^^^^^^^^^^^^^^^^^^^^^^^^^^^^^^^
  File "/Users/mehriddinmengturayev/Downloads/shopbot/.venv/lib/python3.13/site-packages/aiogram/dispatcher/event/handler.py", line 43, in call
    return await wrapped()
           ^^^^^^^^^^^^^^^
  File "/Users/mehriddinmengturayev/Downloads/shopbot/.venv/lib/python3.13/site-packages/aiogram/dispatcher/dispatcher.py", line 276, in _listen_update
    return await self.propagate_event(update_type=update_type, event=event, **kwargs)
           ^^^^^^^^^^^^^^^^^^^^^^^^^^^^^^^^^^^^^^^^^^^^^^^^^^^^^^^^^^^^^^^^^^^^^^^^^^
  File "/Users/mehriddinmengturayev/Downloads/shopbot/.venv/lib/python3.13/site-packages/aiogram/dispatcher/router.py", line 146, in propagate_event
    return await observer.wrap_outer_middleware(_wrapped, event=event, data=kwargs)
           ^^^^^^^^^^^^^^^^^^^^^^^^^^^^^^^^^^^^^^^^^^^^^^^^^^^^^^^^^^^^^^^^^^^^^^^^
  File "/Users/mehriddinmengturayev/Downloads/shopbot/.venv/lib/python3.13/site-packages/aiogram/dispatcher/router.py", line 141, in _wrapped
    return await self._propagate_event(
           ^^^^^^^^^^^^^^^^^^^^^^^^^^^^
        observer=observer, update_type=update_type, event=telegram_event, **data
        ^^^^^^^^^^^^^^^^^^^^^^^^^^^^^^^^^^^^^^^^^^^^^^^^^^^^^^^^^^^^^^^^^^^^^^^^
    )
    ^
  File "/Users/mehriddinmengturayev/Downloads/shopbot/.venv/lib/python3.13/site-packages/aiogram/dispatcher/router.py", line 174, in _propagate_event
    response = await router.propagate_event(update_type=update_type, event=event, **kwargs)
               ^^^^^^^^^^^^^^^^^^^^^^^^^^^^^^^^^^^^^^^^^^^^^^^^^^^^^^^^^^^^^^^^^^^^^^^^^^^^
  File "/Users/mehriddinmengturayev/Downloads/shopbot/.venv/lib/python3.13/site-packages/aiogram/dispatcher/router.py", line 146, in propagate_event
    return await observer.wrap_outer_middleware(_wrapped, event=event, data=kwargs)
           ^^^^^^^^^^^^^^^^^^^^^^^^^^^^^^^^^^^^^^^^^^^^^^^^^^^^^^^^^^^^^^^^^^^^^^^^
  File "/Users/mehriddinmengturayev/Downloads/shopbot/.venv/lib/python3.13/site-packages/aiogram/dispatcher/router.py", line 141, in _wrapped
    return await self._propagate_event(
           ^^^^^^^^^^^^^^^^^^^^^^^^^^^^
        observer=observer, update_type=update_type, event=telegram_event, **data
        ^^^^^^^^^^^^^^^^^^^^^^^^^^^^^^^^^^^^^^^^^^^^^^^^^^^^^^^^^^^^^^^^^^^^^^^^
    )
    ^
  File "/Users/mehriddinmengturayev/Downloads/shopbot/.venv/lib/python3.13/site-packages/aiogram/dispatcher/router.py", line 174, in _propagate_event
    response = await router.propagate_event(update_type=update_type, event=event, **kwargs)
               ^^^^^^^^^^^^^^^^^^^^^^^^^^^^^^^^^^^^^^^^^^^^^^^^^^^^^^^^^^^^^^^^^^^^^^^^^^^^
  File "/Users/mehriddinmengturayev/Downloads/shopbot/.venv/lib/python3.13/site-packages/aiogram/dispatcher/router.py", line 146, in propagate_event
    return await observer.wrap_outer_middleware(_wrapped, event=event, data=kwargs)
           ^^^^^^^^^^^^^^^^^^^^^^^^^^^^^^^^^^^^^^^^^^^^^^^^^^^^^^^^^^^^^^^^^^^^^^^^
  File "/Users/mehriddinmengturayev/Downloads/shopbot/.venv/lib/python3.13/site-packages/aiogram/dispatcher/router.py", line 141, in _wrapped
    return await self._propagate_event(
           ^^^^^^^^^^^^^^^^^^^^^^^^^^^^
        observer=observer, update_type=update_type, event=telegram_event, **data
        ^^^^^^^^^^^^^^^^^^^^^^^^^^^^^^^^^^^^^^^^^^^^^^^^^^^^^^^^^^^^^^^^^^^^^^^^
    )
    ^
  File "/Users/mehriddinmengturayev/Downloads/shopbot/.venv/lib/python3.13/site-packages/aiogram/dispatcher/router.py", line 166, in _propagate_event
    response = await observer.trigger(event, **kwargs)
               ^^^^^^^^^^^^^^^^^^^^^^^^^^^^^^^^^^^^^^^
  File "/Users/mehriddinmengturayev/Downloads/shopbot/.venv/lib/python3.13/site-packages/aiogram/dispatcher/event/telegram.py", line 121, in trigger
    return await wrapped_inner(event, kwargs)
           ^^^^^^^^^^^^^^^^^^^^^^^^^^^^^^^^^^
  File "/Users/mehriddinmengturayev/Downloads/shopbot/.venv/lib/python3.13/site-packages/aiogram/dispatcher/event/handler.py", line 43, in call
    return await wrapped()
           ^^^^^^^^^^^^^^^
  File "/Users/mehriddinmengturayev/Downloads/shopbot/app/handlers/admin/settings.py", line 50, in settings_toggle
    await callback.message.edit_reply_markup(reply_markup=admin_settings_menu_kb())
  File "/Users/mehriddinmengturayev/Downloads/shopbot/.venv/lib/python3.13/site-packages/aiogram/methods/base.py", line 84, in emit
    return await bot(self)
           ^^^^^^^^^^^^^^^
  File "/Users/mehriddinmengturayev/Downloads/shopbot/.venv/lib/python3.13/site-packages/aiogram/client/bot.py", line 494, in __call__
    return await self.session(self, method, timeout=request_timeout)
           ^^^^^^^^^^^^^^^^^^^^^^^^^^^^^^^^^^^^^^^^^^^^^^^^^^^^^^^^^
  File "/Users/mehriddinmengturayev/Downloads/shopbot/.venv/lib/python3.13/site-packages/aiogram/client/session/base.py", line 254, in __call__
    return cast(TelegramType, await middleware(bot, method))
                              ^^^^^^^^^^^^^^^^^^^^^^^^^^^^^
  File "/Users/mehriddinmengturayev/Downloads/shopbot/.venv/lib/python3.13/site-packages/aiogram/client/session/aiohttp.py", line 189, in make_request
    response = self.check_response(
        bot=bot, method=method, status_code=resp.status, content=raw_result
    )
  File "/Users/mehriddinmengturayev/Downloads/shopbot/.venv/lib/python3.13/site-packages/aiogram/client/session/base.py", line 120, in check_response
    raise TelegramBadRequest(method=method, message=description)
aiogram.exceptions.TelegramBadRequest: Telegram server says - Bad Request: message is not modified: specified new message content and reply markup are exactly the same as a current content and reply markup of the message
2026-07-30 18:33:01,311 | ERROR    | app.middlewares.error_handling | Unhandled exception while processing update
Traceback (most recent call last):
  File "/Users/mehriddinmengturayev/Downloads/shopbot/app/middlewares/error_handling.py", line 33, in __call__
    return await handler(event, data)
           ^^^^^^^^^^^^^^^^^^^^^^^^^^
  File "/Users/mehriddinmengturayev/Downloads/shopbot/app/middlewares/throttling.py", line 40, in __call__
    return await handler(event, data)
           ^^^^^^^^^^^^^^^^^^^^^^^^^^
  File "/Users/mehriddinmengturayev/Downloads/shopbot/app/middlewares/db_session.py", line 27, in __call__
    return await handler(event, data)
           ^^^^^^^^^^^^^^^^^^^^^^^^^^
  File "/Users/mehriddinmengturayev/Downloads/shopbot/app/middlewares/user_context.py", line 41, in __call__
    return await handler(event, data)
           ^^^^^^^^^^^^^^^^^^^^^^^^^^
  File "/Users/mehriddinmengturayev/Downloads/shopbot/.venv/lib/python3.13/site-packages/aiogram/dispatcher/event/telegram.py", line 121, in trigger
    return await wrapped_inner(event, kwargs)
           ^^^^^^^^^^^^^^^^^^^^^^^^^^^^^^^^^^
  File "/Users/mehriddinmengturayev/Downloads/shopbot/.venv/lib/python3.13/site-packages/aiogram/dispatcher/event/handler.py", line 43, in call
    return await wrapped()
           ^^^^^^^^^^^^^^^
  File "/Users/mehriddinmengturayev/Downloads/shopbot/.venv/lib/python3.13/site-packages/aiogram/dispatcher/dispatcher.py", line 276, in _listen_update
    return await self.propagate_event(update_type=update_type, event=event, **kwargs)
           ^^^^^^^^^^^^^^^^^^^^^^^^^^^^^^^^^^^^^^^^^^^^^^^^^^^^^^^^^^^^^^^^^^^^^^^^^^
  File "/Users/mehriddinmengturayev/Downloads/shopbot/.venv/lib/python3.13/site-packages/aiogram/dispatcher/router.py", line 146, in propagate_event
    return await observer.wrap_outer_middleware(_wrapped, event=event, data=kwargs)
           ^^^^^^^^^^^^^^^^^^^^^^^^^^^^^^^^^^^^^^^^^^^^^^^^^^^^^^^^^^^^^^^^^^^^^^^^
  File "/Users/mehriddinmengturayev/Downloads/shopbot/.venv/lib/python3.13/site-packages/aiogram/dispatcher/router.py", line 141, in _wrapped
    return await self._propagate_event(
           ^^^^^^^^^^^^^^^^^^^^^^^^^^^^
        observer=observer, update_type=update_type, event=telegram_event, **data
        ^^^^^^^^^^^^^^^^^^^^^^^^^^^^^^^^^^^^^^^^^^^^^^^^^^^^^^^^^^^^^^^^^^^^^^^^
    )
    ^
  File "/Users/mehriddinmengturayev/Downloads/shopbot/.venv/lib/python3.13/site-packages/aiogram/dispatcher/router.py", line 174, in _propagate_event
    response = await router.propagate_event(update_type=update_type, event=event, **kwargs)
               ^^^^^^^^^^^^^^^^^^^^^^^^^^^^^^^^^^^^^^^^^^^^^^^^^^^^^^^^^^^^^^^^^^^^^^^^^^^^
  File "/Users/mehriddinmengturayev/Downloads/shopbot/.venv/lib/python3.13/site-packages/aiogram/dispatcher/router.py", line 146, in propagate_event
    return await observer.wrap_outer_middleware(_wrapped, event=event, data=kwargs)
           ^^^^^^^^^^^^^^^^^^^^^^^^^^^^^^^^^^^^^^^^^^^^^^^^^^^^^^^^^^^^^^^^^^^^^^^^
  File "/Users/mehriddinmengturayev/Downloads/shopbot/.venv/lib/python3.13/site-packages/aiogram/dispatcher/router.py", line 141, in _wrapped
    return await self._propagate_event(
           ^^^^^^^^^^^^^^^^^^^^^^^^^^^^
        observer=observer, update_type=update_type, event=telegram_event, **data
        ^^^^^^^^^^^^^^^^^^^^^^^^^^^^^^^^^^^^^^^^^^^^^^^^^^^^^^^^^^^^^^^^^^^^^^^^
    )
    ^
  File "/Users/mehriddinmengturayev/Downloads/shopbot/.venv/lib/python3.13/site-packages/aiogram/dispatcher/router.py", line 174, in _propagate_event
    response = await router.propagate_event(update_type=update_type, event=event, **kwargs)
               ^^^^^^^^^^^^^^^^^^^^^^^^^^^^^^^^^^^^^^^^^^^^^^^^^^^^^^^^^^^^^^^^^^^^^^^^^^^^
  File "/Users/mehriddinmengturayev/Downloads/shopbot/.venv/lib/python3.13/site-packages/aiogram/dispatcher/router.py", line 146, in propagate_event
    return await observer.wrap_outer_middleware(_wrapped, event=event, data=kwargs)
           ^^^^^^^^^^^^^^^^^^^^^^^^^^^^^^^^^^^^^^^^^^^^^^^^^^^^^^^^^^^^^^^^^^^^^^^^
  File "/Users/mehriddinmengturayev/Downloads/shopbot/.venv/lib/python3.13/site-packages/aiogram/dispatcher/router.py", line 141, in _wrapped
    return await self._propagate_event(
           ^^^^^^^^^^^^^^^^^^^^^^^^^^^^
        observer=observer, update_type=update_type, event=telegram_event, **data
        ^^^^^^^^^^^^^^^^^^^^^^^^^^^^^^^^^^^^^^^^^^^^^^^^^^^^^^^^^^^^^^^^^^^^^^^^
    )
    ^
  File "/Users/mehriddinmengturayev/Downloads/shopbot/.venv/lib/python3.13/site-packages/aiogram/dispatcher/router.py", line 166, in _propagate_event
    response = await observer.trigger(event, **kwargs)
               ^^^^^^^^^^^^^^^^^^^^^^^^^^^^^^^^^^^^^^^
  File "/Users/mehriddinmengturayev/Downloads/shopbot/.venv/lib/python3.13/site-packages/aiogram/dispatcher/event/telegram.py", line 121, in trigger
    return await wrapped_inner(event, kwargs)
           ^^^^^^^^^^^^^^^^^^^^^^^^^^^^^^^^^^
  File "/Users/mehriddinmengturayev/Downloads/shopbot/.venv/lib/python3.13/site-packages/aiogram/dispatcher/event/handler.py", line 43, in call
    return await wrapped()
           ^^^^^^^^^^^^^^^
  File "/Users/mehriddinmengturayev/Downloads/shopbot/app/handlers/admin/settings.py", line 50, in settings_toggle
    await callback.message.edit_reply_markup(reply_markup=admin_settings_menu_kb())
  File "/Users/mehriddinmengturayev/Downloads/shopbot/.venv/lib/python3.13/site-packages/aiogram/methods/base.py", line 84, in emit
    return await bot(self)
           ^^^^^^^^^^^^^^^
  File "/Users/mehriddinmengturayev/Downloads/shopbot/.venv/lib/python3.13/site-packages/aiogram/client/bot.py", line 494, in __call__
    return await self.session(self, method, timeout=request_timeout)
           ^^^^^^^^^^^^^^^^^^^^^^^^^^^^^^^^^^^^^^^^^^^^^^^^^^^^^^^^^
  File "/Users/mehriddinmengturayev/Downloads/shopbot/.venv/lib/python3.13/site-packages/aiogram/client/session/base.py", line 254, in __call__
    return cast(TelegramType, await middleware(bot, method))
                              ^^^^^^^^^^^^^^^^^^^^^^^^^^^^^
  File "/Users/mehriddinmengturayev/Downloads/shopbot/.venv/lib/python3.13/site-packages/aiogram/client/session/aiohttp.py", line 189, in make_request
    response = self.check_response(
        bot=bot, method=method, status_code=resp.status, content=raw_result
    )
  File "/Users/mehriddinmengturayev/Downloads/shopbot/.venv/lib/python3.13/site-packages/aiogram/client/session/base.py", line 120, in check_response
    raise TelegramBadRequest(method=method, message=description)
aiogram.exceptions.TelegramBadRequest: Telegram server says - Bad Request: message is not modified: specified new message content and reply markup are exactly the same as a current content and reply markup of the message
2026-07-30 18:33:04,193 | ERROR    | app.middlewares.error_handling | Unhandled exception while processing update
Traceback (most recent call last):
  File "/Users/mehriddinmengturayev/Downloads/shopbot/app/middlewares/error_handling.py", line 33, in __call__
    return await handler(event, data)
           ^^^^^^^^^^^^^^^^^^^^^^^^^^
  File "/Users/mehriddinmengturayev/Downloads/shopbot/app/middlewares/throttling.py", line 40, in __call__
    return await handler(event, data)
           ^^^^^^^^^^^^^^^^^^^^^^^^^^
  File "/Users/mehriddinmengturayev/Downloads/shopbot/app/middlewares/db_session.py", line 27, in __call__
    return await handler(event, data)
           ^^^^^^^^^^^^^^^^^^^^^^^^^^
  File "/Users/mehriddinmengturayev/Downloads/shopbot/app/middlewares/user_context.py", line 41, in __call__
    return await handler(event, data)
           ^^^^^^^^^^^^^^^^^^^^^^^^^^
  File "/Users/mehriddinmengturayev/Downloads/shopbot/.venv/lib/python3.13/site-packages/aiogram/dispatcher/event/telegram.py", line 121, in trigger
    return await wrapped_inner(event, kwargs)
           ^^^^^^^^^^^^^^^^^^^^^^^^^^^^^^^^^^
  File "/Users/mehriddinmengturayev/Downloads/shopbot/.venv/lib/python3.13/site-packages/aiogram/dispatcher/event/handler.py", line 43, in call
    return await wrapped()
           ^^^^^^^^^^^^^^^
  File "/Users/mehriddinmengturayev/Downloads/shopbot/.venv/lib/python3.13/site-packages/aiogram/dispatcher/dispatcher.py", line 276, in _listen_update
    return await self.propagate_event(update_type=update_type, event=event, **kwargs)
           ^^^^^^^^^^^^^^^^^^^^^^^^^^^^^^^^^^^^^^^^^^^^^^^^^^^^^^^^^^^^^^^^^^^^^^^^^^
  File "/Users/mehriddinmengturayev/Downloads/shopbot/.venv/lib/python3.13/site-packages/aiogram/dispatcher/router.py", line 146, in propagate_event
    return await observer.wrap_outer_middleware(_wrapped, event=event, data=kwargs)
           ^^^^^^^^^^^^^^^^^^^^^^^^^^^^^^^^^^^^^^^^^^^^^^^^^^^^^^^^^^^^^^^^^^^^^^^^
  File "/Users/mehriddinmengturayev/Downloads/shopbot/.venv/lib/python3.13/site-packages/aiogram/dispatcher/router.py", line 141, in _wrapped
    return await self._propagate_event(
           ^^^^^^^^^^^^^^^^^^^^^^^^^^^^
        observer=observer, update_type=update_type, event=telegram_event, **data
        ^^^^^^^^^^^^^^^^^^^^^^^^^^^^^^^^^^^^^^^^^^^^^^^^^^^^^^^^^^^^^^^^^^^^^^^^
    )
    ^
  File "/Users/mehriddinmengturayev/Downloads/shopbot/.venv/lib/python3.13/site-packages/aiogram/dispatcher/router.py", line 174, in _propagate_event
    response = await router.propagate_event(update_type=update_type, event=event, **kwargs)
               ^^^^^^^^^^^^^^^^^^^^^^^^^^^^^^^^^^^^^^^^^^^^^^^^^^^^^^^^^^^^^^^^^^^^^^^^^^^^
  File "/Users/mehriddinmengturayev/Downloads/shopbot/.venv/lib/python3.13/site-packages/aiogram/dispatcher/router.py", line 146, in propagate_event
    return await observer.wrap_outer_middleware(_wrapped, event=event, data=kwargs)
           ^^^^^^^^^^^^^^^^^^^^^^^^^^^^^^^^^^^^^^^^^^^^^^^^^^^^^^^^^^^^^^^^^^^^^^^^
  File "/Users/mehriddinmengturayev/Downloads/shopbot/.venv/lib/python3.13/site-packages/aiogram/dispatcher/router.py", line 141, in _wrapped
    return await self._propagate_event(
           ^^^^^^^^^^^^^^^^^^^^^^^^^^^^
        observer=observer, update_type=update_type, event=telegram_event, **data
        ^^^^^^^^^^^^^^^^^^^^^^^^^^^^^^^^^^^^^^^^^^^^^^^^^^^^^^^^^^^^^^^^^^^^^^^^
    )
    ^
  File "/Users/mehriddinmengturayev/Downloads/shopbot/.venv/lib/python3.13/site-packages/aiogram/dispatcher/router.py", line 174, in _propagate_event
    response = await router.propagate_event(update_type=update_type, event=event, **kwargs)
               ^^^^^^^^^^^^^^^^^^^^^^^^^^^^^^^^^^^^^^^^^^^^^^^^^^^^^^^^^^^^^^^^^^^^^^^^^^^^
  File "/Users/mehriddinmengturayev/Downloads/shopbot/.venv/lib/python3.13/site-packages/aiogram/dispatcher/router.py", line 146, in propagate_event
    return await observer.wrap_outer_middleware(_wrapped, event=event, data=kwargs)
           ^^^^^^^^^^^^^^^^^^^^^^^^^^^^^^^^^^^^^^^^^^^^^^^^^^^^^^^^^^^^^^^^^^^^^^^^
  File "/Users/mehriddinmengturayev/Downloads/shopbot/.venv/lib/python3.13/site-packages/aiogram/dispatcher/router.py", line 141, in _wrapped
    return await self._propagate_event(
           ^^^^^^^^^^^^^^^^^^^^^^^^^^^^
        observer=observer, update_type=update_type, event=telegram_event, **data
        ^^^^^^^^^^^^^^^^^^^^^^^^^^^^^^^^^^^^^^^^^^^^^^^^^^^^^^^^^^^^^^^^^^^^^^^^
    )
    ^
  File "/Users/mehriddinmengturayev/Downloads/shopbot/.venv/lib/python3.13/site-packages/aiogram/dispatcher/router.py", line 166, in _propagate_event
    response = await observer.trigger(event, **kwargs)
               ^^^^^^^^^^^^^^^^^^^^^^^^^^^^^^^^^^^^^^^
  File "/Users/mehriddinmengturayev/Downloads/shopbot/.venv/lib/python3.13/site-packages/aiogram/dispatcher/event/telegram.py", line 121, in trigger
    return await wrapped_inner(event, kwargs)
           ^^^^^^^^^^^^^^^^^^^^^^^^^^^^^^^^^^
  File "/Users/mehriddinmengturayev/Downloads/shopbot/.venv/lib/python3.13/site-packages/aiogram/dispatcher/event/handler.py", line 43, in call
    return await wrapped()
           ^^^^^^^^^^^^^^^
  File "/Users/mehriddinmengturayev/Downloads/shopbot/app/handlers/admin/settings.py", line 50, in settings_toggle
    await callback.message.edit_reply_markup(reply_markup=admin_settings_menu_kb())
  File "/Users/mehriddinmengturayev/Downloads/shopbot/.venv/lib/python3.13/site-packages/aiogram/methods/base.py", line 84, in emit
    return await bot(self)
           ^^^^^^^^^^^^^^^
  File "/Users/mehriddinmengturayev/Downloads/shopbot/.venv/lib/python3.13/site-packages/aiogram/client/bot.py", line 494, in __call__
    return await self.session(self, method, timeout=request_timeout)
           ^^^^^^^^^^^^^^^^^^^^^^^^^^^^^^^^^^^^^^^^^^^^^^^^^^^^^^^^^
  File "/Users/mehriddinmengturayev/Downloads/shopbot/.venv/lib/python3.13/site-packages/aiogram/client/session/base.py", line 254, in __call__
    return cast(TelegramType, await middleware(bot, method))
                              ^^^^^^^^^^^^^^^^^^^^^^^^^^^^^
  File "/Users/mehriddinmengturayev/Downloads/shopbot/.venv/lib/python3.13/site-packages/aiogram/client/session/aiohttp.py", line 189, in make_request
    response = self.check_response(
        bot=bot, method=method, status_code=resp.status, content=raw_result
    )
  File "/Users/mehriddinmengturayev/Downloads/shopbot/.venv/lib/python3.13/site-packages/aiogram/client/session/base.py", line 120, in check_response
    raise TelegramBadRequest(method=method, message=description)
aiogram.exceptions.TelegramBadRequest: Telegram server says - Bad Request: message is not modified: specified new message content and reply markup are exactly the same as a current content and reply markup of the message
2026-07-30 18:33:06,159 | ERROR    | app.middlewares.error_handling | Unhandled exception while processing update
Traceback (most recent call last):
  File "/Users/mehriddinmengturayev/Downloads/shopbot/app/middlewares/error_handling.py", line 33, in __call__
    return await handler(event, data)
           ^^^^^^^^^^^^^^^^^^^^^^^^^^
  File "/Users/mehriddinmengturayev/Downloads/shopbot/app/middlewares/throttling.py", line 40, in __call__
    return await handler(event, data)
           ^^^^^^^^^^^^^^^^^^^^^^^^^^
  File "/Users/mehriddinmengturayev/Downloads/shopbot/app/middlewares/db_session.py", line 27, in __call__
    return await handler(event, data)
           ^^^^^^^^^^^^^^^^^^^^^^^^^^
  File "/Users/mehriddinmengturayev/Downloads/shopbot/app/middlewares/user_context.py", line 41, in __call__
    return await handler(event, data)
           ^^^^^^^^^^^^^^^^^^^^^^^^^^
  File "/Users/mehriddinmengturayev/Downloads/shopbot/.venv/lib/python3.13/site-packages/aiogram/dispatcher/event/telegram.py", line 121, in trigger
    return await wrapped_inner(event, kwargs)
           ^^^^^^^^^^^^^^^^^^^^^^^^^^^^^^^^^^
  File "/Users/mehriddinmengturayev/Downloads/shopbot/.venv/lib/python3.13/site-packages/aiogram/dispatcher/event/handler.py", line 43, in call
    return await wrapped()
           ^^^^^^^^^^^^^^^
  File "/Users/mehriddinmengturayev/Downloads/shopbot/.venv/lib/python3.13/site-packages/aiogram/dispatcher/dispatcher.py", line 276, in _listen_update
    return await self.propagate_event(update_type=update_type, event=event, **kwargs)
           ^^^^^^^^^^^^^^^^^^^^^^^^^^^^^^^^^^^^^^^^^^^^^^^^^^^^^^^^^^^^^^^^^^^^^^^^^^
  File "/Users/mehriddinmengturayev/Downloads/shopbot/.venv/lib/python3.13/site-packages/aiogram/dispatcher/router.py", line 146, in propagate_event
    return await observer.wrap_outer_middleware(_wrapped, event=event, data=kwargs)
           ^^^^^^^^^^^^^^^^^^^^^^^^^^^^^^^^^^^^^^^^^^^^^^^^^^^^^^^^^^^^^^^^^^^^^^^^
  File "/Users/mehriddinmengturayev/Downloads/shopbot/.venv/lib/python3.13/site-packages/aiogram/dispatcher/router.py", line 141, in _wrapped
    return await self._propagate_event(
           ^^^^^^^^^^^^^^^^^^^^^^^^^^^^
        observer=observer, update_type=update_type, event=telegram_event, **data
        ^^^^^^^^^^^^^^^^^^^^^^^^^^^^^^^^^^^^^^^^^^^^^^^^^^^^^^^^^^^^^^^^^^^^^^^^
    )
    ^
  File "/Users/mehriddinmengturayev/Downloads/shopbot/.venv/lib/python3.13/site-packages/aiogram/dispatcher/router.py", line 174, in _propagate_event
    response = await router.propagate_event(update_type=update_type, event=event, **kwargs)
               ^^^^^^^^^^^^^^^^^^^^^^^^^^^^^^^^^^^^^^^^^^^^^^^^^^^^^^^^^^^^^^^^^^^^^^^^^^^^
  File "/Users/mehriddinmengturayev/Downloads/shopbot/.venv/lib/python3.13/site-packages/aiogram/dispatcher/router.py", line 146, in propagate_event
    return await observer.wrap_outer_middleware(_wrapped, event=event, data=kwargs)
           ^^^^^^^^^^^^^^^^^^^^^^^^^^^^^^^^^^^^^^^^^^^^^^^^^^^^^^^^^^^^^^^^^^^^^^^^
  File "/Users/mehriddinmengturayev/Downloads/shopbot/.venv/lib/python3.13/site-packages/aiogram/dispatcher/router.py", line 141, in _wrapped
    return await self._propagate_event(
           ^^^^^^^^^^^^^^^^^^^^^^^^^^^^
        observer=observer, update_type=update_type, event=telegram_event, **data
        ^^^^^^^^^^^^^^^^^^^^^^^^^^^^^^^^^^^^^^^^^^^^^^^^^^^^^^^^^^^^^^^^^^^^^^^^
    )
    ^
  File "/Users/mehriddinmengturayev/Downloads/shopbot/.venv/lib/python3.13/site-packages/aiogram/dispatcher/router.py", line 174, in _propagate_event
    response = await router.propagate_event(update_type=update_type, event=event, **kwargs)
               ^^^^^^^^^^^^^^^^^^^^^^^^^^^^^^^^^^^^^^^^^^^^^^^^^^^^^^^^^^^^^^^^^^^^^^^^^^^^
  File "/Users/mehriddinmengturayev/Downloads/shopbot/.venv/lib/python3.13/site-packages/aiogram/dispatcher/router.py", line 146, in propagate_event
    return await observer.wrap_outer_middleware(_wrapped, event=event, data=kwargs)
           ^^^^^^^^^^^^^^^^^^^^^^^^^^^^^^^^^^^^^^^^^^^^^^^^^^^^^^^^^^^^^^^^^^^^^^^^
  File "/Users/mehriddinmengturayev/Downloads/shopbot/.venv/lib/python3.13/site-packages/aiogram/dispatcher/router.py", line 141, in _wrapped
    return await self._propagate_event(
           ^^^^^^^^^^^^^^^^^^^^^^^^^^^^
        observer=observer, update_type=update_type, event=telegram_event, **data
        ^^^^^^^^^^^^^^^^^^^^^^^^^^^^^^^^^^^^^^^^^^^^^^^^^^^^^^^^^^^^^^^^^^^^^^^^
    )
    ^
  File "/Users/mehriddinmengturayev/Downloads/shopbot/.venv/lib/python3.13/site-packages/aiogram/dispatcher/router.py", line 166, in _propagate_event
    response = await observer.trigger(event, **kwargs)
               ^^^^^^^^^^^^^^^^^^^^^^^^^^^^^^^^^^^^^^^
  File "/Users/mehriddinmengturayev/Downloads/shopbot/.venv/lib/python3.13/site-packages/aiogram/dispatcher/event/telegram.py", line 121, in trigger
    return await wrapped_inner(event, kwargs)
           ^^^^^^^^^^^^^^^^^^^^^^^^^^^^^^^^^^
  File "/Users/mehriddinmengturayev/Downloads/shopbot/.venv/lib/python3.13/site-packages/aiogram/dispatcher/event/handler.py", line 43, in call
    return await wrapped()
           ^^^^^^^^^^^^^^^
  File "/Users/mehriddinmengturayev/Downloads/shopbot/app/handlers/admin/settings.py", line 50, in settings_toggle
    await callback.message.edit_reply_markup(reply_markup=admin_settings_menu_kb())
  File "/Users/mehriddinmengturayev/Downloads/shopbot/.venv/lib/python3.13/site-packages/aiogram/methods/base.py", line 84, in emit
    return await bot(self)
           ^^^^^^^^^^^^^^^
  File "/Users/mehriddinmengturayev/Downloads/shopbot/.venv/lib/python3.13/site-packages/aiogram/client/bot.py", line 494, in __call__
    return await self.session(self, method, timeout=request_timeout)
           ^^^^^^^^^^^^^^^^^^^^^^^^^^^^^^^^^^^^^^^^^^^^^^^^^^^^^^^^^
  File "/Users/mehriddinmengturayev/Downloads/shopbot/.venv/lib/python3.13/site-packages/aiogram/client/session/base.py", line 254, in __call__
    return cast(TelegramType, await middleware(bot, method))
                              ^^^^^^^^^^^^^^^^^^^^^^^^^^^^^
  File "/Users/mehriddinmengturayev/Downloads/shopbot/.venv/lib/python3.13/site-packages/aiogram/client/session/aiohttp.py", line 189, in make_request
    response = self.check_response(
        bot=bot, method=method, status_code=resp.status, content=raw_result
    )
  File "/Users/mehriddinmengturayev/Downloads/shopbot/.venv/lib/python3.13/site-packages/aiogram/client/session/base.py", line 120, in check_response
    raise TelegramBadRequest(method=method, message=description)
aiogram.exceptions.TelegramBadRequest: Telegram server says - Bad Request: message is not modified: specified new message content and reply markup are exactly the same as a current content and reply markup of the message
2026-07-30 18:33:08,512 | ERROR    | app.middlewares.error_handling | Unhandled exception while processing update
Traceback (most recent call last):
  File "/Users/mehriddinmengturayev/Downloads/shopbot/app/middlewares/error_handling.py", line 33, in __call__
    return await handler(event, data)
           ^^^^^^^^^^^^^^^^^^^^^^^^^^
  File "/Users/mehriddinmengturayev/Downloads/shopbot/app/middlewares/throttling.py", line 40, in __call__
    return await handler(event, data)
           ^^^^^^^^^^^^^^^^^^^^^^^^^^
  File "/Users/mehriddinmengturayev/Downloads/shopbot/app/middlewares/db_session.py", line 27, in __call__
    return await handler(event, data)
           ^^^^^^^^^^^^^^^^^^^^^^^^^^
  File "/Users/mehriddinmengturayev/Downloads/shopbot/app/middlewares/user_context.py", line 41, in __call__
    return await handler(event, data)
           ^^^^^^^^^^^^^^^^^^^^^^^^^^
  File "/Users/mehriddinmengturayev/Downloads/shopbot/.venv/lib/python3.13/site-packages/aiogram/dispatcher/event/telegram.py", line 121, in trigger
    return await wrapped_inner(event, kwargs)
           ^^^^^^^^^^^^^^^^^^^^^^^^^^^^^^^^^^
  File "/Users/mehriddinmengturayev/Downloads/shopbot/.venv/lib/python3.13/site-packages/aiogram/dispatcher/event/handler.py", line 43, in call
    return await wrapped()
           ^^^^^^^^^^^^^^^
  File "/Users/mehriddinmengturayev/Downloads/shopbot/.venv/lib/python3.13/site-packages/aiogram/dispatcher/dispatcher.py", line 276, in _listen_update
    return await self.propagate_event(update_type=update_type, event=event, **kwargs)
           ^^^^^^^^^^^^^^^^^^^^^^^^^^^^^^^^^^^^^^^^^^^^^^^^^^^^^^^^^^^^^^^^^^^^^^^^^^
  File "/Users/mehriddinmengturayev/Downloads/shopbot/.venv/lib/python3.13/site-packages/aiogram/dispatcher/router.py", line 146, in propagate_event
    return await observer.wrap_outer_middleware(_wrapped, event=event, data=kwargs)
           ^^^^^^^^^^^^^^^^^^^^^^^^^^^^^^^^^^^^^^^^^^^^^^^^^^^^^^^^^^^^^^^^^^^^^^^^
  File "/Users/mehriddinmengturayev/Downloads/shopbot/.venv/lib/python3.13/site-packages/aiogram/dispatcher/router.py", line 141, in _wrapped
    return await self._propagate_event(
           ^^^^^^^^^^^^^^^^^^^^^^^^^^^^
        observer=observer, update_type=update_type, event=telegram_event, **data
        ^^^^^^^^^^^^^^^^^^^^^^^^^^^^^^^^^^^^^^^^^^^^^^^^^^^^^^^^^^^^^^^^^^^^^^^^
    )
    ^
  File "/Users/mehriddinmengturayev/Downloads/shopbot/.venv/lib/python3.13/site-packages/aiogram/dispatcher/router.py", line 174, in _propagate_event
    response = await router.propagate_event(update_type=update_type, event=event, **kwargs)
               ^^^^^^^^^^^^^^^^^^^^^^^^^^^^^^^^^^^^^^^^^^^^^^^^^^^^^^^^^^^^^^^^^^^^^^^^^^^^
  File "/Users/mehriddinmengturayev/Downloads/shopbot/.venv/lib/python3.13/site-packages/aiogram/dispatcher/router.py", line 146, in propagate_event
    return await observer.wrap_outer_middleware(_wrapped, event=event, data=kwargs)
           ^^^^^^^^^^^^^^^^^^^^^^^^^^^^^^^^^^^^^^^^^^^^^^^^^^^^^^^^^^^^^^^^^^^^^^^^
  File "/Users/mehriddinmengturayev/Downloads/shopbot/.venv/lib/python3.13/site-packages/aiogram/dispatcher/router.py", line 141, in _wrapped
    return await self._propagate_event(
           ^^^^^^^^^^^^^^^^^^^^^^^^^^^^
        observer=observer, update_type=update_type, event=telegram_event, **data
        ^^^^^^^^^^^^^^^^^^^^^^^^^^^^^^^^^^^^^^^^^^^^^^^^^^^^^^^^^^^^^^^^^^^^^^^^
    )
    ^
  File "/Users/mehriddinmengturayev/Downloads/shopbot/.venv/lib/python3.13/site-packages/aiogram/dispatcher/router.py", line 174, in _propagate_event
    response = await router.propagate_event(update_type=update_type, event=event, **kwargs)
               ^^^^^^^^^^^^^^^^^^^^^^^^^^^^^^^^^^^^^^^^^^^^^^^^^^^^^^^^^^^^^^^^^^^^^^^^^^^^
  File "/Users/mehriddinmengturayev/Downloads/shopbot/.venv/lib/python3.13/site-packages/aiogram/dispatcher/router.py", line 146, in propagate_event
    return await observer.wrap_outer_middleware(_wrapped, event=event, data=kwargs)
           ^^^^^^^^^^^^^^^^^^^^^^^^^^^^^^^^^^^^^^^^^^^^^^^^^^^^^^^^^^^^^^^^^^^^^^^^
  File "/Users/mehriddinmengturayev/Downloads/shopbot/.venv/lib/python3.13/site-packages/aiogram/dispatcher/router.py", line 141, in _wrapped
    return await self._propagate_event(
           ^^^^^^^^^^^^^^^^^^^^^^^^^^^^
        observer=observer, update_type=update_type, event=telegram_event, **data
        ^^^^^^^^^^^^^^^^^^^^^^^^^^^^^^^^^^^^^^^^^^^^^^^^^^^^^^^^^^^^^^^^^^^^^^^^
    )
    ^
  File "/Users/mehriddinmengturayev/Downloads/shopbot/.venv/lib/python3.13/site-packages/aiogram/dispatcher/router.py", line 166, in _propagate_event
    response = await observer.trigger(event, **kwargs)
               ^^^^^^^^^^^^^^^^^^^^^^^^^^^^^^^^^^^^^^^
  File "/Users/mehriddinmengturayev/Downloads/shopbot/.venv/lib/python3.13/site-packages/aiogram/dispatcher/event/telegram.py", line 121, in trigger
    return await wrapped_inner(event, kwargs)
           ^^^^^^^^^^^^^^^^^^^^^^^^^^^^^^^^^^
  File "/Users/mehriddinmengturayev/Downloads/shopbot/.venv/lib/python3.13/site-packages/aiogram/dispatcher/event/handler.py", line 43, in call
    return await wrapped()
           ^^^^^^^^^^^^^^^
  File "/Users/mehriddinmengturayev/Downloads/shopbot/app/handlers/admin/settings.py", line 50, in settings_toggle
    await callback.message.edit_reply_markup(reply_markup=admin_settings_menu_kb())
  File "/Users/mehriddinmengturayev/Downloads/shopbot/.venv/lib/python3.13/site-packages/aiogram/methods/base.py", line 84, in emit
    return await bot(self)
           ^^^^^^^^^^^^^^^
  File "/Users/mehriddinmengturayev/Downloads/shopbot/.venv/lib/python3.13/site-packages/aiogram/client/bot.py", line 494, in __call__
    return await self.session(self, method, timeout=request_timeout)
           ^^^^^^^^^^^^^^^^^^^^^^^^^^^^^^^^^^^^^^^^^^^^^^^^^^^^^^^^^
  File "/Users/mehriddinmengturayev/Downloads/shopbot/.venv/lib/python3.13/site-packages/aiogram/client/session/base.py", line 254, in __call__
    return cast(TelegramType, await middleware(bot, method))
                              ^^^^^^^^^^^^^^^^^^^^^^^^^^^^^
  File "/Users/mehriddinmengturayev/Downloads/shopbot/.venv/lib/python3.13/site-packages/aiogram/client/session/aiohttp.py", line 189, in make_request
    response = self.check_response(
        bot=bot, method=method, status_code=resp.status, content=raw_result
    )
  File "/Users/mehriddinmengturayev/Downloads/shopbot/.venv/lib/python3.13/site-packages/aiogram/client/session/base.py", line 120, in check_response
    raise TelegramBadRequest(method=method, message=description)
aiogram.exceptions.TelegramBadRequest: Telegram server says - Bad Request: message is not modified: specified new message content and reply markup are exactly the same as a current content and reply markup of the message
2026-07-30 18:33:09,759 | ERROR    | app.middlewares.error_handling | Unhandled exception while processing update
Traceback (most recent call last):
  File "/Users/mehriddinmengturayev/Downloads/shopbot/app/middlewares/error_handling.py", line 33, in __call__
    return await handler(event, data)
           ^^^^^^^^^^^^^^^^^^^^^^^^^^
  File "/Users/mehriddinmengturayev/Downloads/shopbot/app/middlewares/throttling.py", line 40, in __call__
    return await handler(event, data)
           ^^^^^^^^^^^^^^^^^^^^^^^^^^
  File "/Users/mehriddinmengturayev/Downloads/shopbot/app/middlewares/db_session.py", line 27, in __call__
    return await handler(event, data)
           ^^^^^^^^^^^^^^^^^^^^^^^^^^
  File "/Users/mehriddinmengturayev/Downloads/shopbot/app/middlewares/user_context.py", line 41, in __call__
    return await handler(event, data)
           ^^^^^^^^^^^^^^^^^^^^^^^^^^
  File "/Users/mehriddinmengturayev/Downloads/shopbot/.venv/lib/python3.13/site-packages/aiogram/dispatcher/event/telegram.py", line 121, in trigger
    return await wrapped_inner(event, kwargs)
           ^^^^^^^^^^^^^^^^^^^^^^^^^^^^^^^^^^
  File "/Users/mehriddinmengturayev/Downloads/shopbot/.venv/lib/python3.13/site-packages/aiogram/dispatcher/event/handler.py", line 43, in call
    return await wrapped()
           ^^^^^^^^^^^^^^^
  File "/Users/mehriddinmengturayev/Downloads/shopbot/.venv/lib/python3.13/site-packages/aiogram/dispatcher/dispatcher.py", line 276, in _listen_update
    return await self.propagate_event(update_type=update_type, event=event, **kwargs)
           ^^^^^^^^^^^^^^^^^^^^^^^^^^^^^^^^^^^^^^^^^^^^^^^^^^^^^^^^^^^^^^^^^^^^^^^^^^
  File "/Users/mehriddinmengturayev/Downloads/shopbot/.venv/lib/python3.13/site-packages/aiogram/dispatcher/router.py", line 146, in propagate_event
    return await observer.wrap_outer_middleware(_wrapped, event=event, data=kwargs)
           ^^^^^^^^^^^^^^^^^^^^^^^^^^^^^^^^^^^^^^^^^^^^^^^^^^^^^^^^^^^^^^^^^^^^^^^^
  File "/Users/mehriddinmengturayev/Downloads/shopbot/.venv/lib/python3.13/site-packages/aiogram/dispatcher/router.py", line 141, in _wrapped
    return await self._propagate_event(
           ^^^^^^^^^^^^^^^^^^^^^^^^^^^^
        observer=observer, update_type=update_type, event=telegram_event, **data
        ^^^^^^^^^^^^^^^^^^^^^^^^^^^^^^^^^^^^^^^^^^^^^^^^^^^^^^^^^^^^^^^^^^^^^^^^
    )
    ^
  File "/Users/mehriddinmengturayev/Downloads/shopbot/.venv/lib/python3.13/site-packages/aiogram/dispatcher/router.py", line 174, in _propagate_event
    response = await router.propagate_event(update_type=update_type, event=event, **kwargs)
               ^^^^^^^^^^^^^^^^^^^^^^^^^^^^^^^^^^^^^^^^^^^^^^^^^^^^^^^^^^^^^^^^^^^^^^^^^^^^
  File "/Users/mehriddinmengturayev/Downloads/shopbot/.venv/lib/python3.13/site-packages/aiogram/dispatcher/router.py", line 146, in propagate_event
    return await observer.wrap_outer_middleware(_wrapped, event=event, data=kwargs)
           ^^^^^^^^^^^^^^^^^^^^^^^^^^^^^^^^^^^^^^^^^^^^^^^^^^^^^^^^^^^^^^^^^^^^^^^^
  File "/Users/mehriddinmengturayev/Downloads/shopbot/.venv/lib/python3.13/site-packages/aiogram/dispatcher/router.py", line 141, in _wrapped
    return await self._propagate_event(
           ^^^^^^^^^^^^^^^^^^^^^^^^^^^^
        observer=observer, update_type=update_type, event=telegram_event, **data
        ^^^^^^^^^^^^^^^^^^^^^^^^^^^^^^^^^^^^^^^^^^^^^^^^^^^^^^^^^^^^^^^^^^^^^^^^
    )
    ^
  File "/Users/mehriddinmengturayev/Downloads/shopbot/.venv/lib/python3.13/site-packages/aiogram/dispatcher/router.py", line 174, in _propagate_event
    response = await router.propagate_event(update_type=update_type, event=event, **kwargs)
               ^^^^^^^^^^^^^^^^^^^^^^^^^^^^^^^^^^^^^^^^^^^^^^^^^^^^^^^^^^^^^^^^^^^^^^^^^^^^
  File "/Users/mehriddinmengturayev/Downloads/shopbot/.venv/lib/python3.13/site-packages/aiogram/dispatcher/router.py", line 146, in propagate_event
    return await observer.wrap_outer_middleware(_wrapped, event=event, data=kwargs)
           ^^^^^^^^^^^^^^^^^^^^^^^^^^^^^^^^^^^^^^^^^^^^^^^^^^^^^^^^^^^^^^^^^^^^^^^^
  File "/Users/mehriddinmengturayev/Downloads/shopbot/.venv/lib/python3.13/site-packages/aiogram/dispatcher/router.py", line 141, in _wrapped
    return await self._propagate_event(
           ^^^^^^^^^^^^^^^^^^^^^^^^^^^^
        observer=observer, update_type=update_type, event=telegram_event, **data
        ^^^^^^^^^^^^^^^^^^^^^^^^^^^^^^^^^^^^^^^^^^^^^^^^^^^^^^^^^^^^^^^^^^^^^^^^
    )
    ^
  File "/Users/mehriddinmengturayev/Downloads/shopbot/.venv/lib/python3.13/site-packages/aiogram/dispatcher/router.py", line 166, in _propagate_event
    response = await observer.trigger(event, **kwargs)
               ^^^^^^^^^^^^^^^^^^^^^^^^^^^^^^^^^^^^^^^
  File "/Users/mehriddinmengturayev/Downloads/shopbot/.venv/lib/python3.13/site-packages/aiogram/dispatcher/event/telegram.py", line 121, in trigger
    return await wrapped_inner(event, kwargs)
           ^^^^^^^^^^^^^^^^^^^^^^^^^^^^^^^^^^
  File "/Users/mehriddinmengturayev/Downloads/shopbot/.venv/lib/python3.13/site-packages/aiogram/dispatcher/event/handler.py", line 43, in call
    return await wrapped()
           ^^^^^^^^^^^^^^^
  File "/Users/mehriddinmengturayev/Downloads/shopbot/app/handlers/admin/settings.py", line 50, in settings_toggle
    await callback.message.edit_reply_markup(reply_markup=admin_settings_menu_kb())
  File "/Users/mehriddinmengturayev/Downloads/shopbot/.venv/lib/python3.13/site-packages/aiogram/methods/base.py", line 84, in emit
    return await bot(self)
           ^^^^^^^^^^^^^^^
  File "/Users/mehriddinmengturayev/Downloads/shopbot/.venv/lib/python3.13/site-packages/aiogram/client/bot.py", line 494, in __call__
    return await self.session(self, method, timeout=request_timeout)
           ^^^^^^^^^^^^^^^^^^^^^^^^^^^^^^^^^^^^^^^^^^^^^^^^^^^^^^^^^
  File "/Users/mehriddinmengturayev/Downloads/shopbot/.venv/lib/python3.13/site-packages/aiogram/client/session/base.py", line 254, in __call__
    return cast(TelegramType, await middleware(bot, method))
                              ^^^^^^^^^^^^^^^^^^^^^^^^^^^^^
  File "/Users/mehriddinmengturayev/Downloads/shopbot/.venv/lib/python3.13/site-packages/aiogram/client/session/aiohttp.py", line 189, in make_request
    response = self.check_response(
        bot=bot, method=method, status_code=resp.status, content=raw_result
    )
  File "/Users/mehriddinmengturayev/Downloads/shopbot/.venv/lib/python3.13/site-packages/aiogram/client/session/base.py", line 120, in check_response
    raise TelegramBadRequest(method=method, message=description)
aiogram.exceptions.TelegramBadRequest: Telegram server says - Bad Request: message is not modified: specified new message content and reply markup are exactly the same as a current content and reply markup of the message
2026-07-30 19:45:32,317 | ERROR    | aiogram.dispatcher | Failed to fetch updates - TelegramNetworkError: HTTP Client says - Request timeout error
2026-07-30 20:37:20,032 | ERROR    | aiogram.dispatcher | Failed to fetch updates - TelegramNetworkError: HTTP Client says - Request timeout error
2026-07-30 20:38:37,956 | ERROR    | providers | Crypto poller iteration failed
Traceback (most recent call last):
  File "/Users/mehriddinmengturayev/Downloads/shopbot/.venv/lib/python3.13/site-packages/sqlalchemy/engine/base.py", line 1967, in _exec_single_context
    self.dialect.do_execute(
    ~~~~~~~~~~~~~~~~~~~~~~~^
        cursor, str_statement, effective_parameters, context
        ^^^^^^^^^^^^^^^^^^^^^^^^^^^^^^^^^^^^^^^^^^^^^^^^^^^^
    )
    ^
  File "/Users/mehriddinmengturayev/Downloads/shopbot/.venv/lib/python3.13/site-packages/sqlalchemy/engine/default.py", line 941, in do_execute
    cursor.execute(statement, parameters)
    ~~~~~~~~~~~~~~^^^^^^^^^^^^^^^^^^^^^^^
  File "/Users/mehriddinmengturayev/Downloads/shopbot/.venv/lib/python3.13/site-packages/sqlalchemy/dialects/sqlite/aiosqlite.py", line 147, in execute
    self._adapt_connection._handle_exception(error)
    ~~~~~~~~~~~~~~~~~~~~~~~~~~~~~~~~~~~~~~~~^^^^^^^
  File "/Users/mehriddinmengturayev/Downloads/shopbot/.venv/lib/python3.13/site-packages/sqlalchemy/dialects/sqlite/aiosqlite.py", line 298, in _handle_exception
    raise error
  File "/Users/mehriddinmengturayev/Downloads/shopbot/.venv/lib/python3.13/site-packages/sqlalchemy/dialects/sqlite/aiosqlite.py", line 129, in execute
    self.await_(_cursor.execute(operation, parameters))
    ~~~~~~~~~~~^^^^^^^^^^^^^^^^^^^^^^^^^^^^^^^^^^^^^^^^
  File "/Users/mehriddinmengturayev/Downloads/shopbot/.venv/lib/python3.13/site-packages/sqlalchemy/util/_concurrency_py3k.py", line 132, in await_only
    return current.parent.switch(awaitable)  # type: ignore[no-any-return,attr-defined] # noqa: E501
           ~~~~~~~~~~~~~~~~~~~~~^^^^^^^^^^^
  File "/Users/mehriddinmengturayev/Downloads/shopbot/.venv/lib/python3.13/site-packages/sqlalchemy/util/_concurrency_py3k.py", line 196, in greenlet_spawn
    value = await result
            ^^^^^^^^^^^^
  File "/Users/mehriddinmengturayev/Downloads/shopbot/.venv/lib/python3.13/site-packages/aiosqlite/cursor.py", line 48, in execute
    await self._execute(self._cursor.execute, sql, parameters)
  File "/Users/mehriddinmengturayev/Downloads/shopbot/.venv/lib/python3.13/site-packages/aiosqlite/cursor.py", line 40, in _execute
    return await self._conn._execute(fn, *args, **kwargs)
           ^^^^^^^^^^^^^^^^^^^^^^^^^^^^^^^^^^^^^^^^^^^^^^
  File "/Users/mehriddinmengturayev/Downloads/shopbot/.venv/lib/python3.13/site-packages/aiosqlite/core.py", line 132, in _execute
    return await future
           ^^^^^^^^^^^^
  File "/Users/mehriddinmengturayev/Downloads/shopbot/.venv/lib/python3.13/site-packages/aiosqlite/core.py", line 115, in run
    result = function()
sqlite3.OperationalError: no such column: orders.payment_method

The above exception was the direct cause of the following exception:

Traceback (most recent call last):
  File "/Users/mehriddinmengturayev/Downloads/shopbot/app/services/crypto_poller.py", line 33, in crypto_poller_loop
    await _poll_once(bot)
  File "/Users/mehriddinmengturayev/Downloads/shopbot/app/services/crypto_poller.py", line 44, in _poll_once
    pending = await orders_repo.list_awaiting_crypto_payment()
              ^^^^^^^^^^^^^^^^^^^^^^^^^^^^^^^^^^^^^^^^^^^^^^^^
  File "/Users/mehriddinmengturayev/Downloads/shopbot/app/repositories/order_repo.py", line 47, in list_awaiting_crypto_payment
    result = await self.session.execute(
             ^^^^^^^^^^^^^^^^^^^^^^^^^^^
    ...<3 lines>...
    )
    ^
  File "/Users/mehriddinmengturayev/Downloads/shopbot/.venv/lib/python3.13/site-packages/sqlalchemy/ext/asyncio/session.py", line 461, in execute
    result = await greenlet_spawn(
             ^^^^^^^^^^^^^^^^^^^^^
    ...<6 lines>...
    )
    ^
  File "/Users/mehriddinmengturayev/Downloads/shopbot/.venv/lib/python3.13/site-packages/sqlalchemy/util/_concurrency_py3k.py", line 201, in greenlet_spawn
    result = context.throw(*sys.exc_info())
  File "/Users/mehriddinmengturayev/Downloads/shopbot/.venv/lib/python3.13/site-packages/sqlalchemy/orm/session.py", line 2362, in execute
    return self._execute_internal(
           ~~~~~~~~~~~~~~~~~~~~~~^
        statement,
        ^^^^^^^^^^
    ...<4 lines>...
        _add_event=_add_event,
        ^^^^^^^^^^^^^^^^^^^^^^
    )
    ^
  File "/Users/mehriddinmengturayev/Downloads/shopbot/.venv/lib/python3.13/site-packages/sqlalchemy/orm/session.py", line 2247, in _execute_internal
    result: Result[Any] = compile_state_cls.orm_execute_statement(
                          ~~~~~~~~~~~~~~~~~~~~~~~~~~~~~~~~~~~~~~~^
        self,
        ^^^^^
    ...<4 lines>...
        conn,
        ^^^^^
    )
    ^
  File "/Users/mehriddinmengturayev/Downloads/shopbot/.venv/lib/python3.13/site-packages/sqlalchemy/orm/context.py", line 305, in orm_execute_statement
    result = conn.execute(
        statement, params or {}, execution_options=execution_options
    )
  File "/Users/mehriddinmengturayev/Downloads/shopbot/.venv/lib/python3.13/site-packages/sqlalchemy/engine/base.py", line 1418, in execute
    return meth(
        self,
        distilled_parameters,
        execution_options or NO_OPTIONS,
    )
  File "/Users/mehriddinmengturayev/Downloads/shopbot/.venv/lib/python3.13/site-packages/sqlalchemy/sql/elements.py", line 515, in _execute_on_connection
    return connection._execute_clauseelement(
           ~~~~~~~~~~~~~~~~~~~~~~~~~~~~~~~~~^
        self, distilled_params, execution_options
        ^^^^^^^^^^^^^^^^^^^^^^^^^^^^^^^^^^^^^^^^^
    )
    ^
  File "/Users/mehriddinmengturayev/Downloads/shopbot/.venv/lib/python3.13/site-packages/sqlalchemy/engine/base.py", line 1640, in _execute_clauseelement
    ret = self._execute_context(
        dialect,
    ...<8 lines>...
        cache_hit=cache_hit,
    )
  File "/Users/mehriddinmengturayev/Downloads/shopbot/.venv/lib/python3.13/site-packages/sqlalchemy/engine/base.py", line 1846, in _execute_context
    return self._exec_single_context(
           ~~~~~~~~~~~~~~~~~~~~~~~~~^
        dialect, context, statement, parameters
        ^^^^^^^^^^^^^^^^^^^^^^^^^^^^^^^^^^^^^^^
    )
    ^
  File "/Users/mehriddinmengturayev/Downloads/shopbot/.venv/lib/python3.13/site-packages/sqlalchemy/engine/base.py", line 1986, in _exec_single_context
    self._handle_dbapi_exception(
    ~~~~~~~~~~~~~~~~~~~~~~~~~~~~^
        e, str_statement, effective_parameters, cursor, context
        ^^^^^^^^^^^^^^^^^^^^^^^^^^^^^^^^^^^^^^^^^^^^^^^^^^^^^^^
    )
    ^
  File "/Users/mehriddinmengturayev/Downloads/shopbot/.venv/lib/python3.13/site-packages/sqlalchemy/engine/base.py", line 2355, in _handle_dbapi_exception
    raise sqlalchemy_exception.with_traceback(exc_info[2]) from e
  File "/Users/mehriddinmengturayev/Downloads/shopbot/.venv/lib/python3.13/site-packages/sqlalchemy/engine/base.py", line 1967, in _exec_single_context
    self.dialect.do_execute(
    ~~~~~~~~~~~~~~~~~~~~~~~^
        cursor, str_statement, effective_parameters, context
        ^^^^^^^^^^^^^^^^^^^^^^^^^^^^^^^^^^^^^^^^^^^^^^^^^^^^
    )
    ^
  File "/Users/mehriddinmengturayev/Downloads/shopbot/.venv/lib/python3.13/site-packages/sqlalchemy/engine/default.py", line 941, in do_execute
    cursor.execute(statement, parameters)
    ~~~~~~~~~~~~~~^^^^^^^^^^^^^^^^^^^^^^^
  File "/Users/mehriddinmengturayev/Downloads/shopbot/.venv/lib/python3.13/site-packages/sqlalchemy/dialects/sqlite/aiosqlite.py", line 147, in execute
    self._adapt_connection._handle_exception(error)
    ~~~~~~~~~~~~~~~~~~~~~~~~~~~~~~~~~~~~~~~~^^^^^^^
  File "/Users/mehriddinmengturayev/Downloads/shopbot/.venv/lib/python3.13/site-packages/sqlalchemy/dialects/sqlite/aiosqlite.py", line 298, in _handle_exception
    raise error
  File "/Users/mehriddinmengturayev/Downloads/shopbot/.venv/lib/python3.13/site-packages/sqlalchemy/dialects/sqlite/aiosqlite.py", line 129, in execute
    self.await_(_cursor.execute(operation, parameters))
    ~~~~~~~~~~~^^^^^^^^^^^^^^^^^^^^^^^^^^^^^^^^^^^^^^^^
  File "/Users/mehriddinmengturayev/Downloads/shopbot/.venv/lib/python3.13/site-packages/sqlalchemy/util/_concurrency_py3k.py", line 132, in await_only
    return current.parent.switch(awaitable)  # type: ignore[no-any-return,attr-defined] # noqa: E501
           ~~~~~~~~~~~~~~~~~~~~~^^^^^^^^^^^
  File "/Users/mehriddinmengturayev/Downloads/shopbot/.venv/lib/python3.13/site-packages/sqlalchemy/util/_concurrency_py3k.py", line 196, in greenlet_spawn
    value = await result
            ^^^^^^^^^^^^
  File "/Users/mehriddinmengturayev/Downloads/shopbot/.venv/lib/python3.13/site-packages/aiosqlite/cursor.py", line 48, in execute
    await self._execute(self._cursor.execute, sql, parameters)
  File "/Users/mehriddinmengturayev/Downloads/shopbot/.venv/lib/python3.13/site-packages/aiosqlite/cursor.py", line 40, in _execute
    return await self._conn._execute(fn, *args, **kwargs)
           ^^^^^^^^^^^^^^^^^^^^^^^^^^^^^^^^^^^^^^^^^^^^^^
  File "/Users/mehriddinmengturayev/Downloads/shopbot/.venv/lib/python3.13/site-packages/aiosqlite/core.py", line 132, in _execute
    return await future
           ^^^^^^^^^^^^
  File "/Users/mehriddinmengturayev/Downloads/shopbot/.venv/lib/python3.13/site-packages/aiosqlite/core.py", line 115, in run
    result = function()
sqlalchemy.exc.OperationalError: (sqlite3.OperationalError) no such column: orders.payment_method
[SQL: SELECT orders.id, orders.order_uuid, orders.user_id, orders.product_id, orders.price_at_purchase, orders.currency, orders.status, orders.payment_method, orders.crypto_provider, orders.crypto_invoice_id, orders.crypto_pay_url, orders.decided_by_admin_id, orders.decided_at, orders.rejection_reason, orders.delivered_payload, orders.delivered_at, orders.created_at, orders.updated_at 
FROM orders 
WHERE orders.status = ?]
[parameters: ('AWAITING_CRYPTO_PAYMENT',)]
(Background on this error at: https://sqlalche.me/e/20/e3q8)
2026-07-30 20:38:57,972 | ERROR    | providers | Crypto poller iteration failed
Traceback (most recent call last):
  File "/Users/mehriddinmengturayev/Downloads/shopbot/.venv/lib/python3.13/site-packages/sqlalchemy/engine/base.py", line 1967, in _exec_single_context
    self.dialect.do_execute(
    ~~~~~~~~~~~~~~~~~~~~~~~^
        cursor, str_statement, effective_parameters, context
        ^^^^^^^^^^^^^^^^^^^^^^^^^^^^^^^^^^^^^^^^^^^^^^^^^^^^
    )
    ^
  File "/Users/mehriddinmengturayev/Downloads/shopbot/.venv/lib/python3.13/site-packages/sqlalchemy/engine/default.py", line 941, in do_execute
    cursor.execute(statement, parameters)
    ~~~~~~~~~~~~~~^^^^^^^^^^^^^^^^^^^^^^^
  File "/Users/mehriddinmengturayev/Downloads/shopbot/.venv/lib/python3.13/site-packages/sqlalchemy/dialects/sqlite/aiosqlite.py", line 147, in execute
    self._adapt_connection._handle_exception(error)
    ~~~~~~~~~~~~~~~~~~~~~~~~~~~~~~~~~~~~~~~~^^^^^^^
  File "/Users/mehriddinmengturayev/Downloads/shopbot/.venv/lib/python3.13/site-packages/sqlalchemy/dialects/sqlite/aiosqlite.py", line 298, in _handle_exception
    raise error
  File "/Users/mehriddinmengturayev/Downloads/shopbot/.venv/lib/python3.13/site-packages/sqlalchemy/dialects/sqlite/aiosqlite.py", line 129, in execute
    self.await_(_cursor.execute(operation, parameters))
    ~~~~~~~~~~~^^^^^^^^^^^^^^^^^^^^^^^^^^^^^^^^^^^^^^^^
  File "/Users/mehriddinmengturayev/Downloads/shopbot/.venv/lib/python3.13/site-packages/sqlalchemy/util/_concurrency_py3k.py", line 132, in await_only
    return current.parent.switch(awaitable)  # type: ignore[no-any-return,attr-defined] # noqa: E501
           ~~~~~~~~~~~~~~~~~~~~~^^^^^^^^^^^
  File "/Users/mehriddinmengturayev/Downloads/shopbot/.venv/lib/python3.13/site-packages/sqlalchemy/util/_concurrency_py3k.py", line 196, in greenlet_spawn
    value = await result
            ^^^^^^^^^^^^
  File "/Users/mehriddinmengturayev/Downloads/shopbot/.venv/lib/python3.13/site-packages/aiosqlite/cursor.py", line 48, in execute
    await self._execute(self._cursor.execute, sql, parameters)
  File "/Users/mehriddinmengturayev/Downloads/shopbot/.venv/lib/python3.13/site-packages/aiosqlite/cursor.py", line 40, in _execute
    return await self._conn._execute(fn, *args, **kwargs)
           ^^^^^^^^^^^^^^^^^^^^^^^^^^^^^^^^^^^^^^^^^^^^^^
  File "/Users/mehriddinmengturayev/Downloads/shopbot/.venv/lib/python3.13/site-packages/aiosqlite/core.py", line 132, in _execute
    return await future
           ^^^^^^^^^^^^
  File "/Users/mehriddinmengturayev/Downloads/shopbot/.venv/lib/python3.13/site-packages/aiosqlite/core.py", line 115, in run
    result = function()
sqlite3.OperationalError: no such column: orders.payment_method

The above exception was the direct cause of the following exception:

Traceback (most recent call last):
  File "/Users/mehriddinmengturayev/Downloads/shopbot/app/services/crypto_poller.py", line 33, in crypto_poller_loop
    await _poll_once(bot)
  File "/Users/mehriddinmengturayev/Downloads/shopbot/app/services/crypto_poller.py", line 44, in _poll_once
    pending = await orders_repo.list_awaiting_crypto_payment()
              ^^^^^^^^^^^^^^^^^^^^^^^^^^^^^^^^^^^^^^^^^^^^^^^^
  File "/Users/mehriddinmengturayev/Downloads/shopbot/app/repositories/order_repo.py", line 47, in list_awaiting_crypto_payment
    result = await self.session.execute(
             ^^^^^^^^^^^^^^^^^^^^^^^^^^^
    ...<3 lines>...
    )
    ^
  File "/Users/mehriddinmengturayev/Downloads/shopbot/.venv/lib/python3.13/site-packages/sqlalchemy/ext/asyncio/session.py", line 461, in execute
    result = await greenlet_spawn(
             ^^^^^^^^^^^^^^^^^^^^^
    ...<6 lines>...
    )
    ^
  File "/Users/mehriddinmengturayev/Downloads/shopbot/.venv/lib/python3.13/site-packages/sqlalchemy/util/_concurrency_py3k.py", line 201, in greenlet_spawn
    result = context.throw(*sys.exc_info())
  File "/Users/mehriddinmengturayev/Downloads/shopbot/.venv/lib/python3.13/site-packages/sqlalchemy/orm/session.py", line 2362, in execute
    return self._execute_internal(
           ~~~~~~~~~~~~~~~~~~~~~~^
        statement,
        ^^^^^^^^^^
    ...<4 lines>...
        _add_event=_add_event,
        ^^^^^^^^^^^^^^^^^^^^^^
    )
    ^
  File "/Users/mehriddinmengturayev/Downloads/shopbot/.venv/lib/python3.13/site-packages/sqlalchemy/orm/session.py", line 2247, in _execute_internal
    result: Result[Any] = compile_state_cls.orm_execute_statement(
                          ~~~~~~~~~~~~~~~~~~~~~~~~~~~~~~~~~~~~~~~^
        self,
        ^^^^^
    ...<4 lines>...
        conn,
        ^^^^^
    )
    ^
  File "/Users/mehriddinmengturayev/Downloads/shopbot/.venv/lib/python3.13/site-packages/sqlalchemy/orm/context.py", line 305, in orm_execute_statement
    result = conn.execute(
        statement, params or {}, execution_options=execution_options
    )
  File "/Users/mehriddinmengturayev/Downloads/shopbot/.venv/lib/python3.13/site-packages/sqlalchemy/engine/base.py", line 1418, in execute
    return meth(
        self,
        distilled_parameters,
        execution_options or NO_OPTIONS,
    )
  File "/Users/mehriddinmengturayev/Downloads/shopbot/.venv/lib/python3.13/site-packages/sqlalchemy/sql/elements.py", line 515, in _execute_on_connection
    return connection._execute_clauseelement(
           ~~~~~~~~~~~~~~~~~~~~~~~~~~~~~~~~~^
        self, distilled_params, execution_options
        ^^^^^^^^^^^^^^^^^^^^^^^^^^^^^^^^^^^^^^^^^
    )
    ^
  File "/Users/mehriddinmengturayev/Downloads/shopbot/.venv/lib/python3.13/site-packages/sqlalchemy/engine/base.py", line 1640, in _execute_clauseelement
    ret = self._execute_context(
        dialect,
    ...<8 lines>...
        cache_hit=cache_hit,
    )
  File "/Users/mehriddinmengturayev/Downloads/shopbot/.venv/lib/python3.13/site-packages/sqlalchemy/engine/base.py", line 1846, in _execute_context
    return self._exec_single_context(
           ~~~~~~~~~~~~~~~~~~~~~~~~~^
        dialect, context, statement, parameters
        ^^^^^^^^^^^^^^^^^^^^^^^^^^^^^^^^^^^^^^^
    )
    ^
  File "/Users/mehriddinmengturayev/Downloads/shopbot/.venv/lib/python3.13/site-packages/sqlalchemy/engine/base.py", line 1986, in _exec_single_context
    self._handle_dbapi_exception(
    ~~~~~~~~~~~~~~~~~~~~~~~~~~~~^
        e, str_statement, effective_parameters, cursor, context
        ^^^^^^^^^^^^^^^^^^^^^^^^^^^^^^^^^^^^^^^^^^^^^^^^^^^^^^^
    )
    ^
  File "/Users/mehriddinmengturayev/Downloads/shopbot/.venv/lib/python3.13/site-packages/sqlalchemy/engine/base.py", line 2355, in _handle_dbapi_exception
    raise sqlalchemy_exception.with_traceback(exc_info[2]) from e
  File "/Users/mehriddinmengturayev/Downloads/shopbot/.venv/lib/python3.13/site-packages/sqlalchemy/engine/base.py", line 1967, in _exec_single_context
    self.dialect.do_execute(
    ~~~~~~~~~~~~~~~~~~~~~~~^
        cursor, str_statement, effective_parameters, context
        ^^^^^^^^^^^^^^^^^^^^^^^^^^^^^^^^^^^^^^^^^^^^^^^^^^^^
    )
    ^
  File "/Users/mehriddinmengturayev/Downloads/shopbot/.venv/lib/python3.13/site-packages/sqlalchemy/engine/default.py", line 941, in do_execute
    cursor.execute(statement, parameters)
    ~~~~~~~~~~~~~~^^^^^^^^^^^^^^^^^^^^^^^
  File "/Users/mehriddinmengturayev/Downloads/shopbot/.venv/lib/python3.13/site-packages/sqlalchemy/dialects/sqlite/aiosqlite.py", line 147, in execute
    self._adapt_connection._handle_exception(error)
    ~~~~~~~~~~~~~~~~~~~~~~~~~~~~~~~~~~~~~~~~^^^^^^^
  File "/Users/mehriddinmengturayev/Downloads/shopbot/.venv/lib/python3.13/site-packages/sqlalchemy/dialects/sqlite/aiosqlite.py", line 298, in _handle_exception
    raise error
  File "/Users/mehriddinmengturayev/Downloads/shopbot/.venv/lib/python3.13/site-packages/sqlalchemy/dialects/sqlite/aiosqlite.py", line 129, in execute
    self.await_(_cursor.execute(operation, parameters))
    ~~~~~~~~~~~^^^^^^^^^^^^^^^^^^^^^^^^^^^^^^^^^^^^^^^^
  File "/Users/mehriddinmengturayev/Downloads/shopbot/.venv/lib/python3.13/site-packages/sqlalchemy/util/_concurrency_py3k.py", line 132, in await_only
    return current.parent.switch(awaitable)  # type: ignore[no-any-return,attr-defined] # noqa: E501
           ~~~~~~~~~~~~~~~~~~~~~^^^^^^^^^^^
  File "/Users/mehriddinmengturayev/Downloads/shopbot/.venv/lib/python3.13/site-packages/sqlalchemy/util/_concurrency_py3k.py", line 196, in greenlet_spawn
    value = await result
            ^^^^^^^^^^^^
  File "/Users/mehriddinmengturayev/Downloads/shopbot/.venv/lib/python3.13/site-packages/aiosqlite/cursor.py", line 48, in execute
    await self._execute(self._cursor.execute, sql, parameters)
  File "/Users/mehriddinmengturayev/Downloads/shopbot/.venv/lib/python3.13/site-packages/aiosqlite/cursor.py", line 40, in _execute
    return await self._conn._execute(fn, *args, **kwargs)
           ^^^^^^^^^^^^^^^^^^^^^^^^^^^^^^^^^^^^^^^^^^^^^^
  File "/Users/mehriddinmengturayev/Downloads/shopbot/.venv/lib/python3.13/site-packages/aiosqlite/core.py", line 132, in _execute
    return await future
           ^^^^^^^^^^^^
  File "/Users/mehriddinmengturayev/Downloads/shopbot/.venv/lib/python3.13/site-packages/aiosqlite/core.py", line 115, in run
    result = function()
sqlalchemy.exc.OperationalError: (sqlite3.OperationalError) no such column: orders.payment_method
[SQL: SELECT orders.id, orders.order_uuid, orders.user_id, orders.product_id, orders.price_at_purchase, orders.currency, orders.status, orders.payment_method, orders.crypto_provider, orders.crypto_invoice_id, orders.crypto_pay_url, orders.decided_by_admin_id, orders.decided_at, orders.rejection_reason, orders.delivered_payload, orders.delivered_at, orders.created_at, orders.updated_at 
FROM orders 
WHERE orders.status = ?]
[parameters: ('AWAITING_CRYPTO_PAYMENT',)]
(Background on this error at: https://sqlalche.me/e/20/e3q8)
2026-07-30 20:39:12,807 | ERROR    | app.middlewares.error_handling | Unhandled exception while processing update
Traceback (most recent call last):
  File "/Users/mehriddinmengturayev/Downloads/shopbot/.venv/lib/python3.13/site-packages/sqlalchemy/engine/base.py", line 1967, in _exec_single_context
    self.dialect.do_execute(
    ~~~~~~~~~~~~~~~~~~~~~~~^
        cursor, str_statement, effective_parameters, context
        ^^^^^^^^^^^^^^^^^^^^^^^^^^^^^^^^^^^^^^^^^^^^^^^^^^^^
    )
    ^
  File "/Users/mehriddinmengturayev/Downloads/shopbot/.venv/lib/python3.13/site-packages/sqlalchemy/engine/default.py", line 941, in do_execute
    cursor.execute(statement, parameters)
    ~~~~~~~~~~~~~~^^^^^^^^^^^^^^^^^^^^^^^
  File "/Users/mehriddinmengturayev/Downloads/shopbot/.venv/lib/python3.13/site-packages/sqlalchemy/dialects/sqlite/aiosqlite.py", line 147, in execute
    self._adapt_connection._handle_exception(error)
    ~~~~~~~~~~~~~~~~~~~~~~~~~~~~~~~~~~~~~~~~^^^^^^^
  File "/Users/mehriddinmengturayev/Downloads/shopbot/.venv/lib/python3.13/site-packages/sqlalchemy/dialects/sqlite/aiosqlite.py", line 298, in _handle_exception
    raise error
  File "/Users/mehriddinmengturayev/Downloads/shopbot/.venv/lib/python3.13/site-packages/sqlalchemy/dialects/sqlite/aiosqlite.py", line 129, in execute
    self.await_(_cursor.execute(operation, parameters))
    ~~~~~~~~~~~^^^^^^^^^^^^^^^^^^^^^^^^^^^^^^^^^^^^^^^^
  File "/Users/mehriddinmengturayev/Downloads/shopbot/.venv/lib/python3.13/site-packages/sqlalchemy/util/_concurrency_py3k.py", line 132, in await_only
    return current.parent.switch(awaitable)  # type: ignore[no-any-return,attr-defined] # noqa: E501
           ~~~~~~~~~~~~~~~~~~~~~^^^^^^^^^^^
  File "/Users/mehriddinmengturayev/Downloads/shopbot/.venv/lib/python3.13/site-packages/sqlalchemy/util/_concurrency_py3k.py", line 196, in greenlet_spawn
    value = await result
            ^^^^^^^^^^^^
  File "/Users/mehriddinmengturayev/Downloads/shopbot/.venv/lib/python3.13/site-packages/aiosqlite/cursor.py", line 48, in execute
    await self._execute(self._cursor.execute, sql, parameters)
  File "/Users/mehriddinmengturayev/Downloads/shopbot/.venv/lib/python3.13/site-packages/aiosqlite/cursor.py", line 40, in _execute
    return await self._conn._execute(fn, *args, **kwargs)
           ^^^^^^^^^^^^^^^^^^^^^^^^^^^^^^^^^^^^^^^^^^^^^^
  File "/Users/mehriddinmengturayev/Downloads/shopbot/.venv/lib/python3.13/site-packages/aiosqlite/core.py", line 132, in _execute
    return await future
           ^^^^^^^^^^^^
  File "/Users/mehriddinmengturayev/Downloads/shopbot/.venv/lib/python3.13/site-packages/aiosqlite/core.py", line 115, in run
    result = function()
sqlite3.OperationalError: no such column: products.price_usd

The above exception was the direct cause of the following exception:

Traceback (most recent call last):
  File "/Users/mehriddinmengturayev/Downloads/shopbot/app/middlewares/error_handling.py", line 33, in __call__
    return await handler(event, data)
           ^^^^^^^^^^^^^^^^^^^^^^^^^^
  File "/Users/mehriddinmengturayev/Downloads/shopbot/app/middlewares/throttling.py", line 40, in __call__
    return await handler(event, data)
           ^^^^^^^^^^^^^^^^^^^^^^^^^^
  File "/Users/mehriddinmengturayev/Downloads/shopbot/app/middlewares/db_session.py", line 27, in __call__
    return await handler(event, data)
           ^^^^^^^^^^^^^^^^^^^^^^^^^^
  File "/Users/mehriddinmengturayev/Downloads/shopbot/app/middlewares/user_context.py", line 41, in __call__
    return await handler(event, data)
           ^^^^^^^^^^^^^^^^^^^^^^^^^^
  File "/Users/mehriddinmengturayev/Downloads/shopbot/.venv/lib/python3.13/site-packages/aiogram/dispatcher/event/telegram.py", line 121, in trigger
    return await wrapped_inner(event, kwargs)
           ^^^^^^^^^^^^^^^^^^^^^^^^^^^^^^^^^^
  File "/Users/mehriddinmengturayev/Downloads/shopbot/.venv/lib/python3.13/site-packages/aiogram/dispatcher/event/handler.py", line 43, in call
    return await wrapped()
           ^^^^^^^^^^^^^^^
  File "/Users/mehriddinmengturayev/Downloads/shopbot/.venv/lib/python3.13/site-packages/aiogram/dispatcher/dispatcher.py", line 276, in _listen_update
    return await self.propagate_event(update_type=update_type, event=event, **kwargs)
           ^^^^^^^^^^^^^^^^^^^^^^^^^^^^^^^^^^^^^^^^^^^^^^^^^^^^^^^^^^^^^^^^^^^^^^^^^^
  File "/Users/mehriddinmengturayev/Downloads/shopbot/.venv/lib/python3.13/site-packages/aiogram/dispatcher/router.py", line 146, in propagate_event
    return await observer.wrap_outer_middleware(_wrapped, event=event, data=kwargs)
           ^^^^^^^^^^^^^^^^^^^^^^^^^^^^^^^^^^^^^^^^^^^^^^^^^^^^^^^^^^^^^^^^^^^^^^^^
  File "/Users/mehriddinmengturayev/Downloads/shopbot/.venv/lib/python3.13/site-packages/aiogram/dispatcher/router.py", line 141, in _wrapped
    return await self._propagate_event(
           ^^^^^^^^^^^^^^^^^^^^^^^^^^^^
        observer=observer, update_type=update_type, event=telegram_event, **data
        ^^^^^^^^^^^^^^^^^^^^^^^^^^^^^^^^^^^^^^^^^^^^^^^^^^^^^^^^^^^^^^^^^^^^^^^^
    )
    ^
  File "/Users/mehriddinmengturayev/Downloads/shopbot/.venv/lib/python3.13/site-packages/aiogram/dispatcher/router.py", line 174, in _propagate_event
    response = await router.propagate_event(update_type=update_type, event=event, **kwargs)
               ^^^^^^^^^^^^^^^^^^^^^^^^^^^^^^^^^^^^^^^^^^^^^^^^^^^^^^^^^^^^^^^^^^^^^^^^^^^^
  File "/Users/mehriddinmengturayev/Downloads/shopbot/.venv/lib/python3.13/site-packages/aiogram/dispatcher/router.py", line 146, in propagate_event
    return await observer.wrap_outer_middleware(_wrapped, event=event, data=kwargs)
           ^^^^^^^^^^^^^^^^^^^^^^^^^^^^^^^^^^^^^^^^^^^^^^^^^^^^^^^^^^^^^^^^^^^^^^^^
  File "/Users/mehriddinmengturayev/Downloads/shopbot/.venv/lib/python3.13/site-packages/aiogram/dispatcher/router.py", line 141, in _wrapped
    return await self._propagate_event(
           ^^^^^^^^^^^^^^^^^^^^^^^^^^^^
        observer=observer, update_type=update_type, event=telegram_event, **data
        ^^^^^^^^^^^^^^^^^^^^^^^^^^^^^^^^^^^^^^^^^^^^^^^^^^^^^^^^^^^^^^^^^^^^^^^^
    )
    ^
  File "/Users/mehriddinmengturayev/Downloads/shopbot/.venv/lib/python3.13/site-packages/aiogram/dispatcher/router.py", line 174, in _propagate_event
    response = await router.propagate_event(update_type=update_type, event=event, **kwargs)
               ^^^^^^^^^^^^^^^^^^^^^^^^^^^^^^^^^^^^^^^^^^^^^^^^^^^^^^^^^^^^^^^^^^^^^^^^^^^^
  File "/Users/mehriddinmengturayev/Downloads/shopbot/.venv/lib/python3.13/site-packages/aiogram/dispatcher/router.py", line 146, in propagate_event
    return await observer.wrap_outer_middleware(_wrapped, event=event, data=kwargs)
           ^^^^^^^^^^^^^^^^^^^^^^^^^^^^^^^^^^^^^^^^^^^^^^^^^^^^^^^^^^^^^^^^^^^^^^^^
  File "/Users/mehriddinmengturayev/Downloads/shopbot/.venv/lib/python3.13/site-packages/aiogram/dispatcher/router.py", line 141, in _wrapped
    return await self._propagate_event(
           ^^^^^^^^^^^^^^^^^^^^^^^^^^^^
        observer=observer, update_type=update_type, event=telegram_event, **data
        ^^^^^^^^^^^^^^^^^^^^^^^^^^^^^^^^^^^^^^^^^^^^^^^^^^^^^^^^^^^^^^^^^^^^^^^^
    )
    ^
  File "/Users/mehriddinmengturayev/Downloads/shopbot/.venv/lib/python3.13/site-packages/aiogram/dispatcher/router.py", line 166, in _propagate_event
    response = await observer.trigger(event, **kwargs)
               ^^^^^^^^^^^^^^^^^^^^^^^^^^^^^^^^^^^^^^^
  File "/Users/mehriddinmengturayev/Downloads/shopbot/.venv/lib/python3.13/site-packages/aiogram/dispatcher/event/telegram.py", line 121, in trigger
    return await wrapped_inner(event, kwargs)
           ^^^^^^^^^^^^^^^^^^^^^^^^^^^^^^^^^^
  File "/Users/mehriddinmengturayev/Downloads/shopbot/.venv/lib/python3.13/site-packages/aiogram/dispatcher/event/handler.py", line 43, in call
    return await wrapped()
           ^^^^^^^^^^^^^^^
  File "/Users/mehriddinmengturayev/Downloads/shopbot/app/handlers/user/shop.py", line 60, in open_shop
    views = await service.list_shop()
            ^^^^^^^^^^^^^^^^^^^^^^^^^
  File "/Users/mehriddinmengturayev/Downloads/shopbot/app/services/product_service.py", line 28, in list_shop
    items = await self.products.list_visible()
            ^^^^^^^^^^^^^^^^^^^^^^^^^^^^^^^^^^
  File "/Users/mehriddinmengturayev/Downloads/shopbot/app/repositories/product_repo.py", line 16, in list_visible
    result = await self.session.execute(
             ^^^^^^^^^^^^^^^^^^^^^^^^^^^
    ...<3 lines>...
    )
    ^
  File "/Users/mehriddinmengturayev/Downloads/shopbot/.venv/lib/python3.13/site-packages/sqlalchemy/ext/asyncio/session.py", line 461, in execute
    result = await greenlet_spawn(
             ^^^^^^^^^^^^^^^^^^^^^
    ...<6 lines>...
    )
    ^
  File "/Users/mehriddinmengturayev/Downloads/shopbot/.venv/lib/python3.13/site-packages/sqlalchemy/util/_concurrency_py3k.py", line 201, in greenlet_spawn
    result = context.throw(*sys.exc_info())
  File "/Users/mehriddinmengturayev/Downloads/shopbot/.venv/lib/python3.13/site-packages/sqlalchemy/orm/session.py", line 2362, in execute
    return self._execute_internal(
           ~~~~~~~~~~~~~~~~~~~~~~^
        statement,
        ^^^^^^^^^^
    ...<4 lines>...
        _add_event=_add_event,
        ^^^^^^^^^^^^^^^^^^^^^^
    )
    ^
  File "/Users/mehriddinmengturayev/Downloads/shopbot/.venv/lib/python3.13/site-packages/sqlalchemy/orm/session.py", line 2247, in _execute_internal
    result: Result[Any] = compile_state_cls.orm_execute_statement(
                          ~~~~~~~~~~~~~~~~~~~~~~~~~~~~~~~~~~~~~~~^
        self,
        ^^^^^
    ...<4 lines>...
        conn,
        ^^^^^
    )
    ^
  File "/Users/mehriddinmengturayev/Downloads/shopbot/.venv/lib/python3.13/site-packages/sqlalchemy/orm/context.py", line 305, in orm_execute_statement
    result = conn.execute(
        statement, params or {}, execution_options=execution_options
    )
  File "/Users/mehriddinmengturayev/Downloads/shopbot/.venv/lib/python3.13/site-packages/sqlalchemy/engine/base.py", line 1418, in execute
    return meth(
        self,
        distilled_parameters,
        execution_options or NO_OPTIONS,
    )
  File "/Users/mehriddinmengturayev/Downloads/shopbot/.venv/lib/python3.13/site-packages/sqlalchemy/sql/elements.py", line 515, in _execute_on_connection
    return connection._execute_clauseelement(
           ~~~~~~~~~~~~~~~~~~~~~~~~~~~~~~~~~^
        self, distilled_params, execution_options
        ^^^^^^^^^^^^^^^^^^^^^^^^^^^^^^^^^^^^^^^^^
    )
    ^
  File "/Users/mehriddinmengturayev/Downloads/shopbot/.venv/lib/python3.13/site-packages/sqlalchemy/engine/base.py", line 1640, in _execute_clauseelement
    ret = self._execute_context(
        dialect,
    ...<8 lines>...
        cache_hit=cache_hit,
    )
  File "/Users/mehriddinmengturayev/Downloads/shopbot/.venv/lib/python3.13/site-packages/sqlalchemy/engine/base.py", line 1846, in _execute_context
    return self._exec_single_context(
           ~~~~~~~~~~~~~~~~~~~~~~~~~^
        dialect, context, statement, parameters
        ^^^^^^^^^^^^^^^^^^^^^^^^^^^^^^^^^^^^^^^
    )
    ^
  File "/Users/mehriddinmengturayev/Downloads/shopbot/.venv/lib/python3.13/site-packages/sqlalchemy/engine/base.py", line 1986, in _exec_single_context
    self._handle_dbapi_exception(
    ~~~~~~~~~~~~~~~~~~~~~~~~~~~~^
        e, str_statement, effective_parameters, cursor, context
        ^^^^^^^^^^^^^^^^^^^^^^^^^^^^^^^^^^^^^^^^^^^^^^^^^^^^^^^
    )
    ^
  File "/Users/mehriddinmengturayev/Downloads/shopbot/.venv/lib/python3.13/site-packages/sqlalchemy/engine/base.py", line 2355, in _handle_dbapi_exception
    raise sqlalchemy_exception.with_traceback(exc_info[2]) from e
  File "/Users/mehriddinmengturayev/Downloads/shopbot/.venv/lib/python3.13/site-packages/sqlalchemy/engine/base.py", line 1967, in _exec_single_context
    self.dialect.do_execute(
    ~~~~~~~~~~~~~~~~~~~~~~~^
        cursor, str_statement, effective_parameters, context
        ^^^^^^^^^^^^^^^^^^^^^^^^^^^^^^^^^^^^^^^^^^^^^^^^^^^^
    )
    ^
  File "/Users/mehriddinmengturayev/Downloads/shopbot/.venv/lib/python3.13/site-packages/sqlalchemy/engine/default.py", line 941, in do_execute
    cursor.execute(statement, parameters)
    ~~~~~~~~~~~~~~^^^^^^^^^^^^^^^^^^^^^^^
  File "/Users/mehriddinmengturayev/Downloads/shopbot/.venv/lib/python3.13/site-packages/sqlalchemy/dialects/sqlite/aiosqlite.py", line 147, in execute
    self._adapt_connection._handle_exception(error)
    ~~~~~~~~~~~~~~~~~~~~~~~~~~~~~~~~~~~~~~~~^^^^^^^
  File "/Users/mehriddinmengturayev/Downloads/shopbot/.venv/lib/python3.13/site-packages/sqlalchemy/dialects/sqlite/aiosqlite.py", line 298, in _handle_exception
    raise error
  File "/Users/mehriddinmengturayev/Downloads/shopbot/.venv/lib/python3.13/site-packages/sqlalchemy/dialects/sqlite/aiosqlite.py", line 129, in execute
    self.await_(_cursor.execute(operation, parameters))
    ~~~~~~~~~~~^^^^^^^^^^^^^^^^^^^^^^^^^^^^^^^^^^^^^^^^
  File "/Users/mehriddinmengturayev/Downloads/shopbot/.venv/lib/python3.13/site-packages/sqlalchemy/util/_concurrency_py3k.py", line 132, in await_only
    return current.parent.switch(awaitable)  # type: ignore[no-any-return,attr-defined] # noqa: E501
           ~~~~~~~~~~~~~~~~~~~~~^^^^^^^^^^^
  File "/Users/mehriddinmengturayev/Downloads/shopbot/.venv/lib/python3.13/site-packages/sqlalchemy/util/_concurrency_py3k.py", line 196, in greenlet_spawn
    value = await result
            ^^^^^^^^^^^^
  File "/Users/mehriddinmengturayev/Downloads/shopbot/.venv/lib/python3.13/site-packages/aiosqlite/cursor.py", line 48, in execute
    await self._execute(self._cursor.execute, sql, parameters)
  File "/Users/mehriddinmengturayev/Downloads/shopbot/.venv/lib/python3.13/site-packages/aiosqlite/cursor.py", line 40, in _execute
    return await self._conn._execute(fn, *args, **kwargs)
           ^^^^^^^^^^^^^^^^^^^^^^^^^^^^^^^^^^^^^^^^^^^^^^
  File "/Users/mehriddinmengturayev/Downloads/shopbot/.venv/lib/python3.13/site-packages/aiosqlite/core.py", line 132, in _execute
    return await future
           ^^^^^^^^^^^^
  File "/Users/mehriddinmengturayev/Downloads/shopbot/.venv/lib/python3.13/site-packages/aiosqlite/core.py", line 115, in run
    result = function()
sqlalchemy.exc.OperationalError: (sqlite3.OperationalError) no such column: products.price_usd
[SQL: SELECT products.id, products.name, products.emoji, products.description, products.price, products.currency, products.price_usd, products.image_file_id, products.delivery_mode, products.provider_key, products.manual_delivery_hint, products.payment_instructions, products.is_visible, products.sort_order, products.created_at, products.updated_at 
FROM products 
WHERE products.is_visible IS 1 ORDER BY products.sort_order, products.id]
(Background on this error at: https://sqlalche.me/e/20/e3q8)
2026-07-30 20:39:17,991 | ERROR    | providers | Crypto poller iteration failed
Traceback (most recent call last):
  File "/Users/mehriddinmengturayev/Downloads/shopbot/.venv/lib/python3.13/site-packages/sqlalchemy/engine/base.py", line 1967, in _exec_single_context
    self.dialect.do_execute(
    ~~~~~~~~~~~~~~~~~~~~~~~^
        cursor, str_statement, effective_parameters, context
        ^^^^^^^^^^^^^^^^^^^^^^^^^^^^^^^^^^^^^^^^^^^^^^^^^^^^
    )
    ^
  File "/Users/mehriddinmengturayev/Downloads/shopbot/.venv/lib/python3.13/site-packages/sqlalchemy/engine/default.py", line 941, in do_execute
    cursor.execute(statement, parameters)
    ~~~~~~~~~~~~~~^^^^^^^^^^^^^^^^^^^^^^^
  File "/Users/mehriddinmengturayev/Downloads/shopbot/.venv/lib/python3.13/site-packages/sqlalchemy/dialects/sqlite/aiosqlite.py", line 147, in execute
    self._adapt_connection._handle_exception(error)
    ~~~~~~~~~~~~~~~~~~~~~~~~~~~~~~~~~~~~~~~~^^^^^^^
  File "/Users/mehriddinmengturayev/Downloads/shopbot/.venv/lib/python3.13/site-packages/sqlalchemy/dialects/sqlite/aiosqlite.py", line 298, in _handle_exception
    raise error
  File "/Users/mehriddinmengturayev/Downloads/shopbot/.venv/lib/python3.13/site-packages/sqlalchemy/dialects/sqlite/aiosqlite.py", line 129, in execute
    self.await_(_cursor.execute(operation, parameters))
    ~~~~~~~~~~~^^^^^^^^^^^^^^^^^^^^^^^^^^^^^^^^^^^^^^^^
  File "/Users/mehriddinmengturayev/Downloads/shopbot/.venv/lib/python3.13/site-packages/sqlalchemy/util/_concurrency_py3k.py", line 132, in await_only
    return current.parent.switch(awaitable)  # type: ignore[no-any-return,attr-defined] # noqa: E501
           ~~~~~~~~~~~~~~~~~~~~~^^^^^^^^^^^
  File "/Users/mehriddinmengturayev/Downloads/shopbot/.venv/lib/python3.13/site-packages/sqlalchemy/util/_concurrency_py3k.py", line 196, in greenlet_spawn
    value = await result
            ^^^^^^^^^^^^
  File "/Users/mehriddinmengturayev/Downloads/shopbot/.venv/lib/python3.13/site-packages/aiosqlite/cursor.py", line 48, in execute
    await self._execute(self._cursor.execute, sql, parameters)
  File "/Users/mehriddinmengturayev/Downloads/shopbot/.venv/lib/python3.13/site-packages/aiosqlite/cursor.py", line 40, in _execute
    return await self._conn._execute(fn, *args, **kwargs)
           ^^^^^^^^^^^^^^^^^^^^^^^^^^^^^^^^^^^^^^^^^^^^^^
  File "/Users/mehriddinmengturayev/Downloads/shopbot/.venv/lib/python3.13/site-packages/aiosqlite/core.py", line 132, in _execute
    return await future
           ^^^^^^^^^^^^
  File "/Users/mehriddinmengturayev/Downloads/shopbot/.venv/lib/python3.13/site-packages/aiosqlite/core.py", line 115, in run
    result = function()
sqlite3.OperationalError: no such column: orders.payment_method

The above exception was the direct cause of the following exception:

Traceback (most recent call last):
  File "/Users/mehriddinmengturayev/Downloads/shopbot/app/services/crypto_poller.py", line 33, in crypto_poller_loop
    await _poll_once(bot)
  File "/Users/mehriddinmengturayev/Downloads/shopbot/app/services/crypto_poller.py", line 44, in _poll_once
    pending = await orders_repo.list_awaiting_crypto_payment()
              ^^^^^^^^^^^^^^^^^^^^^^^^^^^^^^^^^^^^^^^^^^^^^^^^
  File "/Users/mehriddinmengturayev/Downloads/shopbot/app/repositories/order_repo.py", line 47, in list_awaiting_crypto_payment
    result = await self.session.execute(
             ^^^^^^^^^^^^^^^^^^^^^^^^^^^
    ...<3 lines>...
    )
    ^
  File "/Users/mehriddinmengturayev/Downloads/shopbot/.venv/lib/python3.13/site-packages/sqlalchemy/ext/asyncio/session.py", line 461, in execute
    result = await greenlet_spawn(
             ^^^^^^^^^^^^^^^^^^^^^
    ...<6 lines>...
    )
    ^
  File "/Users/mehriddinmengturayev/Downloads/shopbot/.venv/lib/python3.13/site-packages/sqlalchemy/util/_concurrency_py3k.py", line 201, in greenlet_spawn
    result = context.throw(*sys.exc_info())
  File "/Users/mehriddinmengturayev/Downloads/shopbot/.venv/lib/python3.13/site-packages/sqlalchemy/orm/session.py", line 2362, in execute
    return self._execute_internal(
           ~~~~~~~~~~~~~~~~~~~~~~^
        statement,
        ^^^^^^^^^^
    ...<4 lines>...
        _add_event=_add_event,
        ^^^^^^^^^^^^^^^^^^^^^^
    )
    ^
  File "/Users/mehriddinmengturayev/Downloads/shopbot/.venv/lib/python3.13/site-packages/sqlalchemy/orm/session.py", line 2247, in _execute_internal
    result: Result[Any] = compile_state_cls.orm_execute_statement(
                          ~~~~~~~~~~~~~~~~~~~~~~~~~~~~~~~~~~~~~~~^
        self,
        ^^^^^
    ...<4 lines>...
        conn,
        ^^^^^
    )
    ^
  File "/Users/mehriddinmengturayev/Downloads/shopbot/.venv/lib/python3.13/site-packages/sqlalchemy/orm/context.py", line 305, in orm_execute_statement
    result = conn.execute(
        statement, params or {}, execution_options=execution_options
    )
  File "/Users/mehriddinmengturayev/Downloads/shopbot/.venv/lib/python3.13/site-packages/sqlalchemy/engine/base.py", line 1418, in execute
    return meth(
        self,
        distilled_parameters,
        execution_options or NO_OPTIONS,
    )
  File "/Users/mehriddinmengturayev/Downloads/shopbot/.venv/lib/python3.13/site-packages/sqlalchemy/sql/elements.py", line 515, in _execute_on_connection
    return connection._execute_clauseelement(
           ~~~~~~~~~~~~~~~~~~~~~~~~~~~~~~~~~^
        self, distilled_params, execution_options
        ^^^^^^^^^^^^^^^^^^^^^^^^^^^^^^^^^^^^^^^^^
    )
    ^
  File "/Users/mehriddinmengturayev/Downloads/shopbot/.venv/lib/python3.13/site-packages/sqlalchemy/engine/base.py", line 1640, in _execute_clauseelement
    ret = self._execute_context(
        dialect,
    ...<8 lines>...
        cache_hit=cache_hit,
    )
  File "/Users/mehriddinmengturayev/Downloads/shopbot/.venv/lib/python3.13/site-packages/sqlalchemy/engine/base.py", line 1846, in _execute_context
    return self._exec_single_context(
           ~~~~~~~~~~~~~~~~~~~~~~~~~^
        dialect, context, statement, parameters
        ^^^^^^^^^^^^^^^^^^^^^^^^^^^^^^^^^^^^^^^
    )
    ^
  File "/Users/mehriddinmengturayev/Downloads/shopbot/.venv/lib/python3.13/site-packages/sqlalchemy/engine/base.py", line 1986, in _exec_single_context
    self._handle_dbapi_exception(
    ~~~~~~~~~~~~~~~~~~~~~~~~~~~~^
        e, str_statement, effective_parameters, cursor, context
        ^^^^^^^^^^^^^^^^^^^^^^^^^^^^^^^^^^^^^^^^^^^^^^^^^^^^^^^
    )
    ^
  File "/Users/mehriddinmengturayev/Downloads/shopbot/.venv/lib/python3.13/site-packages/sqlalchemy/engine/base.py", line 2355, in _handle_dbapi_exception
    raise sqlalchemy_exception.with_traceback(exc_info[2]) from e
  File "/Users/mehriddinmengturayev/Downloads/shopbot/.venv/lib/python3.13/site-packages/sqlalchemy/engine/base.py", line 1967, in _exec_single_context
    self.dialect.do_execute(
    ~~~~~~~~~~~~~~~~~~~~~~~^
        cursor, str_statement, effective_parameters, context
        ^^^^^^^^^^^^^^^^^^^^^^^^^^^^^^^^^^^^^^^^^^^^^^^^^^^^
    )
    ^
  File "/Users/mehriddinmengturayev/Downloads/shopbot/.venv/lib/python3.13/site-packages/sqlalchemy/engine/default.py", line 941, in do_execute
    cursor.execute(statement, parameters)
    ~~~~~~~~~~~~~~^^^^^^^^^^^^^^^^^^^^^^^
  File "/Users/mehriddinmengturayev/Downloads/shopbot/.venv/lib/python3.13/site-packages/sqlalchemy/dialects/sqlite/aiosqlite.py", line 147, in execute
    self._adapt_connection._handle_exception(error)
    ~~~~~~~~~~~~~~~~~~~~~~~~~~~~~~~~~~~~~~~~^^^^^^^
  File "/Users/mehriddinmengturayev/Downloads/shopbot/.venv/lib/python3.13/site-packages/sqlalchemy/dialects/sqlite/aiosqlite.py", line 298, in _handle_exception
    raise error
  File "/Users/mehriddinmengturayev/Downloads/shopbot/.venv/lib/python3.13/site-packages/sqlalchemy/dialects/sqlite/aiosqlite.py", line 129, in execute
    self.await_(_cursor.execute(operation, parameters))
    ~~~~~~~~~~~^^^^^^^^^^^^^^^^^^^^^^^^^^^^^^^^^^^^^^^^
  File "/Users/mehriddinmengturayev/Downloads/shopbot/.venv/lib/python3.13/site-packages/sqlalchemy/util/_concurrency_py3k.py", line 132, in await_only
    return current.parent.switch(awaitable)  # type: ignore[no-any-return,attr-defined] # noqa: E501
           ~~~~~~~~~~~~~~~~~~~~~^^^^^^^^^^^
  File "/Users/mehriddinmengturayev/Downloads/shopbot/.venv/lib/python3.13/site-packages/sqlalchemy/util/_concurrency_py3k.py", line 196, in greenlet_spawn
    value = await result
            ^^^^^^^^^^^^
  File "/Users/mehriddinmengturayev/Downloads/shopbot/.venv/lib/python3.13/site-packages/aiosqlite/cursor.py", line 48, in execute
    await self._execute(self._cursor.execute, sql, parameters)
  File "/Users/mehriddinmengturayev/Downloads/shopbot/.venv/lib/python3.13/site-packages/aiosqlite/cursor.py", line 40, in _execute
    return await self._conn._execute(fn, *args, **kwargs)
           ^^^^^^^^^^^^^^^^^^^^^^^^^^^^^^^^^^^^^^^^^^^^^^
  File "/Users/mehriddinmengturayev/Downloads/shopbot/.venv/lib/python3.13/site-packages/aiosqlite/core.py", line 132, in _execute
    return await future
           ^^^^^^^^^^^^
  File "/Users/mehriddinmengturayev/Downloads/shopbot/.venv/lib/python3.13/site-packages/aiosqlite/core.py", line 115, in run
    result = function()
sqlalchemy.exc.OperationalError: (sqlite3.OperationalError) no such column: orders.payment_method
[SQL: SELECT orders.id, orders.order_uuid, orders.user_id, orders.product_id, orders.price_at_purchase, orders.currency, orders.status, orders.payment_method, orders.crypto_provider, orders.crypto_invoice_id, orders.crypto_pay_url, orders.decided_by_admin_id, orders.decided_at, orders.rejection_reason, orders.delivered_payload, orders.delivered_at, orders.created_at, orders.updated_at 
FROM orders 
WHERE orders.status = ?]
[parameters: ('AWAITING_CRYPTO_PAYMENT',)]
(Background on this error at: https://sqlalche.me/e/20/e3q8)
2026-07-30 20:39:18,174 | ERROR    | app.middlewares.error_handling | Unhandled exception while processing update
Traceback (most recent call last):
  File "/Users/mehriddinmengturayev/Downloads/shopbot/.venv/lib/python3.13/site-packages/sqlalchemy/engine/base.py", line 1967, in _exec_single_context
    self.dialect.do_execute(
    ~~~~~~~~~~~~~~~~~~~~~~~^
        cursor, str_statement, effective_parameters, context
        ^^^^^^^^^^^^^^^^^^^^^^^^^^^^^^^^^^^^^^^^^^^^^^^^^^^^
    )
    ^
  File "/Users/mehriddinmengturayev/Downloads/shopbot/.venv/lib/python3.13/site-packages/sqlalchemy/engine/default.py", line 941, in do_execute
    cursor.execute(statement, parameters)
    ~~~~~~~~~~~~~~^^^^^^^^^^^^^^^^^^^^^^^
  File "/Users/mehriddinmengturayev/Downloads/shopbot/.venv/lib/python3.13/site-packages/sqlalchemy/dialects/sqlite/aiosqlite.py", line 147, in execute
    self._adapt_connection._handle_exception(error)
    ~~~~~~~~~~~~~~~~~~~~~~~~~~~~~~~~~~~~~~~~^^^^^^^
  File "/Users/mehriddinmengturayev/Downloads/shopbot/.venv/lib/python3.13/site-packages/sqlalchemy/dialects/sqlite/aiosqlite.py", line 298, in _handle_exception
    raise error
  File "/Users/mehriddinmengturayev/Downloads/shopbot/.venv/lib/python3.13/site-packages/sqlalchemy/dialects/sqlite/aiosqlite.py", line 129, in execute
    self.await_(_cursor.execute(operation, parameters))
    ~~~~~~~~~~~^^^^^^^^^^^^^^^^^^^^^^^^^^^^^^^^^^^^^^^^
  File "/Users/mehriddinmengturayev/Downloads/shopbot/.venv/lib/python3.13/site-packages/sqlalchemy/util/_concurrency_py3k.py", line 132, in await_only
    return current.parent.switch(awaitable)  # type: ignore[no-any-return,attr-defined] # noqa: E501
           ~~~~~~~~~~~~~~~~~~~~~^^^^^^^^^^^
  File "/Users/mehriddinmengturayev/Downloads/shopbot/.venv/lib/python3.13/site-packages/sqlalchemy/util/_concurrency_py3k.py", line 196, in greenlet_spawn
    value = await result
            ^^^^^^^^^^^^
  File "/Users/mehriddinmengturayev/Downloads/shopbot/.venv/lib/python3.13/site-packages/aiosqlite/cursor.py", line 48, in execute
    await self._execute(self._cursor.execute, sql, parameters)
  File "/Users/mehriddinmengturayev/Downloads/shopbot/.venv/lib/python3.13/site-packages/aiosqlite/cursor.py", line 40, in _execute
    return await self._conn._execute(fn, *args, **kwargs)
           ^^^^^^^^^^^^^^^^^^^^^^^^^^^^^^^^^^^^^^^^^^^^^^
  File "/Users/mehriddinmengturayev/Downloads/shopbot/.venv/lib/python3.13/site-packages/aiosqlite/core.py", line 132, in _execute
    return await future
           ^^^^^^^^^^^^
  File "/Users/mehriddinmengturayev/Downloads/shopbot/.venv/lib/python3.13/site-packages/aiosqlite/core.py", line 115, in run
    result = function()
sqlite3.OperationalError: no such column: orders.payment_method

The above exception was the direct cause of the following exception:

Traceback (most recent call last):
  File "/Users/mehriddinmengturayev/Downloads/shopbot/app/middlewares/error_handling.py", line 33, in __call__
    return await handler(event, data)
           ^^^^^^^^^^^^^^^^^^^^^^^^^^
  File "/Users/mehriddinmengturayev/Downloads/shopbot/app/middlewares/throttling.py", line 40, in __call__
    return await handler(event, data)
           ^^^^^^^^^^^^^^^^^^^^^^^^^^
  File "/Users/mehriddinmengturayev/Downloads/shopbot/app/middlewares/db_session.py", line 27, in __call__
    return await handler(event, data)
           ^^^^^^^^^^^^^^^^^^^^^^^^^^
  File "/Users/mehriddinmengturayev/Downloads/shopbot/app/middlewares/user_context.py", line 41, in __call__
    return await handler(event, data)
           ^^^^^^^^^^^^^^^^^^^^^^^^^^
  File "/Users/mehriddinmengturayev/Downloads/shopbot/.venv/lib/python3.13/site-packages/aiogram/dispatcher/event/telegram.py", line 121, in trigger
    return await wrapped_inner(event, kwargs)
           ^^^^^^^^^^^^^^^^^^^^^^^^^^^^^^^^^^
  File "/Users/mehriddinmengturayev/Downloads/shopbot/.venv/lib/python3.13/site-packages/aiogram/dispatcher/event/handler.py", line 43, in call
    return await wrapped()
           ^^^^^^^^^^^^^^^
  File "/Users/mehriddinmengturayev/Downloads/shopbot/.venv/lib/python3.13/site-packages/aiogram/dispatcher/dispatcher.py", line 276, in _listen_update
    return await self.propagate_event(update_type=update_type, event=event, **kwargs)
           ^^^^^^^^^^^^^^^^^^^^^^^^^^^^^^^^^^^^^^^^^^^^^^^^^^^^^^^^^^^^^^^^^^^^^^^^^^
  File "/Users/mehriddinmengturayev/Downloads/shopbot/.venv/lib/python3.13/site-packages/aiogram/dispatcher/router.py", line 146, in propagate_event
    return await observer.wrap_outer_middleware(_wrapped, event=event, data=kwargs)
           ^^^^^^^^^^^^^^^^^^^^^^^^^^^^^^^^^^^^^^^^^^^^^^^^^^^^^^^^^^^^^^^^^^^^^^^^
  File "/Users/mehriddinmengturayev/Downloads/shopbot/.venv/lib/python3.13/site-packages/aiogram/dispatcher/router.py", line 141, in _wrapped
    return await self._propagate_event(
           ^^^^^^^^^^^^^^^^^^^^^^^^^^^^
        observer=observer, update_type=update_type, event=telegram_event, **data
        ^^^^^^^^^^^^^^^^^^^^^^^^^^^^^^^^^^^^^^^^^^^^^^^^^^^^^^^^^^^^^^^^^^^^^^^^
    )
    ^
  File "/Users/mehriddinmengturayev/Downloads/shopbot/.venv/lib/python3.13/site-packages/aiogram/dispatcher/router.py", line 174, in _propagate_event
    response = await router.propagate_event(update_type=update_type, event=event, **kwargs)
               ^^^^^^^^^^^^^^^^^^^^^^^^^^^^^^^^^^^^^^^^^^^^^^^^^^^^^^^^^^^^^^^^^^^^^^^^^^^^
  File "/Users/mehriddinmengturayev/Downloads/shopbot/.venv/lib/python3.13/site-packages/aiogram/dispatcher/router.py", line 146, in propagate_event
    return await observer.wrap_outer_middleware(_wrapped, event=event, data=kwargs)
           ^^^^^^^^^^^^^^^^^^^^^^^^^^^^^^^^^^^^^^^^^^^^^^^^^^^^^^^^^^^^^^^^^^^^^^^^
  File "/Users/mehriddinmengturayev/Downloads/shopbot/.venv/lib/python3.13/site-packages/aiogram/dispatcher/router.py", line 141, in _wrapped
    return await self._propagate_event(
           ^^^^^^^^^^^^^^^^^^^^^^^^^^^^
        observer=observer, update_type=update_type, event=telegram_event, **data
        ^^^^^^^^^^^^^^^^^^^^^^^^^^^^^^^^^^^^^^^^^^^^^^^^^^^^^^^^^^^^^^^^^^^^^^^^
    )
    ^
  File "/Users/mehriddinmengturayev/Downloads/shopbot/.venv/lib/python3.13/site-packages/aiogram/dispatcher/router.py", line 174, in _propagate_event
    response = await router.propagate_event(update_type=update_type, event=event, **kwargs)
               ^^^^^^^^^^^^^^^^^^^^^^^^^^^^^^^^^^^^^^^^^^^^^^^^^^^^^^^^^^^^^^^^^^^^^^^^^^^^
  File "/Users/mehriddinmengturayev/Downloads/shopbot/.venv/lib/python3.13/site-packages/aiogram/dispatcher/router.py", line 146, in propagate_event
    return await observer.wrap_outer_middleware(_wrapped, event=event, data=kwargs)
           ^^^^^^^^^^^^^^^^^^^^^^^^^^^^^^^^^^^^^^^^^^^^^^^^^^^^^^^^^^^^^^^^^^^^^^^^
  File "/Users/mehriddinmengturayev/Downloads/shopbot/.venv/lib/python3.13/site-packages/aiogram/dispatcher/router.py", line 141, in _wrapped
    return await self._propagate_event(
           ^^^^^^^^^^^^^^^^^^^^^^^^^^^^
        observer=observer, update_type=update_type, event=telegram_event, **data
        ^^^^^^^^^^^^^^^^^^^^^^^^^^^^^^^^^^^^^^^^^^^^^^^^^^^^^^^^^^^^^^^^^^^^^^^^
    )
    ^
  File "/Users/mehriddinmengturayev/Downloads/shopbot/.venv/lib/python3.13/site-packages/aiogram/dispatcher/router.py", line 166, in _propagate_event
    response = await observer.trigger(event, **kwargs)
               ^^^^^^^^^^^^^^^^^^^^^^^^^^^^^^^^^^^^^^^
  File "/Users/mehriddinmengturayev/Downloads/shopbot/.venv/lib/python3.13/site-packages/aiogram/dispatcher/event/telegram.py", line 121, in trigger
    return await wrapped_inner(event, kwargs)
           ^^^^^^^^^^^^^^^^^^^^^^^^^^^^^^^^^^
  File "/Users/mehriddinmengturayev/Downloads/shopbot/.venv/lib/python3.13/site-packages/aiogram/dispatcher/event/handler.py", line 43, in call
    return await wrapped()
           ^^^^^^^^^^^^^^^
  File "/Users/mehriddinmengturayev/Downloads/shopbot/app/handlers/user/orders.py", line 17, in my_orders
    orders = await OrderRepository(session).list_by_user(user.id)
             ^^^^^^^^^^^^^^^^^^^^^^^^^^^^^^^^^^^^^^^^^^^^^^^^^^^^
  File "/Users/mehriddinmengturayev/Downloads/shopbot/app/repositories/order_repo.py", line 74, in list_by_user
    result = await self.session.execute(
             ^^^^^^^^^^^^^^^^^^^^^^^^^^^
    ...<5 lines>...
    )
    ^
  File "/Users/mehriddinmengturayev/Downloads/shopbot/.venv/lib/python3.13/site-packages/sqlalchemy/ext/asyncio/session.py", line 461, in execute
    result = await greenlet_spawn(
             ^^^^^^^^^^^^^^^^^^^^^
    ...<6 lines>...
    )
    ^
  File "/Users/mehriddinmengturayev/Downloads/shopbot/.venv/lib/python3.13/site-packages/sqlalchemy/util/_concurrency_py3k.py", line 201, in greenlet_spawn
    result = context.throw(*sys.exc_info())
  File "/Users/mehriddinmengturayev/Downloads/shopbot/.venv/lib/python3.13/site-packages/sqlalchemy/orm/session.py", line 2362, in execute
    return self._execute_internal(
           ~~~~~~~~~~~~~~~~~~~~~~^
        statement,
        ^^^^^^^^^^
    ...<4 lines>...
        _add_event=_add_event,
        ^^^^^^^^^^^^^^^^^^^^^^
    )
    ^
  File "/Users/mehriddinmengturayev/Downloads/shopbot/.venv/lib/python3.13/site-packages/sqlalchemy/orm/session.py", line 2247, in _execute_internal
    result: Result[Any] = compile_state_cls.orm_execute_statement(
                          ~~~~~~~~~~~~~~~~~~~~~~~~~~~~~~~~~~~~~~~^
        self,
        ^^^^^
    ...<4 lines>...
        conn,
        ^^^^^
    )
    ^
  File "/Users/mehriddinmengturayev/Downloads/shopbot/.venv/lib/python3.13/site-packages/sqlalchemy/orm/context.py", line 305, in orm_execute_statement
    result = conn.execute(
        statement, params or {}, execution_options=execution_options
    )
  File "/Users/mehriddinmengturayev/Downloads/shopbot/.venv/lib/python3.13/site-packages/sqlalchemy/engine/base.py", line 1418, in execute
    return meth(
        self,
        distilled_parameters,
        execution_options or NO_OPTIONS,
    )
  File "/Users/mehriddinmengturayev/Downloads/shopbot/.venv/lib/python3.13/site-packages/sqlalchemy/sql/elements.py", line 515, in _execute_on_connection
    return connection._execute_clauseelement(
           ~~~~~~~~~~~~~~~~~~~~~~~~~~~~~~~~~^
        self, distilled_params, execution_options
        ^^^^^^^^^^^^^^^^^^^^^^^^^^^^^^^^^^^^^^^^^
    )
    ^
  File "/Users/mehriddinmengturayev/Downloads/shopbot/.venv/lib/python3.13/site-packages/sqlalchemy/engine/base.py", line 1640, in _execute_clauseelement
    ret = self._execute_context(
        dialect,
    ...<8 lines>...
        cache_hit=cache_hit,
    )
  File "/Users/mehriddinmengturayev/Downloads/shopbot/.venv/lib/python3.13/site-packages/sqlalchemy/engine/base.py", line 1846, in _execute_context
    return self._exec_single_context(
           ~~~~~~~~~~~~~~~~~~~~~~~~~^
        dialect, context, statement, parameters
        ^^^^^^^^^^^^^^^^^^^^^^^^^^^^^^^^^^^^^^^
    )
    ^
  File "/Users/mehriddinmengturayev/Downloads/shopbot/.venv/lib/python3.13/site-packages/sqlalchemy/engine/base.py", line 1986, in _exec_single_context
    self._handle_dbapi_exception(
    ~~~~~~~~~~~~~~~~~~~~~~~~~~~~^
        e, str_statement, effective_parameters, cursor, context
        ^^^^^^^^^^^^^^^^^^^^^^^^^^^^^^^^^^^^^^^^^^^^^^^^^^^^^^^
    )
    ^
  File "/Users/mehriddinmengturayev/Downloads/shopbot/.venv/lib/python3.13/site-packages/sqlalchemy/engine/base.py", line 2355, in _handle_dbapi_exception
    raise sqlalchemy_exception.with_traceback(exc_info[2]) from e
  File "/Users/mehriddinmengturayev/Downloads/shopbot/.venv/lib/python3.13/site-packages/sqlalchemy/engine/base.py", line 1967, in _exec_single_context
    self.dialect.do_execute(
    ~~~~~~~~~~~~~~~~~~~~~~~^
        cursor, str_statement, effective_parameters, context
        ^^^^^^^^^^^^^^^^^^^^^^^^^^^^^^^^^^^^^^^^^^^^^^^^^^^^
    )
    ^
  File "/Users/mehriddinmengturayev/Downloads/shopbot/.venv/lib/python3.13/site-packages/sqlalchemy/engine/default.py", line 941, in do_execute
    cursor.execute(statement, parameters)
    ~~~~~~~~~~~~~~^^^^^^^^^^^^^^^^^^^^^^^
  File "/Users/mehriddinmengturayev/Downloads/shopbot/.venv/lib/python3.13/site-packages/sqlalchemy/dialects/sqlite/aiosqlite.py", line 147, in execute
    self._adapt_connection._handle_exception(error)
    ~~~~~~~~~~~~~~~~~~~~~~~~~~~~~~~~~~~~~~~~^^^^^^^
  File "/Users/mehriddinmengturayev/Downloads/shopbot/.venv/lib/python3.13/site-packages/sqlalchemy/dialects/sqlite/aiosqlite.py", line 298, in _handle_exception
    raise error
  File "/Users/mehriddinmengturayev/Downloads/shopbot/.venv/lib/python3.13/site-packages/sqlalchemy/dialects/sqlite/aiosqlite.py", line 129, in execute
    self.await_(_cursor.execute(operation, parameters))
    ~~~~~~~~~~~^^^^^^^^^^^^^^^^^^^^^^^^^^^^^^^^^^^^^^^^
  File "/Users/mehriddinmengturayev/Downloads/shopbot/.venv/lib/python3.13/site-packages/sqlalchemy/util/_concurrency_py3k.py", line 132, in await_only
    return current.parent.switch(awaitable)  # type: ignore[no-any-return,attr-defined] # noqa: E501
           ~~~~~~~~~~~~~~~~~~~~~^^^^^^^^^^^
  File "/Users/mehriddinmengturayev/Downloads/shopbot/.venv/lib/python3.13/site-packages/sqlalchemy/util/_concurrency_py3k.py", line 196, in greenlet_spawn
    value = await result
            ^^^^^^^^^^^^
  File "/Users/mehriddinmengturayev/Downloads/shopbot/.venv/lib/python3.13/site-packages/aiosqlite/cursor.py", line 48, in execute
    await self._execute(self._cursor.execute, sql, parameters)
  File "/Users/mehriddinmengturayev/Downloads/shopbot/.venv/lib/python3.13/site-packages/aiosqlite/cursor.py", line 40, in _execute
    return await self._conn._execute(fn, *args, **kwargs)
           ^^^^^^^^^^^^^^^^^^^^^^^^^^^^^^^^^^^^^^^^^^^^^^
  File "/Users/mehriddinmengturayev/Downloads/shopbot/.venv/lib/python3.13/site-packages/aiosqlite/core.py", line 132, in _execute
    return await future
           ^^^^^^^^^^^^
  File "/Users/mehriddinmengturayev/Downloads/shopbot/.venv/lib/python3.13/site-packages/aiosqlite/core.py", line 115, in run
    result = function()
sqlalchemy.exc.OperationalError: (sqlite3.OperationalError) no such column: orders.payment_method
[SQL: SELECT orders.id, orders.order_uuid, orders.user_id, orders.product_id, orders.price_at_purchase, orders.currency, orders.status, orders.payment_method, orders.crypto_provider, orders.crypto_invoice_id, orders.crypto_pay_url, orders.decided_by_admin_id, orders.decided_at, orders.rejection_reason, orders.delivered_payload, orders.delivered_at, orders.created_at, orders.updated_at 
FROM orders 
WHERE orders.user_id = ? ORDER BY orders.id DESC
 LIMIT ? OFFSET ?]
[parameters: (1, 20, 0)]
(Background on this error at: https://sqlalche.me/e/20/e3q8)
2026-07-30 20:39:22,058 | ERROR    | app.middlewares.error_handling | Unhandled exception while processing update
Traceback (most recent call last):
  File "/Users/mehriddinmengturayev/Downloads/shopbot/.venv/lib/python3.13/site-packages/sqlalchemy/engine/base.py", line 1967, in _exec_single_context
    self.dialect.do_execute(
    ~~~~~~~~~~~~~~~~~~~~~~~^
        cursor, str_statement, effective_parameters, context
        ^^^^^^^^^^^^^^^^^^^^^^^^^^^^^^^^^^^^^^^^^^^^^^^^^^^^
    )
    ^
  File "/Users/mehriddinmengturayev/Downloads/shopbot/.venv/lib/python3.13/site-packages/sqlalchemy/engine/default.py", line 941, in do_execute
    cursor.execute(statement, parameters)
    ~~~~~~~~~~~~~~^^^^^^^^^^^^^^^^^^^^^^^
  File "/Users/mehriddinmengturayev/Downloads/shopbot/.venv/lib/python3.13/site-packages/sqlalchemy/dialects/sqlite/aiosqlite.py", line 147, in execute
    self._adapt_connection._handle_exception(error)
    ~~~~~~~~~~~~~~~~~~~~~~~~~~~~~~~~~~~~~~~~^^^^^^^
  File "/Users/mehriddinmengturayev/Downloads/shopbot/.venv/lib/python3.13/site-packages/sqlalchemy/dialects/sqlite/aiosqlite.py", line 298, in _handle_exception
    raise error
  File "/Users/mehriddinmengturayev/Downloads/shopbot/.venv/lib/python3.13/site-packages/sqlalchemy/dialects/sqlite/aiosqlite.py", line 129, in execute
    self.await_(_cursor.execute(operation, parameters))
    ~~~~~~~~~~~^^^^^^^^^^^^^^^^^^^^^^^^^^^^^^^^^^^^^^^^
  File "/Users/mehriddinmengturayev/Downloads/shopbot/.venv/lib/python3.13/site-packages/sqlalchemy/util/_concurrency_py3k.py", line 132, in await_only
    return current.parent.switch(awaitable)  # type: ignore[no-any-return,attr-defined] # noqa: E501
           ~~~~~~~~~~~~~~~~~~~~~^^^^^^^^^^^
  File "/Users/mehriddinmengturayev/Downloads/shopbot/.venv/lib/python3.13/site-packages/sqlalchemy/util/_concurrency_py3k.py", line 196, in greenlet_spawn
    value = await result
            ^^^^^^^^^^^^
  File "/Users/mehriddinmengturayev/Downloads/shopbot/.venv/lib/python3.13/site-packages/aiosqlite/cursor.py", line 48, in execute
    await self._execute(self._cursor.execute, sql, parameters)
  File "/Users/mehriddinmengturayev/Downloads/shopbot/.venv/lib/python3.13/site-packages/aiosqlite/cursor.py", line 40, in _execute
    return await self._conn._execute(fn, *args, **kwargs)
           ^^^^^^^^^^^^^^^^^^^^^^^^^^^^^^^^^^^^^^^^^^^^^^
  File "/Users/mehriddinmengturayev/Downloads/shopbot/.venv/lib/python3.13/site-packages/aiosqlite/core.py", line 132, in _execute
    return await future
           ^^^^^^^^^^^^
  File "/Users/mehriddinmengturayev/Downloads/shopbot/.venv/lib/python3.13/site-packages/aiosqlite/core.py", line 115, in run
    result = function()
sqlite3.OperationalError: no such column: products.price_usd

The above exception was the direct cause of the following exception:

Traceback (most recent call last):
  File "/Users/mehriddinmengturayev/Downloads/shopbot/app/middlewares/error_handling.py", line 33, in __call__
    return await handler(event, data)
           ^^^^^^^^^^^^^^^^^^^^^^^^^^
  File "/Users/mehriddinmengturayev/Downloads/shopbot/app/middlewares/throttling.py", line 40, in __call__
    return await handler(event, data)
           ^^^^^^^^^^^^^^^^^^^^^^^^^^
  File "/Users/mehriddinmengturayev/Downloads/shopbot/app/middlewares/db_session.py", line 27, in __call__
    return await handler(event, data)
           ^^^^^^^^^^^^^^^^^^^^^^^^^^
  File "/Users/mehriddinmengturayev/Downloads/shopbot/app/middlewares/user_context.py", line 41, in __call__
    return await handler(event, data)
           ^^^^^^^^^^^^^^^^^^^^^^^^^^
  File "/Users/mehriddinmengturayev/Downloads/shopbot/.venv/lib/python3.13/site-packages/aiogram/dispatcher/event/telegram.py", line 121, in trigger
    return await wrapped_inner(event, kwargs)
           ^^^^^^^^^^^^^^^^^^^^^^^^^^^^^^^^^^
  File "/Users/mehriddinmengturayev/Downloads/shopbot/.venv/lib/python3.13/site-packages/aiogram/dispatcher/event/handler.py", line 43, in call
    return await wrapped()
           ^^^^^^^^^^^^^^^
  File "/Users/mehriddinmengturayev/Downloads/shopbot/.venv/lib/python3.13/site-packages/aiogram/dispatcher/dispatcher.py", line 276, in _listen_update
    return await self.propagate_event(update_type=update_type, event=event, **kwargs)
           ^^^^^^^^^^^^^^^^^^^^^^^^^^^^^^^^^^^^^^^^^^^^^^^^^^^^^^^^^^^^^^^^^^^^^^^^^^
  File "/Users/mehriddinmengturayev/Downloads/shopbot/.venv/lib/python3.13/site-packages/aiogram/dispatcher/router.py", line 146, in propagate_event
    return await observer.wrap_outer_middleware(_wrapped, event=event, data=kwargs)
           ^^^^^^^^^^^^^^^^^^^^^^^^^^^^^^^^^^^^^^^^^^^^^^^^^^^^^^^^^^^^^^^^^^^^^^^^
  File "/Users/mehriddinmengturayev/Downloads/shopbot/.venv/lib/python3.13/site-packages/aiogram/dispatcher/router.py", line 141, in _wrapped
    return await self._propagate_event(
           ^^^^^^^^^^^^^^^^^^^^^^^^^^^^
        observer=observer, update_type=update_type, event=telegram_event, **data
        ^^^^^^^^^^^^^^^^^^^^^^^^^^^^^^^^^^^^^^^^^^^^^^^^^^^^^^^^^^^^^^^^^^^^^^^^
    )
    ^
  File "/Users/mehriddinmengturayev/Downloads/shopbot/.venv/lib/python3.13/site-packages/aiogram/dispatcher/router.py", line 174, in _propagate_event
    response = await router.propagate_event(update_type=update_type, event=event, **kwargs)
               ^^^^^^^^^^^^^^^^^^^^^^^^^^^^^^^^^^^^^^^^^^^^^^^^^^^^^^^^^^^^^^^^^^^^^^^^^^^^
  File "/Users/mehriddinmengturayev/Downloads/shopbot/.venv/lib/python3.13/site-packages/aiogram/dispatcher/router.py", line 146, in propagate_event
    return await observer.wrap_outer_middleware(_wrapped, event=event, data=kwargs)
           ^^^^^^^^^^^^^^^^^^^^^^^^^^^^^^^^^^^^^^^^^^^^^^^^^^^^^^^^^^^^^^^^^^^^^^^^
  File "/Users/mehriddinmengturayev/Downloads/shopbot/.venv/lib/python3.13/site-packages/aiogram/dispatcher/router.py", line 141, in _wrapped
    return await self._propagate_event(
           ^^^^^^^^^^^^^^^^^^^^^^^^^^^^
        observer=observer, update_type=update_type, event=telegram_event, **data
        ^^^^^^^^^^^^^^^^^^^^^^^^^^^^^^^^^^^^^^^^^^^^^^^^^^^^^^^^^^^^^^^^^^^^^^^^
    )
    ^
  File "/Users/mehriddinmengturayev/Downloads/shopbot/.venv/lib/python3.13/site-packages/aiogram/dispatcher/router.py", line 174, in _propagate_event
    response = await router.propagate_event(update_type=update_type, event=event, **kwargs)
               ^^^^^^^^^^^^^^^^^^^^^^^^^^^^^^^^^^^^^^^^^^^^^^^^^^^^^^^^^^^^^^^^^^^^^^^^^^^^
  File "/Users/mehriddinmengturayev/Downloads/shopbot/.venv/lib/python3.13/site-packages/aiogram/dispatcher/router.py", line 146, in propagate_event
    return await observer.wrap_outer_middleware(_wrapped, event=event, data=kwargs)
           ^^^^^^^^^^^^^^^^^^^^^^^^^^^^^^^^^^^^^^^^^^^^^^^^^^^^^^^^^^^^^^^^^^^^^^^^
  File "/Users/mehriddinmengturayev/Downloads/shopbot/.venv/lib/python3.13/site-packages/aiogram/dispatcher/router.py", line 141, in _wrapped
    return await self._propagate_event(
           ^^^^^^^^^^^^^^^^^^^^^^^^^^^^
        observer=observer, update_type=update_type, event=telegram_event, **data
        ^^^^^^^^^^^^^^^^^^^^^^^^^^^^^^^^^^^^^^^^^^^^^^^^^^^^^^^^^^^^^^^^^^^^^^^^
    )
    ^
  File "/Users/mehriddinmengturayev/Downloads/shopbot/.venv/lib/python3.13/site-packages/aiogram/dispatcher/router.py", line 166, in _propagate_event
    response = await observer.trigger(event, **kwargs)
               ^^^^^^^^^^^^^^^^^^^^^^^^^^^^^^^^^^^^^^^
  File "/Users/mehriddinmengturayev/Downloads/shopbot/.venv/lib/python3.13/site-packages/aiogram/dispatcher/event/telegram.py", line 121, in trigger
    return await wrapped_inner(event, kwargs)
           ^^^^^^^^^^^^^^^^^^^^^^^^^^^^^^^^^^
  File "/Users/mehriddinmengturayev/Downloads/shopbot/.venv/lib/python3.13/site-packages/aiogram/dispatcher/event/handler.py", line 43, in call
    return await wrapped()
           ^^^^^^^^^^^^^^^
  File "/Users/mehriddinmengturayev/Downloads/shopbot/app/handlers/user/shop.py", line 60, in open_shop
    views = await service.list_shop()
            ^^^^^^^^^^^^^^^^^^^^^^^^^
  File "/Users/mehriddinmengturayev/Downloads/shopbot/app/services/product_service.py", line 28, in list_shop
    items = await self.products.list_visible()
            ^^^^^^^^^^^^^^^^^^^^^^^^^^^^^^^^^^
  File "/Users/mehriddinmengturayev/Downloads/shopbot/app/repositories/product_repo.py", line 16, in list_visible
    result = await self.session.execute(
             ^^^^^^^^^^^^^^^^^^^^^^^^^^^
    ...<3 lines>...
    )
    ^
  File "/Users/mehriddinmengturayev/Downloads/shopbot/.venv/lib/python3.13/site-packages/sqlalchemy/ext/asyncio/session.py", line 461, in execute
    result = await greenlet_spawn(
             ^^^^^^^^^^^^^^^^^^^^^
    ...<6 lines>...
    )
    ^
  File "/Users/mehriddinmengturayev/Downloads/shopbot/.venv/lib/python3.13/site-packages/sqlalchemy/util/_concurrency_py3k.py", line 201, in greenlet_spawn
    result = context.throw(*sys.exc_info())
  File "/Users/mehriddinmengturayev/Downloads/shopbot/.venv/lib/python3.13/site-packages/sqlalchemy/orm/session.py", line 2362, in execute
    return self._execute_internal(
           ~~~~~~~~~~~~~~~~~~~~~~^
        statement,
        ^^^^^^^^^^
    ...<4 lines>...
        _add_event=_add_event,
        ^^^^^^^^^^^^^^^^^^^^^^
    )
    ^
  File "/Users/mehriddinmengturayev/Downloads/shopbot/.venv/lib/python3.13/site-packages/sqlalchemy/orm/session.py", line 2247, in _execute_internal
    result: Result[Any] = compile_state_cls.orm_execute_statement(
                          ~~~~~~~~~~~~~~~~~~~~~~~~~~~~~~~~~~~~~~~^
        self,
        ^^^^^
    ...<4 lines>...
        conn,
        ^^^^^
    )
    ^
  File "/Users/mehriddinmengturayev/Downloads/shopbot/.venv/lib/python3.13/site-packages/sqlalchemy/orm/context.py", line 305, in orm_execute_statement
    result = conn.execute(
        statement, params or {}, execution_options=execution_options
    )
  File "/Users/mehriddinmengturayev/Downloads/shopbot/.venv/lib/python3.13/site-packages/sqlalchemy/engine/base.py", line 1418, in execute
    return meth(
        self,
        distilled_parameters,
        execution_options or NO_OPTIONS,
    )
  File "/Users/mehriddinmengturayev/Downloads/shopbot/.venv/lib/python3.13/site-packages/sqlalchemy/sql/elements.py", line 515, in _execute_on_connection
    return connection._execute_clauseelement(
           ~~~~~~~~~~~~~~~~~~~~~~~~~~~~~~~~~^
        self, distilled_params, execution_options
        ^^^^^^^^^^^^^^^^^^^^^^^^^^^^^^^^^^^^^^^^^
    )
    ^
  File "/Users/mehriddinmengturayev/Downloads/shopbot/.venv/lib/python3.13/site-packages/sqlalchemy/engine/base.py", line 1640, in _execute_clauseelement
    ret = self._execute_context(
        dialect,
    ...<8 lines>...
        cache_hit=cache_hit,
    )
  File "/Users/mehriddinmengturayev/Downloads/shopbot/.venv/lib/python3.13/site-packages/sqlalchemy/engine/base.py", line 1846, in _execute_context
    return self._exec_single_context(
           ~~~~~~~~~~~~~~~~~~~~~~~~~^
        dialect, context, statement, parameters
        ^^^^^^^^^^^^^^^^^^^^^^^^^^^^^^^^^^^^^^^
    )
    ^
  File "/Users/mehriddinmengturayev/Downloads/shopbot/.venv/lib/python3.13/site-packages/sqlalchemy/engine/base.py", line 1986, in _exec_single_context
    self._handle_dbapi_exception(
    ~~~~~~~~~~~~~~~~~~~~~~~~~~~~^
        e, str_statement, effective_parameters, cursor, context
        ^^^^^^^^^^^^^^^^^^^^^^^^^^^^^^^^^^^^^^^^^^^^^^^^^^^^^^^
    )
    ^
  File "/Users/mehriddinmengturayev/Downloads/shopbot/.venv/lib/python3.13/site-packages/sqlalchemy/engine/base.py", line 2355, in _handle_dbapi_exception
    raise sqlalchemy_exception.with_traceback(exc_info[2]) from e
  File "/Users/mehriddinmengturayev/Downloads/shopbot/.venv/lib/python3.13/site-packages/sqlalchemy/engine/base.py", line 1967, in _exec_single_context
    self.dialect.do_execute(
    ~~~~~~~~~~~~~~~~~~~~~~~^
        cursor, str_statement, effective_parameters, context
        ^^^^^^^^^^^^^^^^^^^^^^^^^^^^^^^^^^^^^^^^^^^^^^^^^^^^
    )
    ^
  File "/Users/mehriddinmengturayev/Downloads/shopbot/.venv/lib/python3.13/site-packages/sqlalchemy/engine/default.py", line 941, in do_execute
    cursor.execute(statement, parameters)
    ~~~~~~~~~~~~~~^^^^^^^^^^^^^^^^^^^^^^^
  File "/Users/mehriddinmengturayev/Downloads/shopbot/.venv/lib/python3.13/site-packages/sqlalchemy/dialects/sqlite/aiosqlite.py", line 147, in execute
    self._adapt_connection._handle_exception(error)
    ~~~~~~~~~~~~~~~~~~~~~~~~~~~~~~~~~~~~~~~~^^^^^^^
  File "/Users/mehriddinmengturayev/Downloads/shopbot/.venv/lib/python3.13/site-packages/sqlalchemy/dialects/sqlite/aiosqlite.py", line 298, in _handle_exception
    raise error
  File "/Users/mehriddinmengturayev/Downloads/shopbot/.venv/lib/python3.13/site-packages/sqlalchemy/dialects/sqlite/aiosqlite.py", line 129, in execute
    self.await_(_cursor.execute(operation, parameters))
    ~~~~~~~~~~~^^^^^^^^^^^^^^^^^^^^^^^^^^^^^^^^^^^^^^^^
  File "/Users/mehriddinmengturayev/Downloads/shopbot/.venv/lib/python3.13/site-packages/sqlalchemy/util/_concurrency_py3k.py", line 132, in await_only
    return current.parent.switch(awaitable)  # type: ignore[no-any-return,attr-defined] # noqa: E501
           ~~~~~~~~~~~~~~~~~~~~~^^^^^^^^^^^
  File "/Users/mehriddinmengturayev/Downloads/shopbot/.venv/lib/python3.13/site-packages/sqlalchemy/util/_concurrency_py3k.py", line 196, in greenlet_spawn
    value = await result
            ^^^^^^^^^^^^
  File "/Users/mehriddinmengturayev/Downloads/shopbot/.venv/lib/python3.13/site-packages/aiosqlite/cursor.py", line 48, in execute
    await self._execute(self._cursor.execute, sql, parameters)
  File "/Users/mehriddinmengturayev/Downloads/shopbot/.venv/lib/python3.13/site-packages/aiosqlite/cursor.py", line 40, in _execute
    return await self._conn._execute(fn, *args, **kwargs)
           ^^^^^^^^^^^^^^^^^^^^^^^^^^^^^^^^^^^^^^^^^^^^^^
  File "/Users/mehriddinmengturayev/Downloads/shopbot/.venv/lib/python3.13/site-packages/aiosqlite/core.py", line 132, in _execute
    return await future
           ^^^^^^^^^^^^
  File "/Users/mehriddinmengturayev/Downloads/shopbot/.venv/lib/python3.13/site-packages/aiosqlite/core.py", line 115, in run
    result = function()
sqlalchemy.exc.OperationalError: (sqlite3.OperationalError) no such column: products.price_usd
[SQL: SELECT products.id, products.name, products.emoji, products.description, products.price, products.currency, products.price_usd, products.image_file_id, products.delivery_mode, products.provider_key, products.manual_delivery_hint, products.payment_instructions, products.is_visible, products.sort_order, products.created_at, products.updated_at 
FROM products 
WHERE products.is_visible IS 1 ORDER BY products.sort_order, products.id]
(Background on this error at: https://sqlalche.me/e/20/e3q8)
2026-07-30 20:39:29,259 | ERROR    | app.middlewares.error_handling | Unhandled exception while processing update
Traceback (most recent call last):
  File "/Users/mehriddinmengturayev/Downloads/shopbot/.venv/lib/python3.13/site-packages/sqlalchemy/engine/base.py", line 1967, in _exec_single_context
    self.dialect.do_execute(
    ~~~~~~~~~~~~~~~~~~~~~~~^
        cursor, str_statement, effective_parameters, context
        ^^^^^^^^^^^^^^^^^^^^^^^^^^^^^^^^^^^^^^^^^^^^^^^^^^^^
    )
    ^
  File "/Users/mehriddinmengturayev/Downloads/shopbot/.venv/lib/python3.13/site-packages/sqlalchemy/engine/default.py", line 941, in do_execute
    cursor.execute(statement, parameters)
    ~~~~~~~~~~~~~~^^^^^^^^^^^^^^^^^^^^^^^
  File "/Users/mehriddinmengturayev/Downloads/shopbot/.venv/lib/python3.13/site-packages/sqlalchemy/dialects/sqlite/aiosqlite.py", line 147, in execute
    self._adapt_connection._handle_exception(error)
    ~~~~~~~~~~~~~~~~~~~~~~~~~~~~~~~~~~~~~~~~^^^^^^^
  File "/Users/mehriddinmengturayev/Downloads/shopbot/.venv/lib/python3.13/site-packages/sqlalchemy/dialects/sqlite/aiosqlite.py", line 298, in _handle_exception
    raise error
  File "/Users/mehriddinmengturayev/Downloads/shopbot/.venv/lib/python3.13/site-packages/sqlalchemy/dialects/sqlite/aiosqlite.py", line 129, in execute
    self.await_(_cursor.execute(operation, parameters))
    ~~~~~~~~~~~^^^^^^^^^^^^^^^^^^^^^^^^^^^^^^^^^^^^^^^^
  File "/Users/mehriddinmengturayev/Downloads/shopbot/.venv/lib/python3.13/site-packages/sqlalchemy/util/_concurrency_py3k.py", line 132, in await_only
    return current.parent.switch(awaitable)  # type: ignore[no-any-return,attr-defined] # noqa: E501
           ~~~~~~~~~~~~~~~~~~~~~^^^^^^^^^^^
  File "/Users/mehriddinmengturayev/Downloads/shopbot/.venv/lib/python3.13/site-packages/sqlalchemy/util/_concurrency_py3k.py", line 196, in greenlet_spawn
    value = await result
            ^^^^^^^^^^^^
  File "/Users/mehriddinmengturayev/Downloads/shopbot/.venv/lib/python3.13/site-packages/aiosqlite/cursor.py", line 48, in execute
    await self._execute(self._cursor.execute, sql, parameters)
  File "/Users/mehriddinmengturayev/Downloads/shopbot/.venv/lib/python3.13/site-packages/aiosqlite/cursor.py", line 40, in _execute
    return await self._conn._execute(fn, *args, **kwargs)
           ^^^^^^^^^^^^^^^^^^^^^^^^^^^^^^^^^^^^^^^^^^^^^^
  File "/Users/mehriddinmengturayev/Downloads/shopbot/.venv/lib/python3.13/site-packages/aiosqlite/core.py", line 132, in _execute
    return await future
           ^^^^^^^^^^^^
  File "/Users/mehriddinmengturayev/Downloads/shopbot/.venv/lib/python3.13/site-packages/aiosqlite/core.py", line 115, in run
    result = function()
sqlite3.OperationalError: no such column: products.price_usd

The above exception was the direct cause of the following exception:

Traceback (most recent call last):
  File "/Users/mehriddinmengturayev/Downloads/shopbot/app/middlewares/error_handling.py", line 33, in __call__
    return await handler(event, data)
           ^^^^^^^^^^^^^^^^^^^^^^^^^^
  File "/Users/mehriddinmengturayev/Downloads/shopbot/app/middlewares/throttling.py", line 40, in __call__
    return await handler(event, data)
           ^^^^^^^^^^^^^^^^^^^^^^^^^^
  File "/Users/mehriddinmengturayev/Downloads/shopbot/app/middlewares/db_session.py", line 27, in __call__
    return await handler(event, data)
           ^^^^^^^^^^^^^^^^^^^^^^^^^^
  File "/Users/mehriddinmengturayev/Downloads/shopbot/app/middlewares/user_context.py", line 41, in __call__
    return await handler(event, data)
           ^^^^^^^^^^^^^^^^^^^^^^^^^^
  File "/Users/mehriddinmengturayev/Downloads/shopbot/.venv/lib/python3.13/site-packages/aiogram/dispatcher/event/telegram.py", line 121, in trigger
    return await wrapped_inner(event, kwargs)
           ^^^^^^^^^^^^^^^^^^^^^^^^^^^^^^^^^^
  File "/Users/mehriddinmengturayev/Downloads/shopbot/.venv/lib/python3.13/site-packages/aiogram/dispatcher/event/handler.py", line 43, in call
    return await wrapped()
           ^^^^^^^^^^^^^^^
  File "/Users/mehriddinmengturayev/Downloads/shopbot/.venv/lib/python3.13/site-packages/aiogram/dispatcher/dispatcher.py", line 276, in _listen_update
    return await self.propagate_event(update_type=update_type, event=event, **kwargs)
           ^^^^^^^^^^^^^^^^^^^^^^^^^^^^^^^^^^^^^^^^^^^^^^^^^^^^^^^^^^^^^^^^^^^^^^^^^^
  File "/Users/mehriddinmengturayev/Downloads/shopbot/.venv/lib/python3.13/site-packages/aiogram/dispatcher/router.py", line 146, in propagate_event
    return await observer.wrap_outer_middleware(_wrapped, event=event, data=kwargs)
           ^^^^^^^^^^^^^^^^^^^^^^^^^^^^^^^^^^^^^^^^^^^^^^^^^^^^^^^^^^^^^^^^^^^^^^^^
  File "/Users/mehriddinmengturayev/Downloads/shopbot/.venv/lib/python3.13/site-packages/aiogram/dispatcher/router.py", line 141, in _wrapped
    return await self._propagate_event(
           ^^^^^^^^^^^^^^^^^^^^^^^^^^^^
        observer=observer, update_type=update_type, event=telegram_event, **data
        ^^^^^^^^^^^^^^^^^^^^^^^^^^^^^^^^^^^^^^^^^^^^^^^^^^^^^^^^^^^^^^^^^^^^^^^^
    )
    ^
  File "/Users/mehriddinmengturayev/Downloads/shopbot/.venv/lib/python3.13/site-packages/aiogram/dispatcher/router.py", line 174, in _propagate_event
    response = await router.propagate_event(update_type=update_type, event=event, **kwargs)
               ^^^^^^^^^^^^^^^^^^^^^^^^^^^^^^^^^^^^^^^^^^^^^^^^^^^^^^^^^^^^^^^^^^^^^^^^^^^^
  File "/Users/mehriddinmengturayev/Downloads/shopbot/.venv/lib/python3.13/site-packages/aiogram/dispatcher/router.py", line 146, in propagate_event
    return await observer.wrap_outer_middleware(_wrapped, event=event, data=kwargs)
           ^^^^^^^^^^^^^^^^^^^^^^^^^^^^^^^^^^^^^^^^^^^^^^^^^^^^^^^^^^^^^^^^^^^^^^^^
  File "/Users/mehriddinmengturayev/Downloads/shopbot/.venv/lib/python3.13/site-packages/aiogram/dispatcher/router.py", line 141, in _wrapped
    return await self._propagate_event(
           ^^^^^^^^^^^^^^^^^^^^^^^^^^^^
        observer=observer, update_type=update_type, event=telegram_event, **data
        ^^^^^^^^^^^^^^^^^^^^^^^^^^^^^^^^^^^^^^^^^^^^^^^^^^^^^^^^^^^^^^^^^^^^^^^^
    )
    ^
  File "/Users/mehriddinmengturayev/Downloads/shopbot/.venv/lib/python3.13/site-packages/aiogram/dispatcher/router.py", line 174, in _propagate_event
    response = await router.propagate_event(update_type=update_type, event=event, **kwargs)
               ^^^^^^^^^^^^^^^^^^^^^^^^^^^^^^^^^^^^^^^^^^^^^^^^^^^^^^^^^^^^^^^^^^^^^^^^^^^^
  File "/Users/mehriddinmengturayev/Downloads/shopbot/.venv/lib/python3.13/site-packages/aiogram/dispatcher/router.py", line 146, in propagate_event
    return await observer.wrap_outer_middleware(_wrapped, event=event, data=kwargs)
           ^^^^^^^^^^^^^^^^^^^^^^^^^^^^^^^^^^^^^^^^^^^^^^^^^^^^^^^^^^^^^^^^^^^^^^^^
  File "/Users/mehriddinmengturayev/Downloads/shopbot/.venv/lib/python3.13/site-packages/aiogram/dispatcher/router.py", line 141, in _wrapped
    return await self._propagate_event(
           ^^^^^^^^^^^^^^^^^^^^^^^^^^^^
        observer=observer, update_type=update_type, event=telegram_event, **data
        ^^^^^^^^^^^^^^^^^^^^^^^^^^^^^^^^^^^^^^^^^^^^^^^^^^^^^^^^^^^^^^^^^^^^^^^^
    )
    ^
  File "/Users/mehriddinmengturayev/Downloads/shopbot/.venv/lib/python3.13/site-packages/aiogram/dispatcher/router.py", line 166, in _propagate_event
    response = await observer.trigger(event, **kwargs)
               ^^^^^^^^^^^^^^^^^^^^^^^^^^^^^^^^^^^^^^^
  File "/Users/mehriddinmengturayev/Downloads/shopbot/.venv/lib/python3.13/site-packages/aiogram/dispatcher/event/telegram.py", line 121, in trigger
    return await wrapped_inner(event, kwargs)
           ^^^^^^^^^^^^^^^^^^^^^^^^^^^^^^^^^^
  File "/Users/mehriddinmengturayev/Downloads/shopbot/.venv/lib/python3.13/site-packages/aiogram/dispatcher/event/handler.py", line 43, in call
    return await wrapped()
           ^^^^^^^^^^^^^^^
  File "/Users/mehriddinmengturayev/Downloads/shopbot/app/handlers/user/shop.py", line 60, in open_shop
    views = await service.list_shop()
            ^^^^^^^^^^^^^^^^^^^^^^^^^
  File "/Users/mehriddinmengturayev/Downloads/shopbot/app/services/product_service.py", line 28, in list_shop
    items = await self.products.list_visible()
            ^^^^^^^^^^^^^^^^^^^^^^^^^^^^^^^^^^
  File "/Users/mehriddinmengturayev/Downloads/shopbot/app/repositories/product_repo.py", line 16, in list_visible
    result = await self.session.execute(
             ^^^^^^^^^^^^^^^^^^^^^^^^^^^
    ...<3 lines>...
    )
    ^
  File "/Users/mehriddinmengturayev/Downloads/shopbot/.venv/lib/python3.13/site-packages/sqlalchemy/ext/asyncio/session.py", line 461, in execute
    result = await greenlet_spawn(
             ^^^^^^^^^^^^^^^^^^^^^
    ...<6 lines>...
    )
    ^
  File "/Users/mehriddinmengturayev/Downloads/shopbot/.venv/lib/python3.13/site-packages/sqlalchemy/util/_concurrency_py3k.py", line 201, in greenlet_spawn
    result = context.throw(*sys.exc_info())
  File "/Users/mehriddinmengturayev/Downloads/shopbot/.venv/lib/python3.13/site-packages/sqlalchemy/orm/session.py", line 2362, in execute
    return self._execute_internal(
           ~~~~~~~~~~~~~~~~~~~~~~^
        statement,
        ^^^^^^^^^^
    ...<4 lines>...
        _add_event=_add_event,
        ^^^^^^^^^^^^^^^^^^^^^^
    )
    ^
  File "/Users/mehriddinmengturayev/Downloads/shopbot/.venv/lib/python3.13/site-packages/sqlalchemy/orm/session.py", line 2247, in _execute_internal
    result: Result[Any] = compile_state_cls.orm_execute_statement(
                          ~~~~~~~~~~~~~~~~~~~~~~~~~~~~~~~~~~~~~~~^
        self,
        ^^^^^
    ...<4 lines>...
        conn,
        ^^^^^
    )
    ^
  File "/Users/mehriddinmengturayev/Downloads/shopbot/.venv/lib/python3.13/site-packages/sqlalchemy/orm/context.py", line 305, in orm_execute_statement
    result = conn.execute(
        statement, params or {}, execution_options=execution_options
    )
  File "/Users/mehriddinmengturayev/Downloads/shopbot/.venv/lib/python3.13/site-packages/sqlalchemy/engine/base.py", line 1418, in execute
    return meth(
        self,
        distilled_parameters,
        execution_options or NO_OPTIONS,
    )
  File "/Users/mehriddinmengturayev/Downloads/shopbot/.venv/lib/python3.13/site-packages/sqlalchemy/sql/elements.py", line 515, in _execute_on_connection
    return connection._execute_clauseelement(
           ~~~~~~~~~~~~~~~~~~~~~~~~~~~~~~~~~^
        self, distilled_params, execution_options
        ^^^^^^^^^^^^^^^^^^^^^^^^^^^^^^^^^^^^^^^^^
    )
    ^
  File "/Users/mehriddinmengturayev/Downloads/shopbot/.venv/lib/python3.13/site-packages/sqlalchemy/engine/base.py", line 1640, in _execute_clauseelement
    ret = self._execute_context(
        dialect,
    ...<8 lines>...
        cache_hit=cache_hit,
    )
  File "/Users/mehriddinmengturayev/Downloads/shopbot/.venv/lib/python3.13/site-packages/sqlalchemy/engine/base.py", line 1846, in _execute_context
    return self._exec_single_context(
           ~~~~~~~~~~~~~~~~~~~~~~~~~^
        dialect, context, statement, parameters
        ^^^^^^^^^^^^^^^^^^^^^^^^^^^^^^^^^^^^^^^
    )
    ^
  File "/Users/mehriddinmengturayev/Downloads/shopbot/.venv/lib/python3.13/site-packages/sqlalchemy/engine/base.py", line 1986, in _exec_single_context
    self._handle_dbapi_exception(
    ~~~~~~~~~~~~~~~~~~~~~~~~~~~~^
        e, str_statement, effective_parameters, cursor, context
        ^^^^^^^^^^^^^^^^^^^^^^^^^^^^^^^^^^^^^^^^^^^^^^^^^^^^^^^
    )
    ^
  File "/Users/mehriddinmengturayev/Downloads/shopbot/.venv/lib/python3.13/site-packages/sqlalchemy/engine/base.py", line 2355, in _handle_dbapi_exception
    raise sqlalchemy_exception.with_traceback(exc_info[2]) from e
  File "/Users/mehriddinmengturayev/Downloads/shopbot/.venv/lib/python3.13/site-packages/sqlalchemy/engine/base.py", line 1967, in _exec_single_context
    self.dialect.do_execute(
    ~~~~~~~~~~~~~~~~~~~~~~~^
        cursor, str_statement, effective_parameters, context
        ^^^^^^^^^^^^^^^^^^^^^^^^^^^^^^^^^^^^^^^^^^^^^^^^^^^^
    )
    ^
  File "/Users/mehriddinmengturayev/Downloads/shopbot/.venv/lib/python3.13/site-packages/sqlalchemy/engine/default.py", line 941, in do_execute
    cursor.execute(statement, parameters)
    ~~~~~~~~~~~~~~^^^^^^^^^^^^^^^^^^^^^^^
  File "/Users/mehriddinmengturayev/Downloads/shopbot/.venv/lib/python3.13/site-packages/sqlalchemy/dialects/sqlite/aiosqlite.py", line 147, in execute
    self._adapt_connection._handle_exception(error)
    ~~~~~~~~~~~~~~~~~~~~~~~~~~~~~~~~~~~~~~~~^^^^^^^
  File "/Users/mehriddinmengturayev/Downloads/shopbot/.venv/lib/python3.13/site-packages/sqlalchemy/dialects/sqlite/aiosqlite.py", line 298, in _handle_exception
    raise error
  File "/Users/mehriddinmengturayev/Downloads/shopbot/.venv/lib/python3.13/site-packages/sqlalchemy/dialects/sqlite/aiosqlite.py", line 129, in execute
    self.await_(_cursor.execute(operation, parameters))
    ~~~~~~~~~~~^^^^^^^^^^^^^^^^^^^^^^^^^^^^^^^^^^^^^^^^
  File "/Users/mehriddinmengturayev/Downloads/shopbot/.venv/lib/python3.13/site-packages/sqlalchemy/util/_concurrency_py3k.py", line 132, in await_only
    return current.parent.switch(awaitable)  # type: ignore[no-any-return,attr-defined] # noqa: E501
           ~~~~~~~~~~~~~~~~~~~~~^^^^^^^^^^^
  File "/Users/mehriddinmengturayev/Downloads/shopbot/.venv/lib/python3.13/site-packages/sqlalchemy/util/_concurrency_py3k.py", line 196, in greenlet_spawn
    value = await result
            ^^^^^^^^^^^^
  File "/Users/mehriddinmengturayev/Downloads/shopbot/.venv/lib/python3.13/site-packages/aiosqlite/cursor.py", line 48, in execute
    await self._execute(self._cursor.execute, sql, parameters)
  File "/Users/mehriddinmengturayev/Downloads/shopbot/.venv/lib/python3.13/site-packages/aiosqlite/cursor.py", line 40, in _execute
    return await self._conn._execute(fn, *args, **kwargs)
           ^^^^^^^^^^^^^^^^^^^^^^^^^^^^^^^^^^^^^^^^^^^^^^
  File "/Users/mehriddinmengturayev/Downloads/shopbot/.venv/lib/python3.13/site-packages/aiosqlite/core.py", line 132, in _execute
    return await future
           ^^^^^^^^^^^^
  File "/Users/mehriddinmengturayev/Downloads/shopbot/.venv/lib/python3.13/site-packages/aiosqlite/core.py", line 115, in run
    result = function()
sqlalchemy.exc.OperationalError: (sqlite3.OperationalError) no such column: products.price_usd
[SQL: SELECT products.id, products.name, products.emoji, products.description, products.price, products.currency, products.price_usd, products.image_file_id, products.delivery_mode, products.provider_key, products.manual_delivery_hint, products.payment_instructions, products.is_visible, products.sort_order, products.created_at, products.updated_at 
FROM products 
WHERE products.is_visible IS 1 ORDER BY products.sort_order, products.id]
(Background on this error at: https://sqlalche.me/e/20/e3q8)
2026-07-30 20:39:32,656 | ERROR    | app.middlewares.error_handling | Unhandled exception while processing update
Traceback (most recent call last):
  File "/Users/mehriddinmengturayev/Downloads/shopbot/.venv/lib/python3.13/site-packages/sqlalchemy/engine/base.py", line 1967, in _exec_single_context
    self.dialect.do_execute(
    ~~~~~~~~~~~~~~~~~~~~~~~^
        cursor, str_statement, effective_parameters, context
        ^^^^^^^^^^^^^^^^^^^^^^^^^^^^^^^^^^^^^^^^^^^^^^^^^^^^
    )
    ^
  File "/Users/mehriddinmengturayev/Downloads/shopbot/.venv/lib/python3.13/site-packages/sqlalchemy/engine/default.py", line 941, in do_execute
    cursor.execute(statement, parameters)
    ~~~~~~~~~~~~~~^^^^^^^^^^^^^^^^^^^^^^^
  File "/Users/mehriddinmengturayev/Downloads/shopbot/.venv/lib/python3.13/site-packages/sqlalchemy/dialects/sqlite/aiosqlite.py", line 147, in execute
    self._adapt_connection._handle_exception(error)
    ~~~~~~~~~~~~~~~~~~~~~~~~~~~~~~~~~~~~~~~~^^^^^^^
  File "/Users/mehriddinmengturayev/Downloads/shopbot/.venv/lib/python3.13/site-packages/sqlalchemy/dialects/sqlite/aiosqlite.py", line 298, in _handle_exception
    raise error
  File "/Users/mehriddinmengturayev/Downloads/shopbot/.venv/lib/python3.13/site-packages/sqlalchemy/dialects/sqlite/aiosqlite.py", line 129, in execute
    self.await_(_cursor.execute(operation, parameters))
    ~~~~~~~~~~~^^^^^^^^^^^^^^^^^^^^^^^^^^^^^^^^^^^^^^^^
  File "/Users/mehriddinmengturayev/Downloads/shopbot/.venv/lib/python3.13/site-packages/sqlalchemy/util/_concurrency_py3k.py", line 132, in await_only
    return current.parent.switch(awaitable)  # type: ignore[no-any-return,attr-defined] # noqa: E501
           ~~~~~~~~~~~~~~~~~~~~~^^^^^^^^^^^
  File "/Users/mehriddinmengturayev/Downloads/shopbot/.venv/lib/python3.13/site-packages/sqlalchemy/util/_concurrency_py3k.py", line 196, in greenlet_spawn
    value = await result
            ^^^^^^^^^^^^
  File "/Users/mehriddinmengturayev/Downloads/shopbot/.venv/lib/python3.13/site-packages/aiosqlite/cursor.py", line 48, in execute
    await self._execute(self._cursor.execute, sql, parameters)
  File "/Users/mehriddinmengturayev/Downloads/shopbot/.venv/lib/python3.13/site-packages/aiosqlite/cursor.py", line 40, in _execute
    return await self._conn._execute(fn, *args, **kwargs)
           ^^^^^^^^^^^^^^^^^^^^^^^^^^^^^^^^^^^^^^^^^^^^^^
  File "/Users/mehriddinmengturayev/Downloads/shopbot/.venv/lib/python3.13/site-packages/aiosqlite/core.py", line 132, in _execute
    return await future
           ^^^^^^^^^^^^
  File "/Users/mehriddinmengturayev/Downloads/shopbot/.venv/lib/python3.13/site-packages/aiosqlite/core.py", line 115, in run
    result = function()
sqlite3.OperationalError: no such column: orders.payment_method

The above exception was the direct cause of the following exception:

Traceback (most recent call last):
  File "/Users/mehriddinmengturayev/Downloads/shopbot/app/middlewares/error_handling.py", line 33, in __call__
    return await handler(event, data)
           ^^^^^^^^^^^^^^^^^^^^^^^^^^
  File "/Users/mehriddinmengturayev/Downloads/shopbot/app/middlewares/throttling.py", line 40, in __call__
    return await handler(event, data)
           ^^^^^^^^^^^^^^^^^^^^^^^^^^
  File "/Users/mehriddinmengturayev/Downloads/shopbot/app/middlewares/db_session.py", line 27, in __call__
    return await handler(event, data)
           ^^^^^^^^^^^^^^^^^^^^^^^^^^
  File "/Users/mehriddinmengturayev/Downloads/shopbot/app/middlewares/user_context.py", line 41, in __call__
    return await handler(event, data)
           ^^^^^^^^^^^^^^^^^^^^^^^^^^
  File "/Users/mehriddinmengturayev/Downloads/shopbot/.venv/lib/python3.13/site-packages/aiogram/dispatcher/event/telegram.py", line 121, in trigger
    return await wrapped_inner(event, kwargs)
           ^^^^^^^^^^^^^^^^^^^^^^^^^^^^^^^^^^
  File "/Users/mehriddinmengturayev/Downloads/shopbot/.venv/lib/python3.13/site-packages/aiogram/dispatcher/event/handler.py", line 43, in call
    return await wrapped()
           ^^^^^^^^^^^^^^^
  File "/Users/mehriddinmengturayev/Downloads/shopbot/.venv/lib/python3.13/site-packages/aiogram/dispatcher/dispatcher.py", line 276, in _listen_update
    return await self.propagate_event(update_type=update_type, event=event, **kwargs)
           ^^^^^^^^^^^^^^^^^^^^^^^^^^^^^^^^^^^^^^^^^^^^^^^^^^^^^^^^^^^^^^^^^^^^^^^^^^
  File "/Users/mehriddinmengturayev/Downloads/shopbot/.venv/lib/python3.13/site-packages/aiogram/dispatcher/router.py", line 146, in propagate_event
    return await observer.wrap_outer_middleware(_wrapped, event=event, data=kwargs)
           ^^^^^^^^^^^^^^^^^^^^^^^^^^^^^^^^^^^^^^^^^^^^^^^^^^^^^^^^^^^^^^^^^^^^^^^^
  File "/Users/mehriddinmengturayev/Downloads/shopbot/.venv/lib/python3.13/site-packages/aiogram/dispatcher/router.py", line 141, in _wrapped
    return await self._propagate_event(
           ^^^^^^^^^^^^^^^^^^^^^^^^^^^^
        observer=observer, update_type=update_type, event=telegram_event, **data
        ^^^^^^^^^^^^^^^^^^^^^^^^^^^^^^^^^^^^^^^^^^^^^^^^^^^^^^^^^^^^^^^^^^^^^^^^
    )
    ^
  File "/Users/mehriddinmengturayev/Downloads/shopbot/.venv/lib/python3.13/site-packages/aiogram/dispatcher/router.py", line 174, in _propagate_event
    response = await router.propagate_event(update_type=update_type, event=event, **kwargs)
               ^^^^^^^^^^^^^^^^^^^^^^^^^^^^^^^^^^^^^^^^^^^^^^^^^^^^^^^^^^^^^^^^^^^^^^^^^^^^
  File "/Users/mehriddinmengturayev/Downloads/shopbot/.venv/lib/python3.13/site-packages/aiogram/dispatcher/router.py", line 146, in propagate_event
    return await observer.wrap_outer_middleware(_wrapped, event=event, data=kwargs)
           ^^^^^^^^^^^^^^^^^^^^^^^^^^^^^^^^^^^^^^^^^^^^^^^^^^^^^^^^^^^^^^^^^^^^^^^^
  File "/Users/mehriddinmengturayev/Downloads/shopbot/.venv/lib/python3.13/site-packages/aiogram/dispatcher/router.py", line 141, in _wrapped
    return await self._propagate_event(
           ^^^^^^^^^^^^^^^^^^^^^^^^^^^^
        observer=observer, update_type=update_type, event=telegram_event, **data
        ^^^^^^^^^^^^^^^^^^^^^^^^^^^^^^^^^^^^^^^^^^^^^^^^^^^^^^^^^^^^^^^^^^^^^^^^
    )
    ^
  File "/Users/mehriddinmengturayev/Downloads/shopbot/.venv/lib/python3.13/site-packages/aiogram/dispatcher/router.py", line 174, in _propagate_event
    response = await router.propagate_event(update_type=update_type, event=event, **kwargs)
               ^^^^^^^^^^^^^^^^^^^^^^^^^^^^^^^^^^^^^^^^^^^^^^^^^^^^^^^^^^^^^^^^^^^^^^^^^^^^
  File "/Users/mehriddinmengturayev/Downloads/shopbot/.venv/lib/python3.13/site-packages/aiogram/dispatcher/router.py", line 146, in propagate_event
    return await observer.wrap_outer_middleware(_wrapped, event=event, data=kwargs)
           ^^^^^^^^^^^^^^^^^^^^^^^^^^^^^^^^^^^^^^^^^^^^^^^^^^^^^^^^^^^^^^^^^^^^^^^^
  File "/Users/mehriddinmengturayev/Downloads/shopbot/.venv/lib/python3.13/site-packages/aiogram/dispatcher/router.py", line 141, in _wrapped
    return await self._propagate_event(
           ^^^^^^^^^^^^^^^^^^^^^^^^^^^^
        observer=observer, update_type=update_type, event=telegram_event, **data
        ^^^^^^^^^^^^^^^^^^^^^^^^^^^^^^^^^^^^^^^^^^^^^^^^^^^^^^^^^^^^^^^^^^^^^^^^
    )
    ^
  File "/Users/mehriddinmengturayev/Downloads/shopbot/.venv/lib/python3.13/site-packages/aiogram/dispatcher/router.py", line 166, in _propagate_event
    response = await observer.trigger(event, **kwargs)
               ^^^^^^^^^^^^^^^^^^^^^^^^^^^^^^^^^^^^^^^
  File "/Users/mehriddinmengturayev/Downloads/shopbot/.venv/lib/python3.13/site-packages/aiogram/dispatcher/event/telegram.py", line 121, in trigger
    return await wrapped_inner(event, kwargs)
           ^^^^^^^^^^^^^^^^^^^^^^^^^^^^^^^^^^
  File "/Users/mehriddinmengturayev/Downloads/shopbot/.venv/lib/python3.13/site-packages/aiogram/dispatcher/event/handler.py", line 43, in call
    return await wrapped()
           ^^^^^^^^^^^^^^^
  File "/Users/mehriddinmengturayev/Downloads/shopbot/app/handlers/user/orders.py", line 17, in my_orders
    orders = await OrderRepository(session).list_by_user(user.id)
             ^^^^^^^^^^^^^^^^^^^^^^^^^^^^^^^^^^^^^^^^^^^^^^^^^^^^
  File "/Users/mehriddinmengturayev/Downloads/shopbot/app/repositories/order_repo.py", line 74, in list_by_user
    result = await self.session.execute(
             ^^^^^^^^^^^^^^^^^^^^^^^^^^^
    ...<5 lines>...
    )
    ^
  File "/Users/mehriddinmengturayev/Downloads/shopbot/.venv/lib/python3.13/site-packages/sqlalchemy/ext/asyncio/session.py", line 461, in execute
    result = await greenlet_spawn(
             ^^^^^^^^^^^^^^^^^^^^^
    ...<6 lines>...
    )
    ^
  File "/Users/mehriddinmengturayev/Downloads/shopbot/.venv/lib/python3.13/site-packages/sqlalchemy/util/_concurrency_py3k.py", line 201, in greenlet_spawn
    result = context.throw(*sys.exc_info())
  File "/Users/mehriddinmengturayev/Downloads/shopbot/.venv/lib/python3.13/site-packages/sqlalchemy/orm/session.py", line 2362, in execute
    return self._execute_internal(
           ~~~~~~~~~~~~~~~~~~~~~~^
        statement,
        ^^^^^^^^^^
    ...<4 lines>...
        _add_event=_add_event,
        ^^^^^^^^^^^^^^^^^^^^^^
    )
    ^
  File "/Users/mehriddinmengturayev/Downloads/shopbot/.venv/lib/python3.13/site-packages/sqlalchemy/orm/session.py", line 2247, in _execute_internal
    result: Result[Any] = compile_state_cls.orm_execute_statement(
                          ~~~~~~~~~~~~~~~~~~~~~~~~~~~~~~~~~~~~~~~^
        self,
        ^^^^^
    ...<4 lines>...
        conn,
        ^^^^^
    )
    ^
  File "/Users/mehriddinmengturayev/Downloads/shopbot/.venv/lib/python3.13/site-packages/sqlalchemy/orm/context.py", line 305, in orm_execute_statement
    result = conn.execute(
        statement, params or {}, execution_options=execution_options
    )
  File "/Users/mehriddinmengturayev/Downloads/shopbot/.venv/lib/python3.13/site-packages/sqlalchemy/engine/base.py", line 1418, in execute
    return meth(
        self,
        distilled_parameters,
        execution_options or NO_OPTIONS,
    )
  File "/Users/mehriddinmengturayev/Downloads/shopbot/.venv/lib/python3.13/site-packages/sqlalchemy/sql/elements.py", line 515, in _execute_on_connection
    return connection._execute_clauseelement(
           ~~~~~~~~~~~~~~~~~~~~~~~~~~~~~~~~~^
        self, distilled_params, execution_options
        ^^^^^^^^^^^^^^^^^^^^^^^^^^^^^^^^^^^^^^^^^
    )
    ^
  File "/Users/mehriddinmengturayev/Downloads/shopbot/.venv/lib/python3.13/site-packages/sqlalchemy/engine/base.py", line 1640, in _execute_clauseelement
    ret = self._execute_context(
        dialect,
    ...<8 lines>...
        cache_hit=cache_hit,
    )
  File "/Users/mehriddinmengturayev/Downloads/shopbot/.venv/lib/python3.13/site-packages/sqlalchemy/engine/base.py", line 1846, in _execute_context
    return self._exec_single_context(
           ~~~~~~~~~~~~~~~~~~~~~~~~~^
        dialect, context, statement, parameters
        ^^^^^^^^^^^^^^^^^^^^^^^^^^^^^^^^^^^^^^^
    )
    ^
  File "/Users/mehriddinmengturayev/Downloads/shopbot/.venv/lib/python3.13/site-packages/sqlalchemy/engine/base.py", line 1986, in _exec_single_context
    self._handle_dbapi_exception(
    ~~~~~~~~~~~~~~~~~~~~~~~~~~~~^
        e, str_statement, effective_parameters, cursor, context
        ^^^^^^^^^^^^^^^^^^^^^^^^^^^^^^^^^^^^^^^^^^^^^^^^^^^^^^^
    )
    ^
  File "/Users/mehriddinmengturayev/Downloads/shopbot/.venv/lib/python3.13/site-packages/sqlalchemy/engine/base.py", line 2355, in _handle_dbapi_exception
    raise sqlalchemy_exception.with_traceback(exc_info[2]) from e
  File "/Users/mehriddinmengturayev/Downloads/shopbot/.venv/lib/python3.13/site-packages/sqlalchemy/engine/base.py", line 1967, in _exec_single_context
    self.dialect.do_execute(
    ~~~~~~~~~~~~~~~~~~~~~~~^
        cursor, str_statement, effective_parameters, context
        ^^^^^^^^^^^^^^^^^^^^^^^^^^^^^^^^^^^^^^^^^^^^^^^^^^^^
    )
    ^
  File "/Users/mehriddinmengturayev/Downloads/shopbot/.venv/lib/python3.13/site-packages/sqlalchemy/engine/default.py", line 941, in do_execute
    cursor.execute(statement, parameters)
    ~~~~~~~~~~~~~~^^^^^^^^^^^^^^^^^^^^^^^
  File "/Users/mehriddinmengturayev/Downloads/shopbot/.venv/lib/python3.13/site-packages/sqlalchemy/dialects/sqlite/aiosqlite.py", line 147, in execute
    self._adapt_connection._handle_exception(error)
    ~~~~~~~~~~~~~~~~~~~~~~~~~~~~~~~~~~~~~~~~^^^^^^^
  File "/Users/mehriddinmengturayev/Downloads/shopbot/.venv/lib/python3.13/site-packages/sqlalchemy/dialects/sqlite/aiosqlite.py", line 298, in _handle_exception
    raise error
  File "/Users/mehriddinmengturayev/Downloads/shopbot/.venv/lib/python3.13/site-packages/sqlalchemy/dialects/sqlite/aiosqlite.py", line 129, in execute
    self.await_(_cursor.execute(operation, parameters))
    ~~~~~~~~~~~^^^^^^^^^^^^^^^^^^^^^^^^^^^^^^^^^^^^^^^^
  File "/Users/mehriddinmengturayev/Downloads/shopbot/.venv/lib/python3.13/site-packages/sqlalchemy/util/_concurrency_py3k.py", line 132, in await_only
    return current.parent.switch(awaitable)  # type: ignore[no-any-return,attr-defined] # noqa: E501
           ~~~~~~~~~~~~~~~~~~~~~^^^^^^^^^^^
  File "/Users/mehriddinmengturayev/Downloads/shopbot/.venv/lib/python3.13/site-packages/sqlalchemy/util/_concurrency_py3k.py", line 196, in greenlet_spawn
    value = await result
            ^^^^^^^^^^^^
  File "/Users/mehriddinmengturayev/Downloads/shopbot/.venv/lib/python3.13/site-packages/aiosqlite/cursor.py", line 48, in execute
    await self._execute(self._cursor.execute, sql, parameters)
  File "/Users/mehriddinmengturayev/Downloads/shopbot/.venv/lib/python3.13/site-packages/aiosqlite/cursor.py", line 40, in _execute
    return await self._conn._execute(fn, *args, **kwargs)
           ^^^^^^^^^^^^^^^^^^^^^^^^^^^^^^^^^^^^^^^^^^^^^^
  File "/Users/mehriddinmengturayev/Downloads/shopbot/.venv/lib/python3.13/site-packages/aiosqlite/core.py", line 132, in _execute
    return await future
           ^^^^^^^^^^^^
  File "/Users/mehriddinmengturayev/Downloads/shopbot/.venv/lib/python3.13/site-packages/aiosqlite/core.py", line 115, in run
    result = function()
sqlalchemy.exc.OperationalError: (sqlite3.OperationalError) no such column: orders.payment_method
[SQL: SELECT orders.id, orders.order_uuid, orders.user_id, orders.product_id, orders.price_at_purchase, orders.currency, orders.status, orders.payment_method, orders.crypto_provider, orders.crypto_invoice_id, orders.crypto_pay_url, orders.decided_by_admin_id, orders.decided_at, orders.rejection_reason, orders.delivered_payload, orders.delivered_at, orders.created_at, orders.updated_at 
FROM orders 
WHERE orders.user_id = ? ORDER BY orders.id DESC
 LIMIT ? OFFSET ?]
[parameters: (1, 20, 0)]
(Background on this error at: https://sqlalche.me/e/20/e3q8)
2026-07-30 20:39:38,009 | ERROR    | providers | Crypto poller iteration failed
Traceback (most recent call last):
  File "/Users/mehriddinmengturayev/Downloads/shopbot/.venv/lib/python3.13/site-packages/sqlalchemy/engine/base.py", line 1967, in _exec_single_context
    self.dialect.do_execute(
    ~~~~~~~~~~~~~~~~~~~~~~~^
        cursor, str_statement, effective_parameters, context
        ^^^^^^^^^^^^^^^^^^^^^^^^^^^^^^^^^^^^^^^^^^^^^^^^^^^^
    )
    ^
  File "/Users/mehriddinmengturayev/Downloads/shopbot/.venv/lib/python3.13/site-packages/sqlalchemy/engine/default.py", line 941, in do_execute
    cursor.execute(statement, parameters)
    ~~~~~~~~~~~~~~^^^^^^^^^^^^^^^^^^^^^^^
  File "/Users/mehriddinmengturayev/Downloads/shopbot/.venv/lib/python3.13/site-packages/sqlalchemy/dialects/sqlite/aiosqlite.py", line 147, in execute
    self._adapt_connection._handle_exception(error)
    ~~~~~~~~~~~~~~~~~~~~~~~~~~~~~~~~~~~~~~~~^^^^^^^
  File "/Users/mehriddinmengturayev/Downloads/shopbot/.venv/lib/python3.13/site-packages/sqlalchemy/dialects/sqlite/aiosqlite.py", line 298, in _handle_exception
    raise error
  File "/Users/mehriddinmengturayev/Downloads/shopbot/.venv/lib/python3.13/site-packages/sqlalchemy/dialects/sqlite/aiosqlite.py", line 129, in execute
    self.await_(_cursor.execute(operation, parameters))
    ~~~~~~~~~~~^^^^^^^^^^^^^^^^^^^^^^^^^^^^^^^^^^^^^^^^
  File "/Users/mehriddinmengturayev/Downloads/shopbot/.venv/lib/python3.13/site-packages/sqlalchemy/util/_concurrency_py3k.py", line 132, in await_only
    return current.parent.switch(awaitable)  # type: ignore[no-any-return,attr-defined] # noqa: E501
           ~~~~~~~~~~~~~~~~~~~~~^^^^^^^^^^^
  File "/Users/mehriddinmengturayev/Downloads/shopbot/.venv/lib/python3.13/site-packages/sqlalchemy/util/_concurrency_py3k.py", line 196, in greenlet_spawn
    value = await result
            ^^^^^^^^^^^^
  File "/Users/mehriddinmengturayev/Downloads/shopbot/.venv/lib/python3.13/site-packages/aiosqlite/cursor.py", line 48, in execute
    await self._execute(self._cursor.execute, sql, parameters)
  File "/Users/mehriddinmengturayev/Downloads/shopbot/.venv/lib/python3.13/site-packages/aiosqlite/cursor.py", line 40, in _execute
    return await self._conn._execute(fn, *args, **kwargs)
           ^^^^^^^^^^^^^^^^^^^^^^^^^^^^^^^^^^^^^^^^^^^^^^
  File "/Users/mehriddinmengturayev/Downloads/shopbot/.venv/lib/python3.13/site-packages/aiosqlite/core.py", line 132, in _execute
    return await future
           ^^^^^^^^^^^^
  File "/Users/mehriddinmengturayev/Downloads/shopbot/.venv/lib/python3.13/site-packages/aiosqlite/core.py", line 115, in run
    result = function()
sqlite3.OperationalError: no such column: orders.payment_method

The above exception was the direct cause of the following exception:

Traceback (most recent call last):
  File "/Users/mehriddinmengturayev/Downloads/shopbot/app/services/crypto_poller.py", line 33, in crypto_poller_loop
    await _poll_once(bot)
  File "/Users/mehriddinmengturayev/Downloads/shopbot/app/services/crypto_poller.py", line 44, in _poll_once
    pending = await orders_repo.list_awaiting_crypto_payment()
              ^^^^^^^^^^^^^^^^^^^^^^^^^^^^^^^^^^^^^^^^^^^^^^^^
  File "/Users/mehriddinmengturayev/Downloads/shopbot/app/repositories/order_repo.py", line 47, in list_awaiting_crypto_payment
    result = await self.session.execute(
             ^^^^^^^^^^^^^^^^^^^^^^^^^^^
    ...<3 lines>...
    )
    ^
  File "/Users/mehriddinmengturayev/Downloads/shopbot/.venv/lib/python3.13/site-packages/sqlalchemy/ext/asyncio/session.py", line 461, in execute
    result = await greenlet_spawn(
             ^^^^^^^^^^^^^^^^^^^^^
    ...<6 lines>...
    )
    ^
  File "/Users/mehriddinmengturayev/Downloads/shopbot/.venv/lib/python3.13/site-packages/sqlalchemy/util/_concurrency_py3k.py", line 201, in greenlet_spawn
    result = context.throw(*sys.exc_info())
  File "/Users/mehriddinmengturayev/Downloads/shopbot/.venv/lib/python3.13/site-packages/sqlalchemy/orm/session.py", line 2362, in execute
    return self._execute_internal(
           ~~~~~~~~~~~~~~~~~~~~~~^
        statement,
        ^^^^^^^^^^
    ...<4 lines>...
        _add_event=_add_event,
        ^^^^^^^^^^^^^^^^^^^^^^
    )
    ^
  File "/Users/mehriddinmengturayev/Downloads/shopbot/.venv/lib/python3.13/site-packages/sqlalchemy/orm/session.py", line 2247, in _execute_internal
    result: Result[Any] = compile_state_cls.orm_execute_statement(
                          ~~~~~~~~~~~~~~~~~~~~~~~~~~~~~~~~~~~~~~~^
        self,
        ^^^^^
    ...<4 lines>...
        conn,
        ^^^^^
    )
    ^
  File "/Users/mehriddinmengturayev/Downloads/shopbot/.venv/lib/python3.13/site-packages/sqlalchemy/orm/context.py", line 305, in orm_execute_statement
    result = conn.execute(
        statement, params or {}, execution_options=execution_options
    )
  File "/Users/mehriddinmengturayev/Downloads/shopbot/.venv/lib/python3.13/site-packages/sqlalchemy/engine/base.py", line 1418, in execute
    return meth(
        self,
        distilled_parameters,
        execution_options or NO_OPTIONS,
    )
  File "/Users/mehriddinmengturayev/Downloads/shopbot/.venv/lib/python3.13/site-packages/sqlalchemy/sql/elements.py", line 515, in _execute_on_connection
    return connection._execute_clauseelement(
           ~~~~~~~~~~~~~~~~~~~~~~~~~~~~~~~~~^
        self, distilled_params, execution_options
        ^^^^^^^^^^^^^^^^^^^^^^^^^^^^^^^^^^^^^^^^^
    )
    ^
  File "/Users/mehriddinmengturayev/Downloads/shopbot/.venv/lib/python3.13/site-packages/sqlalchemy/engine/base.py", line 1640, in _execute_clauseelement
    ret = self._execute_context(
        dialect,
    ...<8 lines>...
        cache_hit=cache_hit,
    )
  File "/Users/mehriddinmengturayev/Downloads/shopbot/.venv/lib/python3.13/site-packages/sqlalchemy/engine/base.py", line 1846, in _execute_context
    return self._exec_single_context(
           ~~~~~~~~~~~~~~~~~~~~~~~~~^
        dialect, context, statement, parameters
        ^^^^^^^^^^^^^^^^^^^^^^^^^^^^^^^^^^^^^^^
    )
    ^
  File "/Users/mehriddinmengturayev/Downloads/shopbot/.venv/lib/python3.13/site-packages/sqlalchemy/engine/base.py", line 1986, in _exec_single_context
    self._handle_dbapi_exception(
    ~~~~~~~~~~~~~~~~~~~~~~~~~~~~^
        e, str_statement, effective_parameters, cursor, context
        ^^^^^^^^^^^^^^^^^^^^^^^^^^^^^^^^^^^^^^^^^^^^^^^^^^^^^^^
    )
    ^
  File "/Users/mehriddinmengturayev/Downloads/shopbot/.venv/lib/python3.13/site-packages/sqlalchemy/engine/base.py", line 2355, in _handle_dbapi_exception
    raise sqlalchemy_exception.with_traceback(exc_info[2]) from e
  File "/Users/mehriddinmengturayev/Downloads/shopbot/.venv/lib/python3.13/site-packages/sqlalchemy/engine/base.py", line 1967, in _exec_single_context
    self.dialect.do_execute(
    ~~~~~~~~~~~~~~~~~~~~~~~^
        cursor, str_statement, effective_parameters, context
        ^^^^^^^^^^^^^^^^^^^^^^^^^^^^^^^^^^^^^^^^^^^^^^^^^^^^
    )
    ^
  File "/Users/mehriddinmengturayev/Downloads/shopbot/.venv/lib/python3.13/site-packages/sqlalchemy/engine/default.py", line 941, in do_execute
    cursor.execute(statement, parameters)
    ~~~~~~~~~~~~~~^^^^^^^^^^^^^^^^^^^^^^^
  File "/Users/mehriddinmengturayev/Downloads/shopbot/.venv/lib/python3.13/site-packages/sqlalchemy/dialects/sqlite/aiosqlite.py", line 147, in execute
    self._adapt_connection._handle_exception(error)
    ~~~~~~~~~~~~~~~~~~~~~~~~~~~~~~~~~~~~~~~~^^^^^^^
  File "/Users/mehriddinmengturayev/Downloads/shopbot/.venv/lib/python3.13/site-packages/sqlalchemy/dialects/sqlite/aiosqlite.py", line 298, in _handle_exception
    raise error
  File "/Users/mehriddinmengturayev/Downloads/shopbot/.venv/lib/python3.13/site-packages/sqlalchemy/dialects/sqlite/aiosqlite.py", line 129, in execute
    self.await_(_cursor.execute(operation, parameters))
    ~~~~~~~~~~~^^^^^^^^^^^^^^^^^^^^^^^^^^^^^^^^^^^^^^^^
  File "/Users/mehriddinmengturayev/Downloads/shopbot/.venv/lib/python3.13/site-packages/sqlalchemy/util/_concurrency_py3k.py", line 132, in await_only
    return current.parent.switch(awaitable)  # type: ignore[no-any-return,attr-defined] # noqa: E501
           ~~~~~~~~~~~~~~~~~~~~~^^^^^^^^^^^
  File "/Users/mehriddinmengturayev/Downloads/shopbot/.venv/lib/python3.13/site-packages/sqlalchemy/util/_concurrency_py3k.py", line 196, in greenlet_spawn
    value = await result
            ^^^^^^^^^^^^
  File "/Users/mehriddinmengturayev/Downloads/shopbot/.venv/lib/python3.13/site-packages/aiosqlite/cursor.py", line 48, in execute
    await self._execute(self._cursor.execute, sql, parameters)
  File "/Users/mehriddinmengturayev/Downloads/shopbot/.venv/lib/python3.13/site-packages/aiosqlite/cursor.py", line 40, in _execute
    return await self._conn._execute(fn, *args, **kwargs)
           ^^^^^^^^^^^^^^^^^^^^^^^^^^^^^^^^^^^^^^^^^^^^^^
  File "/Users/mehriddinmengturayev/Downloads/shopbot/.venv/lib/python3.13/site-packages/aiosqlite/core.py", line 132, in _execute
    return await future
           ^^^^^^^^^^^^
  File "/Users/mehriddinmengturayev/Downloads/shopbot/.venv/lib/python3.13/site-packages/aiosqlite/core.py", line 115, in run
    result = function()
sqlalchemy.exc.OperationalError: (sqlite3.OperationalError) no such column: orders.payment_method
[SQL: SELECT orders.id, orders.order_uuid, orders.user_id, orders.product_id, orders.price_at_purchase, orders.currency, orders.status, orders.payment_method, orders.crypto_provider, orders.crypto_invoice_id, orders.crypto_pay_url, orders.decided_by_admin_id, orders.decided_at, orders.rejection_reason, orders.delivered_payload, orders.delivered_at, orders.created_at, orders.updated_at 
FROM orders 
WHERE orders.status = ?]
[parameters: ('AWAITING_CRYPTO_PAYMENT',)]
(Background on this error at: https://sqlalche.me/e/20/e3q8)
2026-07-30 20:39:39,038 | ERROR    | app.middlewares.error_handling | Unhandled exception while processing update
Traceback (most recent call last):
  File "/Users/mehriddinmengturayev/Downloads/shopbot/.venv/lib/python3.13/site-packages/sqlalchemy/engine/base.py", line 1967, in _exec_single_context
    self.dialect.do_execute(
    ~~~~~~~~~~~~~~~~~~~~~~~^
        cursor, str_statement, effective_parameters, context
        ^^^^^^^^^^^^^^^^^^^^^^^^^^^^^^^^^^^^^^^^^^^^^^^^^^^^
    )
    ^
  File "/Users/mehriddinmengturayev/Downloads/shopbot/.venv/lib/python3.13/site-packages/sqlalchemy/engine/default.py", line 941, in do_execute
    cursor.execute(statement, parameters)
    ~~~~~~~~~~~~~~^^^^^^^^^^^^^^^^^^^^^^^
  File "/Users/mehriddinmengturayev/Downloads/shopbot/.venv/lib/python3.13/site-packages/sqlalchemy/dialects/sqlite/aiosqlite.py", line 147, in execute
    self._adapt_connection._handle_exception(error)
    ~~~~~~~~~~~~~~~~~~~~~~~~~~~~~~~~~~~~~~~~^^^^^^^
  File "/Users/mehriddinmengturayev/Downloads/shopbot/.venv/lib/python3.13/site-packages/sqlalchemy/dialects/sqlite/aiosqlite.py", line 298, in _handle_exception
    raise error
  File "/Users/mehriddinmengturayev/Downloads/shopbot/.venv/lib/python3.13/site-packages/sqlalchemy/dialects/sqlite/aiosqlite.py", line 129, in execute
    self.await_(_cursor.execute(operation, parameters))
    ~~~~~~~~~~~^^^^^^^^^^^^^^^^^^^^^^^^^^^^^^^^^^^^^^^^
  File "/Users/mehriddinmengturayev/Downloads/shopbot/.venv/lib/python3.13/site-packages/sqlalchemy/util/_concurrency_py3k.py", line 132, in await_only
    return current.parent.switch(awaitable)  # type: ignore[no-any-return,attr-defined] # noqa: E501
           ~~~~~~~~~~~~~~~~~~~~~^^^^^^^^^^^
  File "/Users/mehriddinmengturayev/Downloads/shopbot/.venv/lib/python3.13/site-packages/sqlalchemy/util/_concurrency_py3k.py", line 196, in greenlet_spawn
    value = await result
            ^^^^^^^^^^^^
  File "/Users/mehriddinmengturayev/Downloads/shopbot/.venv/lib/python3.13/site-packages/aiosqlite/cursor.py", line 48, in execute
    await self._execute(self._cursor.execute, sql, parameters)
  File "/Users/mehriddinmengturayev/Downloads/shopbot/.venv/lib/python3.13/site-packages/aiosqlite/cursor.py", line 40, in _execute
    return await self._conn._execute(fn, *args, **kwargs)
           ^^^^^^^^^^^^^^^^^^^^^^^^^^^^^^^^^^^^^^^^^^^^^^
  File "/Users/mehriddinmengturayev/Downloads/shopbot/.venv/lib/python3.13/site-packages/aiosqlite/core.py", line 132, in _execute
    return await future
           ^^^^^^^^^^^^
  File "/Users/mehriddinmengturayev/Downloads/shopbot/.venv/lib/python3.13/site-packages/aiosqlite/core.py", line 115, in run
    result = function()
sqlite3.OperationalError: no such column: products.price_usd

The above exception was the direct cause of the following exception:

Traceback (most recent call last):
  File "/Users/mehriddinmengturayev/Downloads/shopbot/app/middlewares/error_handling.py", line 33, in __call__
    return await handler(event, data)
           ^^^^^^^^^^^^^^^^^^^^^^^^^^
  File "/Users/mehriddinmengturayev/Downloads/shopbot/app/middlewares/throttling.py", line 40, in __call__
    return await handler(event, data)
           ^^^^^^^^^^^^^^^^^^^^^^^^^^
  File "/Users/mehriddinmengturayev/Downloads/shopbot/app/middlewares/db_session.py", line 27, in __call__
    return await handler(event, data)
           ^^^^^^^^^^^^^^^^^^^^^^^^^^
  File "/Users/mehriddinmengturayev/Downloads/shopbot/app/middlewares/user_context.py", line 41, in __call__
    return await handler(event, data)
           ^^^^^^^^^^^^^^^^^^^^^^^^^^
  File "/Users/mehriddinmengturayev/Downloads/shopbot/.venv/lib/python3.13/site-packages/aiogram/dispatcher/event/telegram.py", line 121, in trigger
    return await wrapped_inner(event, kwargs)
           ^^^^^^^^^^^^^^^^^^^^^^^^^^^^^^^^^^
  File "/Users/mehriddinmengturayev/Downloads/shopbot/.venv/lib/python3.13/site-packages/aiogram/dispatcher/event/handler.py", line 43, in call
    return await wrapped()
           ^^^^^^^^^^^^^^^
  File "/Users/mehriddinmengturayev/Downloads/shopbot/.venv/lib/python3.13/site-packages/aiogram/dispatcher/dispatcher.py", line 276, in _listen_update
    return await self.propagate_event(update_type=update_type, event=event, **kwargs)
           ^^^^^^^^^^^^^^^^^^^^^^^^^^^^^^^^^^^^^^^^^^^^^^^^^^^^^^^^^^^^^^^^^^^^^^^^^^
  File "/Users/mehriddinmengturayev/Downloads/shopbot/.venv/lib/python3.13/site-packages/aiogram/dispatcher/router.py", line 146, in propagate_event
    return await observer.wrap_outer_middleware(_wrapped, event=event, data=kwargs)
           ^^^^^^^^^^^^^^^^^^^^^^^^^^^^^^^^^^^^^^^^^^^^^^^^^^^^^^^^^^^^^^^^^^^^^^^^
  File "/Users/mehriddinmengturayev/Downloads/shopbot/.venv/lib/python3.13/site-packages/aiogram/dispatcher/router.py", line 141, in _wrapped
    return await self._propagate_event(
           ^^^^^^^^^^^^^^^^^^^^^^^^^^^^
        observer=observer, update_type=update_type, event=telegram_event, **data
        ^^^^^^^^^^^^^^^^^^^^^^^^^^^^^^^^^^^^^^^^^^^^^^^^^^^^^^^^^^^^^^^^^^^^^^^^
    )
    ^
  File "/Users/mehriddinmengturayev/Downloads/shopbot/.venv/lib/python3.13/site-packages/aiogram/dispatcher/router.py", line 174, in _propagate_event
    response = await router.propagate_event(update_type=update_type, event=event, **kwargs)
               ^^^^^^^^^^^^^^^^^^^^^^^^^^^^^^^^^^^^^^^^^^^^^^^^^^^^^^^^^^^^^^^^^^^^^^^^^^^^
  File "/Users/mehriddinmengturayev/Downloads/shopbot/.venv/lib/python3.13/site-packages/aiogram/dispatcher/router.py", line 146, in propagate_event
    return await observer.wrap_outer_middleware(_wrapped, event=event, data=kwargs)
           ^^^^^^^^^^^^^^^^^^^^^^^^^^^^^^^^^^^^^^^^^^^^^^^^^^^^^^^^^^^^^^^^^^^^^^^^
  File "/Users/mehriddinmengturayev/Downloads/shopbot/.venv/lib/python3.13/site-packages/aiogram/dispatcher/router.py", line 141, in _wrapped
    return await self._propagate_event(
           ^^^^^^^^^^^^^^^^^^^^^^^^^^^^
        observer=observer, update_type=update_type, event=telegram_event, **data
        ^^^^^^^^^^^^^^^^^^^^^^^^^^^^^^^^^^^^^^^^^^^^^^^^^^^^^^^^^^^^^^^^^^^^^^^^
    )
    ^
  File "/Users/mehriddinmengturayev/Downloads/shopbot/.venv/lib/python3.13/site-packages/aiogram/dispatcher/router.py", line 174, in _propagate_event
    response = await router.propagate_event(update_type=update_type, event=event, **kwargs)
               ^^^^^^^^^^^^^^^^^^^^^^^^^^^^^^^^^^^^^^^^^^^^^^^^^^^^^^^^^^^^^^^^^^^^^^^^^^^^
  File "/Users/mehriddinmengturayev/Downloads/shopbot/.venv/lib/python3.13/site-packages/aiogram/dispatcher/router.py", line 146, in propagate_event
    return await observer.wrap_outer_middleware(_wrapped, event=event, data=kwargs)
           ^^^^^^^^^^^^^^^^^^^^^^^^^^^^^^^^^^^^^^^^^^^^^^^^^^^^^^^^^^^^^^^^^^^^^^^^
  File "/Users/mehriddinmengturayev/Downloads/shopbot/.venv/lib/python3.13/site-packages/aiogram/dispatcher/router.py", line 141, in _wrapped
    return await self._propagate_event(
           ^^^^^^^^^^^^^^^^^^^^^^^^^^^^
        observer=observer, update_type=update_type, event=telegram_event, **data
        ^^^^^^^^^^^^^^^^^^^^^^^^^^^^^^^^^^^^^^^^^^^^^^^^^^^^^^^^^^^^^^^^^^^^^^^^
    )
    ^
  File "/Users/mehriddinmengturayev/Downloads/shopbot/.venv/lib/python3.13/site-packages/aiogram/dispatcher/router.py", line 166, in _propagate_event
    response = await observer.trigger(event, **kwargs)
               ^^^^^^^^^^^^^^^^^^^^^^^^^^^^^^^^^^^^^^^
  File "/Users/mehriddinmengturayev/Downloads/shopbot/.venv/lib/python3.13/site-packages/aiogram/dispatcher/event/telegram.py", line 121, in trigger
    return await wrapped_inner(event, kwargs)
           ^^^^^^^^^^^^^^^^^^^^^^^^^^^^^^^^^^
  File "/Users/mehriddinmengturayev/Downloads/shopbot/.venv/lib/python3.13/site-packages/aiogram/dispatcher/event/handler.py", line 43, in call
    return await wrapped()
           ^^^^^^^^^^^^^^^
  File "/Users/mehriddinmengturayev/Downloads/shopbot/app/handlers/user/shop.py", line 60, in open_shop
    views = await service.list_shop()
            ^^^^^^^^^^^^^^^^^^^^^^^^^
  File "/Users/mehriddinmengturayev/Downloads/shopbot/app/services/product_service.py", line 28, in list_shop
    items = await self.products.list_visible()
            ^^^^^^^^^^^^^^^^^^^^^^^^^^^^^^^^^^
  File "/Users/mehriddinmengturayev/Downloads/shopbot/app/repositories/product_repo.py", line 16, in list_visible
    result = await self.session.execute(
             ^^^^^^^^^^^^^^^^^^^^^^^^^^^
    ...<3 lines>...
    )
    ^
  File "/Users/mehriddinmengturayev/Downloads/shopbot/.venv/lib/python3.13/site-packages/sqlalchemy/ext/asyncio/session.py", line 461, in execute
    result = await greenlet_spawn(
             ^^^^^^^^^^^^^^^^^^^^^
    ...<6 lines>...
    )
    ^
  File "/Users/mehriddinmengturayev/Downloads/shopbot/.venv/lib/python3.13/site-packages/sqlalchemy/util/_concurrency_py3k.py", line 201, in greenlet_spawn
    result = context.throw(*sys.exc_info())
  File "/Users/mehriddinmengturayev/Downloads/shopbot/.venv/lib/python3.13/site-packages/sqlalchemy/orm/session.py", line 2362, in execute
    return self._execute_internal(
           ~~~~~~~~~~~~~~~~~~~~~~^
        statement,
        ^^^^^^^^^^
    ...<4 lines>...
        _add_event=_add_event,
        ^^^^^^^^^^^^^^^^^^^^^^
    )
    ^
  File "/Users/mehriddinmengturayev/Downloads/shopbot/.venv/lib/python3.13/site-packages/sqlalchemy/orm/session.py", line 2247, in _execute_internal
    result: Result[Any] = compile_state_cls.orm_execute_statement(
                          ~~~~~~~~~~~~~~~~~~~~~~~~~~~~~~~~~~~~~~~^
        self,
        ^^^^^
    ...<4 lines>...
        conn,
        ^^^^^
    )
    ^
  File "/Users/mehriddinmengturayev/Downloads/shopbot/.venv/lib/python3.13/site-packages/sqlalchemy/orm/context.py", line 305, in orm_execute_statement
    result = conn.execute(
        statement, params or {}, execution_options=execution_options
    )
  File "/Users/mehriddinmengturayev/Downloads/shopbot/.venv/lib/python3.13/site-packages/sqlalchemy/engine/base.py", line 1418, in execute
    return meth(
        self,
        distilled_parameters,
        execution_options or NO_OPTIONS,
    )
  File "/Users/mehriddinmengturayev/Downloads/shopbot/.venv/lib/python3.13/site-packages/sqlalchemy/sql/elements.py", line 515, in _execute_on_connection
    return connection._execute_clauseelement(
           ~~~~~~~~~~~~~~~~~~~~~~~~~~~~~~~~~^
        self, distilled_params, execution_options
        ^^^^^^^^^^^^^^^^^^^^^^^^^^^^^^^^^^^^^^^^^
    )
    ^
  File "/Users/mehriddinmengturayev/Downloads/shopbot/.venv/lib/python3.13/site-packages/sqlalchemy/engine/base.py", line 1640, in _execute_clauseelement
    ret = self._execute_context(
        dialect,
    ...<8 lines>...
        cache_hit=cache_hit,
    )
  File "/Users/mehriddinmengturayev/Downloads/shopbot/.venv/lib/python3.13/site-packages/sqlalchemy/engine/base.py", line 1846, in _execute_context
    return self._exec_single_context(
           ~~~~~~~~~~~~~~~~~~~~~~~~~^
        dialect, context, statement, parameters
        ^^^^^^^^^^^^^^^^^^^^^^^^^^^^^^^^^^^^^^^
    )
    ^
  File "/Users/mehriddinmengturayev/Downloads/shopbot/.venv/lib/python3.13/site-packages/sqlalchemy/engine/base.py", line 1986, in _exec_single_context
    self._handle_dbapi_exception(
    ~~~~~~~~~~~~~~~~~~~~~~~~~~~~^
        e, str_statement, effective_parameters, cursor, context
        ^^^^^^^^^^^^^^^^^^^^^^^^^^^^^^^^^^^^^^^^^^^^^^^^^^^^^^^
    )
    ^
  File "/Users/mehriddinmengturayev/Downloads/shopbot/.venv/lib/python3.13/site-packages/sqlalchemy/engine/base.py", line 2355, in _handle_dbapi_exception
    raise sqlalchemy_exception.with_traceback(exc_info[2]) from e
  File "/Users/mehriddinmengturayev/Downloads/shopbot/.venv/lib/python3.13/site-packages/sqlalchemy/engine/base.py", line 1967, in _exec_single_context
    self.dialect.do_execute(
    ~~~~~~~~~~~~~~~~~~~~~~~^
        cursor, str_statement, effective_parameters, context
        ^^^^^^^^^^^^^^^^^^^^^^^^^^^^^^^^^^^^^^^^^^^^^^^^^^^^
    )
    ^
  File "/Users/mehriddinmengturayev/Downloads/shopbot/.venv/lib/python3.13/site-packages/sqlalchemy/engine/default.py", line 941, in do_execute
    cursor.execute(statement, parameters)
    ~~~~~~~~~~~~~~^^^^^^^^^^^^^^^^^^^^^^^
  File "/Users/mehriddinmengturayev/Downloads/shopbot/.venv/lib/python3.13/site-packages/sqlalchemy/dialects/sqlite/aiosqlite.py", line 147, in execute
    self._adapt_connection._handle_exception(error)
    ~~~~~~~~~~~~~~~~~~~~~~~~~~~~~~~~~~~~~~~~^^^^^^^
  File "/Users/mehriddinmengturayev/Downloads/shopbot/.venv/lib/python3.13/site-packages/sqlalchemy/dialects/sqlite/aiosqlite.py", line 298, in _handle_exception
    raise error
  File "/Users/mehriddinmengturayev/Downloads/shopbot/.venv/lib/python3.13/site-packages/sqlalchemy/dialects/sqlite/aiosqlite.py", line 129, in execute
    self.await_(_cursor.execute(operation, parameters))
    ~~~~~~~~~~~^^^^^^^^^^^^^^^^^^^^^^^^^^^^^^^^^^^^^^^^
  File "/Users/mehriddinmengturayev/Downloads/shopbot/.venv/lib/python3.13/site-packages/sqlalchemy/util/_concurrency_py3k.py", line 132, in await_only
    return current.parent.switch(awaitable)  # type: ignore[no-any-return,attr-defined] # noqa: E501
           ~~~~~~~~~~~~~~~~~~~~~^^^^^^^^^^^
  File "/Users/mehriddinmengturayev/Downloads/shopbot/.venv/lib/python3.13/site-packages/sqlalchemy/util/_concurrency_py3k.py", line 196, in greenlet_spawn
    value = await result
            ^^^^^^^^^^^^
  File "/Users/mehriddinmengturayev/Downloads/shopbot/.venv/lib/python3.13/site-packages/aiosqlite/cursor.py", line 48, in execute
    await self._execute(self._cursor.execute, sql, parameters)
  File "/Users/mehriddinmengturayev/Downloads/shopbot/.venv/lib/python3.13/site-packages/aiosqlite/cursor.py", line 40, in _execute
    return await self._conn._execute(fn, *args, **kwargs)
           ^^^^^^^^^^^^^^^^^^^^^^^^^^^^^^^^^^^^^^^^^^^^^^
  File "/Users/mehriddinmengturayev/Downloads/shopbot/.venv/lib/python3.13/site-packages/aiosqlite/core.py", line 132, in _execute
    return await future
           ^^^^^^^^^^^^
  File "/Users/mehriddinmengturayev/Downloads/shopbot/.venv/lib/python3.13/site-packages/aiosqlite/core.py", line 115, in run
    result = function()
sqlalchemy.exc.OperationalError: (sqlite3.OperationalError) no such column: products.price_usd
[SQL: SELECT products.id, products.name, products.emoji, products.description, products.price, products.currency, products.price_usd, products.image_file_id, products.delivery_mode, products.provider_key, products.manual_delivery_hint, products.payment_instructions, products.is_visible, products.sort_order, products.created_at, products.updated_at 
FROM products 
WHERE products.is_visible IS 1 ORDER BY products.sort_order, products.id]
(Background on this error at: https://sqlalche.me/e/20/e3q8)
2026-07-30 20:39:48,118 | ERROR    | app.middlewares.error_handling | Unhandled exception while processing update
Traceback (most recent call last):
  File "/Users/mehriddinmengturayev/Downloads/shopbot/.venv/lib/python3.13/site-packages/sqlalchemy/engine/base.py", line 1967, in _exec_single_context
    self.dialect.do_execute(
    ~~~~~~~~~~~~~~~~~~~~~~~^
        cursor, str_statement, effective_parameters, context
        ^^^^^^^^^^^^^^^^^^^^^^^^^^^^^^^^^^^^^^^^^^^^^^^^^^^^
    )
    ^
  File "/Users/mehriddinmengturayev/Downloads/shopbot/.venv/lib/python3.13/site-packages/sqlalchemy/engine/default.py", line 941, in do_execute
    cursor.execute(statement, parameters)
    ~~~~~~~~~~~~~~^^^^^^^^^^^^^^^^^^^^^^^
  File "/Users/mehriddinmengturayev/Downloads/shopbot/.venv/lib/python3.13/site-packages/sqlalchemy/dialects/sqlite/aiosqlite.py", line 147, in execute
    self._adapt_connection._handle_exception(error)
    ~~~~~~~~~~~~~~~~~~~~~~~~~~~~~~~~~~~~~~~~^^^^^^^
  File "/Users/mehriddinmengturayev/Downloads/shopbot/.venv/lib/python3.13/site-packages/sqlalchemy/dialects/sqlite/aiosqlite.py", line 298, in _handle_exception
    raise error
  File "/Users/mehriddinmengturayev/Downloads/shopbot/.venv/lib/python3.13/site-packages/sqlalchemy/dialects/sqlite/aiosqlite.py", line 129, in execute
    self.await_(_cursor.execute(operation, parameters))
    ~~~~~~~~~~~^^^^^^^^^^^^^^^^^^^^^^^^^^^^^^^^^^^^^^^^
  File "/Users/mehriddinmengturayev/Downloads/shopbot/.venv/lib/python3.13/site-packages/sqlalchemy/util/_concurrency_py3k.py", line 132, in await_only
    return current.parent.switch(awaitable)  # type: ignore[no-any-return,attr-defined] # noqa: E501
           ~~~~~~~~~~~~~~~~~~~~~^^^^^^^^^^^
  File "/Users/mehriddinmengturayev/Downloads/shopbot/.venv/lib/python3.13/site-packages/sqlalchemy/util/_concurrency_py3k.py", line 196, in greenlet_spawn
    value = await result
            ^^^^^^^^^^^^
  File "/Users/mehriddinmengturayev/Downloads/shopbot/.venv/lib/python3.13/site-packages/aiosqlite/cursor.py", line 48, in execute
    await self._execute(self._cursor.execute, sql, parameters)
  File "/Users/mehriddinmengturayev/Downloads/shopbot/.venv/lib/python3.13/site-packages/aiosqlite/cursor.py", line 40, in _execute
    return await self._conn._execute(fn, *args, **kwargs)
           ^^^^^^^^^^^^^^^^^^^^^^^^^^^^^^^^^^^^^^^^^^^^^^
  File "/Users/mehriddinmengturayev/Downloads/shopbot/.venv/lib/python3.13/site-packages/aiosqlite/core.py", line 132, in _execute
    return await future
           ^^^^^^^^^^^^
  File "/Users/mehriddinmengturayev/Downloads/shopbot/.venv/lib/python3.13/site-packages/aiosqlite/core.py", line 115, in run
    result = function()
sqlite3.OperationalError: no such column: orders.payment_method

The above exception was the direct cause of the following exception:

Traceback (most recent call last):
  File "/Users/mehriddinmengturayev/Downloads/shopbot/app/middlewares/error_handling.py", line 33, in __call__
    return await handler(event, data)
           ^^^^^^^^^^^^^^^^^^^^^^^^^^
  File "/Users/mehriddinmengturayev/Downloads/shopbot/app/middlewares/throttling.py", line 40, in __call__
    return await handler(event, data)
           ^^^^^^^^^^^^^^^^^^^^^^^^^^
  File "/Users/mehriddinmengturayev/Downloads/shopbot/app/middlewares/db_session.py", line 27, in __call__
    return await handler(event, data)
           ^^^^^^^^^^^^^^^^^^^^^^^^^^
  File "/Users/mehriddinmengturayev/Downloads/shopbot/app/middlewares/user_context.py", line 41, in __call__
    return await handler(event, data)
           ^^^^^^^^^^^^^^^^^^^^^^^^^^
  File "/Users/mehriddinmengturayev/Downloads/shopbot/.venv/lib/python3.13/site-packages/aiogram/dispatcher/event/telegram.py", line 121, in trigger
    return await wrapped_inner(event, kwargs)
           ^^^^^^^^^^^^^^^^^^^^^^^^^^^^^^^^^^
  File "/Users/mehriddinmengturayev/Downloads/shopbot/.venv/lib/python3.13/site-packages/aiogram/dispatcher/event/handler.py", line 43, in call
    return await wrapped()
           ^^^^^^^^^^^^^^^
  File "/Users/mehriddinmengturayev/Downloads/shopbot/.venv/lib/python3.13/site-packages/aiogram/dispatcher/dispatcher.py", line 276, in _listen_update
    return await self.propagate_event(update_type=update_type, event=event, **kwargs)
           ^^^^^^^^^^^^^^^^^^^^^^^^^^^^^^^^^^^^^^^^^^^^^^^^^^^^^^^^^^^^^^^^^^^^^^^^^^
  File "/Users/mehriddinmengturayev/Downloads/shopbot/.venv/lib/python3.13/site-packages/aiogram/dispatcher/router.py", line 146, in propagate_event
    return await observer.wrap_outer_middleware(_wrapped, event=event, data=kwargs)
           ^^^^^^^^^^^^^^^^^^^^^^^^^^^^^^^^^^^^^^^^^^^^^^^^^^^^^^^^^^^^^^^^^^^^^^^^
  File "/Users/mehriddinmengturayev/Downloads/shopbot/.venv/lib/python3.13/site-packages/aiogram/dispatcher/router.py", line 141, in _wrapped
    return await self._propagate_event(
           ^^^^^^^^^^^^^^^^^^^^^^^^^^^^
        observer=observer, update_type=update_type, event=telegram_event, **data
        ^^^^^^^^^^^^^^^^^^^^^^^^^^^^^^^^^^^^^^^^^^^^^^^^^^^^^^^^^^^^^^^^^^^^^^^^
    )
    ^
  File "/Users/mehriddinmengturayev/Downloads/shopbot/.venv/lib/python3.13/site-packages/aiogram/dispatcher/router.py", line 174, in _propagate_event
    response = await router.propagate_event(update_type=update_type, event=event, **kwargs)
               ^^^^^^^^^^^^^^^^^^^^^^^^^^^^^^^^^^^^^^^^^^^^^^^^^^^^^^^^^^^^^^^^^^^^^^^^^^^^
  File "/Users/mehriddinmengturayev/Downloads/shopbot/.venv/lib/python3.13/site-packages/aiogram/dispatcher/router.py", line 146, in propagate_event
    return await observer.wrap_outer_middleware(_wrapped, event=event, data=kwargs)
           ^^^^^^^^^^^^^^^^^^^^^^^^^^^^^^^^^^^^^^^^^^^^^^^^^^^^^^^^^^^^^^^^^^^^^^^^
  File "/Users/mehriddinmengturayev/Downloads/shopbot/.venv/lib/python3.13/site-packages/aiogram/dispatcher/router.py", line 141, in _wrapped
    return await self._propagate_event(
           ^^^^^^^^^^^^^^^^^^^^^^^^^^^^
        observer=observer, update_type=update_type, event=telegram_event, **data
        ^^^^^^^^^^^^^^^^^^^^^^^^^^^^^^^^^^^^^^^^^^^^^^^^^^^^^^^^^^^^^^^^^^^^^^^^
    )
    ^
  File "/Users/mehriddinmengturayev/Downloads/shopbot/.venv/lib/python3.13/site-packages/aiogram/dispatcher/router.py", line 174, in _propagate_event
    response = await router.propagate_event(update_type=update_type, event=event, **kwargs)
               ^^^^^^^^^^^^^^^^^^^^^^^^^^^^^^^^^^^^^^^^^^^^^^^^^^^^^^^^^^^^^^^^^^^^^^^^^^^^
  File "/Users/mehriddinmengturayev/Downloads/shopbot/.venv/lib/python3.13/site-packages/aiogram/dispatcher/router.py", line 146, in propagate_event
    return await observer.wrap_outer_middleware(_wrapped, event=event, data=kwargs)
           ^^^^^^^^^^^^^^^^^^^^^^^^^^^^^^^^^^^^^^^^^^^^^^^^^^^^^^^^^^^^^^^^^^^^^^^^
  File "/Users/mehriddinmengturayev/Downloads/shopbot/.venv/lib/python3.13/site-packages/aiogram/dispatcher/router.py", line 141, in _wrapped
    return await self._propagate_event(
           ^^^^^^^^^^^^^^^^^^^^^^^^^^^^
        observer=observer, update_type=update_type, event=telegram_event, **data
        ^^^^^^^^^^^^^^^^^^^^^^^^^^^^^^^^^^^^^^^^^^^^^^^^^^^^^^^^^^^^^^^^^^^^^^^^
    )
    ^
  File "/Users/mehriddinmengturayev/Downloads/shopbot/.venv/lib/python3.13/site-packages/aiogram/dispatcher/router.py", line 166, in _propagate_event
    response = await observer.trigger(event, **kwargs)
               ^^^^^^^^^^^^^^^^^^^^^^^^^^^^^^^^^^^^^^^
  File "/Users/mehriddinmengturayev/Downloads/shopbot/.venv/lib/python3.13/site-packages/aiogram/dispatcher/event/telegram.py", line 121, in trigger
    return await wrapped_inner(event, kwargs)
           ^^^^^^^^^^^^^^^^^^^^^^^^^^^^^^^^^^
  File "/Users/mehriddinmengturayev/Downloads/shopbot/.venv/lib/python3.13/site-packages/aiogram/dispatcher/event/handler.py", line 43, in call
    return await wrapped()
           ^^^^^^^^^^^^^^^
  File "/Users/mehriddinmengturayev/Downloads/shopbot/app/handlers/user/orders.py", line 17, in my_orders
    orders = await OrderRepository(session).list_by_user(user.id)
             ^^^^^^^^^^^^^^^^^^^^^^^^^^^^^^^^^^^^^^^^^^^^^^^^^^^^
  File "/Users/mehriddinmengturayev/Downloads/shopbot/app/repositories/order_repo.py", line 74, in list_by_user
    result = await self.session.execute(
             ^^^^^^^^^^^^^^^^^^^^^^^^^^^
    ...<5 lines>...
    )
    ^
  File "/Users/mehriddinmengturayev/Downloads/shopbot/.venv/lib/python3.13/site-packages/sqlalchemy/ext/asyncio/session.py", line 461, in execute
    result = await greenlet_spawn(
             ^^^^^^^^^^^^^^^^^^^^^
    ...<6 lines>...
    )
    ^
  File "/Users/mehriddinmengturayev/Downloads/shopbot/.venv/lib/python3.13/site-packages/sqlalchemy/util/_concurrency_py3k.py", line 201, in greenlet_spawn
    result = context.throw(*sys.exc_info())
  File "/Users/mehriddinmengturayev/Downloads/shopbot/.venv/lib/python3.13/site-packages/sqlalchemy/orm/session.py", line 2362, in execute
    return self._execute_internal(
           ~~~~~~~~~~~~~~~~~~~~~~^
        statement,
        ^^^^^^^^^^
    ...<4 lines>...
        _add_event=_add_event,
        ^^^^^^^^^^^^^^^^^^^^^^
    )
    ^
  File "/Users/mehriddinmengturayev/Downloads/shopbot/.venv/lib/python3.13/site-packages/sqlalchemy/orm/session.py", line 2247, in _execute_internal
    result: Result[Any] = compile_state_cls.orm_execute_statement(
                          ~~~~~~~~~~~~~~~~~~~~~~~~~~~~~~~~~~~~~~~^
        self,
        ^^^^^
    ...<4 lines>...
        conn,
        ^^^^^
    )
    ^
  File "/Users/mehriddinmengturayev/Downloads/shopbot/.venv/lib/python3.13/site-packages/sqlalchemy/orm/context.py", line 305, in orm_execute_statement
    result = conn.execute(
        statement, params or {}, execution_options=execution_options
    )
  File "/Users/mehriddinmengturayev/Downloads/shopbot/.venv/lib/python3.13/site-packages/sqlalchemy/engine/base.py", line 1418, in execute
    return meth(
        self,
        distilled_parameters,
        execution_options or NO_OPTIONS,
    )
  File "/Users/mehriddinmengturayev/Downloads/shopbot/.venv/lib/python3.13/site-packages/sqlalchemy/sql/elements.py", line 515, in _execute_on_connection
    return connection._execute_clauseelement(
           ~~~~~~~~~~~~~~~~~~~~~~~~~~~~~~~~~^
        self, distilled_params, execution_options
        ^^^^^^^^^^^^^^^^^^^^^^^^^^^^^^^^^^^^^^^^^
    )
    ^
  File "/Users/mehriddinmengturayev/Downloads/shopbot/.venv/lib/python3.13/site-packages/sqlalchemy/engine/base.py", line 1640, in _execute_clauseelement
    ret = self._execute_context(
        dialect,
    ...<8 lines>...
        cache_hit=cache_hit,
    )
  File "/Users/mehriddinmengturayev/Downloads/shopbot/.venv/lib/python3.13/site-packages/sqlalchemy/engine/base.py", line 1846, in _execute_context
    return self._exec_single_context(
           ~~~~~~~~~~~~~~~~~~~~~~~~~^
        dialect, context, statement, parameters
        ^^^^^^^^^^^^^^^^^^^^^^^^^^^^^^^^^^^^^^^
    )
    ^
  File "/Users/mehriddinmengturayev/Downloads/shopbot/.venv/lib/python3.13/site-packages/sqlalchemy/engine/base.py", line 1986, in _exec_single_context
    self._handle_dbapi_exception(
    ~~~~~~~~~~~~~~~~~~~~~~~~~~~~^
        e, str_statement, effective_parameters, cursor, context
        ^^^^^^^^^^^^^^^^^^^^^^^^^^^^^^^^^^^^^^^^^^^^^^^^^^^^^^^
    )
    ^
  File "/Users/mehriddinmengturayev/Downloads/shopbot/.venv/lib/python3.13/site-packages/sqlalchemy/engine/base.py", line 2355, in _handle_dbapi_exception
    raise sqlalchemy_exception.with_traceback(exc_info[2]) from e
  File "/Users/mehriddinmengturayev/Downloads/shopbot/.venv/lib/python3.13/site-packages/sqlalchemy/engine/base.py", line 1967, in _exec_single_context
    self.dialect.do_execute(
    ~~~~~~~~~~~~~~~~~~~~~~~^
        cursor, str_statement, effective_parameters, context
        ^^^^^^^^^^^^^^^^^^^^^^^^^^^^^^^^^^^^^^^^^^^^^^^^^^^^
    )
    ^
  File "/Users/mehriddinmengturayev/Downloads/shopbot/.venv/lib/python3.13/site-packages/sqlalchemy/engine/default.py", line 941, in do_execute
    cursor.execute(statement, parameters)
    ~~~~~~~~~~~~~~^^^^^^^^^^^^^^^^^^^^^^^
  File "/Users/mehriddinmengturayev/Downloads/shopbot/.venv/lib/python3.13/site-packages/sqlalchemy/dialects/sqlite/aiosqlite.py", line 147, in execute
    self._adapt_connection._handle_exception(error)
    ~~~~~~~~~~~~~~~~~~~~~~~~~~~~~~~~~~~~~~~~^^^^^^^
  File "/Users/mehriddinmengturayev/Downloads/shopbot/.venv/lib/python3.13/site-packages/sqlalchemy/dialects/sqlite/aiosqlite.py", line 298, in _handle_exception
    raise error
  File "/Users/mehriddinmengturayev/Downloads/shopbot/.venv/lib/python3.13/site-packages/sqlalchemy/dialects/sqlite/aiosqlite.py", line 129, in execute
    self.await_(_cursor.execute(operation, parameters))
    ~~~~~~~~~~~^^^^^^^^^^^^^^^^^^^^^^^^^^^^^^^^^^^^^^^^
  File "/Users/mehriddinmengturayev/Downloads/shopbot/.venv/lib/python3.13/site-packages/sqlalchemy/util/_concurrency_py3k.py", line 132, in await_only
    return current.parent.switch(awaitable)  # type: ignore[no-any-return,attr-defined] # noqa: E501
           ~~~~~~~~~~~~~~~~~~~~~^^^^^^^^^^^
  File "/Users/mehriddinmengturayev/Downloads/shopbot/.venv/lib/python3.13/site-packages/sqlalchemy/util/_concurrency_py3k.py", line 196, in greenlet_spawn
    value = await result
            ^^^^^^^^^^^^
  File "/Users/mehriddinmengturayev/Downloads/shopbot/.venv/lib/python3.13/site-packages/aiosqlite/cursor.py", line 48, in execute
    await self._execute(self._cursor.execute, sql, parameters)
  File "/Users/mehriddinmengturayev/Downloads/shopbot/.venv/lib/python3.13/site-packages/aiosqlite/cursor.py", line 40, in _execute
    return await self._conn._execute(fn, *args, **kwargs)
           ^^^^^^^^^^^^^^^^^^^^^^^^^^^^^^^^^^^^^^^^^^^^^^
  File "/Users/mehriddinmengturayev/Downloads/shopbot/.venv/lib/python3.13/site-packages/aiosqlite/core.py", line 132, in _execute
    return await future
           ^^^^^^^^^^^^
  File "/Users/mehriddinmengturayev/Downloads/shopbot/.venv/lib/python3.13/site-packages/aiosqlite/core.py", line 115, in run
    result = function()
sqlalchemy.exc.OperationalError: (sqlite3.OperationalError) no such column: orders.payment_method
[SQL: SELECT orders.id, orders.order_uuid, orders.user_id, orders.product_id, orders.price_at_purchase, orders.currency, orders.status, orders.payment_method, orders.crypto_provider, orders.crypto_invoice_id, orders.crypto_pay_url, orders.decided_by_admin_id, orders.decided_at, orders.rejection_reason, orders.delivered_payload, orders.delivered_at, orders.created_at, orders.updated_at 
FROM orders 
WHERE orders.user_id = ? ORDER BY orders.id DESC
 LIMIT ? OFFSET ?]
[parameters: (1, 20, 0)]
(Background on this error at: https://sqlalche.me/e/20/e3q8)
2026-07-30 20:39:58,025 | ERROR    | providers | Crypto poller iteration failed
Traceback (most recent call last):
  File "/Users/mehriddinmengturayev/Downloads/shopbot/.venv/lib/python3.13/site-packages/sqlalchemy/engine/base.py", line 1967, in _exec_single_context
    self.dialect.do_execute(
    ~~~~~~~~~~~~~~~~~~~~~~~^
        cursor, str_statement, effective_parameters, context
        ^^^^^^^^^^^^^^^^^^^^^^^^^^^^^^^^^^^^^^^^^^^^^^^^^^^^
    )
    ^
  File "/Users/mehriddinmengturayev/Downloads/shopbot/.venv/lib/python3.13/site-packages/sqlalchemy/engine/default.py", line 941, in do_execute
    cursor.execute(statement, parameters)
    ~~~~~~~~~~~~~~^^^^^^^^^^^^^^^^^^^^^^^
  File "/Users/mehriddinmengturayev/Downloads/shopbot/.venv/lib/python3.13/site-packages/sqlalchemy/dialects/sqlite/aiosqlite.py", line 147, in execute
    self._adapt_connection._handle_exception(error)
    ~~~~~~~~~~~~~~~~~~~~~~~~~~~~~~~~~~~~~~~~^^^^^^^
  File "/Users/mehriddinmengturayev/Downloads/shopbot/.venv/lib/python3.13/site-packages/sqlalchemy/dialects/sqlite/aiosqlite.py", line 298, in _handle_exception
    raise error
  File "/Users/mehriddinmengturayev/Downloads/shopbot/.venv/lib/python3.13/site-packages/sqlalchemy/dialects/sqlite/aiosqlite.py", line 129, in execute
    self.await_(_cursor.execute(operation, parameters))
    ~~~~~~~~~~~^^^^^^^^^^^^^^^^^^^^^^^^^^^^^^^^^^^^^^^^
  File "/Users/mehriddinmengturayev/Downloads/shopbot/.venv/lib/python3.13/site-packages/sqlalchemy/util/_concurrency_py3k.py", line 132, in await_only
    return current.parent.switch(awaitable)  # type: ignore[no-any-return,attr-defined] # noqa: E501
           ~~~~~~~~~~~~~~~~~~~~~^^^^^^^^^^^
  File "/Users/mehriddinmengturayev/Downloads/shopbot/.venv/lib/python3.13/site-packages/sqlalchemy/util/_concurrency_py3k.py", line 196, in greenlet_spawn
    value = await result
            ^^^^^^^^^^^^
  File "/Users/mehriddinmengturayev/Downloads/shopbot/.venv/lib/python3.13/site-packages/aiosqlite/cursor.py", line 48, in execute
    await self._execute(self._cursor.execute, sql, parameters)
  File "/Users/mehriddinmengturayev/Downloads/shopbot/.venv/lib/python3.13/site-packages/aiosqlite/cursor.py", line 40, in _execute
    return await self._conn._execute(fn, *args, **kwargs)
           ^^^^^^^^^^^^^^^^^^^^^^^^^^^^^^^^^^^^^^^^^^^^^^
  File "/Users/mehriddinmengturayev/Downloads/shopbot/.venv/lib/python3.13/site-packages/aiosqlite/core.py", line 132, in _execute
    return await future
           ^^^^^^^^^^^^
  File "/Users/mehriddinmengturayev/Downloads/shopbot/.venv/lib/python3.13/site-packages/aiosqlite/core.py", line 115, in run
    result = function()
sqlite3.OperationalError: no such column: orders.payment_method

The above exception was the direct cause of the following exception:

Traceback (most recent call last):
  File "/Users/mehriddinmengturayev/Downloads/shopbot/app/services/crypto_poller.py", line 33, in crypto_poller_loop
    await _poll_once(bot)
  File "/Users/mehriddinmengturayev/Downloads/shopbot/app/services/crypto_poller.py", line 44, in _poll_once
    pending = await orders_repo.list_awaiting_crypto_payment()
              ^^^^^^^^^^^^^^^^^^^^^^^^^^^^^^^^^^^^^^^^^^^^^^^^
  File "/Users/mehriddinmengturayev/Downloads/shopbot/app/repositories/order_repo.py", line 47, in list_awaiting_crypto_payment
    result = await self.session.execute(
             ^^^^^^^^^^^^^^^^^^^^^^^^^^^
    ...<3 lines>...
    )
    ^
  File "/Users/mehriddinmengturayev/Downloads/shopbot/.venv/lib/python3.13/site-packages/sqlalchemy/ext/asyncio/session.py", line 461, in execute
    result = await greenlet_spawn(
             ^^^^^^^^^^^^^^^^^^^^^
    ...<6 lines>...
    )
    ^
  File "/Users/mehriddinmengturayev/Downloads/shopbot/.venv/lib/python3.13/site-packages/sqlalchemy/util/_concurrency_py3k.py", line 201, in greenlet_spawn
    result = context.throw(*sys.exc_info())
  File "/Users/mehriddinmengturayev/Downloads/shopbot/.venv/lib/python3.13/site-packages/sqlalchemy/orm/session.py", line 2362, in execute
    return self._execute_internal(
           ~~~~~~~~~~~~~~~~~~~~~~^
        statement,
        ^^^^^^^^^^
    ...<4 lines>...
        _add_event=_add_event,
        ^^^^^^^^^^^^^^^^^^^^^^
    )
    ^
  File "/Users/mehriddinmengturayev/Downloads/shopbot/.venv/lib/python3.13/site-packages/sqlalchemy/orm/session.py", line 2247, in _execute_internal
    result: Result[Any] = compile_state_cls.orm_execute_statement(
                          ~~~~~~~~~~~~~~~~~~~~~~~~~~~~~~~~~~~~~~~^
        self,
        ^^^^^
    ...<4 lines>...
        conn,
        ^^^^^
    )
    ^
  File "/Users/mehriddinmengturayev/Downloads/shopbot/.venv/lib/python3.13/site-packages/sqlalchemy/orm/context.py", line 305, in orm_execute_statement
    result = conn.execute(
        statement, params or {}, execution_options=execution_options
    )
  File "/Users/mehriddinmengturayev/Downloads/shopbot/.venv/lib/python3.13/site-packages/sqlalchemy/engine/base.py", line 1418, in execute
    return meth(
        self,
        distilled_parameters,
        execution_options or NO_OPTIONS,
    )
  File "/Users/mehriddinmengturayev/Downloads/shopbot/.venv/lib/python3.13/site-packages/sqlalchemy/sql/elements.py", line 515, in _execute_on_connection
    return connection._execute_clauseelement(
           ~~~~~~~~~~~~~~~~~~~~~~~~~~~~~~~~~^
        self, distilled_params, execution_options
        ^^^^^^^^^^^^^^^^^^^^^^^^^^^^^^^^^^^^^^^^^
    )
    ^
  File "/Users/mehriddinmengturayev/Downloads/shopbot/.venv/lib/python3.13/site-packages/sqlalchemy/engine/base.py", line 1640, in _execute_clauseelement
    ret = self._execute_context(
        dialect,
    ...<8 lines>...
        cache_hit=cache_hit,
    )
  File "/Users/mehriddinmengturayev/Downloads/shopbot/.venv/lib/python3.13/site-packages/sqlalchemy/engine/base.py", line 1846, in _execute_context
    return self._exec_single_context(
           ~~~~~~~~~~~~~~~~~~~~~~~~~^
        dialect, context, statement, parameters
        ^^^^^^^^^^^^^^^^^^^^^^^^^^^^^^^^^^^^^^^
    )
    ^
  File "/Users/mehriddinmengturayev/Downloads/shopbot/.venv/lib/python3.13/site-packages/sqlalchemy/engine/base.py", line 1986, in _exec_single_context
    self._handle_dbapi_exception(
    ~~~~~~~~~~~~~~~~~~~~~~~~~~~~^
        e, str_statement, effective_parameters, cursor, context
        ^^^^^^^^^^^^^^^^^^^^^^^^^^^^^^^^^^^^^^^^^^^^^^^^^^^^^^^
    )
    ^
  File "/Users/mehriddinmengturayev/Downloads/shopbot/.venv/lib/python3.13/site-packages/sqlalchemy/engine/base.py", line 2355, in _handle_dbapi_exception
    raise sqlalchemy_exception.with_traceback(exc_info[2]) from e
  File "/Users/mehriddinmengturayev/Downloads/shopbot/.venv/lib/python3.13/site-packages/sqlalchemy/engine/base.py", line 1967, in _exec_single_context
    self.dialect.do_execute(
    ~~~~~~~~~~~~~~~~~~~~~~~^
        cursor, str_statement, effective_parameters, context
        ^^^^^^^^^^^^^^^^^^^^^^^^^^^^^^^^^^^^^^^^^^^^^^^^^^^^
    )
    ^
  File "/Users/mehriddinmengturayev/Downloads/shopbot/.venv/lib/python3.13/site-packages/sqlalchemy/engine/default.py", line 941, in do_execute
    cursor.execute(statement, parameters)
    ~~~~~~~~~~~~~~^^^^^^^^^^^^^^^^^^^^^^^
  File "/Users/mehriddinmengturayev/Downloads/shopbot/.venv/lib/python3.13/site-packages/sqlalchemy/dialects/sqlite/aiosqlite.py", line 147, in execute
    self._adapt_connection._handle_exception(error)
    ~~~~~~~~~~~~~~~~~~~~~~~~~~~~~~~~~~~~~~~~^^^^^^^
  File "/Users/mehriddinmengturayev/Downloads/shopbot/.venv/lib/python3.13/site-packages/sqlalchemy/dialects/sqlite/aiosqlite.py", line 298, in _handle_exception
    raise error
  File "/Users/mehriddinmengturayev/Downloads/shopbot/.venv/lib/python3.13/site-packages/sqlalchemy/dialects/sqlite/aiosqlite.py", line 129, in execute
    self.await_(_cursor.execute(operation, parameters))
    ~~~~~~~~~~~^^^^^^^^^^^^^^^^^^^^^^^^^^^^^^^^^^^^^^^^
  File "/Users/mehriddinmengturayev/Downloads/shopbot/.venv/lib/python3.13/site-packages/sqlalchemy/util/_concurrency_py3k.py", line 132, in await_only
    return current.parent.switch(awaitable)  # type: ignore[no-any-return,attr-defined] # noqa: E501
           ~~~~~~~~~~~~~~~~~~~~~^^^^^^^^^^^
  File "/Users/mehriddinmengturayev/Downloads/shopbot/.venv/lib/python3.13/site-packages/sqlalchemy/util/_concurrency_py3k.py", line 196, in greenlet_spawn
    value = await result
            ^^^^^^^^^^^^
  File "/Users/mehriddinmengturayev/Downloads/shopbot/.venv/lib/python3.13/site-packages/aiosqlite/cursor.py", line 48, in execute
    await self._execute(self._cursor.execute, sql, parameters)
  File "/Users/mehriddinmengturayev/Downloads/shopbot/.venv/lib/python3.13/site-packages/aiosqlite/cursor.py", line 40, in _execute
    return await self._conn._execute(fn, *args, **kwargs)
           ^^^^^^^^^^^^^^^^^^^^^^^^^^^^^^^^^^^^^^^^^^^^^^
  File "/Users/mehriddinmengturayev/Downloads/shopbot/.venv/lib/python3.13/site-packages/aiosqlite/core.py", line 132, in _execute
    return await future
           ^^^^^^^^^^^^
  File "/Users/mehriddinmengturayev/Downloads/shopbot/.venv/lib/python3.13/site-packages/aiosqlite/core.py", line 115, in run
    result = function()
sqlalchemy.exc.OperationalError: (sqlite3.OperationalError) no such column: orders.payment_method
[SQL: SELECT orders.id, orders.order_uuid, orders.user_id, orders.product_id, orders.price_at_purchase, orders.currency, orders.status, orders.payment_method, orders.crypto_provider, orders.crypto_invoice_id, orders.crypto_pay_url, orders.decided_by_admin_id, orders.decided_at, orders.rejection_reason, orders.delivered_payload, orders.delivered_at, orders.created_at, orders.updated_at 
FROM orders 
WHERE orders.status = ?]
[parameters: ('AWAITING_CRYPTO_PAYMENT',)]
(Background on this error at: https://sqlalche.me/e/20/e3q8)
2026-07-30 20:40:18,044 | ERROR    | providers | Crypto poller iteration failed
Traceback (most recent call last):
  File "/Users/mehriddinmengturayev/Downloads/shopbot/.venv/lib/python3.13/site-packages/sqlalchemy/engine/base.py", line 1967, in _exec_single_context
    self.dialect.do_execute(
    ~~~~~~~~~~~~~~~~~~~~~~~^
        cursor, str_statement, effective_parameters, context
        ^^^^^^^^^^^^^^^^^^^^^^^^^^^^^^^^^^^^^^^^^^^^^^^^^^^^
    )
    ^
  File "/Users/mehriddinmengturayev/Downloads/shopbot/.venv/lib/python3.13/site-packages/sqlalchemy/engine/default.py", line 941, in do_execute
    cursor.execute(statement, parameters)
    ~~~~~~~~~~~~~~^^^^^^^^^^^^^^^^^^^^^^^
  File "/Users/mehriddinmengturayev/Downloads/shopbot/.venv/lib/python3.13/site-packages/sqlalchemy/dialects/sqlite/aiosqlite.py", line 147, in execute
    self._adapt_connection._handle_exception(error)
    ~~~~~~~~~~~~~~~~~~~~~~~~~~~~~~~~~~~~~~~~^^^^^^^
  File "/Users/mehriddinmengturayev/Downloads/shopbot/.venv/lib/python3.13/site-packages/sqlalchemy/dialects/sqlite/aiosqlite.py", line 298, in _handle_exception
    raise error
  File "/Users/mehriddinmengturayev/Downloads/shopbot/.venv/lib/python3.13/site-packages/sqlalchemy/dialects/sqlite/aiosqlite.py", line 129, in execute
    self.await_(_cursor.execute(operation, parameters))
    ~~~~~~~~~~~^^^^^^^^^^^^^^^^^^^^^^^^^^^^^^^^^^^^^^^^
  File "/Users/mehriddinmengturayev/Downloads/shopbot/.venv/lib/python3.13/site-packages/sqlalchemy/util/_concurrency_py3k.py", line 132, in await_only
    return current.parent.switch(awaitable)  # type: ignore[no-any-return,attr-defined] # noqa: E501
           ~~~~~~~~~~~~~~~~~~~~~^^^^^^^^^^^
  File "/Users/mehriddinmengturayev/Downloads/shopbot/.venv/lib/python3.13/site-packages/sqlalchemy/util/_concurrency_py3k.py", line 196, in greenlet_spawn
    value = await result
            ^^^^^^^^^^^^
  File "/Users/mehriddinmengturayev/Downloads/shopbot/.venv/lib/python3.13/site-packages/aiosqlite/cursor.py", line 48, in execute
    await self._execute(self._cursor.execute, sql, parameters)
  File "/Users/mehriddinmengturayev/Downloads/shopbot/.venv/lib/python3.13/site-packages/aiosqlite/cursor.py", line 40, in _execute
    return await self._conn._execute(fn, *args, **kwargs)
           ^^^^^^^^^^^^^^^^^^^^^^^^^^^^^^^^^^^^^^^^^^^^^^
  File "/Users/mehriddinmengturayev/Downloads/shopbot/.venv/lib/python3.13/site-packages/aiosqlite/core.py", line 132, in _execute
    return await future
           ^^^^^^^^^^^^
  File "/Users/mehriddinmengturayev/Downloads/shopbot/.venv/lib/python3.13/site-packages/aiosqlite/core.py", line 115, in run
    result = function()
sqlite3.OperationalError: no such column: orders.payment_method

The above exception was the direct cause of the following exception:

Traceback (most recent call last):
  File "/Users/mehriddinmengturayev/Downloads/shopbot/app/services/crypto_poller.py", line 33, in crypto_poller_loop
    await _poll_once(bot)
  File "/Users/mehriddinmengturayev/Downloads/shopbot/app/services/crypto_poller.py", line 44, in _poll_once
    pending = await orders_repo.list_awaiting_crypto_payment()
              ^^^^^^^^^^^^^^^^^^^^^^^^^^^^^^^^^^^^^^^^^^^^^^^^
  File "/Users/mehriddinmengturayev/Downloads/shopbot/app/repositories/order_repo.py", line 47, in list_awaiting_crypto_payment
    result = await self.session.execute(
             ^^^^^^^^^^^^^^^^^^^^^^^^^^^
    ...<3 lines>...
    )
    ^
  File "/Users/mehriddinmengturayev/Downloads/shopbot/.venv/lib/python3.13/site-packages/sqlalchemy/ext/asyncio/session.py", line 461, in execute
    result = await greenlet_spawn(
             ^^^^^^^^^^^^^^^^^^^^^
    ...<6 lines>...
    )
    ^
  File "/Users/mehriddinmengturayev/Downloads/shopbot/.venv/lib/python3.13/site-packages/sqlalchemy/util/_concurrency_py3k.py", line 201, in greenlet_spawn
    result = context.throw(*sys.exc_info())
  File "/Users/mehriddinmengturayev/Downloads/shopbot/.venv/lib/python3.13/site-packages/sqlalchemy/orm/session.py", line 2362, in execute
    return self._execute_internal(
           ~~~~~~~~~~~~~~~~~~~~~~^
        statement,
        ^^^^^^^^^^
    ...<4 lines>...
        _add_event=_add_event,
        ^^^^^^^^^^^^^^^^^^^^^^
    )
    ^
  File "/Users/mehriddinmengturayev/Downloads/shopbot/.venv/lib/python3.13/site-packages/sqlalchemy/orm/session.py", line 2247, in _execute_internal
    result: Result[Any] = compile_state_cls.orm_execute_statement(
                          ~~~~~~~~~~~~~~~~~~~~~~~~~~~~~~~~~~~~~~~^
        self,
        ^^^^^
    ...<4 lines>...
        conn,
        ^^^^^
    )
    ^
  File "/Users/mehriddinmengturayev/Downloads/shopbot/.venv/lib/python3.13/site-packages/sqlalchemy/orm/context.py", line 305, in orm_execute_statement
    result = conn.execute(
        statement, params or {}, execution_options=execution_options
    )
  File "/Users/mehriddinmengturayev/Downloads/shopbot/.venv/lib/python3.13/site-packages/sqlalchemy/engine/base.py", line 1418, in execute
    return meth(
        self,
        distilled_parameters,
        execution_options or NO_OPTIONS,
    )
  File "/Users/mehriddinmengturayev/Downloads/shopbot/.venv/lib/python3.13/site-packages/sqlalchemy/sql/elements.py", line 515, in _execute_on_connection
    return connection._execute_clauseelement(
           ~~~~~~~~~~~~~~~~~~~~~~~~~~~~~~~~~^
        self, distilled_params, execution_options
        ^^^^^^^^^^^^^^^^^^^^^^^^^^^^^^^^^^^^^^^^^
    )
    ^
  File "/Users/mehriddinmengturayev/Downloads/shopbot/.venv/lib/python3.13/site-packages/sqlalchemy/engine/base.py", line 1640, in _execute_clauseelement
    ret = self._execute_context(
        dialect,
    ...<8 lines>...
        cache_hit=cache_hit,
    )
  File "/Users/mehriddinmengturayev/Downloads/shopbot/.venv/lib/python3.13/site-packages/sqlalchemy/engine/base.py", line 1846, in _execute_context
    return self._exec_single_context(
           ~~~~~~~~~~~~~~~~~~~~~~~~~^
        dialect, context, statement, parameters
        ^^^^^^^^^^^^^^^^^^^^^^^^^^^^^^^^^^^^^^^
    )
    ^
  File "/Users/mehriddinmengturayev/Downloads/shopbot/.venv/lib/python3.13/site-packages/sqlalchemy/engine/base.py", line 1986, in _exec_single_context
    self._handle_dbapi_exception(
    ~~~~~~~~~~~~~~~~~~~~~~~~~~~~^
        e, str_statement, effective_parameters, cursor, context
        ^^^^^^^^^^^^^^^^^^^^^^^^^^^^^^^^^^^^^^^^^^^^^^^^^^^^^^^
    )
    ^
  File "/Users/mehriddinmengturayev/Downloads/shopbot/.venv/lib/python3.13/site-packages/sqlalchemy/engine/base.py", line 2355, in _handle_dbapi_exception
    raise sqlalchemy_exception.with_traceback(exc_info[2]) from e
  File "/Users/mehriddinmengturayev/Downloads/shopbot/.venv/lib/python3.13/site-packages/sqlalchemy/engine/base.py", line 1967, in _exec_single_context
    self.dialect.do_execute(
    ~~~~~~~~~~~~~~~~~~~~~~~^
        cursor, str_statement, effective_parameters, context
        ^^^^^^^^^^^^^^^^^^^^^^^^^^^^^^^^^^^^^^^^^^^^^^^^^^^^
    )
    ^
  File "/Users/mehriddinmengturayev/Downloads/shopbot/.venv/lib/python3.13/site-packages/sqlalchemy/engine/default.py", line 941, in do_execute
    cursor.execute(statement, parameters)
    ~~~~~~~~~~~~~~^^^^^^^^^^^^^^^^^^^^^^^
  File "/Users/mehriddinmengturayev/Downloads/shopbot/.venv/lib/python3.13/site-packages/sqlalchemy/dialects/sqlite/aiosqlite.py", line 147, in execute
    self._adapt_connection._handle_exception(error)
    ~~~~~~~~~~~~~~~~~~~~~~~~~~~~~~~~~~~~~~~~^^^^^^^
  File "/Users/mehriddinmengturayev/Downloads/shopbot/.venv/lib/python3.13/site-packages/sqlalchemy/dialects/sqlite/aiosqlite.py", line 298, in _handle_exception
    raise error
  File "/Users/mehriddinmengturayev/Downloads/shopbot/.venv/lib/python3.13/site-packages/sqlalchemy/dialects/sqlite/aiosqlite.py", line 129, in execute
    self.await_(_cursor.execute(operation, parameters))
    ~~~~~~~~~~~^^^^^^^^^^^^^^^^^^^^^^^^^^^^^^^^^^^^^^^^
  File "/Users/mehriddinmengturayev/Downloads/shopbot/.venv/lib/python3.13/site-packages/sqlalchemy/util/_concurrency_py3k.py", line 132, in await_only
    return current.parent.switch(awaitable)  # type: ignore[no-any-return,attr-defined] # noqa: E501
           ~~~~~~~~~~~~~~~~~~~~~^^^^^^^^^^^
  File "/Users/mehriddinmengturayev/Downloads/shopbot/.venv/lib/python3.13/site-packages/sqlalchemy/util/_concurrency_py3k.py", line 196, in greenlet_spawn
    value = await result
            ^^^^^^^^^^^^
  File "/Users/mehriddinmengturayev/Downloads/shopbot/.venv/lib/python3.13/site-packages/aiosqlite/cursor.py", line 48, in execute
    await self._execute(self._cursor.execute, sql, parameters)
  File "/Users/mehriddinmengturayev/Downloads/shopbot/.venv/lib/python3.13/site-packages/aiosqlite/cursor.py", line 40, in _execute
    return await self._conn._execute(fn, *args, **kwargs)
           ^^^^^^^^^^^^^^^^^^^^^^^^^^^^^^^^^^^^^^^^^^^^^^
  File "/Users/mehriddinmengturayev/Downloads/shopbot/.venv/lib/python3.13/site-packages/aiosqlite/core.py", line 132, in _execute
    return await future
           ^^^^^^^^^^^^
  File "/Users/mehriddinmengturayev/Downloads/shopbot/.venv/lib/python3.13/site-packages/aiosqlite/core.py", line 115, in run
    result = function()
sqlalchemy.exc.OperationalError: (sqlite3.OperationalError) no such column: orders.payment_method
[SQL: SELECT orders.id, orders.order_uuid, orders.user_id, orders.product_id, orders.price_at_purchase, orders.currency, orders.status, orders.payment_method, orders.crypto_provider, orders.crypto_invoice_id, orders.crypto_pay_url, orders.decided_by_admin_id, orders.decided_at, orders.rejection_reason, orders.delivered_payload, orders.delivered_at, orders.created_at, orders.updated_at 
FROM orders 
WHERE orders.status = ?]
[parameters: ('AWAITING_CRYPTO_PAYMENT',)]
(Background on this error at: https://sqlalche.me/e/20/e3q8)
2026-07-30 20:40:20,420 | ERROR    | app.middlewares.error_handling | Unhandled exception while processing update
Traceback (most recent call last):
  File "/Users/mehriddinmengturayev/Downloads/shopbot/.venv/lib/python3.13/site-packages/sqlalchemy/engine/base.py", line 1967, in _exec_single_context
    self.dialect.do_execute(
    ~~~~~~~~~~~~~~~~~~~~~~~^
        cursor, str_statement, effective_parameters, context
        ^^^^^^^^^^^^^^^^^^^^^^^^^^^^^^^^^^^^^^^^^^^^^^^^^^^^
    )
    ^
  File "/Users/mehriddinmengturayev/Downloads/shopbot/.venv/lib/python3.13/site-packages/sqlalchemy/engine/default.py", line 941, in do_execute
    cursor.execute(statement, parameters)
    ~~~~~~~~~~~~~~^^^^^^^^^^^^^^^^^^^^^^^
  File "/Users/mehriddinmengturayev/Downloads/shopbot/.venv/lib/python3.13/site-packages/sqlalchemy/dialects/sqlite/aiosqlite.py", line 147, in execute
    self._adapt_connection._handle_exception(error)
    ~~~~~~~~~~~~~~~~~~~~~~~~~~~~~~~~~~~~~~~~^^^^^^^
  File "/Users/mehriddinmengturayev/Downloads/shopbot/.venv/lib/python3.13/site-packages/sqlalchemy/dialects/sqlite/aiosqlite.py", line 298, in _handle_exception
    raise error
  File "/Users/mehriddinmengturayev/Downloads/shopbot/.venv/lib/python3.13/site-packages/sqlalchemy/dialects/sqlite/aiosqlite.py", line 129, in execute
    self.await_(_cursor.execute(operation, parameters))
    ~~~~~~~~~~~^^^^^^^^^^^^^^^^^^^^^^^^^^^^^^^^^^^^^^^^
  File "/Users/mehriddinmengturayev/Downloads/shopbot/.venv/lib/python3.13/site-packages/sqlalchemy/util/_concurrency_py3k.py", line 132, in await_only
    return current.parent.switch(awaitable)  # type: ignore[no-any-return,attr-defined] # noqa: E501
           ~~~~~~~~~~~~~~~~~~~~~^^^^^^^^^^^
  File "/Users/mehriddinmengturayev/Downloads/shopbot/.venv/lib/python3.13/site-packages/sqlalchemy/util/_concurrency_py3k.py", line 196, in greenlet_spawn
    value = await result
            ^^^^^^^^^^^^
  File "/Users/mehriddinmengturayev/Downloads/shopbot/.venv/lib/python3.13/site-packages/aiosqlite/cursor.py", line 48, in execute
    await self._execute(self._cursor.execute, sql, parameters)
  File "/Users/mehriddinmengturayev/Downloads/shopbot/.venv/lib/python3.13/site-packages/aiosqlite/cursor.py", line 40, in _execute
    return await self._conn._execute(fn, *args, **kwargs)
           ^^^^^^^^^^^^^^^^^^^^^^^^^^^^^^^^^^^^^^^^^^^^^^
  File "/Users/mehriddinmengturayev/Downloads/shopbot/.venv/lib/python3.13/site-packages/aiosqlite/core.py", line 132, in _execute
    return await future
           ^^^^^^^^^^^^
  File "/Users/mehriddinmengturayev/Downloads/shopbot/.venv/lib/python3.13/site-packages/aiosqlite/core.py", line 115, in run
    result = function()
sqlite3.OperationalError: no such column: products.price_usd

The above exception was the direct cause of the following exception:

Traceback (most recent call last):
  File "/Users/mehriddinmengturayev/Downloads/shopbot/app/middlewares/error_handling.py", line 33, in __call__
    return await handler(event, data)
           ^^^^^^^^^^^^^^^^^^^^^^^^^^
  File "/Users/mehriddinmengturayev/Downloads/shopbot/app/middlewares/throttling.py", line 40, in __call__
    return await handler(event, data)
           ^^^^^^^^^^^^^^^^^^^^^^^^^^
  File "/Users/mehriddinmengturayev/Downloads/shopbot/app/middlewares/db_session.py", line 27, in __call__
    return await handler(event, data)
           ^^^^^^^^^^^^^^^^^^^^^^^^^^
  File "/Users/mehriddinmengturayev/Downloads/shopbot/app/middlewares/user_context.py", line 41, in __call__
    return await handler(event, data)
           ^^^^^^^^^^^^^^^^^^^^^^^^^^
  File "/Users/mehriddinmengturayev/Downloads/shopbot/.venv/lib/python3.13/site-packages/aiogram/dispatcher/event/telegram.py", line 121, in trigger
    return await wrapped_inner(event, kwargs)
           ^^^^^^^^^^^^^^^^^^^^^^^^^^^^^^^^^^
  File "/Users/mehriddinmengturayev/Downloads/shopbot/.venv/lib/python3.13/site-packages/aiogram/dispatcher/event/handler.py", line 43, in call
    return await wrapped()
           ^^^^^^^^^^^^^^^
  File "/Users/mehriddinmengturayev/Downloads/shopbot/.venv/lib/python3.13/site-packages/aiogram/dispatcher/dispatcher.py", line 276, in _listen_update
    return await self.propagate_event(update_type=update_type, event=event, **kwargs)
           ^^^^^^^^^^^^^^^^^^^^^^^^^^^^^^^^^^^^^^^^^^^^^^^^^^^^^^^^^^^^^^^^^^^^^^^^^^
  File "/Users/mehriddinmengturayev/Downloads/shopbot/.venv/lib/python3.13/site-packages/aiogram/dispatcher/router.py", line 146, in propagate_event
    return await observer.wrap_outer_middleware(_wrapped, event=event, data=kwargs)
           ^^^^^^^^^^^^^^^^^^^^^^^^^^^^^^^^^^^^^^^^^^^^^^^^^^^^^^^^^^^^^^^^^^^^^^^^
  File "/Users/mehriddinmengturayev/Downloads/shopbot/.venv/lib/python3.13/site-packages/aiogram/dispatcher/router.py", line 141, in _wrapped
    return await self._propagate_event(
           ^^^^^^^^^^^^^^^^^^^^^^^^^^^^
        observer=observer, update_type=update_type, event=telegram_event, **data
        ^^^^^^^^^^^^^^^^^^^^^^^^^^^^^^^^^^^^^^^^^^^^^^^^^^^^^^^^^^^^^^^^^^^^^^^^
    )
    ^
  File "/Users/mehriddinmengturayev/Downloads/shopbot/.venv/lib/python3.13/site-packages/aiogram/dispatcher/router.py", line 174, in _propagate_event
    response = await router.propagate_event(update_type=update_type, event=event, **kwargs)
               ^^^^^^^^^^^^^^^^^^^^^^^^^^^^^^^^^^^^^^^^^^^^^^^^^^^^^^^^^^^^^^^^^^^^^^^^^^^^
  File "/Users/mehriddinmengturayev/Downloads/shopbot/.venv/lib/python3.13/site-packages/aiogram/dispatcher/router.py", line 146, in propagate_event
    return await observer.wrap_outer_middleware(_wrapped, event=event, data=kwargs)
           ^^^^^^^^^^^^^^^^^^^^^^^^^^^^^^^^^^^^^^^^^^^^^^^^^^^^^^^^^^^^^^^^^^^^^^^^
  File "/Users/mehriddinmengturayev/Downloads/shopbot/.venv/lib/python3.13/site-packages/aiogram/dispatcher/router.py", line 141, in _wrapped
    return await self._propagate_event(
           ^^^^^^^^^^^^^^^^^^^^^^^^^^^^
        observer=observer, update_type=update_type, event=telegram_event, **data
        ^^^^^^^^^^^^^^^^^^^^^^^^^^^^^^^^^^^^^^^^^^^^^^^^^^^^^^^^^^^^^^^^^^^^^^^^
    )
    ^
  File "/Users/mehriddinmengturayev/Downloads/shopbot/.venv/lib/python3.13/site-packages/aiogram/dispatcher/router.py", line 174, in _propagate_event
    response = await router.propagate_event(update_type=update_type, event=event, **kwargs)
               ^^^^^^^^^^^^^^^^^^^^^^^^^^^^^^^^^^^^^^^^^^^^^^^^^^^^^^^^^^^^^^^^^^^^^^^^^^^^
  File "/Users/mehriddinmengturayev/Downloads/shopbot/.venv/lib/python3.13/site-packages/aiogram/dispatcher/router.py", line 146, in propagate_event
    return await observer.wrap_outer_middleware(_wrapped, event=event, data=kwargs)
           ^^^^^^^^^^^^^^^^^^^^^^^^^^^^^^^^^^^^^^^^^^^^^^^^^^^^^^^^^^^^^^^^^^^^^^^^
  File "/Users/mehriddinmengturayev/Downloads/shopbot/.venv/lib/python3.13/site-packages/aiogram/dispatcher/router.py", line 141, in _wrapped
    return await self._propagate_event(
           ^^^^^^^^^^^^^^^^^^^^^^^^^^^^
        observer=observer, update_type=update_type, event=telegram_event, **data
        ^^^^^^^^^^^^^^^^^^^^^^^^^^^^^^^^^^^^^^^^^^^^^^^^^^^^^^^^^^^^^^^^^^^^^^^^
    )
    ^
  File "/Users/mehriddinmengturayev/Downloads/shopbot/.venv/lib/python3.13/site-packages/aiogram/dispatcher/router.py", line 166, in _propagate_event
    response = await observer.trigger(event, **kwargs)
               ^^^^^^^^^^^^^^^^^^^^^^^^^^^^^^^^^^^^^^^
  File "/Users/mehriddinmengturayev/Downloads/shopbot/.venv/lib/python3.13/site-packages/aiogram/dispatcher/event/telegram.py", line 121, in trigger
    return await wrapped_inner(event, kwargs)
           ^^^^^^^^^^^^^^^^^^^^^^^^^^^^^^^^^^
  File "/Users/mehriddinmengturayev/Downloads/shopbot/.venv/lib/python3.13/site-packages/aiogram/dispatcher/event/handler.py", line 43, in call
    return await wrapped()
           ^^^^^^^^^^^^^^^
  File "/Users/mehriddinmengturayev/Downloads/shopbot/app/handlers/admin/products.py", line 65, in products_menu
    products = await ProductRepository(session).list_all()
               ^^^^^^^^^^^^^^^^^^^^^^^^^^^^^^^^^^^^^^^^^^^
  File "/Users/mehriddinmengturayev/Downloads/shopbot/app/repositories/product_repo.py", line 24, in list_all
    result = await self.session.execute(
             ^^^^^^^^^^^^^^^^^^^^^^^^^^^
        select(Product).order_by(Product.sort_order, Product.id)
        ^^^^^^^^^^^^^^^^^^^^^^^^^^^^^^^^^^^^^^^^^^^^^^^^^^^^^^^^
    )
    ^
  File "/Users/mehriddinmengturayev/Downloads/shopbot/.venv/lib/python3.13/site-packages/sqlalchemy/ext/asyncio/session.py", line 461, in execute
    result = await greenlet_spawn(
             ^^^^^^^^^^^^^^^^^^^^^
    ...<6 lines>...
    )
    ^
  File "/Users/mehriddinmengturayev/Downloads/shopbot/.venv/lib/python3.13/site-packages/sqlalchemy/util/_concurrency_py3k.py", line 201, in greenlet_spawn
    result = context.throw(*sys.exc_info())
  File "/Users/mehriddinmengturayev/Downloads/shopbot/.venv/lib/python3.13/site-packages/sqlalchemy/orm/session.py", line 2362, in execute
    return self._execute_internal(
           ~~~~~~~~~~~~~~~~~~~~~~^
        statement,
        ^^^^^^^^^^
    ...<4 lines>...
        _add_event=_add_event,
        ^^^^^^^^^^^^^^^^^^^^^^
    )
    ^
  File "/Users/mehriddinmengturayev/Downloads/shopbot/.venv/lib/python3.13/site-packages/sqlalchemy/orm/session.py", line 2247, in _execute_internal
    result: Result[Any] = compile_state_cls.orm_execute_statement(
                          ~~~~~~~~~~~~~~~~~~~~~~~~~~~~~~~~~~~~~~~^
        self,
        ^^^^^
    ...<4 lines>...
        conn,
        ^^^^^
    )
    ^
  File "/Users/mehriddinmengturayev/Downloads/shopbot/.venv/lib/python3.13/site-packages/sqlalchemy/orm/context.py", line 305, in orm_execute_statement
    result = conn.execute(
        statement, params or {}, execution_options=execution_options
    )
  File "/Users/mehriddinmengturayev/Downloads/shopbot/.venv/lib/python3.13/site-packages/sqlalchemy/engine/base.py", line 1418, in execute
    return meth(
        self,
        distilled_parameters,
        execution_options or NO_OPTIONS,
    )
  File "/Users/mehriddinmengturayev/Downloads/shopbot/.venv/lib/python3.13/site-packages/sqlalchemy/sql/elements.py", line 515, in _execute_on_connection
    return connection._execute_clauseelement(
           ~~~~~~~~~~~~~~~~~~~~~~~~~~~~~~~~~^
        self, distilled_params, execution_options
        ^^^^^^^^^^^^^^^^^^^^^^^^^^^^^^^^^^^^^^^^^
    )
    ^
  File "/Users/mehriddinmengturayev/Downloads/shopbot/.venv/lib/python3.13/site-packages/sqlalchemy/engine/base.py", line 1640, in _execute_clauseelement
    ret = self._execute_context(
        dialect,
    ...<8 lines>...
        cache_hit=cache_hit,
    )
  File "/Users/mehriddinmengturayev/Downloads/shopbot/.venv/lib/python3.13/site-packages/sqlalchemy/engine/base.py", line 1846, in _execute_context
    return self._exec_single_context(
           ~~~~~~~~~~~~~~~~~~~~~~~~~^
        dialect, context, statement, parameters
        ^^^^^^^^^^^^^^^^^^^^^^^^^^^^^^^^^^^^^^^
    )
    ^
  File "/Users/mehriddinmengturayev/Downloads/shopbot/.venv/lib/python3.13/site-packages/sqlalchemy/engine/base.py", line 1986, in _exec_single_context
    self._handle_dbapi_exception(
    ~~~~~~~~~~~~~~~~~~~~~~~~~~~~^
        e, str_statement, effective_parameters, cursor, context
        ^^^^^^^^^^^^^^^^^^^^^^^^^^^^^^^^^^^^^^^^^^^^^^^^^^^^^^^
    )
    ^
  File "/Users/mehriddinmengturayev/Downloads/shopbot/.venv/lib/python3.13/site-packages/sqlalchemy/engine/base.py", line 2355, in _handle_dbapi_exception
    raise sqlalchemy_exception.with_traceback(exc_info[2]) from e
  File "/Users/mehriddinmengturayev/Downloads/shopbot/.venv/lib/python3.13/site-packages/sqlalchemy/engine/base.py", line 1967, in _exec_single_context
    self.dialect.do_execute(
    ~~~~~~~~~~~~~~~~~~~~~~~^
        cursor, str_statement, effective_parameters, context
        ^^^^^^^^^^^^^^^^^^^^^^^^^^^^^^^^^^^^^^^^^^^^^^^^^^^^
    )
    ^
  File "/Users/mehriddinmengturayev/Downloads/shopbot/.venv/lib/python3.13/site-packages/sqlalchemy/engine/default.py", line 941, in do_execute
    cursor.execute(statement, parameters)
    ~~~~~~~~~~~~~~^^^^^^^^^^^^^^^^^^^^^^^
  File "/Users/mehriddinmengturayev/Downloads/shopbot/.venv/lib/python3.13/site-packages/sqlalchemy/dialects/sqlite/aiosqlite.py", line 147, in execute
    self._adapt_connection._handle_exception(error)
    ~~~~~~~~~~~~~~~~~~~~~~~~~~~~~~~~~~~~~~~~^^^^^^^
  File "/Users/mehriddinmengturayev/Downloads/shopbot/.venv/lib/python3.13/site-packages/sqlalchemy/dialects/sqlite/aiosqlite.py", line 298, in _handle_exception
    raise error
  File "/Users/mehriddinmengturayev/Downloads/shopbot/.venv/lib/python3.13/site-packages/sqlalchemy/dialects/sqlite/aiosqlite.py", line 129, in execute
    self.await_(_cursor.execute(operation, parameters))
    ~~~~~~~~~~~^^^^^^^^^^^^^^^^^^^^^^^^^^^^^^^^^^^^^^^^
  File "/Users/mehriddinmengturayev/Downloads/shopbot/.venv/lib/python3.13/site-packages/sqlalchemy/util/_concurrency_py3k.py", line 132, in await_only
    return current.parent.switch(awaitable)  # type: ignore[no-any-return,attr-defined] # noqa: E501
           ~~~~~~~~~~~~~~~~~~~~~^^^^^^^^^^^
  File "/Users/mehriddinmengturayev/Downloads/shopbot/.venv/lib/python3.13/site-packages/sqlalchemy/util/_concurrency_py3k.py", line 196, in greenlet_spawn
    value = await result
            ^^^^^^^^^^^^
  File "/Users/mehriddinmengturayev/Downloads/shopbot/.venv/lib/python3.13/site-packages/aiosqlite/cursor.py", line 48, in execute
    await self._execute(self._cursor.execute, sql, parameters)
  File "/Users/mehriddinmengturayev/Downloads/shopbot/.venv/lib/python3.13/site-packages/aiosqlite/cursor.py", line 40, in _execute
    return await self._conn._execute(fn, *args, **kwargs)
           ^^^^^^^^^^^^^^^^^^^^^^^^^^^^^^^^^^^^^^^^^^^^^^
  File "/Users/mehriddinmengturayev/Downloads/shopbot/.venv/lib/python3.13/site-packages/aiosqlite/core.py", line 132, in _execute
    return await future
           ^^^^^^^^^^^^
  File "/Users/mehriddinmengturayev/Downloads/shopbot/.venv/lib/python3.13/site-packages/aiosqlite/core.py", line 115, in run
    result = function()
sqlalchemy.exc.OperationalError: (sqlite3.OperationalError) no such column: products.price_usd
[SQL: SELECT products.id, products.name, products.emoji, products.description, products.price, products.currency, products.price_usd, products.image_file_id, products.delivery_mode, products.provider_key, products.manual_delivery_hint, products.payment_instructions, products.is_visible, products.sort_order, products.created_at, products.updated_at 
FROM products ORDER BY products.sort_order, products.id]
(Background on this error at: https://sqlalche.me/e/20/e3q8)
2026-07-30 20:40:38,060 | ERROR    | providers | Crypto poller iteration failed
Traceback (most recent call last):
  File "/Users/mehriddinmengturayev/Downloads/shopbot/.venv/lib/python3.13/site-packages/sqlalchemy/engine/base.py", line 1967, in _exec_single_context
    self.dialect.do_execute(
    ~~~~~~~~~~~~~~~~~~~~~~~^
        cursor, str_statement, effective_parameters, context
        ^^^^^^^^^^^^^^^^^^^^^^^^^^^^^^^^^^^^^^^^^^^^^^^^^^^^
    )
    ^
  File "/Users/mehriddinmengturayev/Downloads/shopbot/.venv/lib/python3.13/site-packages/sqlalchemy/engine/default.py", line 941, in do_execute
    cursor.execute(statement, parameters)
    ~~~~~~~~~~~~~~^^^^^^^^^^^^^^^^^^^^^^^
  File "/Users/mehriddinmengturayev/Downloads/shopbot/.venv/lib/python3.13/site-packages/sqlalchemy/dialects/sqlite/aiosqlite.py", line 147, in execute
    self._adapt_connection._handle_exception(error)
    ~~~~~~~~~~~~~~~~~~~~~~~~~~~~~~~~~~~~~~~~^^^^^^^
  File "/Users/mehriddinmengturayev/Downloads/shopbot/.venv/lib/python3.13/site-packages/sqlalchemy/dialects/sqlite/aiosqlite.py", line 298, in _handle_exception
    raise error
  File "/Users/mehriddinmengturayev/Downloads/shopbot/.venv/lib/python3.13/site-packages/sqlalchemy/dialects/sqlite/aiosqlite.py", line 129, in execute
    self.await_(_cursor.execute(operation, parameters))
    ~~~~~~~~~~~^^^^^^^^^^^^^^^^^^^^^^^^^^^^^^^^^^^^^^^^
  File "/Users/mehriddinmengturayev/Downloads/shopbot/.venv/lib/python3.13/site-packages/sqlalchemy/util/_concurrency_py3k.py", line 132, in await_only
    return current.parent.switch(awaitable)  # type: ignore[no-any-return,attr-defined] # noqa: E501
           ~~~~~~~~~~~~~~~~~~~~~^^^^^^^^^^^
  File "/Users/mehriddinmengturayev/Downloads/shopbot/.venv/lib/python3.13/site-packages/sqlalchemy/util/_concurrency_py3k.py", line 196, in greenlet_spawn
    value = await result
            ^^^^^^^^^^^^
  File "/Users/mehriddinmengturayev/Downloads/shopbot/.venv/lib/python3.13/site-packages/aiosqlite/cursor.py", line 48, in execute
    await self._execute(self._cursor.execute, sql, parameters)
  File "/Users/mehriddinmengturayev/Downloads/shopbot/.venv/lib/python3.13/site-packages/aiosqlite/cursor.py", line 40, in _execute
    return await self._conn._execute(fn, *args, **kwargs)
           ^^^^^^^^^^^^^^^^^^^^^^^^^^^^^^^^^^^^^^^^^^^^^^
  File "/Users/mehriddinmengturayev/Downloads/shopbot/.venv/lib/python3.13/site-packages/aiosqlite/core.py", line 132, in _execute
    return await future
           ^^^^^^^^^^^^
  File "/Users/mehriddinmengturayev/Downloads/shopbot/.venv/lib/python3.13/site-packages/aiosqlite/core.py", line 115, in run
    result = function()
sqlite3.OperationalError: no such column: orders.payment_method

The above exception was the direct cause of the following exception:

Traceback (most recent call last):
  File "/Users/mehriddinmengturayev/Downloads/shopbot/app/services/crypto_poller.py", line 33, in crypto_poller_loop
    await _poll_once(bot)
  File "/Users/mehriddinmengturayev/Downloads/shopbot/app/services/crypto_poller.py", line 44, in _poll_once
    pending = await orders_repo.list_awaiting_crypto_payment()
              ^^^^^^^^^^^^^^^^^^^^^^^^^^^^^^^^^^^^^^^^^^^^^^^^
  File "/Users/mehriddinmengturayev/Downloads/shopbot/app/repositories/order_repo.py", line 47, in list_awaiting_crypto_payment
    result = await self.session.execute(
             ^^^^^^^^^^^^^^^^^^^^^^^^^^^
    ...<3 lines>...
    )
    ^
  File "/Users/mehriddinmengturayev/Downloads/shopbot/.venv/lib/python3.13/site-packages/sqlalchemy/ext/asyncio/session.py", line 461, in execute
    result = await greenlet_spawn(
             ^^^^^^^^^^^^^^^^^^^^^
    ...<6 lines>...
    )
    ^
  File "/Users/mehriddinmengturayev/Downloads/shopbot/.venv/lib/python3.13/site-packages/sqlalchemy/util/_concurrency_py3k.py", line 201, in greenlet_spawn
    result = context.throw(*sys.exc_info())
  File "/Users/mehriddinmengturayev/Downloads/shopbot/.venv/lib/python3.13/site-packages/sqlalchemy/orm/session.py", line 2362, in execute
    return self._execute_internal(
           ~~~~~~~~~~~~~~~~~~~~~~^
        statement,
        ^^^^^^^^^^
    ...<4 lines>...
        _add_event=_add_event,
        ^^^^^^^^^^^^^^^^^^^^^^
    )
    ^
  File "/Users/mehriddinmengturayev/Downloads/shopbot/.venv/lib/python3.13/site-packages/sqlalchemy/orm/session.py", line 2247, in _execute_internal
    result: Result[Any] = compile_state_cls.orm_execute_statement(
                          ~~~~~~~~~~~~~~~~~~~~~~~~~~~~~~~~~~~~~~~^
        self,
        ^^^^^
    ...<4 lines>...
        conn,
        ^^^^^
    )
    ^
  File "/Users/mehriddinmengturayev/Downloads/shopbot/.venv/lib/python3.13/site-packages/sqlalchemy/orm/context.py", line 305, in orm_execute_statement
    result = conn.execute(
        statement, params or {}, execution_options=execution_options
    )
  File "/Users/mehriddinmengturayev/Downloads/shopbot/.venv/lib/python3.13/site-packages/sqlalchemy/engine/base.py", line 1418, in execute
    return meth(
        self,
        distilled_parameters,
        execution_options or NO_OPTIONS,
    )
  File "/Users/mehriddinmengturayev/Downloads/shopbot/.venv/lib/python3.13/site-packages/sqlalchemy/sql/elements.py", line 515, in _execute_on_connection
    return connection._execute_clauseelement(
           ~~~~~~~~~~~~~~~~~~~~~~~~~~~~~~~~~^
        self, distilled_params, execution_options
        ^^^^^^^^^^^^^^^^^^^^^^^^^^^^^^^^^^^^^^^^^
    )
    ^
  File "/Users/mehriddinmengturayev/Downloads/shopbot/.venv/lib/python3.13/site-packages/sqlalchemy/engine/base.py", line 1640, in _execute_clauseelement
    ret = self._execute_context(
        dialect,
    ...<8 lines>...
        cache_hit=cache_hit,
    )
  File "/Users/mehriddinmengturayev/Downloads/shopbot/.venv/lib/python3.13/site-packages/sqlalchemy/engine/base.py", line 1846, in _execute_context
    return self._exec_single_context(
           ~~~~~~~~~~~~~~~~~~~~~~~~~^
        dialect, context, statement, parameters
        ^^^^^^^^^^^^^^^^^^^^^^^^^^^^^^^^^^^^^^^
    )
    ^
  File "/Users/mehriddinmengturayev/Downloads/shopbot/.venv/lib/python3.13/site-packages/sqlalchemy/engine/base.py", line 1986, in _exec_single_context
    self._handle_dbapi_exception(
    ~~~~~~~~~~~~~~~~~~~~~~~~~~~~^
        e, str_statement, effective_parameters, cursor, context
        ^^^^^^^^^^^^^^^^^^^^^^^^^^^^^^^^^^^^^^^^^^^^^^^^^^^^^^^
    )
    ^
  File "/Users/mehriddinmengturayev/Downloads/shopbot/.venv/lib/python3.13/site-packages/sqlalchemy/engine/base.py", line 2355, in _handle_dbapi_exception
    raise sqlalchemy_exception.with_traceback(exc_info[2]) from e
  File "/Users/mehriddinmengturayev/Downloads/shopbot/.venv/lib/python3.13/site-packages/sqlalchemy/engine/base.py", line 1967, in _exec_single_context
    self.dialect.do_execute(
    ~~~~~~~~~~~~~~~~~~~~~~~^
        cursor, str_statement, effective_parameters, context
        ^^^^^^^^^^^^^^^^^^^^^^^^^^^^^^^^^^^^^^^^^^^^^^^^^^^^
    )
    ^
  File "/Users/mehriddinmengturayev/Downloads/shopbot/.venv/lib/python3.13/site-packages/sqlalchemy/engine/default.py", line 941, in do_execute
    cursor.execute(statement, parameters)
    ~~~~~~~~~~~~~~^^^^^^^^^^^^^^^^^^^^^^^
  File "/Users/mehriddinmengturayev/Downloads/shopbot/.venv/lib/python3.13/site-packages/sqlalchemy/dialects/sqlite/aiosqlite.py", line 147, in execute
    self._adapt_connection._handle_exception(error)
    ~~~~~~~~~~~~~~~~~~~~~~~~~~~~~~~~~~~~~~~~^^^^^^^
  File "/Users/mehriddinmengturayev/Downloads/shopbot/.venv/lib/python3.13/site-packages/sqlalchemy/dialects/sqlite/aiosqlite.py", line 298, in _handle_exception
    raise error
  File "/Users/mehriddinmengturayev/Downloads/shopbot/.venv/lib/python3.13/site-packages/sqlalchemy/dialects/sqlite/aiosqlite.py", line 129, in execute
    self.await_(_cursor.execute(operation, parameters))
    ~~~~~~~~~~~^^^^^^^^^^^^^^^^^^^^^^^^^^^^^^^^^^^^^^^^
  File "/Users/mehriddinmengturayev/Downloads/shopbot/.venv/lib/python3.13/site-packages/sqlalchemy/util/_concurrency_py3k.py", line 132, in await_only
    return current.parent.switch(awaitable)  # type: ignore[no-any-return,attr-defined] # noqa: E501
           ~~~~~~~~~~~~~~~~~~~~~^^^^^^^^^^^
  File "/Users/mehriddinmengturayev/Downloads/shopbot/.venv/lib/python3.13/site-packages/sqlalchemy/util/_concurrency_py3k.py", line 196, in greenlet_spawn
    value = await result
            ^^^^^^^^^^^^
  File "/Users/mehriddinmengturayev/Downloads/shopbot/.venv/lib/python3.13/site-packages/aiosqlite/cursor.py", line 48, in execute
    await self._execute(self._cursor.execute, sql, parameters)
  File "/Users/mehriddinmengturayev/Downloads/shopbot/.venv/lib/python3.13/site-packages/aiosqlite/cursor.py", line 40, in _execute
    return await self._conn._execute(fn, *args, **kwargs)
           ^^^^^^^^^^^^^^^^^^^^^^^^^^^^^^^^^^^^^^^^^^^^^^
  File "/Users/mehriddinmengturayev/Downloads/shopbot/.venv/lib/python3.13/site-packages/aiosqlite/core.py", line 132, in _execute
    return await future
           ^^^^^^^^^^^^
  File "/Users/mehriddinmengturayev/Downloads/shopbot/.venv/lib/python3.13/site-packages/aiosqlite/core.py", line 115, in run
    result = function()
sqlalchemy.exc.OperationalError: (sqlite3.OperationalError) no such column: orders.payment_method
[SQL: SELECT orders.id, orders.order_uuid, orders.user_id, orders.product_id, orders.price_at_purchase, orders.currency, orders.status, orders.payment_method, orders.crypto_provider, orders.crypto_invoice_id, orders.crypto_pay_url, orders.decided_by_admin_id, orders.decided_at, orders.rejection_reason, orders.delivered_payload, orders.delivered_at, orders.created_at, orders.updated_at 
FROM orders 
WHERE orders.status = ?]
[parameters: ('AWAITING_CRYPTO_PAYMENT',)]
(Background on this error at: https://sqlalche.me/e/20/e3q8)
2026-07-30 20:40:58,077 | ERROR    | providers | Crypto poller iteration failed
Traceback (most recent call last):
  File "/Users/mehriddinmengturayev/Downloads/shopbot/.venv/lib/python3.13/site-packages/sqlalchemy/engine/base.py", line 1967, in _exec_single_context
    self.dialect.do_execute(
    ~~~~~~~~~~~~~~~~~~~~~~~^
        cursor, str_statement, effective_parameters, context
        ^^^^^^^^^^^^^^^^^^^^^^^^^^^^^^^^^^^^^^^^^^^^^^^^^^^^
    )
    ^
  File "/Users/mehriddinmengturayev/Downloads/shopbot/.venv/lib/python3.13/site-packages/sqlalchemy/engine/default.py", line 941, in do_execute
    cursor.execute(statement, parameters)
    ~~~~~~~~~~~~~~^^^^^^^^^^^^^^^^^^^^^^^
  File "/Users/mehriddinmengturayev/Downloads/shopbot/.venv/lib/python3.13/site-packages/sqlalchemy/dialects/sqlite/aiosqlite.py", line 147, in execute
    self._adapt_connection._handle_exception(error)
    ~~~~~~~~~~~~~~~~~~~~~~~~~~~~~~~~~~~~~~~~^^^^^^^
  File "/Users/mehriddinmengturayev/Downloads/shopbot/.venv/lib/python3.13/site-packages/sqlalchemy/dialects/sqlite/aiosqlite.py", line 298, in _handle_exception
    raise error
  File "/Users/mehriddinmengturayev/Downloads/shopbot/.venv/lib/python3.13/site-packages/sqlalchemy/dialects/sqlite/aiosqlite.py", line 129, in execute
    self.await_(_cursor.execute(operation, parameters))
    ~~~~~~~~~~~^^^^^^^^^^^^^^^^^^^^^^^^^^^^^^^^^^^^^^^^
  File "/Users/mehriddinmengturayev/Downloads/shopbot/.venv/lib/python3.13/site-packages/sqlalchemy/util/_concurrency_py3k.py", line 132, in await_only
    return current.parent.switch(awaitable)  # type: ignore[no-any-return,attr-defined] # noqa: E501
           ~~~~~~~~~~~~~~~~~~~~~^^^^^^^^^^^
  File "/Users/mehriddinmengturayev/Downloads/shopbot/.venv/lib/python3.13/site-packages/sqlalchemy/util/_concurrency_py3k.py", line 196, in greenlet_spawn
    value = await result
            ^^^^^^^^^^^^
  File "/Users/mehriddinmengturayev/Downloads/shopbot/.venv/lib/python3.13/site-packages/aiosqlite/cursor.py", line 48, in execute
    await self._execute(self._cursor.execute, sql, parameters)
  File "/Users/mehriddinmengturayev/Downloads/shopbot/.venv/lib/python3.13/site-packages/aiosqlite/cursor.py", line 40, in _execute
    return await self._conn._execute(fn, *args, **kwargs)
           ^^^^^^^^^^^^^^^^^^^^^^^^^^^^^^^^^^^^^^^^^^^^^^
  File "/Users/mehriddinmengturayev/Downloads/shopbot/.venv/lib/python3.13/site-packages/aiosqlite/core.py", line 132, in _execute
    return await future
           ^^^^^^^^^^^^
  File "/Users/mehriddinmengturayev/Downloads/shopbot/.venv/lib/python3.13/site-packages/aiosqlite/core.py", line 115, in run
    result = function()
sqlite3.OperationalError: no such column: orders.payment_method

The above exception was the direct cause of the following exception:

Traceback (most recent call last):
  File "/Users/mehriddinmengturayev/Downloads/shopbot/app/services/crypto_poller.py", line 33, in crypto_poller_loop
    await _poll_once(bot)
  File "/Users/mehriddinmengturayev/Downloads/shopbot/app/services/crypto_poller.py", line 44, in _poll_once
    pending = await orders_repo.list_awaiting_crypto_payment()
              ^^^^^^^^^^^^^^^^^^^^^^^^^^^^^^^^^^^^^^^^^^^^^^^^
  File "/Users/mehriddinmengturayev/Downloads/shopbot/app/repositories/order_repo.py", line 47, in list_awaiting_crypto_payment
    result = await self.session.execute(
             ^^^^^^^^^^^^^^^^^^^^^^^^^^^
    ...<3 lines>...
    )
    ^
  File "/Users/mehriddinmengturayev/Downloads/shopbot/.venv/lib/python3.13/site-packages/sqlalchemy/ext/asyncio/session.py", line 461, in execute
    result = await greenlet_spawn(
             ^^^^^^^^^^^^^^^^^^^^^
    ...<6 lines>...
    )
    ^
  File "/Users/mehriddinmengturayev/Downloads/shopbot/.venv/lib/python3.13/site-packages/sqlalchemy/util/_concurrency_py3k.py", line 201, in greenlet_spawn
    result = context.throw(*sys.exc_info())
  File "/Users/mehriddinmengturayev/Downloads/shopbot/.venv/lib/python3.13/site-packages/sqlalchemy/orm/session.py", line 2362, in execute
    return self._execute_internal(
           ~~~~~~~~~~~~~~~~~~~~~~^
        statement,
        ^^^^^^^^^^
    ...<4 lines>...
        _add_event=_add_event,
        ^^^^^^^^^^^^^^^^^^^^^^
    )
    ^
  File "/Users/mehriddinmengturayev/Downloads/shopbot/.venv/lib/python3.13/site-packages/sqlalchemy/orm/session.py", line 2247, in _execute_internal
    result: Result[Any] = compile_state_cls.orm_execute_statement(
                          ~~~~~~~~~~~~~~~~~~~~~~~~~~~~~~~~~~~~~~~^
        self,
        ^^^^^
    ...<4 lines>...
        conn,
        ^^^^^
    )
    ^
  File "/Users/mehriddinmengturayev/Downloads/shopbot/.venv/lib/python3.13/site-packages/sqlalchemy/orm/context.py", line 305, in orm_execute_statement
    result = conn.execute(
        statement, params or {}, execution_options=execution_options
    )
  File "/Users/mehriddinmengturayev/Downloads/shopbot/.venv/lib/python3.13/site-packages/sqlalchemy/engine/base.py", line 1418, in execute
    return meth(
        self,
        distilled_parameters,
        execution_options or NO_OPTIONS,
    )
  File "/Users/mehriddinmengturayev/Downloads/shopbot/.venv/lib/python3.13/site-packages/sqlalchemy/sql/elements.py", line 515, in _execute_on_connection
    return connection._execute_clauseelement(
           ~~~~~~~~~~~~~~~~~~~~~~~~~~~~~~~~~^
        self, distilled_params, execution_options
        ^^^^^^^^^^^^^^^^^^^^^^^^^^^^^^^^^^^^^^^^^
    )
    ^
  File "/Users/mehriddinmengturayev/Downloads/shopbot/.venv/lib/python3.13/site-packages/sqlalchemy/engine/base.py", line 1640, in _execute_clauseelement
    ret = self._execute_context(
        dialect,
    ...<8 lines>...
        cache_hit=cache_hit,
    )
  File "/Users/mehriddinmengturayev/Downloads/shopbot/.venv/lib/python3.13/site-packages/sqlalchemy/engine/base.py", line 1846, in _execute_context
    return self._exec_single_context(
           ~~~~~~~~~~~~~~~~~~~~~~~~~^
        dialect, context, statement, parameters
        ^^^^^^^^^^^^^^^^^^^^^^^^^^^^^^^^^^^^^^^
    )
    ^
  File "/Users/mehriddinmengturayev/Downloads/shopbot/.venv/lib/python3.13/site-packages/sqlalchemy/engine/base.py", line 1986, in _exec_single_context
    self._handle_dbapi_exception(
    ~~~~~~~~~~~~~~~~~~~~~~~~~~~~^
        e, str_statement, effective_parameters, cursor, context
        ^^^^^^^^^^^^^^^^^^^^^^^^^^^^^^^^^^^^^^^^^^^^^^^^^^^^^^^
    )
    ^
  File "/Users/mehriddinmengturayev/Downloads/shopbot/.venv/lib/python3.13/site-packages/sqlalchemy/engine/base.py", line 2355, in _handle_dbapi_exception
    raise sqlalchemy_exception.with_traceback(exc_info[2]) from e
  File "/Users/mehriddinmengturayev/Downloads/shopbot/.venv/lib/python3.13/site-packages/sqlalchemy/engine/base.py", line 1967, in _exec_single_context
    self.dialect.do_execute(
    ~~~~~~~~~~~~~~~~~~~~~~~^
        cursor, str_statement, effective_parameters, context
        ^^^^^^^^^^^^^^^^^^^^^^^^^^^^^^^^^^^^^^^^^^^^^^^^^^^^
    )
    ^
  File "/Users/mehriddinmengturayev/Downloads/shopbot/.venv/lib/python3.13/site-packages/sqlalchemy/engine/default.py", line 941, in do_execute
    cursor.execute(statement, parameters)
    ~~~~~~~~~~~~~~^^^^^^^^^^^^^^^^^^^^^^^
  File "/Users/mehriddinmengturayev/Downloads/shopbot/.venv/lib/python3.13/site-packages/sqlalchemy/dialects/sqlite/aiosqlite.py", line 147, in execute
    self._adapt_connection._handle_exception(error)
    ~~~~~~~~~~~~~~~~~~~~~~~~~~~~~~~~~~~~~~~~^^^^^^^
  File "/Users/mehriddinmengturayev/Downloads/shopbot/.venv/lib/python3.13/site-packages/sqlalchemy/dialects/sqlite/aiosqlite.py", line 298, in _handle_exception
    raise error
  File "/Users/mehriddinmengturayev/Downloads/shopbot/.venv/lib/python3.13/site-packages/sqlalchemy/dialects/sqlite/aiosqlite.py", line 129, in execute
    self.await_(_cursor.execute(operation, parameters))
    ~~~~~~~~~~~^^^^^^^^^^^^^^^^^^^^^^^^^^^^^^^^^^^^^^^^
  File "/Users/mehriddinmengturayev/Downloads/shopbot/.venv/lib/python3.13/site-packages/sqlalchemy/util/_concurrency_py3k.py", line 132, in await_only
    return current.parent.switch(awaitable)  # type: ignore[no-any-return,attr-defined] # noqa: E501
           ~~~~~~~~~~~~~~~~~~~~~^^^^^^^^^^^
  File "/Users/mehriddinmengturayev/Downloads/shopbot/.venv/lib/python3.13/site-packages/sqlalchemy/util/_concurrency_py3k.py", line 196, in greenlet_spawn
    value = await result
            ^^^^^^^^^^^^
  File "/Users/mehriddinmengturayev/Downloads/shopbot/.venv/lib/python3.13/site-packages/aiosqlite/cursor.py", line 48, in execute
    await self._execute(self._cursor.execute, sql, parameters)
  File "/Users/mehriddinmengturayev/Downloads/shopbot/.venv/lib/python3.13/site-packages/aiosqlite/cursor.py", line 40, in _execute
    return await self._conn._execute(fn, *args, **kwargs)
           ^^^^^^^^^^^^^^^^^^^^^^^^^^^^^^^^^^^^^^^^^^^^^^
  File "/Users/mehriddinmengturayev/Downloads/shopbot/.venv/lib/python3.13/site-packages/aiosqlite/core.py", line 132, in _execute
    return await future
           ^^^^^^^^^^^^
  File "/Users/mehriddinmengturayev/Downloads/shopbot/.venv/lib/python3.13/site-packages/aiosqlite/core.py", line 115, in run
    result = function()
sqlalchemy.exc.OperationalError: (sqlite3.OperationalError) no such column: orders.payment_method
[SQL: SELECT orders.id, orders.order_uuid, orders.user_id, orders.product_id, orders.price_at_purchase, orders.currency, orders.status, orders.payment_method, orders.crypto_provider, orders.crypto_invoice_id, orders.crypto_pay_url, orders.decided_by_admin_id, orders.decided_at, orders.rejection_reason, orders.delivered_payload, orders.delivered_at, orders.created_at, orders.updated_at 
FROM orders 
WHERE orders.status = ?]
[parameters: ('AWAITING_CRYPTO_PAYMENT',)]
(Background on this error at: https://sqlalche.me/e/20/e3q8)
2026-07-30 20:41:18,096 | ERROR    | providers | Crypto poller iteration failed
Traceback (most recent call last):
  File "/Users/mehriddinmengturayev/Downloads/shopbot/.venv/lib/python3.13/site-packages/sqlalchemy/engine/base.py", line 1967, in _exec_single_context
    self.dialect.do_execute(
    ~~~~~~~~~~~~~~~~~~~~~~~^
        cursor, str_statement, effective_parameters, context
        ^^^^^^^^^^^^^^^^^^^^^^^^^^^^^^^^^^^^^^^^^^^^^^^^^^^^
    )
    ^
  File "/Users/mehriddinmengturayev/Downloads/shopbot/.venv/lib/python3.13/site-packages/sqlalchemy/engine/default.py", line 941, in do_execute
    cursor.execute(statement, parameters)
    ~~~~~~~~~~~~~~^^^^^^^^^^^^^^^^^^^^^^^
  File "/Users/mehriddinmengturayev/Downloads/shopbot/.venv/lib/python3.13/site-packages/sqlalchemy/dialects/sqlite/aiosqlite.py", line 147, in execute
    self._adapt_connection._handle_exception(error)
    ~~~~~~~~~~~~~~~~~~~~~~~~~~~~~~~~~~~~~~~~^^^^^^^
  File "/Users/mehriddinmengturayev/Downloads/shopbot/.venv/lib/python3.13/site-packages/sqlalchemy/dialects/sqlite/aiosqlite.py", line 298, in _handle_exception
    raise error
  File "/Users/mehriddinmengturayev/Downloads/shopbot/.venv/lib/python3.13/site-packages/sqlalchemy/dialects/sqlite/aiosqlite.py", line 129, in execute
    self.await_(_cursor.execute(operation, parameters))
    ~~~~~~~~~~~^^^^^^^^^^^^^^^^^^^^^^^^^^^^^^^^^^^^^^^^
  File "/Users/mehriddinmengturayev/Downloads/shopbot/.venv/lib/python3.13/site-packages/sqlalchemy/util/_concurrency_py3k.py", line 132, in await_only
    return current.parent.switch(awaitable)  # type: ignore[no-any-return,attr-defined] # noqa: E501
           ~~~~~~~~~~~~~~~~~~~~~^^^^^^^^^^^
  File "/Users/mehriddinmengturayev/Downloads/shopbot/.venv/lib/python3.13/site-packages/sqlalchemy/util/_concurrency_py3k.py", line 196, in greenlet_spawn
    value = await result
            ^^^^^^^^^^^^
  File "/Users/mehriddinmengturayev/Downloads/shopbot/.venv/lib/python3.13/site-packages/aiosqlite/cursor.py", line 48, in execute
    await self._execute(self._cursor.execute, sql, parameters)
  File "/Users/mehriddinmengturayev/Downloads/shopbot/.venv/lib/python3.13/site-packages/aiosqlite/cursor.py", line 40, in _execute
    return await self._conn._execute(fn, *args, **kwargs)
           ^^^^^^^^^^^^^^^^^^^^^^^^^^^^^^^^^^^^^^^^^^^^^^
  File "/Users/mehriddinmengturayev/Downloads/shopbot/.venv/lib/python3.13/site-packages/aiosqlite/core.py", line 132, in _execute
    return await future
           ^^^^^^^^^^^^
  File "/Users/mehriddinmengturayev/Downloads/shopbot/.venv/lib/python3.13/site-packages/aiosqlite/core.py", line 115, in run
    result = function()
sqlite3.OperationalError: no such column: orders.payment_method

The above exception was the direct cause of the following exception:

Traceback (most recent call last):
  File "/Users/mehriddinmengturayev/Downloads/shopbot/app/services/crypto_poller.py", line 33, in crypto_poller_loop
    await _poll_once(bot)
  File "/Users/mehriddinmengturayev/Downloads/shopbot/app/services/crypto_poller.py", line 44, in _poll_once
    pending = await orders_repo.list_awaiting_crypto_payment()
              ^^^^^^^^^^^^^^^^^^^^^^^^^^^^^^^^^^^^^^^^^^^^^^^^
  File "/Users/mehriddinmengturayev/Downloads/shopbot/app/repositories/order_repo.py", line 47, in list_awaiting_crypto_payment
    result = await self.session.execute(
             ^^^^^^^^^^^^^^^^^^^^^^^^^^^
    ...<3 lines>...
    )
    ^
  File "/Users/mehriddinmengturayev/Downloads/shopbot/.venv/lib/python3.13/site-packages/sqlalchemy/ext/asyncio/session.py", line 461, in execute
    result = await greenlet_spawn(
             ^^^^^^^^^^^^^^^^^^^^^
    ...<6 lines>...
    )
    ^
  File "/Users/mehriddinmengturayev/Downloads/shopbot/.venv/lib/python3.13/site-packages/sqlalchemy/util/_concurrency_py3k.py", line 201, in greenlet_spawn
    result = context.throw(*sys.exc_info())
  File "/Users/mehriddinmengturayev/Downloads/shopbot/.venv/lib/python3.13/site-packages/sqlalchemy/orm/session.py", line 2362, in execute
    return self._execute_internal(
           ~~~~~~~~~~~~~~~~~~~~~~^
        statement,
        ^^^^^^^^^^
    ...<4 lines>...
        _add_event=_add_event,
        ^^^^^^^^^^^^^^^^^^^^^^
    )
    ^
  File "/Users/mehriddinmengturayev/Downloads/shopbot/.venv/lib/python3.13/site-packages/sqlalchemy/orm/session.py", line 2247, in _execute_internal
    result: Result[Any] = compile_state_cls.orm_execute_statement(
                          ~~~~~~~~~~~~~~~~~~~~~~~~~~~~~~~~~~~~~~~^
        self,
        ^^^^^
    ...<4 lines>...
        conn,
        ^^^^^
    )
    ^
  File "/Users/mehriddinmengturayev/Downloads/shopbot/.venv/lib/python3.13/site-packages/sqlalchemy/orm/context.py", line 305, in orm_execute_statement
    result = conn.execute(
        statement, params or {}, execution_options=execution_options
    )
  File "/Users/mehriddinmengturayev/Downloads/shopbot/.venv/lib/python3.13/site-packages/sqlalchemy/engine/base.py", line 1418, in execute
    return meth(
        self,
        distilled_parameters,
        execution_options or NO_OPTIONS,
    )
  File "/Users/mehriddinmengturayev/Downloads/shopbot/.venv/lib/python3.13/site-packages/sqlalchemy/sql/elements.py", line 515, in _execute_on_connection
    return connection._execute_clauseelement(
           ~~~~~~~~~~~~~~~~~~~~~~~~~~~~~~~~~^
        self, distilled_params, execution_options
        ^^^^^^^^^^^^^^^^^^^^^^^^^^^^^^^^^^^^^^^^^
    )
    ^
  File "/Users/mehriddinmengturayev/Downloads/shopbot/.venv/lib/python3.13/site-packages/sqlalchemy/engine/base.py", line 1640, in _execute_clauseelement
    ret = self._execute_context(
        dialect,
    ...<8 lines>...
        cache_hit=cache_hit,
    )
  File "/Users/mehriddinmengturayev/Downloads/shopbot/.venv/lib/python3.13/site-packages/sqlalchemy/engine/base.py", line 1846, in _execute_context
    return self._exec_single_context(
           ~~~~~~~~~~~~~~~~~~~~~~~~~^
        dialect, context, statement, parameters
        ^^^^^^^^^^^^^^^^^^^^^^^^^^^^^^^^^^^^^^^
    )
    ^
  File "/Users/mehriddinmengturayev/Downloads/shopbot/.venv/lib/python3.13/site-packages/sqlalchemy/engine/base.py", line 1986, in _exec_single_context
    self._handle_dbapi_exception(
    ~~~~~~~~~~~~~~~~~~~~~~~~~~~~^
        e, str_statement, effective_parameters, cursor, context
        ^^^^^^^^^^^^^^^^^^^^^^^^^^^^^^^^^^^^^^^^^^^^^^^^^^^^^^^
    )
    ^
  File "/Users/mehriddinmengturayev/Downloads/shopbot/.venv/lib/python3.13/site-packages/sqlalchemy/engine/base.py", line 2355, in _handle_dbapi_exception
    raise sqlalchemy_exception.with_traceback(exc_info[2]) from e
  File "/Users/mehriddinmengturayev/Downloads/shopbot/.venv/lib/python3.13/site-packages/sqlalchemy/engine/base.py", line 1967, in _exec_single_context
    self.dialect.do_execute(
    ~~~~~~~~~~~~~~~~~~~~~~~^
        cursor, str_statement, effective_parameters, context
        ^^^^^^^^^^^^^^^^^^^^^^^^^^^^^^^^^^^^^^^^^^^^^^^^^^^^
    )
    ^
  File "/Users/mehriddinmengturayev/Downloads/shopbot/.venv/lib/python3.13/site-packages/sqlalchemy/engine/default.py", line 941, in do_execute
    cursor.execute(statement, parameters)
    ~~~~~~~~~~~~~~^^^^^^^^^^^^^^^^^^^^^^^
  File "/Users/mehriddinmengturayev/Downloads/shopbot/.venv/lib/python3.13/site-packages/sqlalchemy/dialects/sqlite/aiosqlite.py", line 147, in execute
    self._adapt_connection._handle_exception(error)
    ~~~~~~~~~~~~~~~~~~~~~~~~~~~~~~~~~~~~~~~~^^^^^^^
  File "/Users/mehriddinmengturayev/Downloads/shopbot/.venv/lib/python3.13/site-packages/sqlalchemy/dialects/sqlite/aiosqlite.py", line 298, in _handle_exception
    raise error
  File "/Users/mehriddinmengturayev/Downloads/shopbot/.venv/lib/python3.13/site-packages/sqlalchemy/dialects/sqlite/aiosqlite.py", line 129, in execute
    self.await_(_cursor.execute(operation, parameters))
    ~~~~~~~~~~~^^^^^^^^^^^^^^^^^^^^^^^^^^^^^^^^^^^^^^^^
  File "/Users/mehriddinmengturayev/Downloads/shopbot/.venv/lib/python3.13/site-packages/sqlalchemy/util/_concurrency_py3k.py", line 132, in await_only
    return current.parent.switch(awaitable)  # type: ignore[no-any-return,attr-defined] # noqa: E501
           ~~~~~~~~~~~~~~~~~~~~~^^^^^^^^^^^
  File "/Users/mehriddinmengturayev/Downloads/shopbot/.venv/lib/python3.13/site-packages/sqlalchemy/util/_concurrency_py3k.py", line 196, in greenlet_spawn
    value = await result
            ^^^^^^^^^^^^
  File "/Users/mehriddinmengturayev/Downloads/shopbot/.venv/lib/python3.13/site-packages/aiosqlite/cursor.py", line 48, in execute
    await self._execute(self._cursor.execute, sql, parameters)
  File "/Users/mehriddinmengturayev/Downloads/shopbot/.venv/lib/python3.13/site-packages/aiosqlite/cursor.py", line 40, in _execute
    return await self._conn._execute(fn, *args, **kwargs)
           ^^^^^^^^^^^^^^^^^^^^^^^^^^^^^^^^^^^^^^^^^^^^^^
  File "/Users/mehriddinmengturayev/Downloads/shopbot/.venv/lib/python3.13/site-packages/aiosqlite/core.py", line 132, in _execute
    return await future
           ^^^^^^^^^^^^
  File "/Users/mehriddinmengturayev/Downloads/shopbot/.venv/lib/python3.13/site-packages/aiosqlite/core.py", line 115, in run
    result = function()
sqlalchemy.exc.OperationalError: (sqlite3.OperationalError) no such column: orders.payment_method
[SQL: SELECT orders.id, orders.order_uuid, orders.user_id, orders.product_id, orders.price_at_purchase, orders.currency, orders.status, orders.payment_method, orders.crypto_provider, orders.crypto_invoice_id, orders.crypto_pay_url, orders.decided_by_admin_id, orders.decided_at, orders.rejection_reason, orders.delivered_payload, orders.delivered_at, orders.created_at, orders.updated_at 
FROM orders 
WHERE orders.status = ?]
[parameters: ('AWAITING_CRYPTO_PAYMENT',)]
(Background on this error at: https://sqlalche.me/e/20/e3q8)
2026-07-30 20:41:38,112 | ERROR    | providers | Crypto poller iteration failed
Traceback (most recent call last):
  File "/Users/mehriddinmengturayev/Downloads/shopbot/.venv/lib/python3.13/site-packages/sqlalchemy/engine/base.py", line 1967, in _exec_single_context
    self.dialect.do_execute(
    ~~~~~~~~~~~~~~~~~~~~~~~^
        cursor, str_statement, effective_parameters, context
        ^^^^^^^^^^^^^^^^^^^^^^^^^^^^^^^^^^^^^^^^^^^^^^^^^^^^
    )
    ^
  File "/Users/mehriddinmengturayev/Downloads/shopbot/.venv/lib/python3.13/site-packages/sqlalchemy/engine/default.py", line 941, in do_execute
    cursor.execute(statement, parameters)
    ~~~~~~~~~~~~~~^^^^^^^^^^^^^^^^^^^^^^^
  File "/Users/mehriddinmengturayev/Downloads/shopbot/.venv/lib/python3.13/site-packages/sqlalchemy/dialects/sqlite/aiosqlite.py", line 147, in execute
    self._adapt_connection._handle_exception(error)
    ~~~~~~~~~~~~~~~~~~~~~~~~~~~~~~~~~~~~~~~~^^^^^^^
  File "/Users/mehriddinmengturayev/Downloads/shopbot/.venv/lib/python3.13/site-packages/sqlalchemy/dialects/sqlite/aiosqlite.py", line 298, in _handle_exception
    raise error
  File "/Users/mehriddinmengturayev/Downloads/shopbot/.venv/lib/python3.13/site-packages/sqlalchemy/dialects/sqlite/aiosqlite.py", line 129, in execute
    self.await_(_cursor.execute(operation, parameters))
    ~~~~~~~~~~~^^^^^^^^^^^^^^^^^^^^^^^^^^^^^^^^^^^^^^^^
  File "/Users/mehriddinmengturayev/Downloads/shopbot/.venv/lib/python3.13/site-packages/sqlalchemy/util/_concurrency_py3k.py", line 132, in await_only
    return current.parent.switch(awaitable)  # type: ignore[no-any-return,attr-defined] # noqa: E501
           ~~~~~~~~~~~~~~~~~~~~~^^^^^^^^^^^
  File "/Users/mehriddinmengturayev/Downloads/shopbot/.venv/lib/python3.13/site-packages/sqlalchemy/util/_concurrency_py3k.py", line 196, in greenlet_spawn
    value = await result
            ^^^^^^^^^^^^
  File "/Users/mehriddinmengturayev/Downloads/shopbot/.venv/lib/python3.13/site-packages/aiosqlite/cursor.py", line 48, in execute
    await self._execute(self._cursor.execute, sql, parameters)
  File "/Users/mehriddinmengturayev/Downloads/shopbot/.venv/lib/python3.13/site-packages/aiosqlite/cursor.py", line 40, in _execute
    return await self._conn._execute(fn, *args, **kwargs)
           ^^^^^^^^^^^^^^^^^^^^^^^^^^^^^^^^^^^^^^^^^^^^^^
  File "/Users/mehriddinmengturayev/Downloads/shopbot/.venv/lib/python3.13/site-packages/aiosqlite/core.py", line 132, in _execute
    return await future
           ^^^^^^^^^^^^
  File "/Users/mehriddinmengturayev/Downloads/shopbot/.venv/lib/python3.13/site-packages/aiosqlite/core.py", line 115, in run
    result = function()
sqlite3.OperationalError: no such column: orders.payment_method

The above exception was the direct cause of the following exception:

Traceback (most recent call last):
  File "/Users/mehriddinmengturayev/Downloads/shopbot/app/services/crypto_poller.py", line 33, in crypto_poller_loop
    await _poll_once(bot)
  File "/Users/mehriddinmengturayev/Downloads/shopbot/app/services/crypto_poller.py", line 44, in _poll_once
    pending = await orders_repo.list_awaiting_crypto_payment()
              ^^^^^^^^^^^^^^^^^^^^^^^^^^^^^^^^^^^^^^^^^^^^^^^^
  File "/Users/mehriddinmengturayev/Downloads/shopbot/app/repositories/order_repo.py", line 47, in list_awaiting_crypto_payment
    result = await self.session.execute(
             ^^^^^^^^^^^^^^^^^^^^^^^^^^^
    ...<3 lines>...
    )
    ^
  File "/Users/mehriddinmengturayev/Downloads/shopbot/.venv/lib/python3.13/site-packages/sqlalchemy/ext/asyncio/session.py", line 461, in execute
    result = await greenlet_spawn(
             ^^^^^^^^^^^^^^^^^^^^^
    ...<6 lines>...
    )
    ^
  File "/Users/mehriddinmengturayev/Downloads/shopbot/.venv/lib/python3.13/site-packages/sqlalchemy/util/_concurrency_py3k.py", line 201, in greenlet_spawn
    result = context.throw(*sys.exc_info())
  File "/Users/mehriddinmengturayev/Downloads/shopbot/.venv/lib/python3.13/site-packages/sqlalchemy/orm/session.py", line 2362, in execute
    return self._execute_internal(
           ~~~~~~~~~~~~~~~~~~~~~~^
        statement,
        ^^^^^^^^^^
    ...<4 lines>...
        _add_event=_add_event,
        ^^^^^^^^^^^^^^^^^^^^^^
    )
    ^
  File "/Users/mehriddinmengturayev/Downloads/shopbot/.venv/lib/python3.13/site-packages/sqlalchemy/orm/session.py", line 2247, in _execute_internal
    result: Result[Any] = compile_state_cls.orm_execute_statement(
                          ~~~~~~~~~~~~~~~~~~~~~~~~~~~~~~~~~~~~~~~^
        self,
        ^^^^^
    ...<4 lines>...
        conn,
        ^^^^^
    )
    ^
  File "/Users/mehriddinmengturayev/Downloads/shopbot/.venv/lib/python3.13/site-packages/sqlalchemy/orm/context.py", line 305, in orm_execute_statement
    result = conn.execute(
        statement, params or {}, execution_options=execution_options
    )
  File "/Users/mehriddinmengturayev/Downloads/shopbot/.venv/lib/python3.13/site-packages/sqlalchemy/engine/base.py", line 1418, in execute
    return meth(
        self,
        distilled_parameters,
        execution_options or NO_OPTIONS,
    )
  File "/Users/mehriddinmengturayev/Downloads/shopbot/.venv/lib/python3.13/site-packages/sqlalchemy/sql/elements.py", line 515, in _execute_on_connection
    return connection._execute_clauseelement(
           ~~~~~~~~~~~~~~~~~~~~~~~~~~~~~~~~~^
        self, distilled_params, execution_options
        ^^^^^^^^^^^^^^^^^^^^^^^^^^^^^^^^^^^^^^^^^
    )
    ^
  File "/Users/mehriddinmengturayev/Downloads/shopbot/.venv/lib/python3.13/site-packages/sqlalchemy/engine/base.py", line 1640, in _execute_clauseelement
    ret = self._execute_context(
        dialect,
    ...<8 lines>...
        cache_hit=cache_hit,
    )
  File "/Users/mehriddinmengturayev/Downloads/shopbot/.venv/lib/python3.13/site-packages/sqlalchemy/engine/base.py", line 1846, in _execute_context
    return self._exec_single_context(
           ~~~~~~~~~~~~~~~~~~~~~~~~~^
        dialect, context, statement, parameters
        ^^^^^^^^^^^^^^^^^^^^^^^^^^^^^^^^^^^^^^^
    )
    ^
  File "/Users/mehriddinmengturayev/Downloads/shopbot/.venv/lib/python3.13/site-packages/sqlalchemy/engine/base.py", line 1986, in _exec_single_context
    self._handle_dbapi_exception(
    ~~~~~~~~~~~~~~~~~~~~~~~~~~~~^
        e, str_statement, effective_parameters, cursor, context
        ^^^^^^^^^^^^^^^^^^^^^^^^^^^^^^^^^^^^^^^^^^^^^^^^^^^^^^^
    )
    ^
  File "/Users/mehriddinmengturayev/Downloads/shopbot/.venv/lib/python3.13/site-packages/sqlalchemy/engine/base.py", line 2355, in _handle_dbapi_exception
    raise sqlalchemy_exception.with_traceback(exc_info[2]) from e
  File "/Users/mehriddinmengturayev/Downloads/shopbot/.venv/lib/python3.13/site-packages/sqlalchemy/engine/base.py", line 1967, in _exec_single_context
    self.dialect.do_execute(
    ~~~~~~~~~~~~~~~~~~~~~~~^
        cursor, str_statement, effective_parameters, context
        ^^^^^^^^^^^^^^^^^^^^^^^^^^^^^^^^^^^^^^^^^^^^^^^^^^^^
    )
    ^
  File "/Users/mehriddinmengturayev/Downloads/shopbot/.venv/lib/python3.13/site-packages/sqlalchemy/engine/default.py", line 941, in do_execute
    cursor.execute(statement, parameters)
    ~~~~~~~~~~~~~~^^^^^^^^^^^^^^^^^^^^^^^
  File "/Users/mehriddinmengturayev/Downloads/shopbot/.venv/lib/python3.13/site-packages/sqlalchemy/dialects/sqlite/aiosqlite.py", line 147, in execute
    self._adapt_connection._handle_exception(error)
    ~~~~~~~~~~~~~~~~~~~~~~~~~~~~~~~~~~~~~~~~^^^^^^^
  File "/Users/mehriddinmengturayev/Downloads/shopbot/.venv/lib/python3.13/site-packages/sqlalchemy/dialects/sqlite/aiosqlite.py", line 298, in _handle_exception
    raise error
  File "/Users/mehriddinmengturayev/Downloads/shopbot/.venv/lib/python3.13/site-packages/sqlalchemy/dialects/sqlite/aiosqlite.py", line 129, in execute
    self.await_(_cursor.execute(operation, parameters))
    ~~~~~~~~~~~^^^^^^^^^^^^^^^^^^^^^^^^^^^^^^^^^^^^^^^^
  File "/Users/mehriddinmengturayev/Downloads/shopbot/.venv/lib/python3.13/site-packages/sqlalchemy/util/_concurrency_py3k.py", line 132, in await_only
    return current.parent.switch(awaitable)  # type: ignore[no-any-return,attr-defined] # noqa: E501
           ~~~~~~~~~~~~~~~~~~~~~^^^^^^^^^^^
  File "/Users/mehriddinmengturayev/Downloads/shopbot/.venv/lib/python3.13/site-packages/sqlalchemy/util/_concurrency_py3k.py", line 196, in greenlet_spawn
    value = await result
            ^^^^^^^^^^^^
  File "/Users/mehriddinmengturayev/Downloads/shopbot/.venv/lib/python3.13/site-packages/aiosqlite/cursor.py", line 48, in execute
    await self._execute(self._cursor.execute, sql, parameters)
  File "/Users/mehriddinmengturayev/Downloads/shopbot/.venv/lib/python3.13/site-packages/aiosqlite/cursor.py", line 40, in _execute
    return await self._conn._execute(fn, *args, **kwargs)
           ^^^^^^^^^^^^^^^^^^^^^^^^^^^^^^^^^^^^^^^^^^^^^^
  File "/Users/mehriddinmengturayev/Downloads/shopbot/.venv/lib/python3.13/site-packages/aiosqlite/core.py", line 132, in _execute
    return await future
           ^^^^^^^^^^^^
  File "/Users/mehriddinmengturayev/Downloads/shopbot/.venv/lib/python3.13/site-packages/aiosqlite/core.py", line 115, in run
    result = function()
sqlalchemy.exc.OperationalError: (sqlite3.OperationalError) no such column: orders.payment_method
[SQL: SELECT orders.id, orders.order_uuid, orders.user_id, orders.product_id, orders.price_at_purchase, orders.currency, orders.status, orders.payment_method, orders.crypto_provider, orders.crypto_invoice_id, orders.crypto_pay_url, orders.decided_by_admin_id, orders.decided_at, orders.rejection_reason, orders.delivered_payload, orders.delivered_at, orders.created_at, orders.updated_at 
FROM orders 
WHERE orders.status = ?]
[parameters: ('AWAITING_CRYPTO_PAYMENT',)]
(Background on this error at: https://sqlalche.me/e/20/e3q8)
2026-07-30 20:41:58,129 | ERROR    | providers | Crypto poller iteration failed
Traceback (most recent call last):
  File "/Users/mehriddinmengturayev/Downloads/shopbot/.venv/lib/python3.13/site-packages/sqlalchemy/engine/base.py", line 1967, in _exec_single_context
    self.dialect.do_execute(
    ~~~~~~~~~~~~~~~~~~~~~~~^
        cursor, str_statement, effective_parameters, context
        ^^^^^^^^^^^^^^^^^^^^^^^^^^^^^^^^^^^^^^^^^^^^^^^^^^^^
    )
    ^
  File "/Users/mehriddinmengturayev/Downloads/shopbot/.venv/lib/python3.13/site-packages/sqlalchemy/engine/default.py", line 941, in do_execute
    cursor.execute(statement, parameters)
    ~~~~~~~~~~~~~~^^^^^^^^^^^^^^^^^^^^^^^
  File "/Users/mehriddinmengturayev/Downloads/shopbot/.venv/lib/python3.13/site-packages/sqlalchemy/dialects/sqlite/aiosqlite.py", line 147, in execute
    self._adapt_connection._handle_exception(error)
    ~~~~~~~~~~~~~~~~~~~~~~~~~~~~~~~~~~~~~~~~^^^^^^^
  File "/Users/mehriddinmengturayev/Downloads/shopbot/.venv/lib/python3.13/site-packages/sqlalchemy/dialects/sqlite/aiosqlite.py", line 298, in _handle_exception
    raise error
  File "/Users/mehriddinmengturayev/Downloads/shopbot/.venv/lib/python3.13/site-packages/sqlalchemy/dialects/sqlite/aiosqlite.py", line 129, in execute
    self.await_(_cursor.execute(operation, parameters))
    ~~~~~~~~~~~^^^^^^^^^^^^^^^^^^^^^^^^^^^^^^^^^^^^^^^^
  File "/Users/mehriddinmengturayev/Downloads/shopbot/.venv/lib/python3.13/site-packages/sqlalchemy/util/_concurrency_py3k.py", line 132, in await_only
    return current.parent.switch(awaitable)  # type: ignore[no-any-return,attr-defined] # noqa: E501
           ~~~~~~~~~~~~~~~~~~~~~^^^^^^^^^^^
  File "/Users/mehriddinmengturayev/Downloads/shopbot/.venv/lib/python3.13/site-packages/sqlalchemy/util/_concurrency_py3k.py", line 196, in greenlet_spawn
    value = await result
            ^^^^^^^^^^^^
  File "/Users/mehriddinmengturayev/Downloads/shopbot/.venv/lib/python3.13/site-packages/aiosqlite/cursor.py", line 48, in execute
    await self._execute(self._cursor.execute, sql, parameters)
  File "/Users/mehriddinmengturayev/Downloads/shopbot/.venv/lib/python3.13/site-packages/aiosqlite/cursor.py", line 40, in _execute
    return await self._conn._execute(fn, *args, **kwargs)
           ^^^^^^^^^^^^^^^^^^^^^^^^^^^^^^^^^^^^^^^^^^^^^^
  File "/Users/mehriddinmengturayev/Downloads/shopbot/.venv/lib/python3.13/site-packages/aiosqlite/core.py", line 132, in _execute
    return await future
           ^^^^^^^^^^^^
  File "/Users/mehriddinmengturayev/Downloads/shopbot/.venv/lib/python3.13/site-packages/aiosqlite/core.py", line 115, in run
    result = function()
sqlite3.OperationalError: no such column: orders.payment_method

The above exception was the direct cause of the following exception:

Traceback (most recent call last):
  File "/Users/mehriddinmengturayev/Downloads/shopbot/app/services/crypto_poller.py", line 33, in crypto_poller_loop
    await _poll_once(bot)
  File "/Users/mehriddinmengturayev/Downloads/shopbot/app/services/crypto_poller.py", line 44, in _poll_once
    pending = await orders_repo.list_awaiting_crypto_payment()
              ^^^^^^^^^^^^^^^^^^^^^^^^^^^^^^^^^^^^^^^^^^^^^^^^
  File "/Users/mehriddinmengturayev/Downloads/shopbot/app/repositories/order_repo.py", line 47, in list_awaiting_crypto_payment
    result = await self.session.execute(
             ^^^^^^^^^^^^^^^^^^^^^^^^^^^
    ...<3 lines>...
    )
    ^
  File "/Users/mehriddinmengturayev/Downloads/shopbot/.venv/lib/python3.13/site-packages/sqlalchemy/ext/asyncio/session.py", line 461, in execute
    result = await greenlet_spawn(
             ^^^^^^^^^^^^^^^^^^^^^
    ...<6 lines>...
    )
    ^
  File "/Users/mehriddinmengturayev/Downloads/shopbot/.venv/lib/python3.13/site-packages/sqlalchemy/util/_concurrency_py3k.py", line 201, in greenlet_spawn
    result = context.throw(*sys.exc_info())
  File "/Users/mehriddinmengturayev/Downloads/shopbot/.venv/lib/python3.13/site-packages/sqlalchemy/orm/session.py", line 2362, in execute
    return self._execute_internal(
           ~~~~~~~~~~~~~~~~~~~~~~^
        statement,
        ^^^^^^^^^^
    ...<4 lines>...
        _add_event=_add_event,
        ^^^^^^^^^^^^^^^^^^^^^^
    )
    ^
  File "/Users/mehriddinmengturayev/Downloads/shopbot/.venv/lib/python3.13/site-packages/sqlalchemy/orm/session.py", line 2247, in _execute_internal
    result: Result[Any] = compile_state_cls.orm_execute_statement(
                          ~~~~~~~~~~~~~~~~~~~~~~~~~~~~~~~~~~~~~~~^
        self,
        ^^^^^
    ...<4 lines>...
        conn,
        ^^^^^
    )
    ^
  File "/Users/mehriddinmengturayev/Downloads/shopbot/.venv/lib/python3.13/site-packages/sqlalchemy/orm/context.py", line 305, in orm_execute_statement
    result = conn.execute(
        statement, params or {}, execution_options=execution_options
    )
  File "/Users/mehriddinmengturayev/Downloads/shopbot/.venv/lib/python3.13/site-packages/sqlalchemy/engine/base.py", line 1418, in execute
    return meth(
        self,
        distilled_parameters,
        execution_options or NO_OPTIONS,
    )
  File "/Users/mehriddinmengturayev/Downloads/shopbot/.venv/lib/python3.13/site-packages/sqlalchemy/sql/elements.py", line 515, in _execute_on_connection
    return connection._execute_clauseelement(
           ~~~~~~~~~~~~~~~~~~~~~~~~~~~~~~~~~^
        self, distilled_params, execution_options
        ^^^^^^^^^^^^^^^^^^^^^^^^^^^^^^^^^^^^^^^^^
    )
    ^
  File "/Users/mehriddinmengturayev/Downloads/shopbot/.venv/lib/python3.13/site-packages/sqlalchemy/engine/base.py", line 1640, in _execute_clauseelement
    ret = self._execute_context(
        dialect,
    ...<8 lines>...
        cache_hit=cache_hit,
    )
  File "/Users/mehriddinmengturayev/Downloads/shopbot/.venv/lib/python3.13/site-packages/sqlalchemy/engine/base.py", line 1846, in _execute_context
    return self._exec_single_context(
           ~~~~~~~~~~~~~~~~~~~~~~~~~^
        dialect, context, statement, parameters
        ^^^^^^^^^^^^^^^^^^^^^^^^^^^^^^^^^^^^^^^
    )
    ^
  File "/Users/mehriddinmengturayev/Downloads/shopbot/.venv/lib/python3.13/site-packages/sqlalchemy/engine/base.py", line 1986, in _exec_single_context
    self._handle_dbapi_exception(
    ~~~~~~~~~~~~~~~~~~~~~~~~~~~~^
        e, str_statement, effective_parameters, cursor, context
        ^^^^^^^^^^^^^^^^^^^^^^^^^^^^^^^^^^^^^^^^^^^^^^^^^^^^^^^
    )
    ^
  File "/Users/mehriddinmengturayev/Downloads/shopbot/.venv/lib/python3.13/site-packages/sqlalchemy/engine/base.py", line 2355, in _handle_dbapi_exception
    raise sqlalchemy_exception.with_traceback(exc_info[2]) from e
  File "/Users/mehriddinmengturayev/Downloads/shopbot/.venv/lib/python3.13/site-packages/sqlalchemy/engine/base.py", line 1967, in _exec_single_context
    self.dialect.do_execute(
    ~~~~~~~~~~~~~~~~~~~~~~~^
        cursor, str_statement, effective_parameters, context
        ^^^^^^^^^^^^^^^^^^^^^^^^^^^^^^^^^^^^^^^^^^^^^^^^^^^^
    )
    ^
  File "/Users/mehriddinmengturayev/Downloads/shopbot/.venv/lib/python3.13/site-packages/sqlalchemy/engine/default.py", line 941, in do_execute
    cursor.execute(statement, parameters)
    ~~~~~~~~~~~~~~^^^^^^^^^^^^^^^^^^^^^^^
  File "/Users/mehriddinmengturayev/Downloads/shopbot/.venv/lib/python3.13/site-packages/sqlalchemy/dialects/sqlite/aiosqlite.py", line 147, in execute
    self._adapt_connection._handle_exception(error)
    ~~~~~~~~~~~~~~~~~~~~~~~~~~~~~~~~~~~~~~~~^^^^^^^
  File "/Users/mehriddinmengturayev/Downloads/shopbot/.venv/lib/python3.13/site-packages/sqlalchemy/dialects/sqlite/aiosqlite.py", line 298, in _handle_exception
    raise error
  File "/Users/mehriddinmengturayev/Downloads/shopbot/.venv/lib/python3.13/site-packages/sqlalchemy/dialects/sqlite/aiosqlite.py", line 129, in execute
    self.await_(_cursor.execute(operation, parameters))
    ~~~~~~~~~~~^^^^^^^^^^^^^^^^^^^^^^^^^^^^^^^^^^^^^^^^
  File "/Users/mehriddinmengturayev/Downloads/shopbot/.venv/lib/python3.13/site-packages/sqlalchemy/util/_concurrency_py3k.py", line 132, in await_only
    return current.parent.switch(awaitable)  # type: ignore[no-any-return,attr-defined] # noqa: E501
           ~~~~~~~~~~~~~~~~~~~~~^^^^^^^^^^^
  File "/Users/mehriddinmengturayev/Downloads/shopbot/.venv/lib/python3.13/site-packages/sqlalchemy/util/_concurrency_py3k.py", line 196, in greenlet_spawn
    value = await result
            ^^^^^^^^^^^^
  File "/Users/mehriddinmengturayev/Downloads/shopbot/.venv/lib/python3.13/site-packages/aiosqlite/cursor.py", line 48, in execute
    await self._execute(self._cursor.execute, sql, parameters)
  File "/Users/mehriddinmengturayev/Downloads/shopbot/.venv/lib/python3.13/site-packages/aiosqlite/cursor.py", line 40, in _execute
    return await self._conn._execute(fn, *args, **kwargs)
           ^^^^^^^^^^^^^^^^^^^^^^^^^^^^^^^^^^^^^^^^^^^^^^
  File "/Users/mehriddinmengturayev/Downloads/shopbot/.venv/lib/python3.13/site-packages/aiosqlite/core.py", line 132, in _execute
    return await future
           ^^^^^^^^^^^^
  File "/Users/mehriddinmengturayev/Downloads/shopbot/.venv/lib/python3.13/site-packages/aiosqlite/core.py", line 115, in run
    result = function()
sqlalchemy.exc.OperationalError: (sqlite3.OperationalError) no such column: orders.payment_method
[SQL: SELECT orders.id, orders.order_uuid, orders.user_id, orders.product_id, orders.price_at_purchase, orders.currency, orders.status, orders.payment_method, orders.crypto_provider, orders.crypto_invoice_id, orders.crypto_pay_url, orders.decided_by_admin_id, orders.decided_at, orders.rejection_reason, orders.delivered_payload, orders.delivered_at, orders.created_at, orders.updated_at 
FROM orders 
WHERE orders.status = ?]
[parameters: ('AWAITING_CRYPTO_PAYMENT',)]
(Background on this error at: https://sqlalche.me/e/20/e3q8)
2026-07-30 20:42:18,146 | ERROR    | providers | Crypto poller iteration failed
Traceback (most recent call last):
  File "/Users/mehriddinmengturayev/Downloads/shopbot/.venv/lib/python3.13/site-packages/sqlalchemy/engine/base.py", line 1967, in _exec_single_context
    self.dialect.do_execute(
    ~~~~~~~~~~~~~~~~~~~~~~~^
        cursor, str_statement, effective_parameters, context
        ^^^^^^^^^^^^^^^^^^^^^^^^^^^^^^^^^^^^^^^^^^^^^^^^^^^^
    )
    ^
  File "/Users/mehriddinmengturayev/Downloads/shopbot/.venv/lib/python3.13/site-packages/sqlalchemy/engine/default.py", line 941, in do_execute
    cursor.execute(statement, parameters)
    ~~~~~~~~~~~~~~^^^^^^^^^^^^^^^^^^^^^^^
  File "/Users/mehriddinmengturayev/Downloads/shopbot/.venv/lib/python3.13/site-packages/sqlalchemy/dialects/sqlite/aiosqlite.py", line 147, in execute
    self._adapt_connection._handle_exception(error)
    ~~~~~~~~~~~~~~~~~~~~~~~~~~~~~~~~~~~~~~~~^^^^^^^
  File "/Users/mehriddinmengturayev/Downloads/shopbot/.venv/lib/python3.13/site-packages/sqlalchemy/dialects/sqlite/aiosqlite.py", line 298, in _handle_exception
    raise error
  File "/Users/mehriddinmengturayev/Downloads/shopbot/.venv/lib/python3.13/site-packages/sqlalchemy/dialects/sqlite/aiosqlite.py", line 129, in execute
    self.await_(_cursor.execute(operation, parameters))
    ~~~~~~~~~~~^^^^^^^^^^^^^^^^^^^^^^^^^^^^^^^^^^^^^^^^
  File "/Users/mehriddinmengturayev/Downloads/shopbot/.venv/lib/python3.13/site-packages/sqlalchemy/util/_concurrency_py3k.py", line 132, in await_only
    return current.parent.switch(awaitable)  # type: ignore[no-any-return,attr-defined] # noqa: E501
           ~~~~~~~~~~~~~~~~~~~~~^^^^^^^^^^^
  File "/Users/mehriddinmengturayev/Downloads/shopbot/.venv/lib/python3.13/site-packages/sqlalchemy/util/_concurrency_py3k.py", line 196, in greenlet_spawn
    value = await result
            ^^^^^^^^^^^^
  File "/Users/mehriddinmengturayev/Downloads/shopbot/.venv/lib/python3.13/site-packages/aiosqlite/cursor.py", line 48, in execute
    await self._execute(self._cursor.execute, sql, parameters)
  File "/Users/mehriddinmengturayev/Downloads/shopbot/.venv/lib/python3.13/site-packages/aiosqlite/cursor.py", line 40, in _execute
    return await self._conn._execute(fn, *args, **kwargs)
           ^^^^^^^^^^^^^^^^^^^^^^^^^^^^^^^^^^^^^^^^^^^^^^
  File "/Users/mehriddinmengturayev/Downloads/shopbot/.venv/lib/python3.13/site-packages/aiosqlite/core.py", line 132, in _execute
    return await future
           ^^^^^^^^^^^^
  File "/Users/mehriddinmengturayev/Downloads/shopbot/.venv/lib/python3.13/site-packages/aiosqlite/core.py", line 115, in run
    result = function()
sqlite3.OperationalError: no such column: orders.payment_method

The above exception was the direct cause of the following exception:

Traceback (most recent call last):
  File "/Users/mehriddinmengturayev/Downloads/shopbot/app/services/crypto_poller.py", line 33, in crypto_poller_loop
    await _poll_once(bot)
  File "/Users/mehriddinmengturayev/Downloads/shopbot/app/services/crypto_poller.py", line 44, in _poll_once
    pending = await orders_repo.list_awaiting_crypto_payment()
              ^^^^^^^^^^^^^^^^^^^^^^^^^^^^^^^^^^^^^^^^^^^^^^^^
  File "/Users/mehriddinmengturayev/Downloads/shopbot/app/repositories/order_repo.py", line 47, in list_awaiting_crypto_payment
    result = await self.session.execute(
             ^^^^^^^^^^^^^^^^^^^^^^^^^^^
    ...<3 lines>...
    )
    ^
  File "/Users/mehriddinmengturayev/Downloads/shopbot/.venv/lib/python3.13/site-packages/sqlalchemy/ext/asyncio/session.py", line 461, in execute
    result = await greenlet_spawn(
             ^^^^^^^^^^^^^^^^^^^^^
    ...<6 lines>...
    )
    ^
  File "/Users/mehriddinmengturayev/Downloads/shopbot/.venv/lib/python3.13/site-packages/sqlalchemy/util/_concurrency_py3k.py", line 201, in greenlet_spawn
    result = context.throw(*sys.exc_info())
  File "/Users/mehriddinmengturayev/Downloads/shopbot/.venv/lib/python3.13/site-packages/sqlalchemy/orm/session.py", line 2362, in execute
    return self._execute_internal(
           ~~~~~~~~~~~~~~~~~~~~~~^
        statement,
        ^^^^^^^^^^
    ...<4 lines>...
        _add_event=_add_event,
        ^^^^^^^^^^^^^^^^^^^^^^
    )
    ^
  File "/Users/mehriddinmengturayev/Downloads/shopbot/.venv/lib/python3.13/site-packages/sqlalchemy/orm/session.py", line 2247, in _execute_internal
    result: Result[Any] = compile_state_cls.orm_execute_statement(
                          ~~~~~~~~~~~~~~~~~~~~~~~~~~~~~~~~~~~~~~~^
        self,
        ^^^^^
    ...<4 lines>...
        conn,
        ^^^^^
    )
    ^
  File "/Users/mehriddinmengturayev/Downloads/shopbot/.venv/lib/python3.13/site-packages/sqlalchemy/orm/context.py", line 305, in orm_execute_statement
    result = conn.execute(
        statement, params or {}, execution_options=execution_options
    )
  File "/Users/mehriddinmengturayev/Downloads/shopbot/.venv/lib/python3.13/site-packages/sqlalchemy/engine/base.py", line 1418, in execute
    return meth(
        self,
        distilled_parameters,
        execution_options or NO_OPTIONS,
    )
  File "/Users/mehriddinmengturayev/Downloads/shopbot/.venv/lib/python3.13/site-packages/sqlalchemy/sql/elements.py", line 515, in _execute_on_connection
    return connection._execute_clauseelement(
           ~~~~~~~~~~~~~~~~~~~~~~~~~~~~~~~~~^
        self, distilled_params, execution_options
        ^^^^^^^^^^^^^^^^^^^^^^^^^^^^^^^^^^^^^^^^^
    )
    ^
  File "/Users/mehriddinmengturayev/Downloads/shopbot/.venv/lib/python3.13/site-packages/sqlalchemy/engine/base.py", line 1640, in _execute_clauseelement
    ret = self._execute_context(
        dialect,
    ...<8 lines>...
        cache_hit=cache_hit,
    )
  File "/Users/mehriddinmengturayev/Downloads/shopbot/.venv/lib/python3.13/site-packages/sqlalchemy/engine/base.py", line 1846, in _execute_context
    return self._exec_single_context(
           ~~~~~~~~~~~~~~~~~~~~~~~~~^
        dialect, context, statement, parameters
        ^^^^^^^^^^^^^^^^^^^^^^^^^^^^^^^^^^^^^^^
    )
    ^
  File "/Users/mehriddinmengturayev/Downloads/shopbot/.venv/lib/python3.13/site-packages/sqlalchemy/engine/base.py", line 1986, in _exec_single_context
    self._handle_dbapi_exception(
    ~~~~~~~~~~~~~~~~~~~~~~~~~~~~^
        e, str_statement, effective_parameters, cursor, context
        ^^^^^^^^^^^^^^^^^^^^^^^^^^^^^^^^^^^^^^^^^^^^^^^^^^^^^^^
    )
    ^
  File "/Users/mehriddinmengturayev/Downloads/shopbot/.venv/lib/python3.13/site-packages/sqlalchemy/engine/base.py", line 2355, in _handle_dbapi_exception
    raise sqlalchemy_exception.with_traceback(exc_info[2]) from e
  File "/Users/mehriddinmengturayev/Downloads/shopbot/.venv/lib/python3.13/site-packages/sqlalchemy/engine/base.py", line 1967, in _exec_single_context
    self.dialect.do_execute(
    ~~~~~~~~~~~~~~~~~~~~~~~^
        cursor, str_statement, effective_parameters, context
        ^^^^^^^^^^^^^^^^^^^^^^^^^^^^^^^^^^^^^^^^^^^^^^^^^^^^
    )
    ^
  File "/Users/mehriddinmengturayev/Downloads/shopbot/.venv/lib/python3.13/site-packages/sqlalchemy/engine/default.py", line 941, in do_execute
    cursor.execute(statement, parameters)
    ~~~~~~~~~~~~~~^^^^^^^^^^^^^^^^^^^^^^^
  File "/Users/mehriddinmengturayev/Downloads/shopbot/.venv/lib/python3.13/site-packages/sqlalchemy/dialects/sqlite/aiosqlite.py", line 147, in execute
    self._adapt_connection._handle_exception(error)
    ~~~~~~~~~~~~~~~~~~~~~~~~~~~~~~~~~~~~~~~~^^^^^^^
  File "/Users/mehriddinmengturayev/Downloads/shopbot/.venv/lib/python3.13/site-packages/sqlalchemy/dialects/sqlite/aiosqlite.py", line 298, in _handle_exception
    raise error
  File "/Users/mehriddinmengturayev/Downloads/shopbot/.venv/lib/python3.13/site-packages/sqlalchemy/dialects/sqlite/aiosqlite.py", line 129, in execute
    self.await_(_cursor.execute(operation, parameters))
    ~~~~~~~~~~~^^^^^^^^^^^^^^^^^^^^^^^^^^^^^^^^^^^^^^^^
  File "/Users/mehriddinmengturayev/Downloads/shopbot/.venv/lib/python3.13/site-packages/sqlalchemy/util/_concurrency_py3k.py", line 132, in await_only
    return current.parent.switch(awaitable)  # type: ignore[no-any-return,attr-defined] # noqa: E501
           ~~~~~~~~~~~~~~~~~~~~~^^^^^^^^^^^
  File "/Users/mehriddinmengturayev/Downloads/shopbot/.venv/lib/python3.13/site-packages/sqlalchemy/util/_concurrency_py3k.py", line 196, in greenlet_spawn
    value = await result
            ^^^^^^^^^^^^
  File "/Users/mehriddinmengturayev/Downloads/shopbot/.venv/lib/python3.13/site-packages/aiosqlite/cursor.py", line 48, in execute
    await self._execute(self._cursor.execute, sql, parameters)
  File "/Users/mehriddinmengturayev/Downloads/shopbot/.venv/lib/python3.13/site-packages/aiosqlite/cursor.py", line 40, in _execute
    return await self._conn._execute(fn, *args, **kwargs)
           ^^^^^^^^^^^^^^^^^^^^^^^^^^^^^^^^^^^^^^^^^^^^^^
  File "/Users/mehriddinmengturayev/Downloads/shopbot/.venv/lib/python3.13/site-packages/aiosqlite/core.py", line 132, in _execute
    return await future
           ^^^^^^^^^^^^
  File "/Users/mehriddinmengturayev/Downloads/shopbot/.venv/lib/python3.13/site-packages/aiosqlite/core.py", line 115, in run
    result = function()
sqlalchemy.exc.OperationalError: (sqlite3.OperationalError) no such column: orders.payment_method
[SQL: SELECT orders.id, orders.order_uuid, orders.user_id, orders.product_id, orders.price_at_purchase, orders.currency, orders.status, orders.payment_method, orders.crypto_provider, orders.crypto_invoice_id, orders.crypto_pay_url, orders.decided_by_admin_id, orders.decided_at, orders.rejection_reason, orders.delivered_payload, orders.delivered_at, orders.created_at, orders.updated_at 
FROM orders 
WHERE orders.status = ?]
[parameters: ('AWAITING_CRYPTO_PAYMENT',)]
(Background on this error at: https://sqlalche.me/e/20/e3q8)
2026-07-30 20:42:38,164 | ERROR    | providers | Crypto poller iteration failed
Traceback (most recent call last):
  File "/Users/mehriddinmengturayev/Downloads/shopbot/.venv/lib/python3.13/site-packages/sqlalchemy/engine/base.py", line 1967, in _exec_single_context
    self.dialect.do_execute(
    ~~~~~~~~~~~~~~~~~~~~~~~^
        cursor, str_statement, effective_parameters, context
        ^^^^^^^^^^^^^^^^^^^^^^^^^^^^^^^^^^^^^^^^^^^^^^^^^^^^
    )
    ^
  File "/Users/mehriddinmengturayev/Downloads/shopbot/.venv/lib/python3.13/site-packages/sqlalchemy/engine/default.py", line 941, in do_execute
    cursor.execute(statement, parameters)
    ~~~~~~~~~~~~~~^^^^^^^^^^^^^^^^^^^^^^^
  File "/Users/mehriddinmengturayev/Downloads/shopbot/.venv/lib/python3.13/site-packages/sqlalchemy/dialects/sqlite/aiosqlite.py", line 147, in execute
    self._adapt_connection._handle_exception(error)
    ~~~~~~~~~~~~~~~~~~~~~~~~~~~~~~~~~~~~~~~~^^^^^^^
  File "/Users/mehriddinmengturayev/Downloads/shopbot/.venv/lib/python3.13/site-packages/sqlalchemy/dialects/sqlite/aiosqlite.py", line 298, in _handle_exception
    raise error
  File "/Users/mehriddinmengturayev/Downloads/shopbot/.venv/lib/python3.13/site-packages/sqlalchemy/dialects/sqlite/aiosqlite.py", line 129, in execute
    self.await_(_cursor.execute(operation, parameters))
    ~~~~~~~~~~~^^^^^^^^^^^^^^^^^^^^^^^^^^^^^^^^^^^^^^^^
  File "/Users/mehriddinmengturayev/Downloads/shopbot/.venv/lib/python3.13/site-packages/sqlalchemy/util/_concurrency_py3k.py", line 132, in await_only
    return current.parent.switch(awaitable)  # type: ignore[no-any-return,attr-defined] # noqa: E501
           ~~~~~~~~~~~~~~~~~~~~~^^^^^^^^^^^
  File "/Users/mehriddinmengturayev/Downloads/shopbot/.venv/lib/python3.13/site-packages/sqlalchemy/util/_concurrency_py3k.py", line 196, in greenlet_spawn
    value = await result
            ^^^^^^^^^^^^
  File "/Users/mehriddinmengturayev/Downloads/shopbot/.venv/lib/python3.13/site-packages/aiosqlite/cursor.py", line 48, in execute
    await self._execute(self._cursor.execute, sql, parameters)
  File "/Users/mehriddinmengturayev/Downloads/shopbot/.venv/lib/python3.13/site-packages/aiosqlite/cursor.py", line 40, in _execute
    return await self._conn._execute(fn, *args, **kwargs)
           ^^^^^^^^^^^^^^^^^^^^^^^^^^^^^^^^^^^^^^^^^^^^^^
  File "/Users/mehriddinmengturayev/Downloads/shopbot/.venv/lib/python3.13/site-packages/aiosqlite/core.py", line 132, in _execute
    return await future
           ^^^^^^^^^^^^
  File "/Users/mehriddinmengturayev/Downloads/shopbot/.venv/lib/python3.13/site-packages/aiosqlite/core.py", line 115, in run
    result = function()
sqlite3.OperationalError: no such column: orders.payment_method

The above exception was the direct cause of the following exception:

Traceback (most recent call last):
  File "/Users/mehriddinmengturayev/Downloads/shopbot/app/services/crypto_poller.py", line 33, in crypto_poller_loop
    await _poll_once(bot)
  File "/Users/mehriddinmengturayev/Downloads/shopbot/app/services/crypto_poller.py", line 44, in _poll_once
    pending = await orders_repo.list_awaiting_crypto_payment()
              ^^^^^^^^^^^^^^^^^^^^^^^^^^^^^^^^^^^^^^^^^^^^^^^^
  File "/Users/mehriddinmengturayev/Downloads/shopbot/app/repositories/order_repo.py", line 47, in list_awaiting_crypto_payment
    result = await self.session.execute(
             ^^^^^^^^^^^^^^^^^^^^^^^^^^^
    ...<3 lines>...
    )
    ^
  File "/Users/mehriddinmengturayev/Downloads/shopbot/.venv/lib/python3.13/site-packages/sqlalchemy/ext/asyncio/session.py", line 461, in execute
    result = await greenlet_spawn(
             ^^^^^^^^^^^^^^^^^^^^^
    ...<6 lines>...
    )
    ^
  File "/Users/mehriddinmengturayev/Downloads/shopbot/.venv/lib/python3.13/site-packages/sqlalchemy/util/_concurrency_py3k.py", line 201, in greenlet_spawn
    result = context.throw(*sys.exc_info())
  File "/Users/mehriddinmengturayev/Downloads/shopbot/.venv/lib/python3.13/site-packages/sqlalchemy/orm/session.py", line 2362, in execute
    return self._execute_internal(
           ~~~~~~~~~~~~~~~~~~~~~~^
        statement,
        ^^^^^^^^^^
    ...<4 lines>...
        _add_event=_add_event,
        ^^^^^^^^^^^^^^^^^^^^^^
    )
    ^
  File "/Users/mehriddinmengturayev/Downloads/shopbot/.venv/lib/python3.13/site-packages/sqlalchemy/orm/session.py", line 2247, in _execute_internal
    result: Result[Any] = compile_state_cls.orm_execute_statement(
                          ~~~~~~~~~~~~~~~~~~~~~~~~~~~~~~~~~~~~~~~^
        self,
        ^^^^^
    ...<4 lines>...
        conn,
        ^^^^^
    )
    ^
  File "/Users/mehriddinmengturayev/Downloads/shopbot/.venv/lib/python3.13/site-packages/sqlalchemy/orm/context.py", line 305, in orm_execute_statement
    result = conn.execute(
        statement, params or {}, execution_options=execution_options
    )
  File "/Users/mehriddinmengturayev/Downloads/shopbot/.venv/lib/python3.13/site-packages/sqlalchemy/engine/base.py", line 1418, in execute
    return meth(
        self,
        distilled_parameters,
        execution_options or NO_OPTIONS,
    )
  File "/Users/mehriddinmengturayev/Downloads/shopbot/.venv/lib/python3.13/site-packages/sqlalchemy/sql/elements.py", line 515, in _execute_on_connection
    return connection._execute_clauseelement(
           ~~~~~~~~~~~~~~~~~~~~~~~~~~~~~~~~~^
        self, distilled_params, execution_options
        ^^^^^^^^^^^^^^^^^^^^^^^^^^^^^^^^^^^^^^^^^
    )
    ^
  File "/Users/mehriddinmengturayev/Downloads/shopbot/.venv/lib/python3.13/site-packages/sqlalchemy/engine/base.py", line 1640, in _execute_clauseelement
    ret = self._execute_context(
        dialect,
    ...<8 lines>...
        cache_hit=cache_hit,
    )
  File "/Users/mehriddinmengturayev/Downloads/shopbot/.venv/lib/python3.13/site-packages/sqlalchemy/engine/base.py", line 1846, in _execute_context
    return self._exec_single_context(
           ~~~~~~~~~~~~~~~~~~~~~~~~~^
        dialect, context, statement, parameters
        ^^^^^^^^^^^^^^^^^^^^^^^^^^^^^^^^^^^^^^^
    )
    ^
  File "/Users/mehriddinmengturayev/Downloads/shopbot/.venv/lib/python3.13/site-packages/sqlalchemy/engine/base.py", line 1986, in _exec_single_context
    self._handle_dbapi_exception(
    ~~~~~~~~~~~~~~~~~~~~~~~~~~~~^
        e, str_statement, effective_parameters, cursor, context
        ^^^^^^^^^^^^^^^^^^^^^^^^^^^^^^^^^^^^^^^^^^^^^^^^^^^^^^^
    )
    ^
  File "/Users/mehriddinmengturayev/Downloads/shopbot/.venv/lib/python3.13/site-packages/sqlalchemy/engine/base.py", line 2355, in _handle_dbapi_exception
    raise sqlalchemy_exception.with_traceback(exc_info[2]) from e
  File "/Users/mehriddinmengturayev/Downloads/shopbot/.venv/lib/python3.13/site-packages/sqlalchemy/engine/base.py", line 1967, in _exec_single_context
    self.dialect.do_execute(
    ~~~~~~~~~~~~~~~~~~~~~~~^
        cursor, str_statement, effective_parameters, context
        ^^^^^^^^^^^^^^^^^^^^^^^^^^^^^^^^^^^^^^^^^^^^^^^^^^^^
    )
    ^
  File "/Users/mehriddinmengturayev/Downloads/shopbot/.venv/lib/python3.13/site-packages/sqlalchemy/engine/default.py", line 941, in do_execute
    cursor.execute(statement, parameters)
    ~~~~~~~~~~~~~~^^^^^^^^^^^^^^^^^^^^^^^
  File "/Users/mehriddinmengturayev/Downloads/shopbot/.venv/lib/python3.13/site-packages/sqlalchemy/dialects/sqlite/aiosqlite.py", line 147, in execute
    self._adapt_connection._handle_exception(error)
    ~~~~~~~~~~~~~~~~~~~~~~~~~~~~~~~~~~~~~~~~^^^^^^^
  File "/Users/mehriddinmengturayev/Downloads/shopbot/.venv/lib/python3.13/site-packages/sqlalchemy/dialects/sqlite/aiosqlite.py", line 298, in _handle_exception
    raise error
  File "/Users/mehriddinmengturayev/Downloads/shopbot/.venv/lib/python3.13/site-packages/sqlalchemy/dialects/sqlite/aiosqlite.py", line 129, in execute
    self.await_(_cursor.execute(operation, parameters))
    ~~~~~~~~~~~^^^^^^^^^^^^^^^^^^^^^^^^^^^^^^^^^^^^^^^^
  File "/Users/mehriddinmengturayev/Downloads/shopbot/.venv/lib/python3.13/site-packages/sqlalchemy/util/_concurrency_py3k.py", line 132, in await_only
    return current.parent.switch(awaitable)  # type: ignore[no-any-return,attr-defined] # noqa: E501
           ~~~~~~~~~~~~~~~~~~~~~^^^^^^^^^^^
  File "/Users/mehriddinmengturayev/Downloads/shopbot/.venv/lib/python3.13/site-packages/sqlalchemy/util/_concurrency_py3k.py", line 196, in greenlet_spawn
    value = await result
            ^^^^^^^^^^^^
  File "/Users/mehriddinmengturayev/Downloads/shopbot/.venv/lib/python3.13/site-packages/aiosqlite/cursor.py", line 48, in execute
    await self._execute(self._cursor.execute, sql, parameters)
  File "/Users/mehriddinmengturayev/Downloads/shopbot/.venv/lib/python3.13/site-packages/aiosqlite/cursor.py", line 40, in _execute
    return await self._conn._execute(fn, *args, **kwargs)
           ^^^^^^^^^^^^^^^^^^^^^^^^^^^^^^^^^^^^^^^^^^^^^^
  File "/Users/mehriddinmengturayev/Downloads/shopbot/.venv/lib/python3.13/site-packages/aiosqlite/core.py", line 132, in _execute
    return await future
           ^^^^^^^^^^^^
  File "/Users/mehriddinmengturayev/Downloads/shopbot/.venv/lib/python3.13/site-packages/aiosqlite/core.py", line 115, in run
    result = function()
sqlalchemy.exc.OperationalError: (sqlite3.OperationalError) no such column: orders.payment_method
[SQL: SELECT orders.id, orders.order_uuid, orders.user_id, orders.product_id, orders.price_at_purchase, orders.currency, orders.status, orders.payment_method, orders.crypto_provider, orders.crypto_invoice_id, orders.crypto_pay_url, orders.decided_by_admin_id, orders.decided_at, orders.rejection_reason, orders.delivered_payload, orders.delivered_at, orders.created_at, orders.updated_at 
FROM orders 
WHERE orders.status = ?]
[parameters: ('AWAITING_CRYPTO_PAYMENT',)]
(Background on this error at: https://sqlalche.me/e/20/e3q8)
2026-07-30 20:42:58,183 | ERROR    | providers | Crypto poller iteration failed
Traceback (most recent call last):
  File "/Users/mehriddinmengturayev/Downloads/shopbot/.venv/lib/python3.13/site-packages/sqlalchemy/engine/base.py", line 1967, in _exec_single_context
    self.dialect.do_execute(
    ~~~~~~~~~~~~~~~~~~~~~~~^
        cursor, str_statement, effective_parameters, context
        ^^^^^^^^^^^^^^^^^^^^^^^^^^^^^^^^^^^^^^^^^^^^^^^^^^^^
    )
    ^
  File "/Users/mehriddinmengturayev/Downloads/shopbot/.venv/lib/python3.13/site-packages/sqlalchemy/engine/default.py", line 941, in do_execute
    cursor.execute(statement, parameters)
    ~~~~~~~~~~~~~~^^^^^^^^^^^^^^^^^^^^^^^
  File "/Users/mehriddinmengturayev/Downloads/shopbot/.venv/lib/python3.13/site-packages/sqlalchemy/dialects/sqlite/aiosqlite.py", line 147, in execute
    self._adapt_connection._handle_exception(error)
    ~~~~~~~~~~~~~~~~~~~~~~~~~~~~~~~~~~~~~~~~^^^^^^^
  File "/Users/mehriddinmengturayev/Downloads/shopbot/.venv/lib/python3.13/site-packages/sqlalchemy/dialects/sqlite/aiosqlite.py", line 298, in _handle_exception
    raise error
  File "/Users/mehriddinmengturayev/Downloads/shopbot/.venv/lib/python3.13/site-packages/sqlalchemy/dialects/sqlite/aiosqlite.py", line 129, in execute
    self.await_(_cursor.execute(operation, parameters))
    ~~~~~~~~~~~^^^^^^^^^^^^^^^^^^^^^^^^^^^^^^^^^^^^^^^^
  File "/Users/mehriddinmengturayev/Downloads/shopbot/.venv/lib/python3.13/site-packages/sqlalchemy/util/_concurrency_py3k.py", line 132, in await_only
    return current.parent.switch(awaitable)  # type: ignore[no-any-return,attr-defined] # noqa: E501
           ~~~~~~~~~~~~~~~~~~~~~^^^^^^^^^^^
  File "/Users/mehriddinmengturayev/Downloads/shopbot/.venv/lib/python3.13/site-packages/sqlalchemy/util/_concurrency_py3k.py", line 196, in greenlet_spawn
    value = await result
            ^^^^^^^^^^^^
  File "/Users/mehriddinmengturayev/Downloads/shopbot/.venv/lib/python3.13/site-packages/aiosqlite/cursor.py", line 48, in execute
    await self._execute(self._cursor.execute, sql, parameters)
  File "/Users/mehriddinmengturayev/Downloads/shopbot/.venv/lib/python3.13/site-packages/aiosqlite/cursor.py", line 40, in _execute
    return await self._conn._execute(fn, *args, **kwargs)
           ^^^^^^^^^^^^^^^^^^^^^^^^^^^^^^^^^^^^^^^^^^^^^^
  File "/Users/mehriddinmengturayev/Downloads/shopbot/.venv/lib/python3.13/site-packages/aiosqlite/core.py", line 132, in _execute
    return await future
           ^^^^^^^^^^^^
  File "/Users/mehriddinmengturayev/Downloads/shopbot/.venv/lib/python3.13/site-packages/aiosqlite/core.py", line 115, in run
    result = function()
sqlite3.OperationalError: no such column: orders.payment_method

The above exception was the direct cause of the following exception:

Traceback (most recent call last):
  File "/Users/mehriddinmengturayev/Downloads/shopbot/app/services/crypto_poller.py", line 33, in crypto_poller_loop
    await _poll_once(bot)
  File "/Users/mehriddinmengturayev/Downloads/shopbot/app/services/crypto_poller.py", line 44, in _poll_once
    pending = await orders_repo.list_awaiting_crypto_payment()
              ^^^^^^^^^^^^^^^^^^^^^^^^^^^^^^^^^^^^^^^^^^^^^^^^
  File "/Users/mehriddinmengturayev/Downloads/shopbot/app/repositories/order_repo.py", line 47, in list_awaiting_crypto_payment
    result = await self.session.execute(
             ^^^^^^^^^^^^^^^^^^^^^^^^^^^
    ...<3 lines>...
    )
    ^
  File "/Users/mehriddinmengturayev/Downloads/shopbot/.venv/lib/python3.13/site-packages/sqlalchemy/ext/asyncio/session.py", line 461, in execute
    result = await greenlet_spawn(
             ^^^^^^^^^^^^^^^^^^^^^
    ...<6 lines>...
    )
    ^
  File "/Users/mehriddinmengturayev/Downloads/shopbot/.venv/lib/python3.13/site-packages/sqlalchemy/util/_concurrency_py3k.py", line 201, in greenlet_spawn
    result = context.throw(*sys.exc_info())
  File "/Users/mehriddinmengturayev/Downloads/shopbot/.venv/lib/python3.13/site-packages/sqlalchemy/orm/session.py", line 2362, in execute
    return self._execute_internal(
           ~~~~~~~~~~~~~~~~~~~~~~^
        statement,
        ^^^^^^^^^^
    ...<4 lines>...
        _add_event=_add_event,
        ^^^^^^^^^^^^^^^^^^^^^^
    )
    ^
  File "/Users/mehriddinmengturayev/Downloads/shopbot/.venv/lib/python3.13/site-packages/sqlalchemy/orm/session.py", line 2247, in _execute_internal
    result: Result[Any] = compile_state_cls.orm_execute_statement(
                          ~~~~~~~~~~~~~~~~~~~~~~~~~~~~~~~~~~~~~~~^
        self,
        ^^^^^
    ...<4 lines>...
        conn,
        ^^^^^
    )
    ^
  File "/Users/mehriddinmengturayev/Downloads/shopbot/.venv/lib/python3.13/site-packages/sqlalchemy/orm/context.py", line 305, in orm_execute_statement
    result = conn.execute(
        statement, params or {}, execution_options=execution_options
    )
  File "/Users/mehriddinmengturayev/Downloads/shopbot/.venv/lib/python3.13/site-packages/sqlalchemy/engine/base.py", line 1418, in execute
    return meth(
        self,
        distilled_parameters,
        execution_options or NO_OPTIONS,
    )
  File "/Users/mehriddinmengturayev/Downloads/shopbot/.venv/lib/python3.13/site-packages/sqlalchemy/sql/elements.py", line 515, in _execute_on_connection
    return connection._execute_clauseelement(
           ~~~~~~~~~~~~~~~~~~~~~~~~~~~~~~~~~^
        self, distilled_params, execution_options
        ^^^^^^^^^^^^^^^^^^^^^^^^^^^^^^^^^^^^^^^^^
    )
    ^
  File "/Users/mehriddinmengturayev/Downloads/shopbot/.venv/lib/python3.13/site-packages/sqlalchemy/engine/base.py", line 1640, in _execute_clauseelement
    ret = self._execute_context(
        dialect,
    ...<8 lines>...
        cache_hit=cache_hit,
    )
  File "/Users/mehriddinmengturayev/Downloads/shopbot/.venv/lib/python3.13/site-packages/sqlalchemy/engine/base.py", line 1846, in _execute_context
    return self._exec_single_context(
           ~~~~~~~~~~~~~~~~~~~~~~~~~^
        dialect, context, statement, parameters
        ^^^^^^^^^^^^^^^^^^^^^^^^^^^^^^^^^^^^^^^
    )
    ^
  File "/Users/mehriddinmengturayev/Downloads/shopbot/.venv/lib/python3.13/site-packages/sqlalchemy/engine/base.py", line 1986, in _exec_single_context
    self._handle_dbapi_exception(
    ~~~~~~~~~~~~~~~~~~~~~~~~~~~~^
        e, str_statement, effective_parameters, cursor, context
        ^^^^^^^^^^^^^^^^^^^^^^^^^^^^^^^^^^^^^^^^^^^^^^^^^^^^^^^
    )
    ^
  File "/Users/mehriddinmengturayev/Downloads/shopbot/.venv/lib/python3.13/site-packages/sqlalchemy/engine/base.py", line 2355, in _handle_dbapi_exception
    raise sqlalchemy_exception.with_traceback(exc_info[2]) from e
  File "/Users/mehriddinmengturayev/Downloads/shopbot/.venv/lib/python3.13/site-packages/sqlalchemy/engine/base.py", line 1967, in _exec_single_context
    self.dialect.do_execute(
    ~~~~~~~~~~~~~~~~~~~~~~~^
        cursor, str_statement, effective_parameters, context
        ^^^^^^^^^^^^^^^^^^^^^^^^^^^^^^^^^^^^^^^^^^^^^^^^^^^^
    )
    ^
  File "/Users/mehriddinmengturayev/Downloads/shopbot/.venv/lib/python3.13/site-packages/sqlalchemy/engine/default.py", line 941, in do_execute
    cursor.execute(statement, parameters)
    ~~~~~~~~~~~~~~^^^^^^^^^^^^^^^^^^^^^^^
  File "/Users/mehriddinmengturayev/Downloads/shopbot/.venv/lib/python3.13/site-packages/sqlalchemy/dialects/sqlite/aiosqlite.py", line 147, in execute
    self._adapt_connection._handle_exception(error)
    ~~~~~~~~~~~~~~~~~~~~~~~~~~~~~~~~~~~~~~~~^^^^^^^
  File "/Users/mehriddinmengturayev/Downloads/shopbot/.venv/lib/python3.13/site-packages/sqlalchemy/dialects/sqlite/aiosqlite.py", line 298, in _handle_exception
    raise error
  File "/Users/mehriddinmengturayev/Downloads/shopbot/.venv/lib/python3.13/site-packages/sqlalchemy/dialects/sqlite/aiosqlite.py", line 129, in execute
    self.await_(_cursor.execute(operation, parameters))
    ~~~~~~~~~~~^^^^^^^^^^^^^^^^^^^^^^^^^^^^^^^^^^^^^^^^
  File "/Users/mehriddinmengturayev/Downloads/shopbot/.venv/lib/python3.13/site-packages/sqlalchemy/util/_concurrency_py3k.py", line 132, in await_only
    return current.parent.switch(awaitable)  # type: ignore[no-any-return,attr-defined] # noqa: E501
           ~~~~~~~~~~~~~~~~~~~~~^^^^^^^^^^^
  File "/Users/mehriddinmengturayev/Downloads/shopbot/.venv/lib/python3.13/site-packages/sqlalchemy/util/_concurrency_py3k.py", line 196, in greenlet_spawn
    value = await result
            ^^^^^^^^^^^^
  File "/Users/mehriddinmengturayev/Downloads/shopbot/.venv/lib/python3.13/site-packages/aiosqlite/cursor.py", line 48, in execute
    await self._execute(self._cursor.execute, sql, parameters)
  File "/Users/mehriddinmengturayev/Downloads/shopbot/.venv/lib/python3.13/site-packages/aiosqlite/cursor.py", line 40, in _execute
    return await self._conn._execute(fn, *args, **kwargs)
           ^^^^^^^^^^^^^^^^^^^^^^^^^^^^^^^^^^^^^^^^^^^^^^
  File "/Users/mehriddinmengturayev/Downloads/shopbot/.venv/lib/python3.13/site-packages/aiosqlite/core.py", line 132, in _execute
    return await future
           ^^^^^^^^^^^^
  File "/Users/mehriddinmengturayev/Downloads/shopbot/.venv/lib/python3.13/site-packages/aiosqlite/core.py", line 115, in run
    result = function()
sqlalchemy.exc.OperationalError: (sqlite3.OperationalError) no such column: orders.payment_method
[SQL: SELECT orders.id, orders.order_uuid, orders.user_id, orders.product_id, orders.price_at_purchase, orders.currency, orders.status, orders.payment_method, orders.crypto_provider, orders.crypto_invoice_id, orders.crypto_pay_url, orders.decided_by_admin_id, orders.decided_at, orders.rejection_reason, orders.delivered_payload, orders.delivered_at, orders.created_at, orders.updated_at 
FROM orders 
WHERE orders.status = ?]
[parameters: ('AWAITING_CRYPTO_PAYMENT',)]
(Background on this error at: https://sqlalche.me/e/20/e3q8)
2026-07-30 20:43:18,202 | ERROR    | providers | Crypto poller iteration failed
Traceback (most recent call last):
  File "/Users/mehriddinmengturayev/Downloads/shopbot/.venv/lib/python3.13/site-packages/sqlalchemy/engine/base.py", line 1967, in _exec_single_context
    self.dialect.do_execute(
    ~~~~~~~~~~~~~~~~~~~~~~~^
        cursor, str_statement, effective_parameters, context
        ^^^^^^^^^^^^^^^^^^^^^^^^^^^^^^^^^^^^^^^^^^^^^^^^^^^^
    )
    ^
  File "/Users/mehriddinmengturayev/Downloads/shopbot/.venv/lib/python3.13/site-packages/sqlalchemy/engine/default.py", line 941, in do_execute
    cursor.execute(statement, parameters)
    ~~~~~~~~~~~~~~^^^^^^^^^^^^^^^^^^^^^^^
  File "/Users/mehriddinmengturayev/Downloads/shopbot/.venv/lib/python3.13/site-packages/sqlalchemy/dialects/sqlite/aiosqlite.py", line 147, in execute
    self._adapt_connection._handle_exception(error)
    ~~~~~~~~~~~~~~~~~~~~~~~~~~~~~~~~~~~~~~~~^^^^^^^
  File "/Users/mehriddinmengturayev/Downloads/shopbot/.venv/lib/python3.13/site-packages/sqlalchemy/dialects/sqlite/aiosqlite.py", line 298, in _handle_exception
    raise error
  File "/Users/mehriddinmengturayev/Downloads/shopbot/.venv/lib/python3.13/site-packages/sqlalchemy/dialects/sqlite/aiosqlite.py", line 129, in execute
    self.await_(_cursor.execute(operation, parameters))
    ~~~~~~~~~~~^^^^^^^^^^^^^^^^^^^^^^^^^^^^^^^^^^^^^^^^
  File "/Users/mehriddinmengturayev/Downloads/shopbot/.venv/lib/python3.13/site-packages/sqlalchemy/util/_concurrency_py3k.py", line 132, in await_only
    return current.parent.switch(awaitable)  # type: ignore[no-any-return,attr-defined] # noqa: E501
           ~~~~~~~~~~~~~~~~~~~~~^^^^^^^^^^^
  File "/Users/mehriddinmengturayev/Downloads/shopbot/.venv/lib/python3.13/site-packages/sqlalchemy/util/_concurrency_py3k.py", line 196, in greenlet_spawn
    value = await result
            ^^^^^^^^^^^^
  File "/Users/mehriddinmengturayev/Downloads/shopbot/.venv/lib/python3.13/site-packages/aiosqlite/cursor.py", line 48, in execute
    await self._execute(self._cursor.execute, sql, parameters)
  File "/Users/mehriddinmengturayev/Downloads/shopbot/.venv/lib/python3.13/site-packages/aiosqlite/cursor.py", line 40, in _execute
    return await self._conn._execute(fn, *args, **kwargs)
           ^^^^^^^^^^^^^^^^^^^^^^^^^^^^^^^^^^^^^^^^^^^^^^
  File "/Users/mehriddinmengturayev/Downloads/shopbot/.venv/lib/python3.13/site-packages/aiosqlite/core.py", line 132, in _execute
    return await future
           ^^^^^^^^^^^^
  File "/Users/mehriddinmengturayev/Downloads/shopbot/.venv/lib/python3.13/site-packages/aiosqlite/core.py", line 115, in run
    result = function()
sqlite3.OperationalError: no such column: orders.payment_method

The above exception was the direct cause of the following exception:

Traceback (most recent call last):
  File "/Users/mehriddinmengturayev/Downloads/shopbot/app/services/crypto_poller.py", line 33, in crypto_poller_loop
    await _poll_once(bot)
  File "/Users/mehriddinmengturayev/Downloads/shopbot/app/services/crypto_poller.py", line 44, in _poll_once
    pending = await orders_repo.list_awaiting_crypto_payment()
              ^^^^^^^^^^^^^^^^^^^^^^^^^^^^^^^^^^^^^^^^^^^^^^^^
  File "/Users/mehriddinmengturayev/Downloads/shopbot/app/repositories/order_repo.py", line 47, in list_awaiting_crypto_payment
    result = await self.session.execute(
             ^^^^^^^^^^^^^^^^^^^^^^^^^^^
    ...<3 lines>...
    )
    ^
  File "/Users/mehriddinmengturayev/Downloads/shopbot/.venv/lib/python3.13/site-packages/sqlalchemy/ext/asyncio/session.py", line 461, in execute
    result = await greenlet_spawn(
             ^^^^^^^^^^^^^^^^^^^^^
    ...<6 lines>...
    )
    ^
  File "/Users/mehriddinmengturayev/Downloads/shopbot/.venv/lib/python3.13/site-packages/sqlalchemy/util/_concurrency_py3k.py", line 201, in greenlet_spawn
    result = context.throw(*sys.exc_info())
  File "/Users/mehriddinmengturayev/Downloads/shopbot/.venv/lib/python3.13/site-packages/sqlalchemy/orm/session.py", line 2362, in execute
    return self._execute_internal(
           ~~~~~~~~~~~~~~~~~~~~~~^
        statement,
        ^^^^^^^^^^
    ...<4 lines>...
        _add_event=_add_event,
        ^^^^^^^^^^^^^^^^^^^^^^
    )
    ^
  File "/Users/mehriddinmengturayev/Downloads/shopbot/.venv/lib/python3.13/site-packages/sqlalchemy/orm/session.py", line 2247, in _execute_internal
    result: Result[Any] = compile_state_cls.orm_execute_statement(
                          ~~~~~~~~~~~~~~~~~~~~~~~~~~~~~~~~~~~~~~~^
        self,
        ^^^^^
    ...<4 lines>...
        conn,
        ^^^^^
    )
    ^
  File "/Users/mehriddinmengturayev/Downloads/shopbot/.venv/lib/python3.13/site-packages/sqlalchemy/orm/context.py", line 305, in orm_execute_statement
    result = conn.execute(
        statement, params or {}, execution_options=execution_options
    )
  File "/Users/mehriddinmengturayev/Downloads/shopbot/.venv/lib/python3.13/site-packages/sqlalchemy/engine/base.py", line 1418, in execute
    return meth(
        self,
        distilled_parameters,
        execution_options or NO_OPTIONS,
    )
  File "/Users/mehriddinmengturayev/Downloads/shopbot/.venv/lib/python3.13/site-packages/sqlalchemy/sql/elements.py", line 515, in _execute_on_connection
    return connection._execute_clauseelement(
           ~~~~~~~~~~~~~~~~~~~~~~~~~~~~~~~~~^
        self, distilled_params, execution_options
        ^^^^^^^^^^^^^^^^^^^^^^^^^^^^^^^^^^^^^^^^^
    )
    ^
  File "/Users/mehriddinmengturayev/Downloads/shopbot/.venv/lib/python3.13/site-packages/sqlalchemy/engine/base.py", line 1640, in _execute_clauseelement
    ret = self._execute_context(
        dialect,
    ...<8 lines>...
        cache_hit=cache_hit,
    )
  File "/Users/mehriddinmengturayev/Downloads/shopbot/.venv/lib/python3.13/site-packages/sqlalchemy/engine/base.py", line 1846, in _execute_context
    return self._exec_single_context(
           ~~~~~~~~~~~~~~~~~~~~~~~~~^
        dialect, context, statement, parameters
        ^^^^^^^^^^^^^^^^^^^^^^^^^^^^^^^^^^^^^^^
    )
    ^
  File "/Users/mehriddinmengturayev/Downloads/shopbot/.venv/lib/python3.13/site-packages/sqlalchemy/engine/base.py", line 1986, in _exec_single_context
    self._handle_dbapi_exception(
    ~~~~~~~~~~~~~~~~~~~~~~~~~~~~^
        e, str_statement, effective_parameters, cursor, context
        ^^^^^^^^^^^^^^^^^^^^^^^^^^^^^^^^^^^^^^^^^^^^^^^^^^^^^^^
    )
    ^
  File "/Users/mehriddinmengturayev/Downloads/shopbot/.venv/lib/python3.13/site-packages/sqlalchemy/engine/base.py", line 2355, in _handle_dbapi_exception
    raise sqlalchemy_exception.with_traceback(exc_info[2]) from e
  File "/Users/mehriddinmengturayev/Downloads/shopbot/.venv/lib/python3.13/site-packages/sqlalchemy/engine/base.py", line 1967, in _exec_single_context
    self.dialect.do_execute(
    ~~~~~~~~~~~~~~~~~~~~~~~^
        cursor, str_statement, effective_parameters, context
        ^^^^^^^^^^^^^^^^^^^^^^^^^^^^^^^^^^^^^^^^^^^^^^^^^^^^
    )
    ^
  File "/Users/mehriddinmengturayev/Downloads/shopbot/.venv/lib/python3.13/site-packages/sqlalchemy/engine/default.py", line 941, in do_execute
    cursor.execute(statement, parameters)
    ~~~~~~~~~~~~~~^^^^^^^^^^^^^^^^^^^^^^^
  File "/Users/mehriddinmengturayev/Downloads/shopbot/.venv/lib/python3.13/site-packages/sqlalchemy/dialects/sqlite/aiosqlite.py", line 147, in execute
    self._adapt_connection._handle_exception(error)
    ~~~~~~~~~~~~~~~~~~~~~~~~~~~~~~~~~~~~~~~~^^^^^^^
  File "/Users/mehriddinmengturayev/Downloads/shopbot/.venv/lib/python3.13/site-packages/sqlalchemy/dialects/sqlite/aiosqlite.py", line 298, in _handle_exception
    raise error
  File "/Users/mehriddinmengturayev/Downloads/shopbot/.venv/lib/python3.13/site-packages/sqlalchemy/dialects/sqlite/aiosqlite.py", line 129, in execute
    self.await_(_cursor.execute(operation, parameters))
    ~~~~~~~~~~~^^^^^^^^^^^^^^^^^^^^^^^^^^^^^^^^^^^^^^^^
  File "/Users/mehriddinmengturayev/Downloads/shopbot/.venv/lib/python3.13/site-packages/sqlalchemy/util/_concurrency_py3k.py", line 132, in await_only
    return current.parent.switch(awaitable)  # type: ignore[no-any-return,attr-defined] # noqa: E501
           ~~~~~~~~~~~~~~~~~~~~~^^^^^^^^^^^
  File "/Users/mehriddinmengturayev/Downloads/shopbot/.venv/lib/python3.13/site-packages/sqlalchemy/util/_concurrency_py3k.py", line 196, in greenlet_spawn
    value = await result
            ^^^^^^^^^^^^
  File "/Users/mehriddinmengturayev/Downloads/shopbot/.venv/lib/python3.13/site-packages/aiosqlite/cursor.py", line 48, in execute
    await self._execute(self._cursor.execute, sql, parameters)
  File "/Users/mehriddinmengturayev/Downloads/shopbot/.venv/lib/python3.13/site-packages/aiosqlite/cursor.py", line 40, in _execute
    return await self._conn._execute(fn, *args, **kwargs)
           ^^^^^^^^^^^^^^^^^^^^^^^^^^^^^^^^^^^^^^^^^^^^^^
  File "/Users/mehriddinmengturayev/Downloads/shopbot/.venv/lib/python3.13/site-packages/aiosqlite/core.py", line 132, in _execute
    return await future
           ^^^^^^^^^^^^
  File "/Users/mehriddinmengturayev/Downloads/shopbot/.venv/lib/python3.13/site-packages/aiosqlite/core.py", line 115, in run
    result = function()
sqlalchemy.exc.OperationalError: (sqlite3.OperationalError) no such column: orders.payment_method
[SQL: SELECT orders.id, orders.order_uuid, orders.user_id, orders.product_id, orders.price_at_purchase, orders.currency, orders.status, orders.payment_method, orders.crypto_provider, orders.crypto_invoice_id, orders.crypto_pay_url, orders.decided_by_admin_id, orders.decided_at, orders.rejection_reason, orders.delivered_payload, orders.delivered_at, orders.created_at, orders.updated_at 
FROM orders 
WHERE orders.status = ?]
[parameters: ('AWAITING_CRYPTO_PAYMENT',)]
(Background on this error at: https://sqlalche.me/e/20/e3q8)
2026-07-30 20:43:38,224 | ERROR    | providers | Crypto poller iteration failed
Traceback (most recent call last):
  File "/Users/mehriddinmengturayev/Downloads/shopbot/.venv/lib/python3.13/site-packages/sqlalchemy/engine/base.py", line 1967, in _exec_single_context
    self.dialect.do_execute(
    ~~~~~~~~~~~~~~~~~~~~~~~^
        cursor, str_statement, effective_parameters, context
        ^^^^^^^^^^^^^^^^^^^^^^^^^^^^^^^^^^^^^^^^^^^^^^^^^^^^
    )
    ^
  File "/Users/mehriddinmengturayev/Downloads/shopbot/.venv/lib/python3.13/site-packages/sqlalchemy/engine/default.py", line 941, in do_execute
    cursor.execute(statement, parameters)
    ~~~~~~~~~~~~~~^^^^^^^^^^^^^^^^^^^^^^^
  File "/Users/mehriddinmengturayev/Downloads/shopbot/.venv/lib/python3.13/site-packages/sqlalchemy/dialects/sqlite/aiosqlite.py", line 147, in execute
    self._adapt_connection._handle_exception(error)
    ~~~~~~~~~~~~~~~~~~~~~~~~~~~~~~~~~~~~~~~~^^^^^^^
  File "/Users/mehriddinmengturayev/Downloads/shopbot/.venv/lib/python3.13/site-packages/sqlalchemy/dialects/sqlite/aiosqlite.py", line 298, in _handle_exception
    raise error
  File "/Users/mehriddinmengturayev/Downloads/shopbot/.venv/lib/python3.13/site-packages/sqlalchemy/dialects/sqlite/aiosqlite.py", line 129, in execute
    self.await_(_cursor.execute(operation, parameters))
    ~~~~~~~~~~~^^^^^^^^^^^^^^^^^^^^^^^^^^^^^^^^^^^^^^^^
  File "/Users/mehriddinmengturayev/Downloads/shopbot/.venv/lib/python3.13/site-packages/sqlalchemy/util/_concurrency_py3k.py", line 132, in await_only
    return current.parent.switch(awaitable)  # type: ignore[no-any-return,attr-defined] # noqa: E501
           ~~~~~~~~~~~~~~~~~~~~~^^^^^^^^^^^
  File "/Users/mehriddinmengturayev/Downloads/shopbot/.venv/lib/python3.13/site-packages/sqlalchemy/util/_concurrency_py3k.py", line 196, in greenlet_spawn
    value = await result
            ^^^^^^^^^^^^
  File "/Users/mehriddinmengturayev/Downloads/shopbot/.venv/lib/python3.13/site-packages/aiosqlite/cursor.py", line 48, in execute
    await self._execute(self._cursor.execute, sql, parameters)
  File "/Users/mehriddinmengturayev/Downloads/shopbot/.venv/lib/python3.13/site-packages/aiosqlite/cursor.py", line 40, in _execute
    return await self._conn._execute(fn, *args, **kwargs)
           ^^^^^^^^^^^^^^^^^^^^^^^^^^^^^^^^^^^^^^^^^^^^^^
  File "/Users/mehriddinmengturayev/Downloads/shopbot/.venv/lib/python3.13/site-packages/aiosqlite/core.py", line 132, in _execute
    return await future
           ^^^^^^^^^^^^
  File "/Users/mehriddinmengturayev/Downloads/shopbot/.venv/lib/python3.13/site-packages/aiosqlite/core.py", line 115, in run
    result = function()
sqlite3.OperationalError: no such column: orders.payment_method

The above exception was the direct cause of the following exception:

Traceback (most recent call last):
  File "/Users/mehriddinmengturayev/Downloads/shopbot/app/services/crypto_poller.py", line 33, in crypto_poller_loop
    await _poll_once(bot)
  File "/Users/mehriddinmengturayev/Downloads/shopbot/app/services/crypto_poller.py", line 44, in _poll_once
    pending = await orders_repo.list_awaiting_crypto_payment()
              ^^^^^^^^^^^^^^^^^^^^^^^^^^^^^^^^^^^^^^^^^^^^^^^^
  File "/Users/mehriddinmengturayev/Downloads/shopbot/app/repositories/order_repo.py", line 47, in list_awaiting_crypto_payment
    result = await self.session.execute(
             ^^^^^^^^^^^^^^^^^^^^^^^^^^^
    ...<3 lines>...
    )
    ^
  File "/Users/mehriddinmengturayev/Downloads/shopbot/.venv/lib/python3.13/site-packages/sqlalchemy/ext/asyncio/session.py", line 461, in execute
    result = await greenlet_spawn(
             ^^^^^^^^^^^^^^^^^^^^^
    ...<6 lines>...
    )
    ^
  File "/Users/mehriddinmengturayev/Downloads/shopbot/.venv/lib/python3.13/site-packages/sqlalchemy/util/_concurrency_py3k.py", line 201, in greenlet_spawn
    result = context.throw(*sys.exc_info())
  File "/Users/mehriddinmengturayev/Downloads/shopbot/.venv/lib/python3.13/site-packages/sqlalchemy/orm/session.py", line 2362, in execute
    return self._execute_internal(
           ~~~~~~~~~~~~~~~~~~~~~~^
        statement,
        ^^^^^^^^^^
    ...<4 lines>...
        _add_event=_add_event,
        ^^^^^^^^^^^^^^^^^^^^^^
    )
    ^
  File "/Users/mehriddinmengturayev/Downloads/shopbot/.venv/lib/python3.13/site-packages/sqlalchemy/orm/session.py", line 2247, in _execute_internal
    result: Result[Any] = compile_state_cls.orm_execute_statement(
                          ~~~~~~~~~~~~~~~~~~~~~~~~~~~~~~~~~~~~~~~^
        self,
        ^^^^^
    ...<4 lines>...
        conn,
        ^^^^^
    )
    ^
  File "/Users/mehriddinmengturayev/Downloads/shopbot/.venv/lib/python3.13/site-packages/sqlalchemy/orm/context.py", line 305, in orm_execute_statement
    result = conn.execute(
        statement, params or {}, execution_options=execution_options
    )
  File "/Users/mehriddinmengturayev/Downloads/shopbot/.venv/lib/python3.13/site-packages/sqlalchemy/engine/base.py", line 1418, in execute
    return meth(
        self,
        distilled_parameters,
        execution_options or NO_OPTIONS,
    )
  File "/Users/mehriddinmengturayev/Downloads/shopbot/.venv/lib/python3.13/site-packages/sqlalchemy/sql/elements.py", line 515, in _execute_on_connection
    return connection._execute_clauseelement(
           ~~~~~~~~~~~~~~~~~~~~~~~~~~~~~~~~~^
        self, distilled_params, execution_options
        ^^^^^^^^^^^^^^^^^^^^^^^^^^^^^^^^^^^^^^^^^
    )
    ^
  File "/Users/mehriddinmengturayev/Downloads/shopbot/.venv/lib/python3.13/site-packages/sqlalchemy/engine/base.py", line 1640, in _execute_clauseelement
    ret = self._execute_context(
        dialect,
    ...<8 lines>...
        cache_hit=cache_hit,
    )
  File "/Users/mehriddinmengturayev/Downloads/shopbot/.venv/lib/python3.13/site-packages/sqlalchemy/engine/base.py", line 1846, in _execute_context
    return self._exec_single_context(
           ~~~~~~~~~~~~~~~~~~~~~~~~~^
        dialect, context, statement, parameters
        ^^^^^^^^^^^^^^^^^^^^^^^^^^^^^^^^^^^^^^^
    )
    ^
  File "/Users/mehriddinmengturayev/Downloads/shopbot/.venv/lib/python3.13/site-packages/sqlalchemy/engine/base.py", line 1986, in _exec_single_context
    self._handle_dbapi_exception(
    ~~~~~~~~~~~~~~~~~~~~~~~~~~~~^
        e, str_statement, effective_parameters, cursor, context
        ^^^^^^^^^^^^^^^^^^^^^^^^^^^^^^^^^^^^^^^^^^^^^^^^^^^^^^^
    )
    ^
  File "/Users/mehriddinmengturayev/Downloads/shopbot/.venv/lib/python3.13/site-packages/sqlalchemy/engine/base.py", line 2355, in _handle_dbapi_exception
    raise sqlalchemy_exception.with_traceback(exc_info[2]) from e
  File "/Users/mehriddinmengturayev/Downloads/shopbot/.venv/lib/python3.13/site-packages/sqlalchemy/engine/base.py", line 1967, in _exec_single_context
    self.dialect.do_execute(
    ~~~~~~~~~~~~~~~~~~~~~~~^
        cursor, str_statement, effective_parameters, context
        ^^^^^^^^^^^^^^^^^^^^^^^^^^^^^^^^^^^^^^^^^^^^^^^^^^^^
    )
    ^
  File "/Users/mehriddinmengturayev/Downloads/shopbot/.venv/lib/python3.13/site-packages/sqlalchemy/engine/default.py", line 941, in do_execute
    cursor.execute(statement, parameters)
    ~~~~~~~~~~~~~~^^^^^^^^^^^^^^^^^^^^^^^
  File "/Users/mehriddinmengturayev/Downloads/shopbot/.venv/lib/python3.13/site-packages/sqlalchemy/dialects/sqlite/aiosqlite.py", line 147, in execute
    self._adapt_connection._handle_exception(error)
    ~~~~~~~~~~~~~~~~~~~~~~~~~~~~~~~~~~~~~~~~^^^^^^^
  File "/Users/mehriddinmengturayev/Downloads/shopbot/.venv/lib/python3.13/site-packages/sqlalchemy/dialects/sqlite/aiosqlite.py", line 298, in _handle_exception
    raise error
  File "/Users/mehriddinmengturayev/Downloads/shopbot/.venv/lib/python3.13/site-packages/sqlalchemy/dialects/sqlite/aiosqlite.py", line 129, in execute
    self.await_(_cursor.execute(operation, parameters))
    ~~~~~~~~~~~^^^^^^^^^^^^^^^^^^^^^^^^^^^^^^^^^^^^^^^^
  File "/Users/mehriddinmengturayev/Downloads/shopbot/.venv/lib/python3.13/site-packages/sqlalchemy/util/_concurrency_py3k.py", line 132, in await_only
    return current.parent.switch(awaitable)  # type: ignore[no-any-return,attr-defined] # noqa: E501
           ~~~~~~~~~~~~~~~~~~~~~^^^^^^^^^^^
  File "/Users/mehriddinmengturayev/Downloads/shopbot/.venv/lib/python3.13/site-packages/sqlalchemy/util/_concurrency_py3k.py", line 196, in greenlet_spawn
    value = await result
            ^^^^^^^^^^^^
  File "/Users/mehriddinmengturayev/Downloads/shopbot/.venv/lib/python3.13/site-packages/aiosqlite/cursor.py", line 48, in execute
    await self._execute(self._cursor.execute, sql, parameters)
  File "/Users/mehriddinmengturayev/Downloads/shopbot/.venv/lib/python3.13/site-packages/aiosqlite/cursor.py", line 40, in _execute
    return await self._conn._execute(fn, *args, **kwargs)
           ^^^^^^^^^^^^^^^^^^^^^^^^^^^^^^^^^^^^^^^^^^^^^^
  File "/Users/mehriddinmengturayev/Downloads/shopbot/.venv/lib/python3.13/site-packages/aiosqlite/core.py", line 132, in _execute
    return await future
           ^^^^^^^^^^^^
  File "/Users/mehriddinmengturayev/Downloads/shopbot/.venv/lib/python3.13/site-packages/aiosqlite/core.py", line 115, in run
    result = function()
sqlalchemy.exc.OperationalError: (sqlite3.OperationalError) no such column: orders.payment_method
[SQL: SELECT orders.id, orders.order_uuid, orders.user_id, orders.product_id, orders.price_at_purchase, orders.currency, orders.status, orders.payment_method, orders.crypto_provider, orders.crypto_invoice_id, orders.crypto_pay_url, orders.decided_by_admin_id, orders.decided_at, orders.rejection_reason, orders.delivered_payload, orders.delivered_at, orders.created_at, orders.updated_at 
FROM orders 
WHERE orders.status = ?]
[parameters: ('AWAITING_CRYPTO_PAYMENT',)]
(Background on this error at: https://sqlalche.me/e/20/e3q8)
2026-07-30 20:43:58,242 | ERROR    | providers | Crypto poller iteration failed
Traceback (most recent call last):
  File "/Users/mehriddinmengturayev/Downloads/shopbot/.venv/lib/python3.13/site-packages/sqlalchemy/engine/base.py", line 1967, in _exec_single_context
    self.dialect.do_execute(
    ~~~~~~~~~~~~~~~~~~~~~~~^
        cursor, str_statement, effective_parameters, context
        ^^^^^^^^^^^^^^^^^^^^^^^^^^^^^^^^^^^^^^^^^^^^^^^^^^^^
    )
    ^
  File "/Users/mehriddinmengturayev/Downloads/shopbot/.venv/lib/python3.13/site-packages/sqlalchemy/engine/default.py", line 941, in do_execute
    cursor.execute(statement, parameters)
    ~~~~~~~~~~~~~~^^^^^^^^^^^^^^^^^^^^^^^
  File "/Users/mehriddinmengturayev/Downloads/shopbot/.venv/lib/python3.13/site-packages/sqlalchemy/dialects/sqlite/aiosqlite.py", line 147, in execute
    self._adapt_connection._handle_exception(error)
    ~~~~~~~~~~~~~~~~~~~~~~~~~~~~~~~~~~~~~~~~^^^^^^^
  File "/Users/mehriddinmengturayev/Downloads/shopbot/.venv/lib/python3.13/site-packages/sqlalchemy/dialects/sqlite/aiosqlite.py", line 298, in _handle_exception
    raise error
  File "/Users/mehriddinmengturayev/Downloads/shopbot/.venv/lib/python3.13/site-packages/sqlalchemy/dialects/sqlite/aiosqlite.py", line 129, in execute
    self.await_(_cursor.execute(operation, parameters))
    ~~~~~~~~~~~^^^^^^^^^^^^^^^^^^^^^^^^^^^^^^^^^^^^^^^^
  File "/Users/mehriddinmengturayev/Downloads/shopbot/.venv/lib/python3.13/site-packages/sqlalchemy/util/_concurrency_py3k.py", line 132, in await_only
    return current.parent.switch(awaitable)  # type: ignore[no-any-return,attr-defined] # noqa: E501
           ~~~~~~~~~~~~~~~~~~~~~^^^^^^^^^^^
  File "/Users/mehriddinmengturayev/Downloads/shopbot/.venv/lib/python3.13/site-packages/sqlalchemy/util/_concurrency_py3k.py", line 196, in greenlet_spawn
    value = await result
            ^^^^^^^^^^^^
  File "/Users/mehriddinmengturayev/Downloads/shopbot/.venv/lib/python3.13/site-packages/aiosqlite/cursor.py", line 48, in execute
    await self._execute(self._cursor.execute, sql, parameters)
  File "/Users/mehriddinmengturayev/Downloads/shopbot/.venv/lib/python3.13/site-packages/aiosqlite/cursor.py", line 40, in _execute
    return await self._conn._execute(fn, *args, **kwargs)
           ^^^^^^^^^^^^^^^^^^^^^^^^^^^^^^^^^^^^^^^^^^^^^^
  File "/Users/mehriddinmengturayev/Downloads/shopbot/.venv/lib/python3.13/site-packages/aiosqlite/core.py", line 132, in _execute
    return await future
           ^^^^^^^^^^^^
  File "/Users/mehriddinmengturayev/Downloads/shopbot/.venv/lib/python3.13/site-packages/aiosqlite/core.py", line 115, in run
    result = function()
sqlite3.OperationalError: no such column: orders.payment_method

The above exception was the direct cause of the following exception:

Traceback (most recent call last):
  File "/Users/mehriddinmengturayev/Downloads/shopbot/app/services/crypto_poller.py", line 33, in crypto_poller_loop
    await _poll_once(bot)
  File "/Users/mehriddinmengturayev/Downloads/shopbot/app/services/crypto_poller.py", line 44, in _poll_once
    pending = await orders_repo.list_awaiting_crypto_payment()
              ^^^^^^^^^^^^^^^^^^^^^^^^^^^^^^^^^^^^^^^^^^^^^^^^
  File "/Users/mehriddinmengturayev/Downloads/shopbot/app/repositories/order_repo.py", line 47, in list_awaiting_crypto_payment
    result = await self.session.execute(
             ^^^^^^^^^^^^^^^^^^^^^^^^^^^
    ...<3 lines>...
    )
    ^
  File "/Users/mehriddinmengturayev/Downloads/shopbot/.venv/lib/python3.13/site-packages/sqlalchemy/ext/asyncio/session.py", line 461, in execute
    result = await greenlet_spawn(
             ^^^^^^^^^^^^^^^^^^^^^
    ...<6 lines>...
    )
    ^
  File "/Users/mehriddinmengturayev/Downloads/shopbot/.venv/lib/python3.13/site-packages/sqlalchemy/util/_concurrency_py3k.py", line 201, in greenlet_spawn
    result = context.throw(*sys.exc_info())
  File "/Users/mehriddinmengturayev/Downloads/shopbot/.venv/lib/python3.13/site-packages/sqlalchemy/orm/session.py", line 2362, in execute
    return self._execute_internal(
           ~~~~~~~~~~~~~~~~~~~~~~^
        statement,
        ^^^^^^^^^^
    ...<4 lines>...
        _add_event=_add_event,
        ^^^^^^^^^^^^^^^^^^^^^^
    )
    ^
  File "/Users/mehriddinmengturayev/Downloads/shopbot/.venv/lib/python3.13/site-packages/sqlalchemy/orm/session.py", line 2247, in _execute_internal
    result: Result[Any] = compile_state_cls.orm_execute_statement(
                          ~~~~~~~~~~~~~~~~~~~~~~~~~~~~~~~~~~~~~~~^
        self,
        ^^^^^
    ...<4 lines>...
        conn,
        ^^^^^
    )
    ^
  File "/Users/mehriddinmengturayev/Downloads/shopbot/.venv/lib/python3.13/site-packages/sqlalchemy/orm/context.py", line 305, in orm_execute_statement
    result = conn.execute(
        statement, params or {}, execution_options=execution_options
    )
  File "/Users/mehriddinmengturayev/Downloads/shopbot/.venv/lib/python3.13/site-packages/sqlalchemy/engine/base.py", line 1418, in execute
    return meth(
        self,
        distilled_parameters,
        execution_options or NO_OPTIONS,
    )
  File "/Users/mehriddinmengturayev/Downloads/shopbot/.venv/lib/python3.13/site-packages/sqlalchemy/sql/elements.py", line 515, in _execute_on_connection
    return connection._execute_clauseelement(
           ~~~~~~~~~~~~~~~~~~~~~~~~~~~~~~~~~^
        self, distilled_params, execution_options
        ^^^^^^^^^^^^^^^^^^^^^^^^^^^^^^^^^^^^^^^^^
    )
    ^
  File "/Users/mehriddinmengturayev/Downloads/shopbot/.venv/lib/python3.13/site-packages/sqlalchemy/engine/base.py", line 1640, in _execute_clauseelement
    ret = self._execute_context(
        dialect,
    ...<8 lines>...
        cache_hit=cache_hit,
    )
  File "/Users/mehriddinmengturayev/Downloads/shopbot/.venv/lib/python3.13/site-packages/sqlalchemy/engine/base.py", line 1846, in _execute_context
    return self._exec_single_context(
           ~~~~~~~~~~~~~~~~~~~~~~~~~^
        dialect, context, statement, parameters
        ^^^^^^^^^^^^^^^^^^^^^^^^^^^^^^^^^^^^^^^
    )
    ^
  File "/Users/mehriddinmengturayev/Downloads/shopbot/.venv/lib/python3.13/site-packages/sqlalchemy/engine/base.py", line 1986, in _exec_single_context
    self._handle_dbapi_exception(
    ~~~~~~~~~~~~~~~~~~~~~~~~~~~~^
        e, str_statement, effective_parameters, cursor, context
        ^^^^^^^^^^^^^^^^^^^^^^^^^^^^^^^^^^^^^^^^^^^^^^^^^^^^^^^
    )
    ^
  File "/Users/mehriddinmengturayev/Downloads/shopbot/.venv/lib/python3.13/site-packages/sqlalchemy/engine/base.py", line 2355, in _handle_dbapi_exception
    raise sqlalchemy_exception.with_traceback(exc_info[2]) from e
  File "/Users/mehriddinmengturayev/Downloads/shopbot/.venv/lib/python3.13/site-packages/sqlalchemy/engine/base.py", line 1967, in _exec_single_context
    self.dialect.do_execute(
    ~~~~~~~~~~~~~~~~~~~~~~~^
        cursor, str_statement, effective_parameters, context
        ^^^^^^^^^^^^^^^^^^^^^^^^^^^^^^^^^^^^^^^^^^^^^^^^^^^^
    )
    ^
  File "/Users/mehriddinmengturayev/Downloads/shopbot/.venv/lib/python3.13/site-packages/sqlalchemy/engine/default.py", line 941, in do_execute
    cursor.execute(statement, parameters)
    ~~~~~~~~~~~~~~^^^^^^^^^^^^^^^^^^^^^^^
  File "/Users/mehriddinmengturayev/Downloads/shopbot/.venv/lib/python3.13/site-packages/sqlalchemy/dialects/sqlite/aiosqlite.py", line 147, in execute
    self._adapt_connection._handle_exception(error)
    ~~~~~~~~~~~~~~~~~~~~~~~~~~~~~~~~~~~~~~~~^^^^^^^
  File "/Users/mehriddinmengturayev/Downloads/shopbot/.venv/lib/python3.13/site-packages/sqlalchemy/dialects/sqlite/aiosqlite.py", line 298, in _handle_exception
    raise error
  File "/Users/mehriddinmengturayev/Downloads/shopbot/.venv/lib/python3.13/site-packages/sqlalchemy/dialects/sqlite/aiosqlite.py", line 129, in execute
    self.await_(_cursor.execute(operation, parameters))
    ~~~~~~~~~~~^^^^^^^^^^^^^^^^^^^^^^^^^^^^^^^^^^^^^^^^
  File "/Users/mehriddinmengturayev/Downloads/shopbot/.venv/lib/python3.13/site-packages/sqlalchemy/util/_concurrency_py3k.py", line 132, in await_only
    return current.parent.switch(awaitable)  # type: ignore[no-any-return,attr-defined] # noqa: E501
           ~~~~~~~~~~~~~~~~~~~~~^^^^^^^^^^^
  File "/Users/mehriddinmengturayev/Downloads/shopbot/.venv/lib/python3.13/site-packages/sqlalchemy/util/_concurrency_py3k.py", line 196, in greenlet_spawn
    value = await result
            ^^^^^^^^^^^^
  File "/Users/mehriddinmengturayev/Downloads/shopbot/.venv/lib/python3.13/site-packages/aiosqlite/cursor.py", line 48, in execute
    await self._execute(self._cursor.execute, sql, parameters)
  File "/Users/mehriddinmengturayev/Downloads/shopbot/.venv/lib/python3.13/site-packages/aiosqlite/cursor.py", line 40, in _execute
    return await self._conn._execute(fn, *args, **kwargs)
           ^^^^^^^^^^^^^^^^^^^^^^^^^^^^^^^^^^^^^^^^^^^^^^
  File "/Users/mehriddinmengturayev/Downloads/shopbot/.venv/lib/python3.13/site-packages/aiosqlite/core.py", line 132, in _execute
    return await future
           ^^^^^^^^^^^^
  File "/Users/mehriddinmengturayev/Downloads/shopbot/.venv/lib/python3.13/site-packages/aiosqlite/core.py", line 115, in run
    result = function()
sqlalchemy.exc.OperationalError: (sqlite3.OperationalError) no such column: orders.payment_method
[SQL: SELECT orders.id, orders.order_uuid, orders.user_id, orders.product_id, orders.price_at_purchase, orders.currency, orders.status, orders.payment_method, orders.crypto_provider, orders.crypto_invoice_id, orders.crypto_pay_url, orders.decided_by_admin_id, orders.decided_at, orders.rejection_reason, orders.delivered_payload, orders.delivered_at, orders.created_at, orders.updated_at 
FROM orders 
WHERE orders.status = ?]
[parameters: ('AWAITING_CRYPTO_PAYMENT',)]
(Background on this error at: https://sqlalche.me/e/20/e3q8)
2026-07-30 20:44:18,260 | ERROR    | providers | Crypto poller iteration failed
Traceback (most recent call last):
  File "/Users/mehriddinmengturayev/Downloads/shopbot/.venv/lib/python3.13/site-packages/sqlalchemy/engine/base.py", line 1967, in _exec_single_context
    self.dialect.do_execute(
    ~~~~~~~~~~~~~~~~~~~~~~~^
        cursor, str_statement, effective_parameters, context
        ^^^^^^^^^^^^^^^^^^^^^^^^^^^^^^^^^^^^^^^^^^^^^^^^^^^^
    )
    ^
  File "/Users/mehriddinmengturayev/Downloads/shopbot/.venv/lib/python3.13/site-packages/sqlalchemy/engine/default.py", line 941, in do_execute
    cursor.execute(statement, parameters)
    ~~~~~~~~~~~~~~^^^^^^^^^^^^^^^^^^^^^^^
  File "/Users/mehriddinmengturayev/Downloads/shopbot/.venv/lib/python3.13/site-packages/sqlalchemy/dialects/sqlite/aiosqlite.py", line 147, in execute
    self._adapt_connection._handle_exception(error)
    ~~~~~~~~~~~~~~~~~~~~~~~~~~~~~~~~~~~~~~~~^^^^^^^
  File "/Users/mehriddinmengturayev/Downloads/shopbot/.venv/lib/python3.13/site-packages/sqlalchemy/dialects/sqlite/aiosqlite.py", line 298, in _handle_exception
    raise error
  File "/Users/mehriddinmengturayev/Downloads/shopbot/.venv/lib/python3.13/site-packages/sqlalchemy/dialects/sqlite/aiosqlite.py", line 129, in execute
    self.await_(_cursor.execute(operation, parameters))
    ~~~~~~~~~~~^^^^^^^^^^^^^^^^^^^^^^^^^^^^^^^^^^^^^^^^
  File "/Users/mehriddinmengturayev/Downloads/shopbot/.venv/lib/python3.13/site-packages/sqlalchemy/util/_concurrency_py3k.py", line 132, in await_only
    return current.parent.switch(awaitable)  # type: ignore[no-any-return,attr-defined] # noqa: E501
           ~~~~~~~~~~~~~~~~~~~~~^^^^^^^^^^^
  File "/Users/mehriddinmengturayev/Downloads/shopbot/.venv/lib/python3.13/site-packages/sqlalchemy/util/_concurrency_py3k.py", line 196, in greenlet_spawn
    value = await result
            ^^^^^^^^^^^^
  File "/Users/mehriddinmengturayev/Downloads/shopbot/.venv/lib/python3.13/site-packages/aiosqlite/cursor.py", line 48, in execute
    await self._execute(self._cursor.execute, sql, parameters)
  File "/Users/mehriddinmengturayev/Downloads/shopbot/.venv/lib/python3.13/site-packages/aiosqlite/cursor.py", line 40, in _execute
    return await self._conn._execute(fn, *args, **kwargs)
           ^^^^^^^^^^^^^^^^^^^^^^^^^^^^^^^^^^^^^^^^^^^^^^
  File "/Users/mehriddinmengturayev/Downloads/shopbot/.venv/lib/python3.13/site-packages/aiosqlite/core.py", line 132, in _execute
    return await future
           ^^^^^^^^^^^^
  File "/Users/mehriddinmengturayev/Downloads/shopbot/.venv/lib/python3.13/site-packages/aiosqlite/core.py", line 115, in run
    result = function()
sqlite3.OperationalError: no such column: orders.payment_method

The above exception was the direct cause of the following exception:

Traceback (most recent call last):
  File "/Users/mehriddinmengturayev/Downloads/shopbot/app/services/crypto_poller.py", line 33, in crypto_poller_loop
    await _poll_once(bot)
  File "/Users/mehriddinmengturayev/Downloads/shopbot/app/services/crypto_poller.py", line 44, in _poll_once
    pending = await orders_repo.list_awaiting_crypto_payment()
              ^^^^^^^^^^^^^^^^^^^^^^^^^^^^^^^^^^^^^^^^^^^^^^^^
  File "/Users/mehriddinmengturayev/Downloads/shopbot/app/repositories/order_repo.py", line 47, in list_awaiting_crypto_payment
    result = await self.session.execute(
             ^^^^^^^^^^^^^^^^^^^^^^^^^^^
    ...<3 lines>...
    )
    ^
  File "/Users/mehriddinmengturayev/Downloads/shopbot/.venv/lib/python3.13/site-packages/sqlalchemy/ext/asyncio/session.py", line 461, in execute
    result = await greenlet_spawn(
             ^^^^^^^^^^^^^^^^^^^^^
    ...<6 lines>...
    )
    ^
  File "/Users/mehriddinmengturayev/Downloads/shopbot/.venv/lib/python3.13/site-packages/sqlalchemy/util/_concurrency_py3k.py", line 201, in greenlet_spawn
    result = context.throw(*sys.exc_info())
  File "/Users/mehriddinmengturayev/Downloads/shopbot/.venv/lib/python3.13/site-packages/sqlalchemy/orm/session.py", line 2362, in execute
    return self._execute_internal(
           ~~~~~~~~~~~~~~~~~~~~~~^
        statement,
        ^^^^^^^^^^
    ...<4 lines>...
        _add_event=_add_event,
        ^^^^^^^^^^^^^^^^^^^^^^
    )
    ^
  File "/Users/mehriddinmengturayev/Downloads/shopbot/.venv/lib/python3.13/site-packages/sqlalchemy/orm/session.py", line 2247, in _execute_internal
    result: Result[Any] = compile_state_cls.orm_execute_statement(
                          ~~~~~~~~~~~~~~~~~~~~~~~~~~~~~~~~~~~~~~~^
        self,
        ^^^^^
    ...<4 lines>...
        conn,
        ^^^^^
    )
    ^
  File "/Users/mehriddinmengturayev/Downloads/shopbot/.venv/lib/python3.13/site-packages/sqlalchemy/orm/context.py", line 305, in orm_execute_statement
    result = conn.execute(
        statement, params or {}, execution_options=execution_options
    )
  File "/Users/mehriddinmengturayev/Downloads/shopbot/.venv/lib/python3.13/site-packages/sqlalchemy/engine/base.py", line 1418, in execute
    return meth(
        self,
        distilled_parameters,
        execution_options or NO_OPTIONS,
    )
  File "/Users/mehriddinmengturayev/Downloads/shopbot/.venv/lib/python3.13/site-packages/sqlalchemy/sql/elements.py", line 515, in _execute_on_connection
    return connection._execute_clauseelement(
           ~~~~~~~~~~~~~~~~~~~~~~~~~~~~~~~~~^
        self, distilled_params, execution_options
        ^^^^^^^^^^^^^^^^^^^^^^^^^^^^^^^^^^^^^^^^^
    )
    ^
  File "/Users/mehriddinmengturayev/Downloads/shopbot/.venv/lib/python3.13/site-packages/sqlalchemy/engine/base.py", line 1640, in _execute_clauseelement
    ret = self._execute_context(
        dialect,
    ...<8 lines>...
        cache_hit=cache_hit,
    )
  File "/Users/mehriddinmengturayev/Downloads/shopbot/.venv/lib/python3.13/site-packages/sqlalchemy/engine/base.py", line 1846, in _execute_context
    return self._exec_single_context(
           ~~~~~~~~~~~~~~~~~~~~~~~~~^
        dialect, context, statement, parameters
        ^^^^^^^^^^^^^^^^^^^^^^^^^^^^^^^^^^^^^^^
    )
    ^
  File "/Users/mehriddinmengturayev/Downloads/shopbot/.venv/lib/python3.13/site-packages/sqlalchemy/engine/base.py", line 1986, in _exec_single_context
    self._handle_dbapi_exception(
    ~~~~~~~~~~~~~~~~~~~~~~~~~~~~^
        e, str_statement, effective_parameters, cursor, context
        ^^^^^^^^^^^^^^^^^^^^^^^^^^^^^^^^^^^^^^^^^^^^^^^^^^^^^^^
    )
    ^
  File "/Users/mehriddinmengturayev/Downloads/shopbot/.venv/lib/python3.13/site-packages/sqlalchemy/engine/base.py", line 2355, in _handle_dbapi_exception
    raise sqlalchemy_exception.with_traceback(exc_info[2]) from e
  File "/Users/mehriddinmengturayev/Downloads/shopbot/.venv/lib/python3.13/site-packages/sqlalchemy/engine/base.py", line 1967, in _exec_single_context
    self.dialect.do_execute(
    ~~~~~~~~~~~~~~~~~~~~~~~^
        cursor, str_statement, effective_parameters, context
        ^^^^^^^^^^^^^^^^^^^^^^^^^^^^^^^^^^^^^^^^^^^^^^^^^^^^
    )
    ^
  File "/Users/mehriddinmengturayev/Downloads/shopbot/.venv/lib/python3.13/site-packages/sqlalchemy/engine/default.py", line 941, in do_execute
    cursor.execute(statement, parameters)
    ~~~~~~~~~~~~~~^^^^^^^^^^^^^^^^^^^^^^^
  File "/Users/mehriddinmengturayev/Downloads/shopbot/.venv/lib/python3.13/site-packages/sqlalchemy/dialects/sqlite/aiosqlite.py", line 147, in execute
    self._adapt_connection._handle_exception(error)
    ~~~~~~~~~~~~~~~~~~~~~~~~~~~~~~~~~~~~~~~~^^^^^^^
  File "/Users/mehriddinmengturayev/Downloads/shopbot/.venv/lib/python3.13/site-packages/sqlalchemy/dialects/sqlite/aiosqlite.py", line 298, in _handle_exception
    raise error
  File "/Users/mehriddinmengturayev/Downloads/shopbot/.venv/lib/python3.13/site-packages/sqlalchemy/dialects/sqlite/aiosqlite.py", line 129, in execute
    self.await_(_cursor.execute(operation, parameters))
    ~~~~~~~~~~~^^^^^^^^^^^^^^^^^^^^^^^^^^^^^^^^^^^^^^^^
  File "/Users/mehriddinmengturayev/Downloads/shopbot/.venv/lib/python3.13/site-packages/sqlalchemy/util/_concurrency_py3k.py", line 132, in await_only
    return current.parent.switch(awaitable)  # type: ignore[no-any-return,attr-defined] # noqa: E501
           ~~~~~~~~~~~~~~~~~~~~~^^^^^^^^^^^
  File "/Users/mehriddinmengturayev/Downloads/shopbot/.venv/lib/python3.13/site-packages/sqlalchemy/util/_concurrency_py3k.py", line 196, in greenlet_spawn
    value = await result
            ^^^^^^^^^^^^
  File "/Users/mehriddinmengturayev/Downloads/shopbot/.venv/lib/python3.13/site-packages/aiosqlite/cursor.py", line 48, in execute
    await self._execute(self._cursor.execute, sql, parameters)
  File "/Users/mehriddinmengturayev/Downloads/shopbot/.venv/lib/python3.13/site-packages/aiosqlite/cursor.py", line 40, in _execute
    return await self._conn._execute(fn, *args, **kwargs)
           ^^^^^^^^^^^^^^^^^^^^^^^^^^^^^^^^^^^^^^^^^^^^^^
  File "/Users/mehriddinmengturayev/Downloads/shopbot/.venv/lib/python3.13/site-packages/aiosqlite/core.py", line 132, in _execute
    return await future
           ^^^^^^^^^^^^
  File "/Users/mehriddinmengturayev/Downloads/shopbot/.venv/lib/python3.13/site-packages/aiosqlite/core.py", line 115, in run
    result = function()
sqlalchemy.exc.OperationalError: (sqlite3.OperationalError) no such column: orders.payment_method
[SQL: SELECT orders.id, orders.order_uuid, orders.user_id, orders.product_id, orders.price_at_purchase, orders.currency, orders.status, orders.payment_method, orders.crypto_provider, orders.crypto_invoice_id, orders.crypto_pay_url, orders.decided_by_admin_id, orders.decided_at, orders.rejection_reason, orders.delivered_payload, orders.delivered_at, orders.created_at, orders.updated_at 
FROM orders 
WHERE orders.status = ?]
[parameters: ('AWAITING_CRYPTO_PAYMENT',)]
(Background on this error at: https://sqlalche.me/e/20/e3q8)
2026-07-30 20:44:38,277 | ERROR    | providers | Crypto poller iteration failed
Traceback (most recent call last):
  File "/Users/mehriddinmengturayev/Downloads/shopbot/.venv/lib/python3.13/site-packages/sqlalchemy/engine/base.py", line 1967, in _exec_single_context
    self.dialect.do_execute(
    ~~~~~~~~~~~~~~~~~~~~~~~^
        cursor, str_statement, effective_parameters, context
        ^^^^^^^^^^^^^^^^^^^^^^^^^^^^^^^^^^^^^^^^^^^^^^^^^^^^
    )
    ^
  File "/Users/mehriddinmengturayev/Downloads/shopbot/.venv/lib/python3.13/site-packages/sqlalchemy/engine/default.py", line 941, in do_execute
    cursor.execute(statement, parameters)
    ~~~~~~~~~~~~~~^^^^^^^^^^^^^^^^^^^^^^^
  File "/Users/mehriddinmengturayev/Downloads/shopbot/.venv/lib/python3.13/site-packages/sqlalchemy/dialects/sqlite/aiosqlite.py", line 147, in execute
    self._adapt_connection._handle_exception(error)
    ~~~~~~~~~~~~~~~~~~~~~~~~~~~~~~~~~~~~~~~~^^^^^^^
  File "/Users/mehriddinmengturayev/Downloads/shopbot/.venv/lib/python3.13/site-packages/sqlalchemy/dialects/sqlite/aiosqlite.py", line 298, in _handle_exception
    raise error
  File "/Users/mehriddinmengturayev/Downloads/shopbot/.venv/lib/python3.13/site-packages/sqlalchemy/dialects/sqlite/aiosqlite.py", line 129, in execute
    self.await_(_cursor.execute(operation, parameters))
    ~~~~~~~~~~~^^^^^^^^^^^^^^^^^^^^^^^^^^^^^^^^^^^^^^^^
  File "/Users/mehriddinmengturayev/Downloads/shopbot/.venv/lib/python3.13/site-packages/sqlalchemy/util/_concurrency_py3k.py", line 132, in await_only
    return current.parent.switch(awaitable)  # type: ignore[no-any-return,attr-defined] # noqa: E501
           ~~~~~~~~~~~~~~~~~~~~~^^^^^^^^^^^
  File "/Users/mehriddinmengturayev/Downloads/shopbot/.venv/lib/python3.13/site-packages/sqlalchemy/util/_concurrency_py3k.py", line 196, in greenlet_spawn
    value = await result
            ^^^^^^^^^^^^
  File "/Users/mehriddinmengturayev/Downloads/shopbot/.venv/lib/python3.13/site-packages/aiosqlite/cursor.py", line 48, in execute
    await self._execute(self._cursor.execute, sql, parameters)
  File "/Users/mehriddinmengturayev/Downloads/shopbot/.venv/lib/python3.13/site-packages/aiosqlite/cursor.py", line 40, in _execute
    return await self._conn._execute(fn, *args, **kwargs)
           ^^^^^^^^^^^^^^^^^^^^^^^^^^^^^^^^^^^^^^^^^^^^^^
  File "/Users/mehriddinmengturayev/Downloads/shopbot/.venv/lib/python3.13/site-packages/aiosqlite/core.py", line 132, in _execute
    return await future
           ^^^^^^^^^^^^
  File "/Users/mehriddinmengturayev/Downloads/shopbot/.venv/lib/python3.13/site-packages/aiosqlite/core.py", line 115, in run
    result = function()
sqlite3.OperationalError: no such column: orders.payment_method

The above exception was the direct cause of the following exception:

Traceback (most recent call last):
  File "/Users/mehriddinmengturayev/Downloads/shopbot/app/services/crypto_poller.py", line 33, in crypto_poller_loop
    await _poll_once(bot)
  File "/Users/mehriddinmengturayev/Downloads/shopbot/app/services/crypto_poller.py", line 44, in _poll_once
    pending = await orders_repo.list_awaiting_crypto_payment()
              ^^^^^^^^^^^^^^^^^^^^^^^^^^^^^^^^^^^^^^^^^^^^^^^^
  File "/Users/mehriddinmengturayev/Downloads/shopbot/app/repositories/order_repo.py", line 47, in list_awaiting_crypto_payment
    result = await self.session.execute(
             ^^^^^^^^^^^^^^^^^^^^^^^^^^^
    ...<3 lines>...
    )
    ^
  File "/Users/mehriddinmengturayev/Downloads/shopbot/.venv/lib/python3.13/site-packages/sqlalchemy/ext/asyncio/session.py", line 461, in execute
    result = await greenlet_spawn(
             ^^^^^^^^^^^^^^^^^^^^^
    ...<6 lines>...
    )
    ^
  File "/Users/mehriddinmengturayev/Downloads/shopbot/.venv/lib/python3.13/site-packages/sqlalchemy/util/_concurrency_py3k.py", line 201, in greenlet_spawn
    result = context.throw(*sys.exc_info())
  File "/Users/mehriddinmengturayev/Downloads/shopbot/.venv/lib/python3.13/site-packages/sqlalchemy/orm/session.py", line 2362, in execute
    return self._execute_internal(
           ~~~~~~~~~~~~~~~~~~~~~~^
        statement,
        ^^^^^^^^^^
    ...<4 lines>...
        _add_event=_add_event,
        ^^^^^^^^^^^^^^^^^^^^^^
    )
    ^
  File "/Users/mehriddinmengturayev/Downloads/shopbot/.venv/lib/python3.13/site-packages/sqlalchemy/orm/session.py", line 2247, in _execute_internal
    result: Result[Any] = compile_state_cls.orm_execute_statement(
                          ~~~~~~~~~~~~~~~~~~~~~~~~~~~~~~~~~~~~~~~^
        self,
        ^^^^^
    ...<4 lines>...
        conn,
        ^^^^^
    )
    ^
  File "/Users/mehriddinmengturayev/Downloads/shopbot/.venv/lib/python3.13/site-packages/sqlalchemy/orm/context.py", line 305, in orm_execute_statement
    result = conn.execute(
        statement, params or {}, execution_options=execution_options
    )
  File "/Users/mehriddinmengturayev/Downloads/shopbot/.venv/lib/python3.13/site-packages/sqlalchemy/engine/base.py", line 1418, in execute
    return meth(
        self,
        distilled_parameters,
        execution_options or NO_OPTIONS,
    )
  File "/Users/mehriddinmengturayev/Downloads/shopbot/.venv/lib/python3.13/site-packages/sqlalchemy/sql/elements.py", line 515, in _execute_on_connection
    return connection._execute_clauseelement(
           ~~~~~~~~~~~~~~~~~~~~~~~~~~~~~~~~~^
        self, distilled_params, execution_options
        ^^^^^^^^^^^^^^^^^^^^^^^^^^^^^^^^^^^^^^^^^
    )
    ^
  File "/Users/mehriddinmengturayev/Downloads/shopbot/.venv/lib/python3.13/site-packages/sqlalchemy/engine/base.py", line 1640, in _execute_clauseelement
    ret = self._execute_context(
        dialect,
    ...<8 lines>...
        cache_hit=cache_hit,
    )
  File "/Users/mehriddinmengturayev/Downloads/shopbot/.venv/lib/python3.13/site-packages/sqlalchemy/engine/base.py", line 1846, in _execute_context
    return self._exec_single_context(
           ~~~~~~~~~~~~~~~~~~~~~~~~~^
        dialect, context, statement, parameters
        ^^^^^^^^^^^^^^^^^^^^^^^^^^^^^^^^^^^^^^^
    )
    ^
  File "/Users/mehriddinmengturayev/Downloads/shopbot/.venv/lib/python3.13/site-packages/sqlalchemy/engine/base.py", line 1986, in _exec_single_context
    self._handle_dbapi_exception(
    ~~~~~~~~~~~~~~~~~~~~~~~~~~~~^
        e, str_statement, effective_parameters, cursor, context
        ^^^^^^^^^^^^^^^^^^^^^^^^^^^^^^^^^^^^^^^^^^^^^^^^^^^^^^^
    )
    ^
  File "/Users/mehriddinmengturayev/Downloads/shopbot/.venv/lib/python3.13/site-packages/sqlalchemy/engine/base.py", line 2355, in _handle_dbapi_exception
    raise sqlalchemy_exception.with_traceback(exc_info[2]) from e
  File "/Users/mehriddinmengturayev/Downloads/shopbot/.venv/lib/python3.13/site-packages/sqlalchemy/engine/base.py", line 1967, in _exec_single_context
    self.dialect.do_execute(
    ~~~~~~~~~~~~~~~~~~~~~~~^
        cursor, str_statement, effective_parameters, context
        ^^^^^^^^^^^^^^^^^^^^^^^^^^^^^^^^^^^^^^^^^^^^^^^^^^^^
    )
    ^
  File "/Users/mehriddinmengturayev/Downloads/shopbot/.venv/lib/python3.13/site-packages/sqlalchemy/engine/default.py", line 941, in do_execute
    cursor.execute(statement, parameters)
    ~~~~~~~~~~~~~~^^^^^^^^^^^^^^^^^^^^^^^
  File "/Users/mehriddinmengturayev/Downloads/shopbot/.venv/lib/python3.13/site-packages/sqlalchemy/dialects/sqlite/aiosqlite.py", line 147, in execute
    self._adapt_connection._handle_exception(error)
    ~~~~~~~~~~~~~~~~~~~~~~~~~~~~~~~~~~~~~~~~^^^^^^^
  File "/Users/mehriddinmengturayev/Downloads/shopbot/.venv/lib/python3.13/site-packages/sqlalchemy/dialects/sqlite/aiosqlite.py", line 298, in _handle_exception
    raise error
  File "/Users/mehriddinmengturayev/Downloads/shopbot/.venv/lib/python3.13/site-packages/sqlalchemy/dialects/sqlite/aiosqlite.py", line 129, in execute
    self.await_(_cursor.execute(operation, parameters))
    ~~~~~~~~~~~^^^^^^^^^^^^^^^^^^^^^^^^^^^^^^^^^^^^^^^^
  File "/Users/mehriddinmengturayev/Downloads/shopbot/.venv/lib/python3.13/site-packages/sqlalchemy/util/_concurrency_py3k.py", line 132, in await_only
    return current.parent.switch(awaitable)  # type: ignore[no-any-return,attr-defined] # noqa: E501
           ~~~~~~~~~~~~~~~~~~~~~^^^^^^^^^^^
  File "/Users/mehriddinmengturayev/Downloads/shopbot/.venv/lib/python3.13/site-packages/sqlalchemy/util/_concurrency_py3k.py", line 196, in greenlet_spawn
    value = await result
            ^^^^^^^^^^^^
  File "/Users/mehriddinmengturayev/Downloads/shopbot/.venv/lib/python3.13/site-packages/aiosqlite/cursor.py", line 48, in execute
    await self._execute(self._cursor.execute, sql, parameters)
  File "/Users/mehriddinmengturayev/Downloads/shopbot/.venv/lib/python3.13/site-packages/aiosqlite/cursor.py", line 40, in _execute
    return await self._conn._execute(fn, *args, **kwargs)
           ^^^^^^^^^^^^^^^^^^^^^^^^^^^^^^^^^^^^^^^^^^^^^^
  File "/Users/mehriddinmengturayev/Downloads/shopbot/.venv/lib/python3.13/site-packages/aiosqlite/core.py", line 132, in _execute
    return await future
           ^^^^^^^^^^^^
  File "/Users/mehriddinmengturayev/Downloads/shopbot/.venv/lib/python3.13/site-packages/aiosqlite/core.py", line 115, in run
    result = function()
sqlalchemy.exc.OperationalError: (sqlite3.OperationalError) no such column: orders.payment_method
[SQL: SELECT orders.id, orders.order_uuid, orders.user_id, orders.product_id, orders.price_at_purchase, orders.currency, orders.status, orders.payment_method, orders.crypto_provider, orders.crypto_invoice_id, orders.crypto_pay_url, orders.decided_by_admin_id, orders.decided_at, orders.rejection_reason, orders.delivered_payload, orders.delivered_at, orders.created_at, orders.updated_at 
FROM orders 
WHERE orders.status = ?]
[parameters: ('AWAITING_CRYPTO_PAYMENT',)]
(Background on this error at: https://sqlalche.me/e/20/e3q8)
2026-07-30 20:44:56,316 | ERROR    | app.middlewares.error_handling | Unhandled exception while processing update
Traceback (most recent call last):
  File "/Users/mehriddinmengturayev/Downloads/shopbot/.venv/lib/python3.13/site-packages/sqlalchemy/engine/base.py", line 1967, in _exec_single_context
    self.dialect.do_execute(
    ~~~~~~~~~~~~~~~~~~~~~~~^
        cursor, str_statement, effective_parameters, context
        ^^^^^^^^^^^^^^^^^^^^^^^^^^^^^^^^^^^^^^^^^^^^^^^^^^^^
    )
    ^
  File "/Users/mehriddinmengturayev/Downloads/shopbot/.venv/lib/python3.13/site-packages/sqlalchemy/engine/default.py", line 941, in do_execute
    cursor.execute(statement, parameters)
    ~~~~~~~~~~~~~~^^^^^^^^^^^^^^^^^^^^^^^
  File "/Users/mehriddinmengturayev/Downloads/shopbot/.venv/lib/python3.13/site-packages/sqlalchemy/dialects/sqlite/aiosqlite.py", line 147, in execute
    self._adapt_connection._handle_exception(error)
    ~~~~~~~~~~~~~~~~~~~~~~~~~~~~~~~~~~~~~~~~^^^^^^^
  File "/Users/mehriddinmengturayev/Downloads/shopbot/.venv/lib/python3.13/site-packages/sqlalchemy/dialects/sqlite/aiosqlite.py", line 298, in _handle_exception
    raise error
  File "/Users/mehriddinmengturayev/Downloads/shopbot/.venv/lib/python3.13/site-packages/sqlalchemy/dialects/sqlite/aiosqlite.py", line 129, in execute
    self.await_(_cursor.execute(operation, parameters))
    ~~~~~~~~~~~^^^^^^^^^^^^^^^^^^^^^^^^^^^^^^^^^^^^^^^^
  File "/Users/mehriddinmengturayev/Downloads/shopbot/.venv/lib/python3.13/site-packages/sqlalchemy/util/_concurrency_py3k.py", line 132, in await_only
    return current.parent.switch(awaitable)  # type: ignore[no-any-return,attr-defined] # noqa: E501
           ~~~~~~~~~~~~~~~~~~~~~^^^^^^^^^^^
  File "/Users/mehriddinmengturayev/Downloads/shopbot/.venv/lib/python3.13/site-packages/sqlalchemy/util/_concurrency_py3k.py", line 196, in greenlet_spawn
    value = await result
            ^^^^^^^^^^^^
  File "/Users/mehriddinmengturayev/Downloads/shopbot/.venv/lib/python3.13/site-packages/aiosqlite/cursor.py", line 48, in execute
    await self._execute(self._cursor.execute, sql, parameters)
  File "/Users/mehriddinmengturayev/Downloads/shopbot/.venv/lib/python3.13/site-packages/aiosqlite/cursor.py", line 40, in _execute
    return await self._conn._execute(fn, *args, **kwargs)
           ^^^^^^^^^^^^^^^^^^^^^^^^^^^^^^^^^^^^^^^^^^^^^^
  File "/Users/mehriddinmengturayev/Downloads/shopbot/.venv/lib/python3.13/site-packages/aiosqlite/core.py", line 132, in _execute
    return await future
           ^^^^^^^^^^^^
  File "/Users/mehriddinmengturayev/Downloads/shopbot/.venv/lib/python3.13/site-packages/aiosqlite/core.py", line 115, in run
    result = function()
sqlite3.OperationalError: no such column: products.price_usd

The above exception was the direct cause of the following exception:

Traceback (most recent call last):
  File "/Users/mehriddinmengturayev/Downloads/shopbot/app/middlewares/error_handling.py", line 33, in __call__
    return await handler(event, data)
           ^^^^^^^^^^^^^^^^^^^^^^^^^^
  File "/Users/mehriddinmengturayev/Downloads/shopbot/app/middlewares/throttling.py", line 40, in __call__
    return await handler(event, data)
           ^^^^^^^^^^^^^^^^^^^^^^^^^^
  File "/Users/mehriddinmengturayev/Downloads/shopbot/app/middlewares/db_session.py", line 27, in __call__
    return await handler(event, data)
           ^^^^^^^^^^^^^^^^^^^^^^^^^^
  File "/Users/mehriddinmengturayev/Downloads/shopbot/app/middlewares/user_context.py", line 41, in __call__
    return await handler(event, data)
           ^^^^^^^^^^^^^^^^^^^^^^^^^^
  File "/Users/mehriddinmengturayev/Downloads/shopbot/.venv/lib/python3.13/site-packages/aiogram/dispatcher/event/telegram.py", line 121, in trigger
    return await wrapped_inner(event, kwargs)
           ^^^^^^^^^^^^^^^^^^^^^^^^^^^^^^^^^^
  File "/Users/mehriddinmengturayev/Downloads/shopbot/.venv/lib/python3.13/site-packages/aiogram/dispatcher/event/handler.py", line 43, in call
    return await wrapped()
           ^^^^^^^^^^^^^^^
  File "/Users/mehriddinmengturayev/Downloads/shopbot/.venv/lib/python3.13/site-packages/aiogram/dispatcher/dispatcher.py", line 276, in _listen_update
    return await self.propagate_event(update_type=update_type, event=event, **kwargs)
           ^^^^^^^^^^^^^^^^^^^^^^^^^^^^^^^^^^^^^^^^^^^^^^^^^^^^^^^^^^^^^^^^^^^^^^^^^^
  File "/Users/mehriddinmengturayev/Downloads/shopbot/.venv/lib/python3.13/site-packages/aiogram/dispatcher/router.py", line 146, in propagate_event
    return await observer.wrap_outer_middleware(_wrapped, event=event, data=kwargs)
           ^^^^^^^^^^^^^^^^^^^^^^^^^^^^^^^^^^^^^^^^^^^^^^^^^^^^^^^^^^^^^^^^^^^^^^^^
  File "/Users/mehriddinmengturayev/Downloads/shopbot/.venv/lib/python3.13/site-packages/aiogram/dispatcher/router.py", line 141, in _wrapped
    return await self._propagate_event(
           ^^^^^^^^^^^^^^^^^^^^^^^^^^^^
        observer=observer, update_type=update_type, event=telegram_event, **data
        ^^^^^^^^^^^^^^^^^^^^^^^^^^^^^^^^^^^^^^^^^^^^^^^^^^^^^^^^^^^^^^^^^^^^^^^^
    )
    ^
  File "/Users/mehriddinmengturayev/Downloads/shopbot/.venv/lib/python3.13/site-packages/aiogram/dispatcher/router.py", line 174, in _propagate_event
    response = await router.propagate_event(update_type=update_type, event=event, **kwargs)
               ^^^^^^^^^^^^^^^^^^^^^^^^^^^^^^^^^^^^^^^^^^^^^^^^^^^^^^^^^^^^^^^^^^^^^^^^^^^^
  File "/Users/mehriddinmengturayev/Downloads/shopbot/.venv/lib/python3.13/site-packages/aiogram/dispatcher/router.py", line 146, in propagate_event
    return await observer.wrap_outer_middleware(_wrapped, event=event, data=kwargs)
           ^^^^^^^^^^^^^^^^^^^^^^^^^^^^^^^^^^^^^^^^^^^^^^^^^^^^^^^^^^^^^^^^^^^^^^^^
  File "/Users/mehriddinmengturayev/Downloads/shopbot/.venv/lib/python3.13/site-packages/aiogram/dispatcher/router.py", line 141, in _wrapped
    return await self._propagate_event(
           ^^^^^^^^^^^^^^^^^^^^^^^^^^^^
        observer=observer, update_type=update_type, event=telegram_event, **data
        ^^^^^^^^^^^^^^^^^^^^^^^^^^^^^^^^^^^^^^^^^^^^^^^^^^^^^^^^^^^^^^^^^^^^^^^^
    )
    ^
  File "/Users/mehriddinmengturayev/Downloads/shopbot/.venv/lib/python3.13/site-packages/aiogram/dispatcher/router.py", line 174, in _propagate_event
    response = await router.propagate_event(update_type=update_type, event=event, **kwargs)
               ^^^^^^^^^^^^^^^^^^^^^^^^^^^^^^^^^^^^^^^^^^^^^^^^^^^^^^^^^^^^^^^^^^^^^^^^^^^^
  File "/Users/mehriddinmengturayev/Downloads/shopbot/.venv/lib/python3.13/site-packages/aiogram/dispatcher/router.py", line 146, in propagate_event
    return await observer.wrap_outer_middleware(_wrapped, event=event, data=kwargs)
           ^^^^^^^^^^^^^^^^^^^^^^^^^^^^^^^^^^^^^^^^^^^^^^^^^^^^^^^^^^^^^^^^^^^^^^^^
  File "/Users/mehriddinmengturayev/Downloads/shopbot/.venv/lib/python3.13/site-packages/aiogram/dispatcher/router.py", line 141, in _wrapped
    return await self._propagate_event(
           ^^^^^^^^^^^^^^^^^^^^^^^^^^^^
        observer=observer, update_type=update_type, event=telegram_event, **data
        ^^^^^^^^^^^^^^^^^^^^^^^^^^^^^^^^^^^^^^^^^^^^^^^^^^^^^^^^^^^^^^^^^^^^^^^^
    )
    ^
  File "/Users/mehriddinmengturayev/Downloads/shopbot/.venv/lib/python3.13/site-packages/aiogram/dispatcher/router.py", line 166, in _propagate_event
    response = await observer.trigger(event, **kwargs)
               ^^^^^^^^^^^^^^^^^^^^^^^^^^^^^^^^^^^^^^^
  File "/Users/mehriddinmengturayev/Downloads/shopbot/.venv/lib/python3.13/site-packages/aiogram/dispatcher/event/telegram.py", line 121, in trigger
    return await wrapped_inner(event, kwargs)
           ^^^^^^^^^^^^^^^^^^^^^^^^^^^^^^^^^^
  File "/Users/mehriddinmengturayev/Downloads/shopbot/.venv/lib/python3.13/site-packages/aiogram/dispatcher/event/handler.py", line 43, in call
    return await wrapped()
           ^^^^^^^^^^^^^^^
  File "/Users/mehriddinmengturayev/Downloads/shopbot/app/handlers/admin/products.py", line 65, in products_menu
    products = await ProductRepository(session).list_all()
               ^^^^^^^^^^^^^^^^^^^^^^^^^^^^^^^^^^^^^^^^^^^
  File "/Users/mehriddinmengturayev/Downloads/shopbot/app/repositories/product_repo.py", line 24, in list_all
    result = await self.session.execute(
             ^^^^^^^^^^^^^^^^^^^^^^^^^^^
        select(Product).order_by(Product.sort_order, Product.id)
        ^^^^^^^^^^^^^^^^^^^^^^^^^^^^^^^^^^^^^^^^^^^^^^^^^^^^^^^^
    )
    ^
  File "/Users/mehriddinmengturayev/Downloads/shopbot/.venv/lib/python3.13/site-packages/sqlalchemy/ext/asyncio/session.py", line 461, in execute
    result = await greenlet_spawn(
             ^^^^^^^^^^^^^^^^^^^^^
    ...<6 lines>...
    )
    ^
  File "/Users/mehriddinmengturayev/Downloads/shopbot/.venv/lib/python3.13/site-packages/sqlalchemy/util/_concurrency_py3k.py", line 201, in greenlet_spawn
    result = context.throw(*sys.exc_info())
  File "/Users/mehriddinmengturayev/Downloads/shopbot/.venv/lib/python3.13/site-packages/sqlalchemy/orm/session.py", line 2362, in execute
    return self._execute_internal(
           ~~~~~~~~~~~~~~~~~~~~~~^
        statement,
        ^^^^^^^^^^
    ...<4 lines>...
        _add_event=_add_event,
        ^^^^^^^^^^^^^^^^^^^^^^
    )
    ^
  File "/Users/mehriddinmengturayev/Downloads/shopbot/.venv/lib/python3.13/site-packages/sqlalchemy/orm/session.py", line 2247, in _execute_internal
    result: Result[Any] = compile_state_cls.orm_execute_statement(
                          ~~~~~~~~~~~~~~~~~~~~~~~~~~~~~~~~~~~~~~~^
        self,
        ^^^^^
    ...<4 lines>...
        conn,
        ^^^^^
    )
    ^
  File "/Users/mehriddinmengturayev/Downloads/shopbot/.venv/lib/python3.13/site-packages/sqlalchemy/orm/context.py", line 305, in orm_execute_statement
    result = conn.execute(
        statement, params or {}, execution_options=execution_options
    )
  File "/Users/mehriddinmengturayev/Downloads/shopbot/.venv/lib/python3.13/site-packages/sqlalchemy/engine/base.py", line 1418, in execute
    return meth(
        self,
        distilled_parameters,
        execution_options or NO_OPTIONS,
    )
  File "/Users/mehriddinmengturayev/Downloads/shopbot/.venv/lib/python3.13/site-packages/sqlalchemy/sql/elements.py", line 515, in _execute_on_connection
    return connection._execute_clauseelement(
           ~~~~~~~~~~~~~~~~~~~~~~~~~~~~~~~~~^
        self, distilled_params, execution_options
        ^^^^^^^^^^^^^^^^^^^^^^^^^^^^^^^^^^^^^^^^^
    )
    ^
  File "/Users/mehriddinmengturayev/Downloads/shopbot/.venv/lib/python3.13/site-packages/sqlalchemy/engine/base.py", line 1640, in _execute_clauseelement
    ret = self._execute_context(
        dialect,
    ...<8 lines>...
        cache_hit=cache_hit,
    )
  File "/Users/mehriddinmengturayev/Downloads/shopbot/.venv/lib/python3.13/site-packages/sqlalchemy/engine/base.py", line 1846, in _execute_context
    return self._exec_single_context(
           ~~~~~~~~~~~~~~~~~~~~~~~~~^
        dialect, context, statement, parameters
        ^^^^^^^^^^^^^^^^^^^^^^^^^^^^^^^^^^^^^^^
    )
    ^
  File "/Users/mehriddinmengturayev/Downloads/shopbot/.venv/lib/python3.13/site-packages/sqlalchemy/engine/base.py", line 1986, in _exec_single_context
    self._handle_dbapi_exception(
    ~~~~~~~~~~~~~~~~~~~~~~~~~~~~^
        e, str_statement, effective_parameters, cursor, context
        ^^^^^^^^^^^^^^^^^^^^^^^^^^^^^^^^^^^^^^^^^^^^^^^^^^^^^^^
    )
    ^
  File "/Users/mehriddinmengturayev/Downloads/shopbot/.venv/lib/python3.13/site-packages/sqlalchemy/engine/base.py", line 2355, in _handle_dbapi_exception
    raise sqlalchemy_exception.with_traceback(exc_info[2]) from e
  File "/Users/mehriddinmengturayev/Downloads/shopbot/.venv/lib/python3.13/site-packages/sqlalchemy/engine/base.py", line 1967, in _exec_single_context
    self.dialect.do_execute(
    ~~~~~~~~~~~~~~~~~~~~~~~^
        cursor, str_statement, effective_parameters, context
        ^^^^^^^^^^^^^^^^^^^^^^^^^^^^^^^^^^^^^^^^^^^^^^^^^^^^
    )
    ^
  File "/Users/mehriddinmengturayev/Downloads/shopbot/.venv/lib/python3.13/site-packages/sqlalchemy/engine/default.py", line 941, in do_execute
    cursor.execute(statement, parameters)
    ~~~~~~~~~~~~~~^^^^^^^^^^^^^^^^^^^^^^^
  File "/Users/mehriddinmengturayev/Downloads/shopbot/.venv/lib/python3.13/site-packages/sqlalchemy/dialects/sqlite/aiosqlite.py", line 147, in execute
    self._adapt_connection._handle_exception(error)
    ~~~~~~~~~~~~~~~~~~~~~~~~~~~~~~~~~~~~~~~~^^^^^^^
  File "/Users/mehriddinmengturayev/Downloads/shopbot/.venv/lib/python3.13/site-packages/sqlalchemy/dialects/sqlite/aiosqlite.py", line 298, in _handle_exception
    raise error
  File "/Users/mehriddinmengturayev/Downloads/shopbot/.venv/lib/python3.13/site-packages/sqlalchemy/dialects/sqlite/aiosqlite.py", line 129, in execute
    self.await_(_cursor.execute(operation, parameters))
    ~~~~~~~~~~~^^^^^^^^^^^^^^^^^^^^^^^^^^^^^^^^^^^^^^^^
  File "/Users/mehriddinmengturayev/Downloads/shopbot/.venv/lib/python3.13/site-packages/sqlalchemy/util/_concurrency_py3k.py", line 132, in await_only
    return current.parent.switch(awaitable)  # type: ignore[no-any-return,attr-defined] # noqa: E501
           ~~~~~~~~~~~~~~~~~~~~~^^^^^^^^^^^
  File "/Users/mehriddinmengturayev/Downloads/shopbot/.venv/lib/python3.13/site-packages/sqlalchemy/util/_concurrency_py3k.py", line 196, in greenlet_spawn
    value = await result
            ^^^^^^^^^^^^
  File "/Users/mehriddinmengturayev/Downloads/shopbot/.venv/lib/python3.13/site-packages/aiosqlite/cursor.py", line 48, in execute
    await self._execute(self._cursor.execute, sql, parameters)
  File "/Users/mehriddinmengturayev/Downloads/shopbot/.venv/lib/python3.13/site-packages/aiosqlite/cursor.py", line 40, in _execute
    return await self._conn._execute(fn, *args, **kwargs)
           ^^^^^^^^^^^^^^^^^^^^^^^^^^^^^^^^^^^^^^^^^^^^^^
  File "/Users/mehriddinmengturayev/Downloads/shopbot/.venv/lib/python3.13/site-packages/aiosqlite/core.py", line 132, in _execute
    return await future
           ^^^^^^^^^^^^
  File "/Users/mehriddinmengturayev/Downloads/shopbot/.venv/lib/python3.13/site-packages/aiosqlite/core.py", line 115, in run
    result = function()
sqlalchemy.exc.OperationalError: (sqlite3.OperationalError) no such column: products.price_usd
[SQL: SELECT products.id, products.name, products.emoji, products.description, products.price, products.currency, products.price_usd, products.image_file_id, products.delivery_mode, products.provider_key, products.manual_delivery_hint, products.payment_instructions, products.is_visible, products.sort_order, products.created_at, products.updated_at 
FROM products ORDER BY products.sort_order, products.id]
(Background on this error at: https://sqlalche.me/e/20/e3q8)
2026-07-30 20:44:58,295 | ERROR    | providers | Crypto poller iteration failed
Traceback (most recent call last):
  File "/Users/mehriddinmengturayev/Downloads/shopbot/.venv/lib/python3.13/site-packages/sqlalchemy/engine/base.py", line 1967, in _exec_single_context
    self.dialect.do_execute(
    ~~~~~~~~~~~~~~~~~~~~~~~^
        cursor, str_statement, effective_parameters, context
        ^^^^^^^^^^^^^^^^^^^^^^^^^^^^^^^^^^^^^^^^^^^^^^^^^^^^
    )
    ^
  File "/Users/mehriddinmengturayev/Downloads/shopbot/.venv/lib/python3.13/site-packages/sqlalchemy/engine/default.py", line 941, in do_execute
    cursor.execute(statement, parameters)
    ~~~~~~~~~~~~~~^^^^^^^^^^^^^^^^^^^^^^^
  File "/Users/mehriddinmengturayev/Downloads/shopbot/.venv/lib/python3.13/site-packages/sqlalchemy/dialects/sqlite/aiosqlite.py", line 147, in execute
    self._adapt_connection._handle_exception(error)
    ~~~~~~~~~~~~~~~~~~~~~~~~~~~~~~~~~~~~~~~~^^^^^^^
  File "/Users/mehriddinmengturayev/Downloads/shopbot/.venv/lib/python3.13/site-packages/sqlalchemy/dialects/sqlite/aiosqlite.py", line 298, in _handle_exception
    raise error
  File "/Users/mehriddinmengturayev/Downloads/shopbot/.venv/lib/python3.13/site-packages/sqlalchemy/dialects/sqlite/aiosqlite.py", line 129, in execute
    self.await_(_cursor.execute(operation, parameters))
    ~~~~~~~~~~~^^^^^^^^^^^^^^^^^^^^^^^^^^^^^^^^^^^^^^^^
  File "/Users/mehriddinmengturayev/Downloads/shopbot/.venv/lib/python3.13/site-packages/sqlalchemy/util/_concurrency_py3k.py", line 132, in await_only
    return current.parent.switch(awaitable)  # type: ignore[no-any-return,attr-defined] # noqa: E501
           ~~~~~~~~~~~~~~~~~~~~~^^^^^^^^^^^
  File "/Users/mehriddinmengturayev/Downloads/shopbot/.venv/lib/python3.13/site-packages/sqlalchemy/util/_concurrency_py3k.py", line 196, in greenlet_spawn
    value = await result
            ^^^^^^^^^^^^
  File "/Users/mehriddinmengturayev/Downloads/shopbot/.venv/lib/python3.13/site-packages/aiosqlite/cursor.py", line 48, in execute
    await self._execute(self._cursor.execute, sql, parameters)
  File "/Users/mehriddinmengturayev/Downloads/shopbot/.venv/lib/python3.13/site-packages/aiosqlite/cursor.py", line 40, in _execute
    return await self._conn._execute(fn, *args, **kwargs)
           ^^^^^^^^^^^^^^^^^^^^^^^^^^^^^^^^^^^^^^^^^^^^^^
  File "/Users/mehriddinmengturayev/Downloads/shopbot/.venv/lib/python3.13/site-packages/aiosqlite/core.py", line 132, in _execute
    return await future
           ^^^^^^^^^^^^
  File "/Users/mehriddinmengturayev/Downloads/shopbot/.venv/lib/python3.13/site-packages/aiosqlite/core.py", line 115, in run
    result = function()
sqlite3.OperationalError: no such column: orders.payment_method

The above exception was the direct cause of the following exception:

Traceback (most recent call last):
  File "/Users/mehriddinmengturayev/Downloads/shopbot/app/services/crypto_poller.py", line 33, in crypto_poller_loop
    await _poll_once(bot)
  File "/Users/mehriddinmengturayev/Downloads/shopbot/app/services/crypto_poller.py", line 44, in _poll_once
    pending = await orders_repo.list_awaiting_crypto_payment()
              ^^^^^^^^^^^^^^^^^^^^^^^^^^^^^^^^^^^^^^^^^^^^^^^^
  File "/Users/mehriddinmengturayev/Downloads/shopbot/app/repositories/order_repo.py", line 47, in list_awaiting_crypto_payment
    result = await self.session.execute(
             ^^^^^^^^^^^^^^^^^^^^^^^^^^^
    ...<3 lines>...
    )
    ^
  File "/Users/mehriddinmengturayev/Downloads/shopbot/.venv/lib/python3.13/site-packages/sqlalchemy/ext/asyncio/session.py", line 461, in execute
    result = await greenlet_spawn(
             ^^^^^^^^^^^^^^^^^^^^^
    ...<6 lines>...
    )
    ^
  File "/Users/mehriddinmengturayev/Downloads/shopbot/.venv/lib/python3.13/site-packages/sqlalchemy/util/_concurrency_py3k.py", line 201, in greenlet_spawn
    result = context.throw(*sys.exc_info())
  File "/Users/mehriddinmengturayev/Downloads/shopbot/.venv/lib/python3.13/site-packages/sqlalchemy/orm/session.py", line 2362, in execute
    return self._execute_internal(
           ~~~~~~~~~~~~~~~~~~~~~~^
        statement,
        ^^^^^^^^^^
    ...<4 lines>...
        _add_event=_add_event,
        ^^^^^^^^^^^^^^^^^^^^^^
    )
    ^
  File "/Users/mehriddinmengturayev/Downloads/shopbot/.venv/lib/python3.13/site-packages/sqlalchemy/orm/session.py", line 2247, in _execute_internal
    result: Result[Any] = compile_state_cls.orm_execute_statement(
                          ~~~~~~~~~~~~~~~~~~~~~~~~~~~~~~~~~~~~~~~^
        self,
        ^^^^^
    ...<4 lines>...
        conn,
        ^^^^^
    )
    ^
  File "/Users/mehriddinmengturayev/Downloads/shopbot/.venv/lib/python3.13/site-packages/sqlalchemy/orm/context.py", line 305, in orm_execute_statement
    result = conn.execute(
        statement, params or {}, execution_options=execution_options
    )
  File "/Users/mehriddinmengturayev/Downloads/shopbot/.venv/lib/python3.13/site-packages/sqlalchemy/engine/base.py", line 1418, in execute
    return meth(
        self,
        distilled_parameters,
        execution_options or NO_OPTIONS,
    )
  File "/Users/mehriddinmengturayev/Downloads/shopbot/.venv/lib/python3.13/site-packages/sqlalchemy/sql/elements.py", line 515, in _execute_on_connection
    return connection._execute_clauseelement(
           ~~~~~~~~~~~~~~~~~~~~~~~~~~~~~~~~~^
        self, distilled_params, execution_options
        ^^^^^^^^^^^^^^^^^^^^^^^^^^^^^^^^^^^^^^^^^
    )
    ^
  File "/Users/mehriddinmengturayev/Downloads/shopbot/.venv/lib/python3.13/site-packages/sqlalchemy/engine/base.py", line 1640, in _execute_clauseelement
    ret = self._execute_context(
        dialect,
    ...<8 lines>...
        cache_hit=cache_hit,
    )
  File "/Users/mehriddinmengturayev/Downloads/shopbot/.venv/lib/python3.13/site-packages/sqlalchemy/engine/base.py", line 1846, in _execute_context
    return self._exec_single_context(
           ~~~~~~~~~~~~~~~~~~~~~~~~~^
        dialect, context, statement, parameters
        ^^^^^^^^^^^^^^^^^^^^^^^^^^^^^^^^^^^^^^^
    )
    ^
  File "/Users/mehriddinmengturayev/Downloads/shopbot/.venv/lib/python3.13/site-packages/sqlalchemy/engine/base.py", line 1986, in _exec_single_context
    self._handle_dbapi_exception(
    ~~~~~~~~~~~~~~~~~~~~~~~~~~~~^
        e, str_statement, effective_parameters, cursor, context
        ^^^^^^^^^^^^^^^^^^^^^^^^^^^^^^^^^^^^^^^^^^^^^^^^^^^^^^^
    )
    ^
  File "/Users/mehriddinmengturayev/Downloads/shopbot/.venv/lib/python3.13/site-packages/sqlalchemy/engine/base.py", line 2355, in _handle_dbapi_exception
    raise sqlalchemy_exception.with_traceback(exc_info[2]) from e
  File "/Users/mehriddinmengturayev/Downloads/shopbot/.venv/lib/python3.13/site-packages/sqlalchemy/engine/base.py", line 1967, in _exec_single_context
    self.dialect.do_execute(
    ~~~~~~~~~~~~~~~~~~~~~~~^
        cursor, str_statement, effective_parameters, context
        ^^^^^^^^^^^^^^^^^^^^^^^^^^^^^^^^^^^^^^^^^^^^^^^^^^^^
    )
    ^
  File "/Users/mehriddinmengturayev/Downloads/shopbot/.venv/lib/python3.13/site-packages/sqlalchemy/engine/default.py", line 941, in do_execute
    cursor.execute(statement, parameters)
    ~~~~~~~~~~~~~~^^^^^^^^^^^^^^^^^^^^^^^
  File "/Users/mehriddinmengturayev/Downloads/shopbot/.venv/lib/python3.13/site-packages/sqlalchemy/dialects/sqlite/aiosqlite.py", line 147, in execute
    self._adapt_connection._handle_exception(error)
    ~~~~~~~~~~~~~~~~~~~~~~~~~~~~~~~~~~~~~~~~^^^^^^^
  File "/Users/mehriddinmengturayev/Downloads/shopbot/.venv/lib/python3.13/site-packages/sqlalchemy/dialects/sqlite/aiosqlite.py", line 298, in _handle_exception
    raise error
  File "/Users/mehriddinmengturayev/Downloads/shopbot/.venv/lib/python3.13/site-packages/sqlalchemy/dialects/sqlite/aiosqlite.py", line 129, in execute
    self.await_(_cursor.execute(operation, parameters))
    ~~~~~~~~~~~^^^^^^^^^^^^^^^^^^^^^^^^^^^^^^^^^^^^^^^^
  File "/Users/mehriddinmengturayev/Downloads/shopbot/.venv/lib/python3.13/site-packages/sqlalchemy/util/_concurrency_py3k.py", line 132, in await_only
    return current.parent.switch(awaitable)  # type: ignore[no-any-return,attr-defined] # noqa: E501
           ~~~~~~~~~~~~~~~~~~~~~^^^^^^^^^^^
  File "/Users/mehriddinmengturayev/Downloads/shopbot/.venv/lib/python3.13/site-packages/sqlalchemy/util/_concurrency_py3k.py", line 196, in greenlet_spawn
    value = await result
            ^^^^^^^^^^^^
  File "/Users/mehriddinmengturayev/Downloads/shopbot/.venv/lib/python3.13/site-packages/aiosqlite/cursor.py", line 48, in execute
    await self._execute(self._cursor.execute, sql, parameters)
  File "/Users/mehriddinmengturayev/Downloads/shopbot/.venv/lib/python3.13/site-packages/aiosqlite/cursor.py", line 40, in _execute
    return await self._conn._execute(fn, *args, **kwargs)
           ^^^^^^^^^^^^^^^^^^^^^^^^^^^^^^^^^^^^^^^^^^^^^^
  File "/Users/mehriddinmengturayev/Downloads/shopbot/.venv/lib/python3.13/site-packages/aiosqlite/core.py", line 132, in _execute
    return await future
           ^^^^^^^^^^^^
  File "/Users/mehriddinmengturayev/Downloads/shopbot/.venv/lib/python3.13/site-packages/aiosqlite/core.py", line 115, in run
    result = function()
sqlalchemy.exc.OperationalError: (sqlite3.OperationalError) no such column: orders.payment_method
[SQL: SELECT orders.id, orders.order_uuid, orders.user_id, orders.product_id, orders.price_at_purchase, orders.currency, orders.status, orders.payment_method, orders.crypto_provider, orders.crypto_invoice_id, orders.crypto_pay_url, orders.decided_by_admin_id, orders.decided_at, orders.rejection_reason, orders.delivered_payload, orders.delivered_at, orders.created_at, orders.updated_at 
FROM orders 
WHERE orders.status = ?]
[parameters: ('AWAITING_CRYPTO_PAYMENT',)]
(Background on this error at: https://sqlalche.me/e/20/e3q8)
2026-07-30 20:45:01,308 | ERROR    | app.middlewares.error_handling | Unhandled exception while processing update
Traceback (most recent call last):
  File "/Users/mehriddinmengturayev/Downloads/shopbot/.venv/lib/python3.13/site-packages/sqlalchemy/engine/base.py", line 1967, in _exec_single_context
    self.dialect.do_execute(
    ~~~~~~~~~~~~~~~~~~~~~~~^
        cursor, str_statement, effective_parameters, context
        ^^^^^^^^^^^^^^^^^^^^^^^^^^^^^^^^^^^^^^^^^^^^^^^^^^^^
    )
    ^
  File "/Users/mehriddinmengturayev/Downloads/shopbot/.venv/lib/python3.13/site-packages/sqlalchemy/engine/default.py", line 941, in do_execute
    cursor.execute(statement, parameters)
    ~~~~~~~~~~~~~~^^^^^^^^^^^^^^^^^^^^^^^
  File "/Users/mehriddinmengturayev/Downloads/shopbot/.venv/lib/python3.13/site-packages/sqlalchemy/dialects/sqlite/aiosqlite.py", line 147, in execute
    self._adapt_connection._handle_exception(error)
    ~~~~~~~~~~~~~~~~~~~~~~~~~~~~~~~~~~~~~~~~^^^^^^^
  File "/Users/mehriddinmengturayev/Downloads/shopbot/.venv/lib/python3.13/site-packages/sqlalchemy/dialects/sqlite/aiosqlite.py", line 298, in _handle_exception
    raise error
  File "/Users/mehriddinmengturayev/Downloads/shopbot/.venv/lib/python3.13/site-packages/sqlalchemy/dialects/sqlite/aiosqlite.py", line 129, in execute
    self.await_(_cursor.execute(operation, parameters))
    ~~~~~~~~~~~^^^^^^^^^^^^^^^^^^^^^^^^^^^^^^^^^^^^^^^^
  File "/Users/mehriddinmengturayev/Downloads/shopbot/.venv/lib/python3.13/site-packages/sqlalchemy/util/_concurrency_py3k.py", line 132, in await_only
    return current.parent.switch(awaitable)  # type: ignore[no-any-return,attr-defined] # noqa: E501
           ~~~~~~~~~~~~~~~~~~~~~^^^^^^^^^^^
  File "/Users/mehriddinmengturayev/Downloads/shopbot/.venv/lib/python3.13/site-packages/sqlalchemy/util/_concurrency_py3k.py", line 196, in greenlet_spawn
    value = await result
            ^^^^^^^^^^^^
  File "/Users/mehriddinmengturayev/Downloads/shopbot/.venv/lib/python3.13/site-packages/aiosqlite/cursor.py", line 48, in execute
    await self._execute(self._cursor.execute, sql, parameters)
  File "/Users/mehriddinmengturayev/Downloads/shopbot/.venv/lib/python3.13/site-packages/aiosqlite/cursor.py", line 40, in _execute
    return await self._conn._execute(fn, *args, **kwargs)
           ^^^^^^^^^^^^^^^^^^^^^^^^^^^^^^^^^^^^^^^^^^^^^^
  File "/Users/mehriddinmengturayev/Downloads/shopbot/.venv/lib/python3.13/site-packages/aiosqlite/core.py", line 132, in _execute
    return await future
           ^^^^^^^^^^^^
  File "/Users/mehriddinmengturayev/Downloads/shopbot/.venv/lib/python3.13/site-packages/aiosqlite/core.py", line 115, in run
    result = function()
sqlite3.OperationalError: no such column: products.price_usd

The above exception was the direct cause of the following exception:

Traceback (most recent call last):
  File "/Users/mehriddinmengturayev/Downloads/shopbot/app/middlewares/error_handling.py", line 33, in __call__
    return await handler(event, data)
           ^^^^^^^^^^^^^^^^^^^^^^^^^^
  File "/Users/mehriddinmengturayev/Downloads/shopbot/app/middlewares/throttling.py", line 40, in __call__
    return await handler(event, data)
           ^^^^^^^^^^^^^^^^^^^^^^^^^^
  File "/Users/mehriddinmengturayev/Downloads/shopbot/app/middlewares/db_session.py", line 27, in __call__
    return await handler(event, data)
           ^^^^^^^^^^^^^^^^^^^^^^^^^^
  File "/Users/mehriddinmengturayev/Downloads/shopbot/app/middlewares/user_context.py", line 41, in __call__
    return await handler(event, data)
           ^^^^^^^^^^^^^^^^^^^^^^^^^^
  File "/Users/mehriddinmengturayev/Downloads/shopbot/.venv/lib/python3.13/site-packages/aiogram/dispatcher/event/telegram.py", line 121, in trigger
    return await wrapped_inner(event, kwargs)
           ^^^^^^^^^^^^^^^^^^^^^^^^^^^^^^^^^^
  File "/Users/mehriddinmengturayev/Downloads/shopbot/.venv/lib/python3.13/site-packages/aiogram/dispatcher/event/handler.py", line 43, in call
    return await wrapped()
           ^^^^^^^^^^^^^^^
  File "/Users/mehriddinmengturayev/Downloads/shopbot/.venv/lib/python3.13/site-packages/aiogram/dispatcher/dispatcher.py", line 276, in _listen_update
    return await self.propagate_event(update_type=update_type, event=event, **kwargs)
           ^^^^^^^^^^^^^^^^^^^^^^^^^^^^^^^^^^^^^^^^^^^^^^^^^^^^^^^^^^^^^^^^^^^^^^^^^^
  File "/Users/mehriddinmengturayev/Downloads/shopbot/.venv/lib/python3.13/site-packages/aiogram/dispatcher/router.py", line 146, in propagate_event
    return await observer.wrap_outer_middleware(_wrapped, event=event, data=kwargs)
           ^^^^^^^^^^^^^^^^^^^^^^^^^^^^^^^^^^^^^^^^^^^^^^^^^^^^^^^^^^^^^^^^^^^^^^^^
  File "/Users/mehriddinmengturayev/Downloads/shopbot/.venv/lib/python3.13/site-packages/aiogram/dispatcher/router.py", line 141, in _wrapped
    return await self._propagate_event(
           ^^^^^^^^^^^^^^^^^^^^^^^^^^^^
        observer=observer, update_type=update_type, event=telegram_event, **data
        ^^^^^^^^^^^^^^^^^^^^^^^^^^^^^^^^^^^^^^^^^^^^^^^^^^^^^^^^^^^^^^^^^^^^^^^^
    )
    ^
  File "/Users/mehriddinmengturayev/Downloads/shopbot/.venv/lib/python3.13/site-packages/aiogram/dispatcher/router.py", line 174, in _propagate_event
    response = await router.propagate_event(update_type=update_type, event=event, **kwargs)
               ^^^^^^^^^^^^^^^^^^^^^^^^^^^^^^^^^^^^^^^^^^^^^^^^^^^^^^^^^^^^^^^^^^^^^^^^^^^^
  File "/Users/mehriddinmengturayev/Downloads/shopbot/.venv/lib/python3.13/site-packages/aiogram/dispatcher/router.py", line 146, in propagate_event
    return await observer.wrap_outer_middleware(_wrapped, event=event, data=kwargs)
           ^^^^^^^^^^^^^^^^^^^^^^^^^^^^^^^^^^^^^^^^^^^^^^^^^^^^^^^^^^^^^^^^^^^^^^^^
  File "/Users/mehriddinmengturayev/Downloads/shopbot/.venv/lib/python3.13/site-packages/aiogram/dispatcher/router.py", line 141, in _wrapped
    return await self._propagate_event(
           ^^^^^^^^^^^^^^^^^^^^^^^^^^^^
        observer=observer, update_type=update_type, event=telegram_event, **data
        ^^^^^^^^^^^^^^^^^^^^^^^^^^^^^^^^^^^^^^^^^^^^^^^^^^^^^^^^^^^^^^^^^^^^^^^^
    )
    ^
  File "/Users/mehriddinmengturayev/Downloads/shopbot/.venv/lib/python3.13/site-packages/aiogram/dispatcher/router.py", line 174, in _propagate_event
    response = await router.propagate_event(update_type=update_type, event=event, **kwargs)
               ^^^^^^^^^^^^^^^^^^^^^^^^^^^^^^^^^^^^^^^^^^^^^^^^^^^^^^^^^^^^^^^^^^^^^^^^^^^^
  File "/Users/mehriddinmengturayev/Downloads/shopbot/.venv/lib/python3.13/site-packages/aiogram/dispatcher/router.py", line 146, in propagate_event
    return await observer.wrap_outer_middleware(_wrapped, event=event, data=kwargs)
           ^^^^^^^^^^^^^^^^^^^^^^^^^^^^^^^^^^^^^^^^^^^^^^^^^^^^^^^^^^^^^^^^^^^^^^^^
  File "/Users/mehriddinmengturayev/Downloads/shopbot/.venv/lib/python3.13/site-packages/aiogram/dispatcher/router.py", line 141, in _wrapped
    return await self._propagate_event(
           ^^^^^^^^^^^^^^^^^^^^^^^^^^^^
        observer=observer, update_type=update_type, event=telegram_event, **data
        ^^^^^^^^^^^^^^^^^^^^^^^^^^^^^^^^^^^^^^^^^^^^^^^^^^^^^^^^^^^^^^^^^^^^^^^^
    )
    ^
  File "/Users/mehriddinmengturayev/Downloads/shopbot/.venv/lib/python3.13/site-packages/aiogram/dispatcher/router.py", line 166, in _propagate_event
    response = await observer.trigger(event, **kwargs)
               ^^^^^^^^^^^^^^^^^^^^^^^^^^^^^^^^^^^^^^^
  File "/Users/mehriddinmengturayev/Downloads/shopbot/.venv/lib/python3.13/site-packages/aiogram/dispatcher/event/telegram.py", line 121, in trigger
    return await wrapped_inner(event, kwargs)
           ^^^^^^^^^^^^^^^^^^^^^^^^^^^^^^^^^^
  File "/Users/mehriddinmengturayev/Downloads/shopbot/.venv/lib/python3.13/site-packages/aiogram/dispatcher/event/handler.py", line 43, in call
    return await wrapped()
           ^^^^^^^^^^^^^^^
  File "/Users/mehriddinmengturayev/Downloads/shopbot/app/handlers/user/shop.py", line 60, in open_shop
    views = await service.list_shop()
            ^^^^^^^^^^^^^^^^^^^^^^^^^
  File "/Users/mehriddinmengturayev/Downloads/shopbot/app/services/product_service.py", line 28, in list_shop
    items = await self.products.list_visible()
            ^^^^^^^^^^^^^^^^^^^^^^^^^^^^^^^^^^
  File "/Users/mehriddinmengturayev/Downloads/shopbot/app/repositories/product_repo.py", line 16, in list_visible
    result = await self.session.execute(
             ^^^^^^^^^^^^^^^^^^^^^^^^^^^
    ...<3 lines>...
    )
    ^
  File "/Users/mehriddinmengturayev/Downloads/shopbot/.venv/lib/python3.13/site-packages/sqlalchemy/ext/asyncio/session.py", line 461, in execute
    result = await greenlet_spawn(
             ^^^^^^^^^^^^^^^^^^^^^
    ...<6 lines>...
    )
    ^
  File "/Users/mehriddinmengturayev/Downloads/shopbot/.venv/lib/python3.13/site-packages/sqlalchemy/util/_concurrency_py3k.py", line 201, in greenlet_spawn
    result = context.throw(*sys.exc_info())
  File "/Users/mehriddinmengturayev/Downloads/shopbot/.venv/lib/python3.13/site-packages/sqlalchemy/orm/session.py", line 2362, in execute
    return self._execute_internal(
           ~~~~~~~~~~~~~~~~~~~~~~^
        statement,
        ^^^^^^^^^^
    ...<4 lines>...
        _add_event=_add_event,
        ^^^^^^^^^^^^^^^^^^^^^^
    )
    ^
  File "/Users/mehriddinmengturayev/Downloads/shopbot/.venv/lib/python3.13/site-packages/sqlalchemy/orm/session.py", line 2247, in _execute_internal
    result: Result[Any] = compile_state_cls.orm_execute_statement(
                          ~~~~~~~~~~~~~~~~~~~~~~~~~~~~~~~~~~~~~~~^
        self,
        ^^^^^
    ...<4 lines>...
        conn,
        ^^^^^
    )
    ^
  File "/Users/mehriddinmengturayev/Downloads/shopbot/.venv/lib/python3.13/site-packages/sqlalchemy/orm/context.py", line 305, in orm_execute_statement
    result = conn.execute(
        statement, params or {}, execution_options=execution_options
    )
  File "/Users/mehriddinmengturayev/Downloads/shopbot/.venv/lib/python3.13/site-packages/sqlalchemy/engine/base.py", line 1418, in execute
    return meth(
        self,
        distilled_parameters,
        execution_options or NO_OPTIONS,
    )
  File "/Users/mehriddinmengturayev/Downloads/shopbot/.venv/lib/python3.13/site-packages/sqlalchemy/sql/elements.py", line 515, in _execute_on_connection
    return connection._execute_clauseelement(
           ~~~~~~~~~~~~~~~~~~~~~~~~~~~~~~~~~^
        self, distilled_params, execution_options
        ^^^^^^^^^^^^^^^^^^^^^^^^^^^^^^^^^^^^^^^^^
    )
    ^
  File "/Users/mehriddinmengturayev/Downloads/shopbot/.venv/lib/python3.13/site-packages/sqlalchemy/engine/base.py", line 1640, in _execute_clauseelement
    ret = self._execute_context(
        dialect,
    ...<8 lines>...
        cache_hit=cache_hit,
    )
  File "/Users/mehriddinmengturayev/Downloads/shopbot/.venv/lib/python3.13/site-packages/sqlalchemy/engine/base.py", line 1846, in _execute_context
    return self._exec_single_context(
           ~~~~~~~~~~~~~~~~~~~~~~~~~^
        dialect, context, statement, parameters
        ^^^^^^^^^^^^^^^^^^^^^^^^^^^^^^^^^^^^^^^
    )
    ^
  File "/Users/mehriddinmengturayev/Downloads/shopbot/.venv/lib/python3.13/site-packages/sqlalchemy/engine/base.py", line 1986, in _exec_single_context
    self._handle_dbapi_exception(
    ~~~~~~~~~~~~~~~~~~~~~~~~~~~~^
        e, str_statement, effective_parameters, cursor, context
        ^^^^^^^^^^^^^^^^^^^^^^^^^^^^^^^^^^^^^^^^^^^^^^^^^^^^^^^
    )
    ^
  File "/Users/mehriddinmengturayev/Downloads/shopbot/.venv/lib/python3.13/site-packages/sqlalchemy/engine/base.py", line 2355, in _handle_dbapi_exception
    raise sqlalchemy_exception.with_traceback(exc_info[2]) from e
  File "/Users/mehriddinmengturayev/Downloads/shopbot/.venv/lib/python3.13/site-packages/sqlalchemy/engine/base.py", line 1967, in _exec_single_context
    self.dialect.do_execute(
    ~~~~~~~~~~~~~~~~~~~~~~~^
        cursor, str_statement, effective_parameters, context
        ^^^^^^^^^^^^^^^^^^^^^^^^^^^^^^^^^^^^^^^^^^^^^^^^^^^^
    )
    ^
  File "/Users/mehriddinmengturayev/Downloads/shopbot/.venv/lib/python3.13/site-packages/sqlalchemy/engine/default.py", line 941, in do_execute
    cursor.execute(statement, parameters)
    ~~~~~~~~~~~~~~^^^^^^^^^^^^^^^^^^^^^^^
  File "/Users/mehriddinmengturayev/Downloads/shopbot/.venv/lib/python3.13/site-packages/sqlalchemy/dialects/sqlite/aiosqlite.py", line 147, in execute
    self._adapt_connection._handle_exception(error)
    ~~~~~~~~~~~~~~~~~~~~~~~~~~~~~~~~~~~~~~~~^^^^^^^
  File "/Users/mehriddinmengturayev/Downloads/shopbot/.venv/lib/python3.13/site-packages/sqlalchemy/dialects/sqlite/aiosqlite.py", line 298, in _handle_exception
    raise error
  File "/Users/mehriddinmengturayev/Downloads/shopbot/.venv/lib/python3.13/site-packages/sqlalchemy/dialects/sqlite/aiosqlite.py", line 129, in execute
    self.await_(_cursor.execute(operation, parameters))
    ~~~~~~~~~~~^^^^^^^^^^^^^^^^^^^^^^^^^^^^^^^^^^^^^^^^
  File "/Users/mehriddinmengturayev/Downloads/shopbot/.venv/lib/python3.13/site-packages/sqlalchemy/util/_concurrency_py3k.py", line 132, in await_only
    return current.parent.switch(awaitable)  # type: ignore[no-any-return,attr-defined] # noqa: E501
           ~~~~~~~~~~~~~~~~~~~~~^^^^^^^^^^^
  File "/Users/mehriddinmengturayev/Downloads/shopbot/.venv/lib/python3.13/site-packages/sqlalchemy/util/_concurrency_py3k.py", line 196, in greenlet_spawn
    value = await result
            ^^^^^^^^^^^^
  File "/Users/mehriddinmengturayev/Downloads/shopbot/.venv/lib/python3.13/site-packages/aiosqlite/cursor.py", line 48, in execute
    await self._execute(self._cursor.execute, sql, parameters)
  File "/Users/mehriddinmengturayev/Downloads/shopbot/.venv/lib/python3.13/site-packages/aiosqlite/cursor.py", line 40, in _execute
    return await self._conn._execute(fn, *args, **kwargs)
           ^^^^^^^^^^^^^^^^^^^^^^^^^^^^^^^^^^^^^^^^^^^^^^
  File "/Users/mehriddinmengturayev/Downloads/shopbot/.venv/lib/python3.13/site-packages/aiosqlite/core.py", line 132, in _execute
    return await future
           ^^^^^^^^^^^^
  File "/Users/mehriddinmengturayev/Downloads/shopbot/.venv/lib/python3.13/site-packages/aiosqlite/core.py", line 115, in run
    result = function()
sqlalchemy.exc.OperationalError: (sqlite3.OperationalError) no such column: products.price_usd
[SQL: SELECT products.id, products.name, products.emoji, products.description, products.price, products.currency, products.price_usd, products.image_file_id, products.delivery_mode, products.provider_key, products.manual_delivery_hint, products.payment_instructions, products.is_visible, products.sort_order, products.created_at, products.updated_at 
FROM products 
WHERE products.is_visible IS 1 ORDER BY products.sort_order, products.id]
(Background on this error at: https://sqlalche.me/e/20/e3q8)
2026-07-30 20:45:03,192 | ERROR    | app.middlewares.error_handling | Unhandled exception while processing update
Traceback (most recent call last):
  File "/Users/mehriddinmengturayev/Downloads/shopbot/.venv/lib/python3.13/site-packages/sqlalchemy/engine/base.py", line 1967, in _exec_single_context
    self.dialect.do_execute(
    ~~~~~~~~~~~~~~~~~~~~~~~^
        cursor, str_statement, effective_parameters, context
        ^^^^^^^^^^^^^^^^^^^^^^^^^^^^^^^^^^^^^^^^^^^^^^^^^^^^
    )
    ^
  File "/Users/mehriddinmengturayev/Downloads/shopbot/.venv/lib/python3.13/site-packages/sqlalchemy/engine/default.py", line 941, in do_execute
    cursor.execute(statement, parameters)
    ~~~~~~~~~~~~~~^^^^^^^^^^^^^^^^^^^^^^^
  File "/Users/mehriddinmengturayev/Downloads/shopbot/.venv/lib/python3.13/site-packages/sqlalchemy/dialects/sqlite/aiosqlite.py", line 147, in execute
    self._adapt_connection._handle_exception(error)
    ~~~~~~~~~~~~~~~~~~~~~~~~~~~~~~~~~~~~~~~~^^^^^^^
  File "/Users/mehriddinmengturayev/Downloads/shopbot/.venv/lib/python3.13/site-packages/sqlalchemy/dialects/sqlite/aiosqlite.py", line 298, in _handle_exception
    raise error
  File "/Users/mehriddinmengturayev/Downloads/shopbot/.venv/lib/python3.13/site-packages/sqlalchemy/dialects/sqlite/aiosqlite.py", line 129, in execute
    self.await_(_cursor.execute(operation, parameters))
    ~~~~~~~~~~~^^^^^^^^^^^^^^^^^^^^^^^^^^^^^^^^^^^^^^^^
  File "/Users/mehriddinmengturayev/Downloads/shopbot/.venv/lib/python3.13/site-packages/sqlalchemy/util/_concurrency_py3k.py", line 132, in await_only
    return current.parent.switch(awaitable)  # type: ignore[no-any-return,attr-defined] # noqa: E501
           ~~~~~~~~~~~~~~~~~~~~~^^^^^^^^^^^
  File "/Users/mehriddinmengturayev/Downloads/shopbot/.venv/lib/python3.13/site-packages/sqlalchemy/util/_concurrency_py3k.py", line 196, in greenlet_spawn
    value = await result
            ^^^^^^^^^^^^
  File "/Users/mehriddinmengturayev/Downloads/shopbot/.venv/lib/python3.13/site-packages/aiosqlite/cursor.py", line 48, in execute
    await self._execute(self._cursor.execute, sql, parameters)
  File "/Users/mehriddinmengturayev/Downloads/shopbot/.venv/lib/python3.13/site-packages/aiosqlite/cursor.py", line 40, in _execute
    return await self._conn._execute(fn, *args, **kwargs)
           ^^^^^^^^^^^^^^^^^^^^^^^^^^^^^^^^^^^^^^^^^^^^^^
  File "/Users/mehriddinmengturayev/Downloads/shopbot/.venv/lib/python3.13/site-packages/aiosqlite/core.py", line 132, in _execute
    return await future
           ^^^^^^^^^^^^
  File "/Users/mehriddinmengturayev/Downloads/shopbot/.venv/lib/python3.13/site-packages/aiosqlite/core.py", line 115, in run
    result = function()
sqlite3.OperationalError: no such column: orders.payment_method

The above exception was the direct cause of the following exception:

Traceback (most recent call last):
  File "/Users/mehriddinmengturayev/Downloads/shopbot/app/middlewares/error_handling.py", line 33, in __call__
    return await handler(event, data)
           ^^^^^^^^^^^^^^^^^^^^^^^^^^
  File "/Users/mehriddinmengturayev/Downloads/shopbot/app/middlewares/throttling.py", line 40, in __call__
    return await handler(event, data)
           ^^^^^^^^^^^^^^^^^^^^^^^^^^
  File "/Users/mehriddinmengturayev/Downloads/shopbot/app/middlewares/db_session.py", line 27, in __call__
    return await handler(event, data)
           ^^^^^^^^^^^^^^^^^^^^^^^^^^
  File "/Users/mehriddinmengturayev/Downloads/shopbot/app/middlewares/user_context.py", line 41, in __call__
    return await handler(event, data)
           ^^^^^^^^^^^^^^^^^^^^^^^^^^
  File "/Users/mehriddinmengturayev/Downloads/shopbot/.venv/lib/python3.13/site-packages/aiogram/dispatcher/event/telegram.py", line 121, in trigger
    return await wrapped_inner(event, kwargs)
           ^^^^^^^^^^^^^^^^^^^^^^^^^^^^^^^^^^
  File "/Users/mehriddinmengturayev/Downloads/shopbot/.venv/lib/python3.13/site-packages/aiogram/dispatcher/event/handler.py", line 43, in call
    return await wrapped()
           ^^^^^^^^^^^^^^^
  File "/Users/mehriddinmengturayev/Downloads/shopbot/.venv/lib/python3.13/site-packages/aiogram/dispatcher/dispatcher.py", line 276, in _listen_update
    return await self.propagate_event(update_type=update_type, event=event, **kwargs)
           ^^^^^^^^^^^^^^^^^^^^^^^^^^^^^^^^^^^^^^^^^^^^^^^^^^^^^^^^^^^^^^^^^^^^^^^^^^
  File "/Users/mehriddinmengturayev/Downloads/shopbot/.venv/lib/python3.13/site-packages/aiogram/dispatcher/router.py", line 146, in propagate_event
    return await observer.wrap_outer_middleware(_wrapped, event=event, data=kwargs)
           ^^^^^^^^^^^^^^^^^^^^^^^^^^^^^^^^^^^^^^^^^^^^^^^^^^^^^^^^^^^^^^^^^^^^^^^^
  File "/Users/mehriddinmengturayev/Downloads/shopbot/.venv/lib/python3.13/site-packages/aiogram/dispatcher/router.py", line 141, in _wrapped
    return await self._propagate_event(
           ^^^^^^^^^^^^^^^^^^^^^^^^^^^^
        observer=observer, update_type=update_type, event=telegram_event, **data
        ^^^^^^^^^^^^^^^^^^^^^^^^^^^^^^^^^^^^^^^^^^^^^^^^^^^^^^^^^^^^^^^^^^^^^^^^
    )
    ^
  File "/Users/mehriddinmengturayev/Downloads/shopbot/.venv/lib/python3.13/site-packages/aiogram/dispatcher/router.py", line 174, in _propagate_event
    response = await router.propagate_event(update_type=update_type, event=event, **kwargs)
               ^^^^^^^^^^^^^^^^^^^^^^^^^^^^^^^^^^^^^^^^^^^^^^^^^^^^^^^^^^^^^^^^^^^^^^^^^^^^
  File "/Users/mehriddinmengturayev/Downloads/shopbot/.venv/lib/python3.13/site-packages/aiogram/dispatcher/router.py", line 146, in propagate_event
    return await observer.wrap_outer_middleware(_wrapped, event=event, data=kwargs)
           ^^^^^^^^^^^^^^^^^^^^^^^^^^^^^^^^^^^^^^^^^^^^^^^^^^^^^^^^^^^^^^^^^^^^^^^^
  File "/Users/mehriddinmengturayev/Downloads/shopbot/.venv/lib/python3.13/site-packages/aiogram/dispatcher/router.py", line 141, in _wrapped
    return await self._propagate_event(
           ^^^^^^^^^^^^^^^^^^^^^^^^^^^^
        observer=observer, update_type=update_type, event=telegram_event, **data
        ^^^^^^^^^^^^^^^^^^^^^^^^^^^^^^^^^^^^^^^^^^^^^^^^^^^^^^^^^^^^^^^^^^^^^^^^
    )
    ^
  File "/Users/mehriddinmengturayev/Downloads/shopbot/.venv/lib/python3.13/site-packages/aiogram/dispatcher/router.py", line 174, in _propagate_event
    response = await router.propagate_event(update_type=update_type, event=event, **kwargs)
               ^^^^^^^^^^^^^^^^^^^^^^^^^^^^^^^^^^^^^^^^^^^^^^^^^^^^^^^^^^^^^^^^^^^^^^^^^^^^
  File "/Users/mehriddinmengturayev/Downloads/shopbot/.venv/lib/python3.13/site-packages/aiogram/dispatcher/router.py", line 146, in propagate_event
    return await observer.wrap_outer_middleware(_wrapped, event=event, data=kwargs)
           ^^^^^^^^^^^^^^^^^^^^^^^^^^^^^^^^^^^^^^^^^^^^^^^^^^^^^^^^^^^^^^^^^^^^^^^^
  File "/Users/mehriddinmengturayev/Downloads/shopbot/.venv/lib/python3.13/site-packages/aiogram/dispatcher/router.py", line 141, in _wrapped
    return await self._propagate_event(
           ^^^^^^^^^^^^^^^^^^^^^^^^^^^^
        observer=observer, update_type=update_type, event=telegram_event, **data
        ^^^^^^^^^^^^^^^^^^^^^^^^^^^^^^^^^^^^^^^^^^^^^^^^^^^^^^^^^^^^^^^^^^^^^^^^
    )
    ^
  File "/Users/mehriddinmengturayev/Downloads/shopbot/.venv/lib/python3.13/site-packages/aiogram/dispatcher/router.py", line 166, in _propagate_event
    response = await observer.trigger(event, **kwargs)
               ^^^^^^^^^^^^^^^^^^^^^^^^^^^^^^^^^^^^^^^
  File "/Users/mehriddinmengturayev/Downloads/shopbot/.venv/lib/python3.13/site-packages/aiogram/dispatcher/event/telegram.py", line 121, in trigger
    return await wrapped_inner(event, kwargs)
           ^^^^^^^^^^^^^^^^^^^^^^^^^^^^^^^^^^
  File "/Users/mehriddinmengturayev/Downloads/shopbot/.venv/lib/python3.13/site-packages/aiogram/dispatcher/event/handler.py", line 43, in call
    return await wrapped()
           ^^^^^^^^^^^^^^^
  File "/Users/mehriddinmengturayev/Downloads/shopbot/app/handlers/user/orders.py", line 17, in my_orders
    orders = await OrderRepository(session).list_by_user(user.id)
             ^^^^^^^^^^^^^^^^^^^^^^^^^^^^^^^^^^^^^^^^^^^^^^^^^^^^
  File "/Users/mehriddinmengturayev/Downloads/shopbot/app/repositories/order_repo.py", line 74, in list_by_user
    result = await self.session.execute(
             ^^^^^^^^^^^^^^^^^^^^^^^^^^^
    ...<5 lines>...
    )
    ^
  File "/Users/mehriddinmengturayev/Downloads/shopbot/.venv/lib/python3.13/site-packages/sqlalchemy/ext/asyncio/session.py", line 461, in execute
    result = await greenlet_spawn(
             ^^^^^^^^^^^^^^^^^^^^^
    ...<6 lines>...
    )
    ^
  File "/Users/mehriddinmengturayev/Downloads/shopbot/.venv/lib/python3.13/site-packages/sqlalchemy/util/_concurrency_py3k.py", line 201, in greenlet_spawn
    result = context.throw(*sys.exc_info())
  File "/Users/mehriddinmengturayev/Downloads/shopbot/.venv/lib/python3.13/site-packages/sqlalchemy/orm/session.py", line 2362, in execute
    return self._execute_internal(
           ~~~~~~~~~~~~~~~~~~~~~~^
        statement,
        ^^^^^^^^^^
    ...<4 lines>...
        _add_event=_add_event,
        ^^^^^^^^^^^^^^^^^^^^^^
    )
    ^
  File "/Users/mehriddinmengturayev/Downloads/shopbot/.venv/lib/python3.13/site-packages/sqlalchemy/orm/session.py", line 2247, in _execute_internal
    result: Result[Any] = compile_state_cls.orm_execute_statement(
                          ~~~~~~~~~~~~~~~~~~~~~~~~~~~~~~~~~~~~~~~^
        self,
        ^^^^^
    ...<4 lines>...
        conn,
        ^^^^^
    )
    ^
  File "/Users/mehriddinmengturayev/Downloads/shopbot/.venv/lib/python3.13/site-packages/sqlalchemy/orm/context.py", line 305, in orm_execute_statement
    result = conn.execute(
        statement, params or {}, execution_options=execution_options
    )
  File "/Users/mehriddinmengturayev/Downloads/shopbot/.venv/lib/python3.13/site-packages/sqlalchemy/engine/base.py", line 1418, in execute
    return meth(
        self,
        distilled_parameters,
        execution_options or NO_OPTIONS,
    )
  File "/Users/mehriddinmengturayev/Downloads/shopbot/.venv/lib/python3.13/site-packages/sqlalchemy/sql/elements.py", line 515, in _execute_on_connection
    return connection._execute_clauseelement(
           ~~~~~~~~~~~~~~~~~~~~~~~~~~~~~~~~~^
        self, distilled_params, execution_options
        ^^^^^^^^^^^^^^^^^^^^^^^^^^^^^^^^^^^^^^^^^
    )
    ^
  File "/Users/mehriddinmengturayev/Downloads/shopbot/.venv/lib/python3.13/site-packages/sqlalchemy/engine/base.py", line 1640, in _execute_clauseelement
    ret = self._execute_context(
        dialect,
    ...<8 lines>...
        cache_hit=cache_hit,
    )
  File "/Users/mehriddinmengturayev/Downloads/shopbot/.venv/lib/python3.13/site-packages/sqlalchemy/engine/base.py", line 1846, in _execute_context
    return self._exec_single_context(
           ~~~~~~~~~~~~~~~~~~~~~~~~~^
        dialect, context, statement, parameters
        ^^^^^^^^^^^^^^^^^^^^^^^^^^^^^^^^^^^^^^^
    )
    ^
  File "/Users/mehriddinmengturayev/Downloads/shopbot/.venv/lib/python3.13/site-packages/sqlalchemy/engine/base.py", line 1986, in _exec_single_context
    self._handle_dbapi_exception(
    ~~~~~~~~~~~~~~~~~~~~~~~~~~~~^
        e, str_statement, effective_parameters, cursor, context
        ^^^^^^^^^^^^^^^^^^^^^^^^^^^^^^^^^^^^^^^^^^^^^^^^^^^^^^^
    )
    ^
  File "/Users/mehriddinmengturayev/Downloads/shopbot/.venv/lib/python3.13/site-packages/sqlalchemy/engine/base.py", line 2355, in _handle_dbapi_exception
    raise sqlalchemy_exception.with_traceback(exc_info[2]) from e
  File "/Users/mehriddinmengturayev/Downloads/shopbot/.venv/lib/python3.13/site-packages/sqlalchemy/engine/base.py", line 1967, in _exec_single_context
    self.dialect.do_execute(
    ~~~~~~~~~~~~~~~~~~~~~~~^
        cursor, str_statement, effective_parameters, context
        ^^^^^^^^^^^^^^^^^^^^^^^^^^^^^^^^^^^^^^^^^^^^^^^^^^^^
    )
    ^
  File "/Users/mehriddinmengturayev/Downloads/shopbot/.venv/lib/python3.13/site-packages/sqlalchemy/engine/default.py", line 941, in do_execute
    cursor.execute(statement, parameters)
    ~~~~~~~~~~~~~~^^^^^^^^^^^^^^^^^^^^^^^
  File "/Users/mehriddinmengturayev/Downloads/shopbot/.venv/lib/python3.13/site-packages/sqlalchemy/dialects/sqlite/aiosqlite.py", line 147, in execute
    self._adapt_connection._handle_exception(error)
    ~~~~~~~~~~~~~~~~~~~~~~~~~~~~~~~~~~~~~~~~^^^^^^^
  File "/Users/mehriddinmengturayev/Downloads/shopbot/.venv/lib/python3.13/site-packages/sqlalchemy/dialects/sqlite/aiosqlite.py", line 298, in _handle_exception
    raise error
  File "/Users/mehriddinmengturayev/Downloads/shopbot/.venv/lib/python3.13/site-packages/sqlalchemy/dialects/sqlite/aiosqlite.py", line 129, in execute
    self.await_(_cursor.execute(operation, parameters))
    ~~~~~~~~~~~^^^^^^^^^^^^^^^^^^^^^^^^^^^^^^^^^^^^^^^^
  File "/Users/mehriddinmengturayev/Downloads/shopbot/.venv/lib/python3.13/site-packages/sqlalchemy/util/_concurrency_py3k.py", line 132, in await_only
    return current.parent.switch(awaitable)  # type: ignore[no-any-return,attr-defined] # noqa: E501
           ~~~~~~~~~~~~~~~~~~~~~^^^^^^^^^^^
  File "/Users/mehriddinmengturayev/Downloads/shopbot/.venv/lib/python3.13/site-packages/sqlalchemy/util/_concurrency_py3k.py", line 196, in greenlet_spawn
    value = await result
            ^^^^^^^^^^^^
  File "/Users/mehriddinmengturayev/Downloads/shopbot/.venv/lib/python3.13/site-packages/aiosqlite/cursor.py", line 48, in execute
    await self._execute(self._cursor.execute, sql, parameters)
  File "/Users/mehriddinmengturayev/Downloads/shopbot/.venv/lib/python3.13/site-packages/aiosqlite/cursor.py", line 40, in _execute
    return await self._conn._execute(fn, *args, **kwargs)
           ^^^^^^^^^^^^^^^^^^^^^^^^^^^^^^^^^^^^^^^^^^^^^^
  File "/Users/mehriddinmengturayev/Downloads/shopbot/.venv/lib/python3.13/site-packages/aiosqlite/core.py", line 132, in _execute
    return await future
           ^^^^^^^^^^^^
  File "/Users/mehriddinmengturayev/Downloads/shopbot/.venv/lib/python3.13/site-packages/aiosqlite/core.py", line 115, in run
    result = function()
sqlalchemy.exc.OperationalError: (sqlite3.OperationalError) no such column: orders.payment_method
[SQL: SELECT orders.id, orders.order_uuid, orders.user_id, orders.product_id, orders.price_at_purchase, orders.currency, orders.status, orders.payment_method, orders.crypto_provider, orders.crypto_invoice_id, orders.crypto_pay_url, orders.decided_by_admin_id, orders.decided_at, orders.rejection_reason, orders.delivered_payload, orders.delivered_at, orders.created_at, orders.updated_at 
FROM orders 
WHERE orders.user_id = ? ORDER BY orders.id DESC
 LIMIT ? OFFSET ?]
[parameters: (1, 20, 0)]
(Background on this error at: https://sqlalche.me/e/20/e3q8)
2026-07-30 20:45:18,313 | ERROR    | providers | Crypto poller iteration failed
Traceback (most recent call last):
  File "/Users/mehriddinmengturayev/Downloads/shopbot/.venv/lib/python3.13/site-packages/sqlalchemy/engine/base.py", line 1967, in _exec_single_context
    self.dialect.do_execute(
    ~~~~~~~~~~~~~~~~~~~~~~~^
        cursor, str_statement, effective_parameters, context
        ^^^^^^^^^^^^^^^^^^^^^^^^^^^^^^^^^^^^^^^^^^^^^^^^^^^^
    )
    ^
  File "/Users/mehriddinmengturayev/Downloads/shopbot/.venv/lib/python3.13/site-packages/sqlalchemy/engine/default.py", line 941, in do_execute
    cursor.execute(statement, parameters)
    ~~~~~~~~~~~~~~^^^^^^^^^^^^^^^^^^^^^^^
  File "/Users/mehriddinmengturayev/Downloads/shopbot/.venv/lib/python3.13/site-packages/sqlalchemy/dialects/sqlite/aiosqlite.py", line 147, in execute
    self._adapt_connection._handle_exception(error)
    ~~~~~~~~~~~~~~~~~~~~~~~~~~~~~~~~~~~~~~~~^^^^^^^
  File "/Users/mehriddinmengturayev/Downloads/shopbot/.venv/lib/python3.13/site-packages/sqlalchemy/dialects/sqlite/aiosqlite.py", line 298, in _handle_exception
    raise error
  File "/Users/mehriddinmengturayev/Downloads/shopbot/.venv/lib/python3.13/site-packages/sqlalchemy/dialects/sqlite/aiosqlite.py", line 129, in execute
    self.await_(_cursor.execute(operation, parameters))
    ~~~~~~~~~~~^^^^^^^^^^^^^^^^^^^^^^^^^^^^^^^^^^^^^^^^
  File "/Users/mehriddinmengturayev/Downloads/shopbot/.venv/lib/python3.13/site-packages/sqlalchemy/util/_concurrency_py3k.py", line 132, in await_only
    return current.parent.switch(awaitable)  # type: ignore[no-any-return,attr-defined] # noqa: E501
           ~~~~~~~~~~~~~~~~~~~~~^^^^^^^^^^^
  File "/Users/mehriddinmengturayev/Downloads/shopbot/.venv/lib/python3.13/site-packages/sqlalchemy/util/_concurrency_py3k.py", line 196, in greenlet_spawn
    value = await result
            ^^^^^^^^^^^^
  File "/Users/mehriddinmengturayev/Downloads/shopbot/.venv/lib/python3.13/site-packages/aiosqlite/cursor.py", line 48, in execute
    await self._execute(self._cursor.execute, sql, parameters)
  File "/Users/mehriddinmengturayev/Downloads/shopbot/.venv/lib/python3.13/site-packages/aiosqlite/cursor.py", line 40, in _execute
    return await self._conn._execute(fn, *args, **kwargs)
           ^^^^^^^^^^^^^^^^^^^^^^^^^^^^^^^^^^^^^^^^^^^^^^
  File "/Users/mehriddinmengturayev/Downloads/shopbot/.venv/lib/python3.13/site-packages/aiosqlite/core.py", line 132, in _execute
    return await future
           ^^^^^^^^^^^^
  File "/Users/mehriddinmengturayev/Downloads/shopbot/.venv/lib/python3.13/site-packages/aiosqlite/core.py", line 115, in run
    result = function()
sqlite3.OperationalError: no such column: orders.payment_method

The above exception was the direct cause of the following exception:

Traceback (most recent call last):
  File "/Users/mehriddinmengturayev/Downloads/shopbot/app/services/crypto_poller.py", line 33, in crypto_poller_loop
    await _poll_once(bot)
  File "/Users/mehriddinmengturayev/Downloads/shopbot/app/services/crypto_poller.py", line 44, in _poll_once
    pending = await orders_repo.list_awaiting_crypto_payment()
              ^^^^^^^^^^^^^^^^^^^^^^^^^^^^^^^^^^^^^^^^^^^^^^^^
  File "/Users/mehriddinmengturayev/Downloads/shopbot/app/repositories/order_repo.py", line 47, in list_awaiting_crypto_payment
    result = await self.session.execute(
             ^^^^^^^^^^^^^^^^^^^^^^^^^^^
    ...<3 lines>...
    )
    ^
  File "/Users/mehriddinmengturayev/Downloads/shopbot/.venv/lib/python3.13/site-packages/sqlalchemy/ext/asyncio/session.py", line 461, in execute
    result = await greenlet_spawn(
             ^^^^^^^^^^^^^^^^^^^^^
    ...<6 lines>...
    )
    ^
  File "/Users/mehriddinmengturayev/Downloads/shopbot/.venv/lib/python3.13/site-packages/sqlalchemy/util/_concurrency_py3k.py", line 201, in greenlet_spawn
    result = context.throw(*sys.exc_info())
  File "/Users/mehriddinmengturayev/Downloads/shopbot/.venv/lib/python3.13/site-packages/sqlalchemy/orm/session.py", line 2362, in execute
    return self._execute_internal(
           ~~~~~~~~~~~~~~~~~~~~~~^
        statement,
        ^^^^^^^^^^
    ...<4 lines>...
        _add_event=_add_event,
        ^^^^^^^^^^^^^^^^^^^^^^
    )
    ^
  File "/Users/mehriddinmengturayev/Downloads/shopbot/.venv/lib/python3.13/site-packages/sqlalchemy/orm/session.py", line 2247, in _execute_internal
    result: Result[Any] = compile_state_cls.orm_execute_statement(
                          ~~~~~~~~~~~~~~~~~~~~~~~~~~~~~~~~~~~~~~~^
        self,
        ^^^^^
    ...<4 lines>...
        conn,
        ^^^^^
    )
    ^
  File "/Users/mehriddinmengturayev/Downloads/shopbot/.venv/lib/python3.13/site-packages/sqlalchemy/orm/context.py", line 305, in orm_execute_statement
    result = conn.execute(
        statement, params or {}, execution_options=execution_options
    )
  File "/Users/mehriddinmengturayev/Downloads/shopbot/.venv/lib/python3.13/site-packages/sqlalchemy/engine/base.py", line 1418, in execute
    return meth(
        self,
        distilled_parameters,
        execution_options or NO_OPTIONS,
    )
  File "/Users/mehriddinmengturayev/Downloads/shopbot/.venv/lib/python3.13/site-packages/sqlalchemy/sql/elements.py", line 515, in _execute_on_connection
    return connection._execute_clauseelement(
           ~~~~~~~~~~~~~~~~~~~~~~~~~~~~~~~~~^
        self, distilled_params, execution_options
        ^^^^^^^^^^^^^^^^^^^^^^^^^^^^^^^^^^^^^^^^^
    )
    ^
  File "/Users/mehriddinmengturayev/Downloads/shopbot/.venv/lib/python3.13/site-packages/sqlalchemy/engine/base.py", line 1640, in _execute_clauseelement
    ret = self._execute_context(
        dialect,
    ...<8 lines>...
        cache_hit=cache_hit,
    )
  File "/Users/mehriddinmengturayev/Downloads/shopbot/.venv/lib/python3.13/site-packages/sqlalchemy/engine/base.py", line 1846, in _execute_context
    return self._exec_single_context(
           ~~~~~~~~~~~~~~~~~~~~~~~~~^
        dialect, context, statement, parameters
        ^^^^^^^^^^^^^^^^^^^^^^^^^^^^^^^^^^^^^^^
    )
    ^
  File "/Users/mehriddinmengturayev/Downloads/shopbot/.venv/lib/python3.13/site-packages/sqlalchemy/engine/base.py", line 1986, in _exec_single_context
    self._handle_dbapi_exception(
    ~~~~~~~~~~~~~~~~~~~~~~~~~~~~^
        e, str_statement, effective_parameters, cursor, context
        ^^^^^^^^^^^^^^^^^^^^^^^^^^^^^^^^^^^^^^^^^^^^^^^^^^^^^^^
    )
    ^
  File "/Users/mehriddinmengturayev/Downloads/shopbot/.venv/lib/python3.13/site-packages/sqlalchemy/engine/base.py", line 2355, in _handle_dbapi_exception
    raise sqlalchemy_exception.with_traceback(exc_info[2]) from e
  File "/Users/mehriddinmengturayev/Downloads/shopbot/.venv/lib/python3.13/site-packages/sqlalchemy/engine/base.py", line 1967, in _exec_single_context
    self.dialect.do_execute(
    ~~~~~~~~~~~~~~~~~~~~~~~^
        cursor, str_statement, effective_parameters, context
        ^^^^^^^^^^^^^^^^^^^^^^^^^^^^^^^^^^^^^^^^^^^^^^^^^^^^
    )
    ^
  File "/Users/mehriddinmengturayev/Downloads/shopbot/.venv/lib/python3.13/site-packages/sqlalchemy/engine/default.py", line 941, in do_execute
    cursor.execute(statement, parameters)
    ~~~~~~~~~~~~~~^^^^^^^^^^^^^^^^^^^^^^^
  File "/Users/mehriddinmengturayev/Downloads/shopbot/.venv/lib/python3.13/site-packages/sqlalchemy/dialects/sqlite/aiosqlite.py", line 147, in execute
    self._adapt_connection._handle_exception(error)
    ~~~~~~~~~~~~~~~~~~~~~~~~~~~~~~~~~~~~~~~~^^^^^^^
  File "/Users/mehriddinmengturayev/Downloads/shopbot/.venv/lib/python3.13/site-packages/sqlalchemy/dialects/sqlite/aiosqlite.py", line 298, in _handle_exception
    raise error
  File "/Users/mehriddinmengturayev/Downloads/shopbot/.venv/lib/python3.13/site-packages/sqlalchemy/dialects/sqlite/aiosqlite.py", line 129, in execute
    self.await_(_cursor.execute(operation, parameters))
    ~~~~~~~~~~~^^^^^^^^^^^^^^^^^^^^^^^^^^^^^^^^^^^^^^^^
  File "/Users/mehriddinmengturayev/Downloads/shopbot/.venv/lib/python3.13/site-packages/sqlalchemy/util/_concurrency_py3k.py", line 132, in await_only
    return current.parent.switch(awaitable)  # type: ignore[no-any-return,attr-defined] # noqa: E501
           ~~~~~~~~~~~~~~~~~~~~~^^^^^^^^^^^
  File "/Users/mehriddinmengturayev/Downloads/shopbot/.venv/lib/python3.13/site-packages/sqlalchemy/util/_concurrency_py3k.py", line 196, in greenlet_spawn
    value = await result
            ^^^^^^^^^^^^
  File "/Users/mehriddinmengturayev/Downloads/shopbot/.venv/lib/python3.13/site-packages/aiosqlite/cursor.py", line 48, in execute
    await self._execute(self._cursor.execute, sql, parameters)
  File "/Users/mehriddinmengturayev/Downloads/shopbot/.venv/lib/python3.13/site-packages/aiosqlite/cursor.py", line 40, in _execute
    return await self._conn._execute(fn, *args, **kwargs)
           ^^^^^^^^^^^^^^^^^^^^^^^^^^^^^^^^^^^^^^^^^^^^^^
  File "/Users/mehriddinmengturayev/Downloads/shopbot/.venv/lib/python3.13/site-packages/aiosqlite/core.py", line 132, in _execute
    return await future
           ^^^^^^^^^^^^
  File "/Users/mehriddinmengturayev/Downloads/shopbot/.venv/lib/python3.13/site-packages/aiosqlite/core.py", line 115, in run
    result = function()
sqlalchemy.exc.OperationalError: (sqlite3.OperationalError) no such column: orders.payment_method
[SQL: SELECT orders.id, orders.order_uuid, orders.user_id, orders.product_id, orders.price_at_purchase, orders.currency, orders.status, orders.payment_method, orders.crypto_provider, orders.crypto_invoice_id, orders.crypto_pay_url, orders.decided_by_admin_id, orders.decided_at, orders.rejection_reason, orders.delivered_payload, orders.delivered_at, orders.created_at, orders.updated_at 
FROM orders 
WHERE orders.status = ?]
[parameters: ('AWAITING_CRYPTO_PAYMENT',)]
(Background on this error at: https://sqlalche.me/e/20/e3q8)
2026-07-30 20:45:38,328 | ERROR    | providers | Crypto poller iteration failed
Traceback (most recent call last):
  File "/Users/mehriddinmengturayev/Downloads/shopbot/.venv/lib/python3.13/site-packages/sqlalchemy/engine/base.py", line 1967, in _exec_single_context
    self.dialect.do_execute(
    ~~~~~~~~~~~~~~~~~~~~~~~^
        cursor, str_statement, effective_parameters, context
        ^^^^^^^^^^^^^^^^^^^^^^^^^^^^^^^^^^^^^^^^^^^^^^^^^^^^
    )
    ^
  File "/Users/mehriddinmengturayev/Downloads/shopbot/.venv/lib/python3.13/site-packages/sqlalchemy/engine/default.py", line 941, in do_execute
    cursor.execute(statement, parameters)
    ~~~~~~~~~~~~~~^^^^^^^^^^^^^^^^^^^^^^^
  File "/Users/mehriddinmengturayev/Downloads/shopbot/.venv/lib/python3.13/site-packages/sqlalchemy/dialects/sqlite/aiosqlite.py", line 147, in execute
    self._adapt_connection._handle_exception(error)
    ~~~~~~~~~~~~~~~~~~~~~~~~~~~~~~~~~~~~~~~~^^^^^^^
  File "/Users/mehriddinmengturayev/Downloads/shopbot/.venv/lib/python3.13/site-packages/sqlalchemy/dialects/sqlite/aiosqlite.py", line 298, in _handle_exception
    raise error
  File "/Users/mehriddinmengturayev/Downloads/shopbot/.venv/lib/python3.13/site-packages/sqlalchemy/dialects/sqlite/aiosqlite.py", line 129, in execute
    self.await_(_cursor.execute(operation, parameters))
    ~~~~~~~~~~~^^^^^^^^^^^^^^^^^^^^^^^^^^^^^^^^^^^^^^^^
  File "/Users/mehriddinmengturayev/Downloads/shopbot/.venv/lib/python3.13/site-packages/sqlalchemy/util/_concurrency_py3k.py", line 132, in await_only
    return current.parent.switch(awaitable)  # type: ignore[no-any-return,attr-defined] # noqa: E501
           ~~~~~~~~~~~~~~~~~~~~~^^^^^^^^^^^
  File "/Users/mehriddinmengturayev/Downloads/shopbot/.venv/lib/python3.13/site-packages/sqlalchemy/util/_concurrency_py3k.py", line 196, in greenlet_spawn
    value = await result
            ^^^^^^^^^^^^
  File "/Users/mehriddinmengturayev/Downloads/shopbot/.venv/lib/python3.13/site-packages/aiosqlite/cursor.py", line 48, in execute
    await self._execute(self._cursor.execute, sql, parameters)
  File "/Users/mehriddinmengturayev/Downloads/shopbot/.venv/lib/python3.13/site-packages/aiosqlite/cursor.py", line 40, in _execute
    return await self._conn._execute(fn, *args, **kwargs)
           ^^^^^^^^^^^^^^^^^^^^^^^^^^^^^^^^^^^^^^^^^^^^^^
  File "/Users/mehriddinmengturayev/Downloads/shopbot/.venv/lib/python3.13/site-packages/aiosqlite/core.py", line 132, in _execute
    return await future
           ^^^^^^^^^^^^
  File "/Users/mehriddinmengturayev/Downloads/shopbot/.venv/lib/python3.13/site-packages/aiosqlite/core.py", line 115, in run
    result = function()
sqlite3.OperationalError: no such column: orders.payment_method

The above exception was the direct cause of the following exception:

Traceback (most recent call last):
  File "/Users/mehriddinmengturayev/Downloads/shopbot/app/services/crypto_poller.py", line 33, in crypto_poller_loop
    await _poll_once(bot)
  File "/Users/mehriddinmengturayev/Downloads/shopbot/app/services/crypto_poller.py", line 44, in _poll_once
    pending = await orders_repo.list_awaiting_crypto_payment()
              ^^^^^^^^^^^^^^^^^^^^^^^^^^^^^^^^^^^^^^^^^^^^^^^^
  File "/Users/mehriddinmengturayev/Downloads/shopbot/app/repositories/order_repo.py", line 47, in list_awaiting_crypto_payment
    result = await self.session.execute(
             ^^^^^^^^^^^^^^^^^^^^^^^^^^^
    ...<3 lines>...
    )
    ^
  File "/Users/mehriddinmengturayev/Downloads/shopbot/.venv/lib/python3.13/site-packages/sqlalchemy/ext/asyncio/session.py", line 461, in execute
    result = await greenlet_spawn(
             ^^^^^^^^^^^^^^^^^^^^^
    ...<6 lines>...
    )
    ^
  File "/Users/mehriddinmengturayev/Downloads/shopbot/.venv/lib/python3.13/site-packages/sqlalchemy/util/_concurrency_py3k.py", line 201, in greenlet_spawn
    result = context.throw(*sys.exc_info())
  File "/Users/mehriddinmengturayev/Downloads/shopbot/.venv/lib/python3.13/site-packages/sqlalchemy/orm/session.py", line 2362, in execute
    return self._execute_internal(
           ~~~~~~~~~~~~~~~~~~~~~~^
        statement,
        ^^^^^^^^^^
    ...<4 lines>...
        _add_event=_add_event,
        ^^^^^^^^^^^^^^^^^^^^^^
    )
    ^
  File "/Users/mehriddinmengturayev/Downloads/shopbot/.venv/lib/python3.13/site-packages/sqlalchemy/orm/session.py", line 2247, in _execute_internal
    result: Result[Any] = compile_state_cls.orm_execute_statement(
                          ~~~~~~~~~~~~~~~~~~~~~~~~~~~~~~~~~~~~~~~^
        self,
        ^^^^^
    ...<4 lines>...
        conn,
        ^^^^^
    )
    ^
  File "/Users/mehriddinmengturayev/Downloads/shopbot/.venv/lib/python3.13/site-packages/sqlalchemy/orm/context.py", line 305, in orm_execute_statement
    result = conn.execute(
        statement, params or {}, execution_options=execution_options
    )
  File "/Users/mehriddinmengturayev/Downloads/shopbot/.venv/lib/python3.13/site-packages/sqlalchemy/engine/base.py", line 1418, in execute
    return meth(
        self,
        distilled_parameters,
        execution_options or NO_OPTIONS,
    )
  File "/Users/mehriddinmengturayev/Downloads/shopbot/.venv/lib/python3.13/site-packages/sqlalchemy/sql/elements.py", line 515, in _execute_on_connection
    return connection._execute_clauseelement(
           ~~~~~~~~~~~~~~~~~~~~~~~~~~~~~~~~~^
        self, distilled_params, execution_options
        ^^^^^^^^^^^^^^^^^^^^^^^^^^^^^^^^^^^^^^^^^
    )
    ^
  File "/Users/mehriddinmengturayev/Downloads/shopbot/.venv/lib/python3.13/site-packages/sqlalchemy/engine/base.py", line 1640, in _execute_clauseelement
    ret = self._execute_context(
        dialect,
    ...<8 lines>...
        cache_hit=cache_hit,
    )
  File "/Users/mehriddinmengturayev/Downloads/shopbot/.venv/lib/python3.13/site-packages/sqlalchemy/engine/base.py", line 1846, in _execute_context
    return self._exec_single_context(
           ~~~~~~~~~~~~~~~~~~~~~~~~~^
        dialect, context, statement, parameters
        ^^^^^^^^^^^^^^^^^^^^^^^^^^^^^^^^^^^^^^^
    )
    ^
  File "/Users/mehriddinmengturayev/Downloads/shopbot/.venv/lib/python3.13/site-packages/sqlalchemy/engine/base.py", line 1986, in _exec_single_context
    self._handle_dbapi_exception(
    ~~~~~~~~~~~~~~~~~~~~~~~~~~~~^
        e, str_statement, effective_parameters, cursor, context
        ^^^^^^^^^^^^^^^^^^^^^^^^^^^^^^^^^^^^^^^^^^^^^^^^^^^^^^^
    )
    ^
  File "/Users/mehriddinmengturayev/Downloads/shopbot/.venv/lib/python3.13/site-packages/sqlalchemy/engine/base.py", line 2355, in _handle_dbapi_exception
    raise sqlalchemy_exception.with_traceback(exc_info[2]) from e
  File "/Users/mehriddinmengturayev/Downloads/shopbot/.venv/lib/python3.13/site-packages/sqlalchemy/engine/base.py", line 1967, in _exec_single_context
    self.dialect.do_execute(
    ~~~~~~~~~~~~~~~~~~~~~~~^
        cursor, str_statement, effective_parameters, context
        ^^^^^^^^^^^^^^^^^^^^^^^^^^^^^^^^^^^^^^^^^^^^^^^^^^^^
    )
    ^
  File "/Users/mehriddinmengturayev/Downloads/shopbot/.venv/lib/python3.13/site-packages/sqlalchemy/engine/default.py", line 941, in do_execute
    cursor.execute(statement, parameters)
    ~~~~~~~~~~~~~~^^^^^^^^^^^^^^^^^^^^^^^
  File "/Users/mehriddinmengturayev/Downloads/shopbot/.venv/lib/python3.13/site-packages/sqlalchemy/dialects/sqlite/aiosqlite.py", line 147, in execute
    self._adapt_connection._handle_exception(error)
    ~~~~~~~~~~~~~~~~~~~~~~~~~~~~~~~~~~~~~~~~^^^^^^^
  File "/Users/mehriddinmengturayev/Downloads/shopbot/.venv/lib/python3.13/site-packages/sqlalchemy/dialects/sqlite/aiosqlite.py", line 298, in _handle_exception
    raise error
  File "/Users/mehriddinmengturayev/Downloads/shopbot/.venv/lib/python3.13/site-packages/sqlalchemy/dialects/sqlite/aiosqlite.py", line 129, in execute
    self.await_(_cursor.execute(operation, parameters))
    ~~~~~~~~~~~^^^^^^^^^^^^^^^^^^^^^^^^^^^^^^^^^^^^^^^^
  File "/Users/mehriddinmengturayev/Downloads/shopbot/.venv/lib/python3.13/site-packages/sqlalchemy/util/_concurrency_py3k.py", line 132, in await_only
    return current.parent.switch(awaitable)  # type: ignore[no-any-return,attr-defined] # noqa: E501
           ~~~~~~~~~~~~~~~~~~~~~^^^^^^^^^^^
  File "/Users/mehriddinmengturayev/Downloads/shopbot/.venv/lib/python3.13/site-packages/sqlalchemy/util/_concurrency_py3k.py", line 196, in greenlet_spawn
    value = await result
            ^^^^^^^^^^^^
  File "/Users/mehriddinmengturayev/Downloads/shopbot/.venv/lib/python3.13/site-packages/aiosqlite/cursor.py", line 48, in execute
    await self._execute(self._cursor.execute, sql, parameters)
  File "/Users/mehriddinmengturayev/Downloads/shopbot/.venv/lib/python3.13/site-packages/aiosqlite/cursor.py", line 40, in _execute
    return await self._conn._execute(fn, *args, **kwargs)
           ^^^^^^^^^^^^^^^^^^^^^^^^^^^^^^^^^^^^^^^^^^^^^^
  File "/Users/mehriddinmengturayev/Downloads/shopbot/.venv/lib/python3.13/site-packages/aiosqlite/core.py", line 132, in _execute
    return await future
           ^^^^^^^^^^^^
  File "/Users/mehriddinmengturayev/Downloads/shopbot/.venv/lib/python3.13/site-packages/aiosqlite/core.py", line 115, in run
    result = function()
sqlalchemy.exc.OperationalError: (sqlite3.OperationalError) no such column: orders.payment_method
[SQL: SELECT orders.id, orders.order_uuid, orders.user_id, orders.product_id, orders.price_at_purchase, orders.currency, orders.status, orders.payment_method, orders.crypto_provider, orders.crypto_invoice_id, orders.crypto_pay_url, orders.decided_by_admin_id, orders.decided_at, orders.rejection_reason, orders.delivered_payload, orders.delivered_at, orders.created_at, orders.updated_at 
FROM orders 
WHERE orders.status = ?]
[parameters: ('AWAITING_CRYPTO_PAYMENT',)]
(Background on this error at: https://sqlalche.me/e/20/e3q8)
2026-07-30 20:45:58,346 | ERROR    | providers | Crypto poller iteration failed
Traceback (most recent call last):
  File "/Users/mehriddinmengturayev/Downloads/shopbot/.venv/lib/python3.13/site-packages/sqlalchemy/engine/base.py", line 1967, in _exec_single_context
    self.dialect.do_execute(
    ~~~~~~~~~~~~~~~~~~~~~~~^
        cursor, str_statement, effective_parameters, context
        ^^^^^^^^^^^^^^^^^^^^^^^^^^^^^^^^^^^^^^^^^^^^^^^^^^^^
    )
    ^
  File "/Users/mehriddinmengturayev/Downloads/shopbot/.venv/lib/python3.13/site-packages/sqlalchemy/engine/default.py", line 941, in do_execute
    cursor.execute(statement, parameters)
    ~~~~~~~~~~~~~~^^^^^^^^^^^^^^^^^^^^^^^
  File "/Users/mehriddinmengturayev/Downloads/shopbot/.venv/lib/python3.13/site-packages/sqlalchemy/dialects/sqlite/aiosqlite.py", line 147, in execute
    self._adapt_connection._handle_exception(error)
    ~~~~~~~~~~~~~~~~~~~~~~~~~~~~~~~~~~~~~~~~^^^^^^^
  File "/Users/mehriddinmengturayev/Downloads/shopbot/.venv/lib/python3.13/site-packages/sqlalchemy/dialects/sqlite/aiosqlite.py", line 298, in _handle_exception
    raise error
  File "/Users/mehriddinmengturayev/Downloads/shopbot/.venv/lib/python3.13/site-packages/sqlalchemy/dialects/sqlite/aiosqlite.py", line 129, in execute
    self.await_(_cursor.execute(operation, parameters))
    ~~~~~~~~~~~^^^^^^^^^^^^^^^^^^^^^^^^^^^^^^^^^^^^^^^^
  File "/Users/mehriddinmengturayev/Downloads/shopbot/.venv/lib/python3.13/site-packages/sqlalchemy/util/_concurrency_py3k.py", line 132, in await_only
    return current.parent.switch(awaitable)  # type: ignore[no-any-return,attr-defined] # noqa: E501
           ~~~~~~~~~~~~~~~~~~~~~^^^^^^^^^^^
  File "/Users/mehriddinmengturayev/Downloads/shopbot/.venv/lib/python3.13/site-packages/sqlalchemy/util/_concurrency_py3k.py", line 196, in greenlet_spawn
    value = await result
            ^^^^^^^^^^^^
  File "/Users/mehriddinmengturayev/Downloads/shopbot/.venv/lib/python3.13/site-packages/aiosqlite/cursor.py", line 48, in execute
    await self._execute(self._cursor.execute, sql, parameters)
  File "/Users/mehriddinmengturayev/Downloads/shopbot/.venv/lib/python3.13/site-packages/aiosqlite/cursor.py", line 40, in _execute
    return await self._conn._execute(fn, *args, **kwargs)
           ^^^^^^^^^^^^^^^^^^^^^^^^^^^^^^^^^^^^^^^^^^^^^^
  File "/Users/mehriddinmengturayev/Downloads/shopbot/.venv/lib/python3.13/site-packages/aiosqlite/core.py", line 132, in _execute
    return await future
           ^^^^^^^^^^^^
  File "/Users/mehriddinmengturayev/Downloads/shopbot/.venv/lib/python3.13/site-packages/aiosqlite/core.py", line 115, in run
    result = function()
sqlite3.OperationalError: no such column: orders.payment_method

The above exception was the direct cause of the following exception:

Traceback (most recent call last):
  File "/Users/mehriddinmengturayev/Downloads/shopbot/app/services/crypto_poller.py", line 33, in crypto_poller_loop
    await _poll_once(bot)
  File "/Users/mehriddinmengturayev/Downloads/shopbot/app/services/crypto_poller.py", line 44, in _poll_once
    pending = await orders_repo.list_awaiting_crypto_payment()
              ^^^^^^^^^^^^^^^^^^^^^^^^^^^^^^^^^^^^^^^^^^^^^^^^
  File "/Users/mehriddinmengturayev/Downloads/shopbot/app/repositories/order_repo.py", line 47, in list_awaiting_crypto_payment
    result = await self.session.execute(
             ^^^^^^^^^^^^^^^^^^^^^^^^^^^
    ...<3 lines>...
    )
    ^
  File "/Users/mehriddinmengturayev/Downloads/shopbot/.venv/lib/python3.13/site-packages/sqlalchemy/ext/asyncio/session.py", line 461, in execute
    result = await greenlet_spawn(
             ^^^^^^^^^^^^^^^^^^^^^
    ...<6 lines>...
    )
    ^
  File "/Users/mehriddinmengturayev/Downloads/shopbot/.venv/lib/python3.13/site-packages/sqlalchemy/util/_concurrency_py3k.py", line 201, in greenlet_spawn
    result = context.throw(*sys.exc_info())
  File "/Users/mehriddinmengturayev/Downloads/shopbot/.venv/lib/python3.13/site-packages/sqlalchemy/orm/session.py", line 2362, in execute
    return self._execute_internal(
           ~~~~~~~~~~~~~~~~~~~~~~^
        statement,
        ^^^^^^^^^^
    ...<4 lines>...
        _add_event=_add_event,
        ^^^^^^^^^^^^^^^^^^^^^^
    )
    ^
  File "/Users/mehriddinmengturayev/Downloads/shopbot/.venv/lib/python3.13/site-packages/sqlalchemy/orm/session.py", line 2247, in _execute_internal
    result: Result[Any] = compile_state_cls.orm_execute_statement(
                          ~~~~~~~~~~~~~~~~~~~~~~~~~~~~~~~~~~~~~~~^
        self,
        ^^^^^
    ...<4 lines>...
        conn,
        ^^^^^
    )
    ^
  File "/Users/mehriddinmengturayev/Downloads/shopbot/.venv/lib/python3.13/site-packages/sqlalchemy/orm/context.py", line 305, in orm_execute_statement
    result = conn.execute(
        statement, params or {}, execution_options=execution_options
    )
  File "/Users/mehriddinmengturayev/Downloads/shopbot/.venv/lib/python3.13/site-packages/sqlalchemy/engine/base.py", line 1418, in execute
    return meth(
        self,
        distilled_parameters,
        execution_options or NO_OPTIONS,
    )
  File "/Users/mehriddinmengturayev/Downloads/shopbot/.venv/lib/python3.13/site-packages/sqlalchemy/sql/elements.py", line 515, in _execute_on_connection
    return connection._execute_clauseelement(
           ~~~~~~~~~~~~~~~~~~~~~~~~~~~~~~~~~^
        self, distilled_params, execution_options
        ^^^^^^^^^^^^^^^^^^^^^^^^^^^^^^^^^^^^^^^^^
    )
    ^
  File "/Users/mehriddinmengturayev/Downloads/shopbot/.venv/lib/python3.13/site-packages/sqlalchemy/engine/base.py", line 1640, in _execute_clauseelement
    ret = self._execute_context(
        dialect,
    ...<8 lines>...
        cache_hit=cache_hit,
    )
  File "/Users/mehriddinmengturayev/Downloads/shopbot/.venv/lib/python3.13/site-packages/sqlalchemy/engine/base.py", line 1846, in _execute_context
    return self._exec_single_context(
           ~~~~~~~~~~~~~~~~~~~~~~~~~^
        dialect, context, statement, parameters
        ^^^^^^^^^^^^^^^^^^^^^^^^^^^^^^^^^^^^^^^
    )
    ^
  File "/Users/mehriddinmengturayev/Downloads/shopbot/.venv/lib/python3.13/site-packages/sqlalchemy/engine/base.py", line 1986, in _exec_single_context
    self._handle_dbapi_exception(
    ~~~~~~~~~~~~~~~~~~~~~~~~~~~~^
        e, str_statement, effective_parameters, cursor, context
        ^^^^^^^^^^^^^^^^^^^^^^^^^^^^^^^^^^^^^^^^^^^^^^^^^^^^^^^
    )
    ^
  File "/Users/mehriddinmengturayev/Downloads/shopbot/.venv/lib/python3.13/site-packages/sqlalchemy/engine/base.py", line 2355, in _handle_dbapi_exception
    raise sqlalchemy_exception.with_traceback(exc_info[2]) from e
  File "/Users/mehriddinmengturayev/Downloads/shopbot/.venv/lib/python3.13/site-packages/sqlalchemy/engine/base.py", line 1967, in _exec_single_context
    self.dialect.do_execute(
    ~~~~~~~~~~~~~~~~~~~~~~~^
        cursor, str_statement, effective_parameters, context
        ^^^^^^^^^^^^^^^^^^^^^^^^^^^^^^^^^^^^^^^^^^^^^^^^^^^^
    )
    ^
  File "/Users/mehriddinmengturayev/Downloads/shopbot/.venv/lib/python3.13/site-packages/sqlalchemy/engine/default.py", line 941, in do_execute
    cursor.execute(statement, parameters)
    ~~~~~~~~~~~~~~^^^^^^^^^^^^^^^^^^^^^^^
  File "/Users/mehriddinmengturayev/Downloads/shopbot/.venv/lib/python3.13/site-packages/sqlalchemy/dialects/sqlite/aiosqlite.py", line 147, in execute
    self._adapt_connection._handle_exception(error)
    ~~~~~~~~~~~~~~~~~~~~~~~~~~~~~~~~~~~~~~~~^^^^^^^
  File "/Users/mehriddinmengturayev/Downloads/shopbot/.venv/lib/python3.13/site-packages/sqlalchemy/dialects/sqlite/aiosqlite.py", line 298, in _handle_exception
    raise error
  File "/Users/mehriddinmengturayev/Downloads/shopbot/.venv/lib/python3.13/site-packages/sqlalchemy/dialects/sqlite/aiosqlite.py", line 129, in execute
    self.await_(_cursor.execute(operation, parameters))
    ~~~~~~~~~~~^^^^^^^^^^^^^^^^^^^^^^^^^^^^^^^^^^^^^^^^
  File "/Users/mehriddinmengturayev/Downloads/shopbot/.venv/lib/python3.13/site-packages/sqlalchemy/util/_concurrency_py3k.py", line 132, in await_only
    return current.parent.switch(awaitable)  # type: ignore[no-any-return,attr-defined] # noqa: E501
           ~~~~~~~~~~~~~~~~~~~~~^^^^^^^^^^^
  File "/Users/mehriddinmengturayev/Downloads/shopbot/.venv/lib/python3.13/site-packages/sqlalchemy/util/_concurrency_py3k.py", line 196, in greenlet_spawn
    value = await result
            ^^^^^^^^^^^^
  File "/Users/mehriddinmengturayev/Downloads/shopbot/.venv/lib/python3.13/site-packages/aiosqlite/cursor.py", line 48, in execute
    await self._execute(self._cursor.execute, sql, parameters)
  File "/Users/mehriddinmengturayev/Downloads/shopbot/.venv/lib/python3.13/site-packages/aiosqlite/cursor.py", line 40, in _execute
    return await self._conn._execute(fn, *args, **kwargs)
           ^^^^^^^^^^^^^^^^^^^^^^^^^^^^^^^^^^^^^^^^^^^^^^
  File "/Users/mehriddinmengturayev/Downloads/shopbot/.venv/lib/python3.13/site-packages/aiosqlite/core.py", line 132, in _execute
    return await future
           ^^^^^^^^^^^^
  File "/Users/mehriddinmengturayev/Downloads/shopbot/.venv/lib/python3.13/site-packages/aiosqlite/core.py", line 115, in run
    result = function()
sqlalchemy.exc.OperationalError: (sqlite3.OperationalError) no such column: orders.payment_method
[SQL: SELECT orders.id, orders.order_uuid, orders.user_id, orders.product_id, orders.price_at_purchase, orders.currency, orders.status, orders.payment_method, orders.crypto_provider, orders.crypto_invoice_id, orders.crypto_pay_url, orders.decided_by_admin_id, orders.decided_at, orders.rejection_reason, orders.delivered_payload, orders.delivered_at, orders.created_at, orders.updated_at 
FROM orders 
WHERE orders.status = ?]
[parameters: ('AWAITING_CRYPTO_PAYMENT',)]
(Background on this error at: https://sqlalche.me/e/20/e3q8)
2026-07-30 20:46:18,373 | ERROR    | providers | Crypto poller iteration failed
Traceback (most recent call last):
  File "/Users/mehriddinmengturayev/Downloads/shopbot/.venv/lib/python3.13/site-packages/sqlalchemy/engine/base.py", line 1967, in _exec_single_context
    self.dialect.do_execute(
    ~~~~~~~~~~~~~~~~~~~~~~~^
        cursor, str_statement, effective_parameters, context
        ^^^^^^^^^^^^^^^^^^^^^^^^^^^^^^^^^^^^^^^^^^^^^^^^^^^^
    )
    ^
  File "/Users/mehriddinmengturayev/Downloads/shopbot/.venv/lib/python3.13/site-packages/sqlalchemy/engine/default.py", line 941, in do_execute
    cursor.execute(statement, parameters)
    ~~~~~~~~~~~~~~^^^^^^^^^^^^^^^^^^^^^^^
  File "/Users/mehriddinmengturayev/Downloads/shopbot/.venv/lib/python3.13/site-packages/sqlalchemy/dialects/sqlite/aiosqlite.py", line 147, in execute
    self._adapt_connection._handle_exception(error)
    ~~~~~~~~~~~~~~~~~~~~~~~~~~~~~~~~~~~~~~~~^^^^^^^
  File "/Users/mehriddinmengturayev/Downloads/shopbot/.venv/lib/python3.13/site-packages/sqlalchemy/dialects/sqlite/aiosqlite.py", line 298, in _handle_exception
    raise error
  File "/Users/mehriddinmengturayev/Downloads/shopbot/.venv/lib/python3.13/site-packages/sqlalchemy/dialects/sqlite/aiosqlite.py", line 129, in execute
    self.await_(_cursor.execute(operation, parameters))
    ~~~~~~~~~~~^^^^^^^^^^^^^^^^^^^^^^^^^^^^^^^^^^^^^^^^
  File "/Users/mehriddinmengturayev/Downloads/shopbot/.venv/lib/python3.13/site-packages/sqlalchemy/util/_concurrency_py3k.py", line 132, in await_only
    return current.parent.switch(awaitable)  # type: ignore[no-any-return,attr-defined] # noqa: E501
           ~~~~~~~~~~~~~~~~~~~~~^^^^^^^^^^^
  File "/Users/mehriddinmengturayev/Downloads/shopbot/.venv/lib/python3.13/site-packages/sqlalchemy/util/_concurrency_py3k.py", line 196, in greenlet_spawn
    value = await result
            ^^^^^^^^^^^^
  File "/Users/mehriddinmengturayev/Downloads/shopbot/.venv/lib/python3.13/site-packages/aiosqlite/cursor.py", line 48, in execute
    await self._execute(self._cursor.execute, sql, parameters)
  File "/Users/mehriddinmengturayev/Downloads/shopbot/.venv/lib/python3.13/site-packages/aiosqlite/cursor.py", line 40, in _execute
    return await self._conn._execute(fn, *args, **kwargs)
           ^^^^^^^^^^^^^^^^^^^^^^^^^^^^^^^^^^^^^^^^^^^^^^
  File "/Users/mehriddinmengturayev/Downloads/shopbot/.venv/lib/python3.13/site-packages/aiosqlite/core.py", line 132, in _execute
    return await future
           ^^^^^^^^^^^^
  File "/Users/mehriddinmengturayev/Downloads/shopbot/.venv/lib/python3.13/site-packages/aiosqlite/core.py", line 115, in run
    result = function()
sqlite3.OperationalError: no such column: orders.payment_method

The above exception was the direct cause of the following exception:

Traceback (most recent call last):
  File "/Users/mehriddinmengturayev/Downloads/shopbot/app/services/crypto_poller.py", line 33, in crypto_poller_loop
    await _poll_once(bot)
  File "/Users/mehriddinmengturayev/Downloads/shopbot/app/services/crypto_poller.py", line 44, in _poll_once
    pending = await orders_repo.list_awaiting_crypto_payment()
              ^^^^^^^^^^^^^^^^^^^^^^^^^^^^^^^^^^^^^^^^^^^^^^^^
  File "/Users/mehriddinmengturayev/Downloads/shopbot/app/repositories/order_repo.py", line 47, in list_awaiting_crypto_payment
    result = await self.session.execute(
             ^^^^^^^^^^^^^^^^^^^^^^^^^^^
    ...<3 lines>...
    )
    ^
  File "/Users/mehriddinmengturayev/Downloads/shopbot/.venv/lib/python3.13/site-packages/sqlalchemy/ext/asyncio/session.py", line 461, in execute
    result = await greenlet_spawn(
             ^^^^^^^^^^^^^^^^^^^^^
    ...<6 lines>...
    )
    ^
  File "/Users/mehriddinmengturayev/Downloads/shopbot/.venv/lib/python3.13/site-packages/sqlalchemy/util/_concurrency_py3k.py", line 201, in greenlet_spawn
    result = context.throw(*sys.exc_info())
  File "/Users/mehriddinmengturayev/Downloads/shopbot/.venv/lib/python3.13/site-packages/sqlalchemy/orm/session.py", line 2362, in execute
    return self._execute_internal(
           ~~~~~~~~~~~~~~~~~~~~~~^
        statement,
        ^^^^^^^^^^
    ...<4 lines>...
        _add_event=_add_event,
        ^^^^^^^^^^^^^^^^^^^^^^
    )
    ^
  File "/Users/mehriddinmengturayev/Downloads/shopbot/.venv/lib/python3.13/site-packages/sqlalchemy/orm/session.py", line 2247, in _execute_internal
    result: Result[Any] = compile_state_cls.orm_execute_statement(
                          ~~~~~~~~~~~~~~~~~~~~~~~~~~~~~~~~~~~~~~~^
        self,
        ^^^^^
    ...<4 lines>...
        conn,
        ^^^^^
    )
    ^
  File "/Users/mehriddinmengturayev/Downloads/shopbot/.venv/lib/python3.13/site-packages/sqlalchemy/orm/context.py", line 305, in orm_execute_statement
    result = conn.execute(
        statement, params or {}, execution_options=execution_options
    )
  File "/Users/mehriddinmengturayev/Downloads/shopbot/.venv/lib/python3.13/site-packages/sqlalchemy/engine/base.py", line 1418, in execute
    return meth(
        self,
        distilled_parameters,
        execution_options or NO_OPTIONS,
    )
  File "/Users/mehriddinmengturayev/Downloads/shopbot/.venv/lib/python3.13/site-packages/sqlalchemy/sql/elements.py", line 515, in _execute_on_connection
    return connection._execute_clauseelement(
           ~~~~~~~~~~~~~~~~~~~~~~~~~~~~~~~~~^
        self, distilled_params, execution_options
        ^^^^^^^^^^^^^^^^^^^^^^^^^^^^^^^^^^^^^^^^^
    )
    ^
  File "/Users/mehriddinmengturayev/Downloads/shopbot/.venv/lib/python3.13/site-packages/sqlalchemy/engine/base.py", line 1640, in _execute_clauseelement
    ret = self._execute_context(
        dialect,
    ...<8 lines>...
        cache_hit=cache_hit,
    )
  File "/Users/mehriddinmengturayev/Downloads/shopbot/.venv/lib/python3.13/site-packages/sqlalchemy/engine/base.py", line 1846, in _execute_context
    return self._exec_single_context(
           ~~~~~~~~~~~~~~~~~~~~~~~~~^
        dialect, context, statement, parameters
        ^^^^^^^^^^^^^^^^^^^^^^^^^^^^^^^^^^^^^^^
    )
    ^
  File "/Users/mehriddinmengturayev/Downloads/shopbot/.venv/lib/python3.13/site-packages/sqlalchemy/engine/base.py", line 1986, in _exec_single_context
    self._handle_dbapi_exception(
    ~~~~~~~~~~~~~~~~~~~~~~~~~~~~^
        e, str_statement, effective_parameters, cursor, context
        ^^^^^^^^^^^^^^^^^^^^^^^^^^^^^^^^^^^^^^^^^^^^^^^^^^^^^^^
    )
    ^
  File "/Users/mehriddinmengturayev/Downloads/shopbot/.venv/lib/python3.13/site-packages/sqlalchemy/engine/base.py", line 2355, in _handle_dbapi_exception
    raise sqlalchemy_exception.with_traceback(exc_info[2]) from e
  File "/Users/mehriddinmengturayev/Downloads/shopbot/.venv/lib/python3.13/site-packages/sqlalchemy/engine/base.py", line 1967, in _exec_single_context
    self.dialect.do_execute(
    ~~~~~~~~~~~~~~~~~~~~~~~^
        cursor, str_statement, effective_parameters, context
        ^^^^^^^^^^^^^^^^^^^^^^^^^^^^^^^^^^^^^^^^^^^^^^^^^^^^
    )
    ^
  File "/Users/mehriddinmengturayev/Downloads/shopbot/.venv/lib/python3.13/site-packages/sqlalchemy/engine/default.py", line 941, in do_execute
    cursor.execute(statement, parameters)
    ~~~~~~~~~~~~~~^^^^^^^^^^^^^^^^^^^^^^^
  File "/Users/mehriddinmengturayev/Downloads/shopbot/.venv/lib/python3.13/site-packages/sqlalchemy/dialects/sqlite/aiosqlite.py", line 147, in execute
    self._adapt_connection._handle_exception(error)
    ~~~~~~~~~~~~~~~~~~~~~~~~~~~~~~~~~~~~~~~~^^^^^^^
  File "/Users/mehriddinmengturayev/Downloads/shopbot/.venv/lib/python3.13/site-packages/sqlalchemy/dialects/sqlite/aiosqlite.py", line 298, in _handle_exception
    raise error
  File "/Users/mehriddinmengturayev/Downloads/shopbot/.venv/lib/python3.13/site-packages/sqlalchemy/dialects/sqlite/aiosqlite.py", line 129, in execute
    self.await_(_cursor.execute(operation, parameters))
    ~~~~~~~~~~~^^^^^^^^^^^^^^^^^^^^^^^^^^^^^^^^^^^^^^^^
  File "/Users/mehriddinmengturayev/Downloads/shopbot/.venv/lib/python3.13/site-packages/sqlalchemy/util/_concurrency_py3k.py", line 132, in await_only
    return current.parent.switch(awaitable)  # type: ignore[no-any-return,attr-defined] # noqa: E501
           ~~~~~~~~~~~~~~~~~~~~~^^^^^^^^^^^
  File "/Users/mehriddinmengturayev/Downloads/shopbot/.venv/lib/python3.13/site-packages/sqlalchemy/util/_concurrency_py3k.py", line 196, in greenlet_spawn
    value = await result
            ^^^^^^^^^^^^
  File "/Users/mehriddinmengturayev/Downloads/shopbot/.venv/lib/python3.13/site-packages/aiosqlite/cursor.py", line 48, in execute
    await self._execute(self._cursor.execute, sql, parameters)
  File "/Users/mehriddinmengturayev/Downloads/shopbot/.venv/lib/python3.13/site-packages/aiosqlite/cursor.py", line 40, in _execute
    return await self._conn._execute(fn, *args, **kwargs)
           ^^^^^^^^^^^^^^^^^^^^^^^^^^^^^^^^^^^^^^^^^^^^^^
  File "/Users/mehriddinmengturayev/Downloads/shopbot/.venv/lib/python3.13/site-packages/aiosqlite/core.py", line 132, in _execute
    return await future
           ^^^^^^^^^^^^
  File "/Users/mehriddinmengturayev/Downloads/shopbot/.venv/lib/python3.13/site-packages/aiosqlite/core.py", line 115, in run
    result = function()
sqlalchemy.exc.OperationalError: (sqlite3.OperationalError) no such column: orders.payment_method
[SQL: SELECT orders.id, orders.order_uuid, orders.user_id, orders.product_id, orders.price_at_purchase, orders.currency, orders.status, orders.payment_method, orders.crypto_provider, orders.crypto_invoice_id, orders.crypto_pay_url, orders.decided_by_admin_id, orders.decided_at, orders.rejection_reason, orders.delivered_payload, orders.delivered_at, orders.created_at, orders.updated_at 
FROM orders 
WHERE orders.status = ?]
[parameters: ('AWAITING_CRYPTO_PAYMENT',)]
(Background on this error at: https://sqlalche.me/e/20/e3q8)
2026-07-30 20:46:38,388 | ERROR    | providers | Crypto poller iteration failed
Traceback (most recent call last):
  File "/Users/mehriddinmengturayev/Downloads/shopbot/.venv/lib/python3.13/site-packages/sqlalchemy/engine/base.py", line 1967, in _exec_single_context
    self.dialect.do_execute(
    ~~~~~~~~~~~~~~~~~~~~~~~^
        cursor, str_statement, effective_parameters, context
        ^^^^^^^^^^^^^^^^^^^^^^^^^^^^^^^^^^^^^^^^^^^^^^^^^^^^
    )
    ^
  File "/Users/mehriddinmengturayev/Downloads/shopbot/.venv/lib/python3.13/site-packages/sqlalchemy/engine/default.py", line 941, in do_execute
    cursor.execute(statement, parameters)
    ~~~~~~~~~~~~~~^^^^^^^^^^^^^^^^^^^^^^^
  File "/Users/mehriddinmengturayev/Downloads/shopbot/.venv/lib/python3.13/site-packages/sqlalchemy/dialects/sqlite/aiosqlite.py", line 147, in execute
    self._adapt_connection._handle_exception(error)
    ~~~~~~~~~~~~~~~~~~~~~~~~~~~~~~~~~~~~~~~~^^^^^^^
  File "/Users/mehriddinmengturayev/Downloads/shopbot/.venv/lib/python3.13/site-packages/sqlalchemy/dialects/sqlite/aiosqlite.py", line 298, in _handle_exception
    raise error
  File "/Users/mehriddinmengturayev/Downloads/shopbot/.venv/lib/python3.13/site-packages/sqlalchemy/dialects/sqlite/aiosqlite.py", line 129, in execute
    self.await_(_cursor.execute(operation, parameters))
    ~~~~~~~~~~~^^^^^^^^^^^^^^^^^^^^^^^^^^^^^^^^^^^^^^^^
  File "/Users/mehriddinmengturayev/Downloads/shopbot/.venv/lib/python3.13/site-packages/sqlalchemy/util/_concurrency_py3k.py", line 132, in await_only
    return current.parent.switch(awaitable)  # type: ignore[no-any-return,attr-defined] # noqa: E501
           ~~~~~~~~~~~~~~~~~~~~~^^^^^^^^^^^
  File "/Users/mehriddinmengturayev/Downloads/shopbot/.venv/lib/python3.13/site-packages/sqlalchemy/util/_concurrency_py3k.py", line 196, in greenlet_spawn
    value = await result
            ^^^^^^^^^^^^
  File "/Users/mehriddinmengturayev/Downloads/shopbot/.venv/lib/python3.13/site-packages/aiosqlite/cursor.py", line 48, in execute
    await self._execute(self._cursor.execute, sql, parameters)
  File "/Users/mehriddinmengturayev/Downloads/shopbot/.venv/lib/python3.13/site-packages/aiosqlite/cursor.py", line 40, in _execute
    return await self._conn._execute(fn, *args, **kwargs)
           ^^^^^^^^^^^^^^^^^^^^^^^^^^^^^^^^^^^^^^^^^^^^^^
  File "/Users/mehriddinmengturayev/Downloads/shopbot/.venv/lib/python3.13/site-packages/aiosqlite/core.py", line 132, in _execute
    return await future
           ^^^^^^^^^^^^
  File "/Users/mehriddinmengturayev/Downloads/shopbot/.venv/lib/python3.13/site-packages/aiosqlite/core.py", line 115, in run
    result = function()
sqlite3.OperationalError: no such column: orders.payment_method

The above exception was the direct cause of the following exception:

Traceback (most recent call last):
  File "/Users/mehriddinmengturayev/Downloads/shopbot/app/services/crypto_poller.py", line 33, in crypto_poller_loop
    await _poll_once(bot)
  File "/Users/mehriddinmengturayev/Downloads/shopbot/app/services/crypto_poller.py", line 44, in _poll_once
    pending = await orders_repo.list_awaiting_crypto_payment()
              ^^^^^^^^^^^^^^^^^^^^^^^^^^^^^^^^^^^^^^^^^^^^^^^^
  File "/Users/mehriddinmengturayev/Downloads/shopbot/app/repositories/order_repo.py", line 47, in list_awaiting_crypto_payment
    result = await self.session.execute(
             ^^^^^^^^^^^^^^^^^^^^^^^^^^^
    ...<3 lines>...
    )
    ^
  File "/Users/mehriddinmengturayev/Downloads/shopbot/.venv/lib/python3.13/site-packages/sqlalchemy/ext/asyncio/session.py", line 461, in execute
    result = await greenlet_spawn(
             ^^^^^^^^^^^^^^^^^^^^^
    ...<6 lines>...
    )
    ^
  File "/Users/mehriddinmengturayev/Downloads/shopbot/.venv/lib/python3.13/site-packages/sqlalchemy/util/_concurrency_py3k.py", line 201, in greenlet_spawn
    result = context.throw(*sys.exc_info())
  File "/Users/mehriddinmengturayev/Downloads/shopbot/.venv/lib/python3.13/site-packages/sqlalchemy/orm/session.py", line 2362, in execute
    return self._execute_internal(
           ~~~~~~~~~~~~~~~~~~~~~~^
        statement,
        ^^^^^^^^^^
    ...<4 lines>...
        _add_event=_add_event,
        ^^^^^^^^^^^^^^^^^^^^^^
    )
    ^
  File "/Users/mehriddinmengturayev/Downloads/shopbot/.venv/lib/python3.13/site-packages/sqlalchemy/orm/session.py", line 2247, in _execute_internal
    result: Result[Any] = compile_state_cls.orm_execute_statement(
                          ~~~~~~~~~~~~~~~~~~~~~~~~~~~~~~~~~~~~~~~^
        self,
        ^^^^^
    ...<4 lines>...
        conn,
        ^^^^^
    )
    ^
  File "/Users/mehriddinmengturayev/Downloads/shopbot/.venv/lib/python3.13/site-packages/sqlalchemy/orm/context.py", line 305, in orm_execute_statement
    result = conn.execute(
        statement, params or {}, execution_options=execution_options
    )
  File "/Users/mehriddinmengturayev/Downloads/shopbot/.venv/lib/python3.13/site-packages/sqlalchemy/engine/base.py", line 1418, in execute
    return meth(
        self,
        distilled_parameters,
        execution_options or NO_OPTIONS,
    )
  File "/Users/mehriddinmengturayev/Downloads/shopbot/.venv/lib/python3.13/site-packages/sqlalchemy/sql/elements.py", line 515, in _execute_on_connection
    return connection._execute_clauseelement(
           ~~~~~~~~~~~~~~~~~~~~~~~~~~~~~~~~~^
        self, distilled_params, execution_options
        ^^^^^^^^^^^^^^^^^^^^^^^^^^^^^^^^^^^^^^^^^
    )
    ^
  File "/Users/mehriddinmengturayev/Downloads/shopbot/.venv/lib/python3.13/site-packages/sqlalchemy/engine/base.py", line 1640, in _execute_clauseelement
    ret = self._execute_context(
        dialect,
    ...<8 lines>...
        cache_hit=cache_hit,
    )
  File "/Users/mehriddinmengturayev/Downloads/shopbot/.venv/lib/python3.13/site-packages/sqlalchemy/engine/base.py", line 1846, in _execute_context
    return self._exec_single_context(
           ~~~~~~~~~~~~~~~~~~~~~~~~~^
        dialect, context, statement, parameters
        ^^^^^^^^^^^^^^^^^^^^^^^^^^^^^^^^^^^^^^^
    )
    ^
  File "/Users/mehriddinmengturayev/Downloads/shopbot/.venv/lib/python3.13/site-packages/sqlalchemy/engine/base.py", line 1986, in _exec_single_context
    self._handle_dbapi_exception(
    ~~~~~~~~~~~~~~~~~~~~~~~~~~~~^
        e, str_statement, effective_parameters, cursor, context
        ^^^^^^^^^^^^^^^^^^^^^^^^^^^^^^^^^^^^^^^^^^^^^^^^^^^^^^^
    )
    ^
  File "/Users/mehriddinmengturayev/Downloads/shopbot/.venv/lib/python3.13/site-packages/sqlalchemy/engine/base.py", line 2355, in _handle_dbapi_exception
    raise sqlalchemy_exception.with_traceback(exc_info[2]) from e
  File "/Users/mehriddinmengturayev/Downloads/shopbot/.venv/lib/python3.13/site-packages/sqlalchemy/engine/base.py", line 1967, in _exec_single_context
    self.dialect.do_execute(
    ~~~~~~~~~~~~~~~~~~~~~~~^
        cursor, str_statement, effective_parameters, context
        ^^^^^^^^^^^^^^^^^^^^^^^^^^^^^^^^^^^^^^^^^^^^^^^^^^^^
    )
    ^
  File "/Users/mehriddinmengturayev/Downloads/shopbot/.venv/lib/python3.13/site-packages/sqlalchemy/engine/default.py", line 941, in do_execute
    cursor.execute(statement, parameters)
    ~~~~~~~~~~~~~~^^^^^^^^^^^^^^^^^^^^^^^
  File "/Users/mehriddinmengturayev/Downloads/shopbot/.venv/lib/python3.13/site-packages/sqlalchemy/dialects/sqlite/aiosqlite.py", line 147, in execute
    self._adapt_connection._handle_exception(error)
    ~~~~~~~~~~~~~~~~~~~~~~~~~~~~~~~~~~~~~~~~^^^^^^^
  File "/Users/mehriddinmengturayev/Downloads/shopbot/.venv/lib/python3.13/site-packages/sqlalchemy/dialects/sqlite/aiosqlite.py", line 298, in _handle_exception
    raise error
  File "/Users/mehriddinmengturayev/Downloads/shopbot/.venv/lib/python3.13/site-packages/sqlalchemy/dialects/sqlite/aiosqlite.py", line 129, in execute
    self.await_(_cursor.execute(operation, parameters))
    ~~~~~~~~~~~^^^^^^^^^^^^^^^^^^^^^^^^^^^^^^^^^^^^^^^^
  File "/Users/mehriddinmengturayev/Downloads/shopbot/.venv/lib/python3.13/site-packages/sqlalchemy/util/_concurrency_py3k.py", line 132, in await_only
    return current.parent.switch(awaitable)  # type: ignore[no-any-return,attr-defined] # noqa: E501
           ~~~~~~~~~~~~~~~~~~~~~^^^^^^^^^^^
  File "/Users/mehriddinmengturayev/Downloads/shopbot/.venv/lib/python3.13/site-packages/sqlalchemy/util/_concurrency_py3k.py", line 196, in greenlet_spawn
    value = await result
            ^^^^^^^^^^^^
  File "/Users/mehriddinmengturayev/Downloads/shopbot/.venv/lib/python3.13/site-packages/aiosqlite/cursor.py", line 48, in execute
    await self._execute(self._cursor.execute, sql, parameters)
  File "/Users/mehriddinmengturayev/Downloads/shopbot/.venv/lib/python3.13/site-packages/aiosqlite/cursor.py", line 40, in _execute
    return await self._conn._execute(fn, *args, **kwargs)
           ^^^^^^^^^^^^^^^^^^^^^^^^^^^^^^^^^^^^^^^^^^^^^^
  File "/Users/mehriddinmengturayev/Downloads/shopbot/.venv/lib/python3.13/site-packages/aiosqlite/core.py", line 132, in _execute
    return await future
           ^^^^^^^^^^^^
  File "/Users/mehriddinmengturayev/Downloads/shopbot/.venv/lib/python3.13/site-packages/aiosqlite/core.py", line 115, in run
    result = function()
sqlalchemy.exc.OperationalError: (sqlite3.OperationalError) no such column: orders.payment_method
[SQL: SELECT orders.id, orders.order_uuid, orders.user_id, orders.product_id, orders.price_at_purchase, orders.currency, orders.status, orders.payment_method, orders.crypto_provider, orders.crypto_invoice_id, orders.crypto_pay_url, orders.decided_by_admin_id, orders.decided_at, orders.rejection_reason, orders.delivered_payload, orders.delivered_at, orders.created_at, orders.updated_at 
FROM orders 
WHERE orders.status = ?]
[parameters: ('AWAITING_CRYPTO_PAYMENT',)]
(Background on this error at: https://sqlalche.me/e/20/e3q8)
2026-07-30 20:55:36,376 | ERROR    | app.middlewares.error_handling | Unhandled exception while processing update
Traceback (most recent call last):
  File "/Users/mehriddinmengturayev/Downloads/shopbot/app/middlewares/error_handling.py", line 33, in __call__
    return await handler(event, data)
           ^^^^^^^^^^^^^^^^^^^^^^^^^^
  File "/Users/mehriddinmengturayev/Downloads/shopbot/app/middlewares/throttling.py", line 40, in __call__
    return await handler(event, data)
           ^^^^^^^^^^^^^^^^^^^^^^^^^^
  File "/Users/mehriddinmengturayev/Downloads/shopbot/app/middlewares/db_session.py", line 27, in __call__
    return await handler(event, data)
           ^^^^^^^^^^^^^^^^^^^^^^^^^^
  File "/Users/mehriddinmengturayev/Downloads/shopbot/app/middlewares/user_context.py", line 41, in __call__
    return await handler(event, data)
           ^^^^^^^^^^^^^^^^^^^^^^^^^^
  File "/Users/mehriddinmengturayev/Downloads/shopbot/.venv/lib/python3.13/site-packages/aiogram/dispatcher/event/telegram.py", line 121, in trigger
    return await wrapped_inner(event, kwargs)
           ^^^^^^^^^^^^^^^^^^^^^^^^^^^^^^^^^^
  File "/Users/mehriddinmengturayev/Downloads/shopbot/.venv/lib/python3.13/site-packages/aiogram/dispatcher/event/handler.py", line 43, in call
    return await wrapped()
           ^^^^^^^^^^^^^^^
  File "/Users/mehriddinmengturayev/Downloads/shopbot/.venv/lib/python3.13/site-packages/aiogram/dispatcher/dispatcher.py", line 276, in _listen_update
    return await self.propagate_event(update_type=update_type, event=event, **kwargs)
           ^^^^^^^^^^^^^^^^^^^^^^^^^^^^^^^^^^^^^^^^^^^^^^^^^^^^^^^^^^^^^^^^^^^^^^^^^^
  File "/Users/mehriddinmengturayev/Downloads/shopbot/.venv/lib/python3.13/site-packages/aiogram/dispatcher/router.py", line 146, in propagate_event
    return await observer.wrap_outer_middleware(_wrapped, event=event, data=kwargs)
           ^^^^^^^^^^^^^^^^^^^^^^^^^^^^^^^^^^^^^^^^^^^^^^^^^^^^^^^^^^^^^^^^^^^^^^^^
  File "/Users/mehriddinmengturayev/Downloads/shopbot/.venv/lib/python3.13/site-packages/aiogram/dispatcher/router.py", line 141, in _wrapped
    return await self._propagate_event(
           ^^^^^^^^^^^^^^^^^^^^^^^^^^^^
        observer=observer, update_type=update_type, event=telegram_event, **data
        ^^^^^^^^^^^^^^^^^^^^^^^^^^^^^^^^^^^^^^^^^^^^^^^^^^^^^^^^^^^^^^^^^^^^^^^^
    )
    ^
  File "/Users/mehriddinmengturayev/Downloads/shopbot/.venv/lib/python3.13/site-packages/aiogram/dispatcher/router.py", line 174, in _propagate_event
    response = await router.propagate_event(update_type=update_type, event=event, **kwargs)
               ^^^^^^^^^^^^^^^^^^^^^^^^^^^^^^^^^^^^^^^^^^^^^^^^^^^^^^^^^^^^^^^^^^^^^^^^^^^^
  File "/Users/mehriddinmengturayev/Downloads/shopbot/.venv/lib/python3.13/site-packages/aiogram/dispatcher/router.py", line 146, in propagate_event
    return await observer.wrap_outer_middleware(_wrapped, event=event, data=kwargs)
           ^^^^^^^^^^^^^^^^^^^^^^^^^^^^^^^^^^^^^^^^^^^^^^^^^^^^^^^^^^^^^^^^^^^^^^^^
  File "/Users/mehriddinmengturayev/Downloads/shopbot/.venv/lib/python3.13/site-packages/aiogram/dispatcher/router.py", line 141, in _wrapped
    return await self._propagate_event(
           ^^^^^^^^^^^^^^^^^^^^^^^^^^^^
        observer=observer, update_type=update_type, event=telegram_event, **data
        ^^^^^^^^^^^^^^^^^^^^^^^^^^^^^^^^^^^^^^^^^^^^^^^^^^^^^^^^^^^^^^^^^^^^^^^^
    )
    ^
  File "/Users/mehriddinmengturayev/Downloads/shopbot/.venv/lib/python3.13/site-packages/aiogram/dispatcher/router.py", line 174, in _propagate_event
    response = await router.propagate_event(update_type=update_type, event=event, **kwargs)
               ^^^^^^^^^^^^^^^^^^^^^^^^^^^^^^^^^^^^^^^^^^^^^^^^^^^^^^^^^^^^^^^^^^^^^^^^^^^^
  File "/Users/mehriddinmengturayev/Downloads/shopbot/.venv/lib/python3.13/site-packages/aiogram/dispatcher/router.py", line 146, in propagate_event
    return await observer.wrap_outer_middleware(_wrapped, event=event, data=kwargs)
           ^^^^^^^^^^^^^^^^^^^^^^^^^^^^^^^^^^^^^^^^^^^^^^^^^^^^^^^^^^^^^^^^^^^^^^^^
  File "/Users/mehriddinmengturayev/Downloads/shopbot/.venv/lib/python3.13/site-packages/aiogram/dispatcher/router.py", line 141, in _wrapped
    return await self._propagate_event(
           ^^^^^^^^^^^^^^^^^^^^^^^^^^^^
        observer=observer, update_type=update_type, event=telegram_event, **data
        ^^^^^^^^^^^^^^^^^^^^^^^^^^^^^^^^^^^^^^^^^^^^^^^^^^^^^^^^^^^^^^^^^^^^^^^^
    )
    ^
  File "/Users/mehriddinmengturayev/Downloads/shopbot/.venv/lib/python3.13/site-packages/aiogram/dispatcher/router.py", line 166, in _propagate_event
    response = await observer.trigger(event, **kwargs)
               ^^^^^^^^^^^^^^^^^^^^^^^^^^^^^^^^^^^^^^^
  File "/Users/mehriddinmengturayev/Downloads/shopbot/.venv/lib/python3.13/site-packages/aiogram/dispatcher/event/telegram.py", line 121, in trigger
    return await wrapped_inner(event, kwargs)
           ^^^^^^^^^^^^^^^^^^^^^^^^^^^^^^^^^^
  File "/Users/mehriddinmengturayev/Downloads/shopbot/.venv/lib/python3.13/site-packages/aiogram/dispatcher/event/handler.py", line 43, in call
    return await wrapped()
           ^^^^^^^^^^^^^^^
  File "/Users/mehriddinmengturayev/Downloads/shopbot/app/handlers/admin/settings.py", line 55, in settings_toggle
    await callback.message.edit_reply_markup(reply_markup=admin_settings_menu_kb())
  File "/Users/mehriddinmengturayev/Downloads/shopbot/.venv/lib/python3.13/site-packages/aiogram/methods/base.py", line 84, in emit
    return await bot(self)
           ^^^^^^^^^^^^^^^
  File "/Users/mehriddinmengturayev/Downloads/shopbot/.venv/lib/python3.13/site-packages/aiogram/client/bot.py", line 494, in __call__
    return await self.session(self, method, timeout=request_timeout)
           ^^^^^^^^^^^^^^^^^^^^^^^^^^^^^^^^^^^^^^^^^^^^^^^^^^^^^^^^^
  File "/Users/mehriddinmengturayev/Downloads/shopbot/.venv/lib/python3.13/site-packages/aiogram/client/session/base.py", line 254, in __call__
    return cast(TelegramType, await middleware(bot, method))
                              ^^^^^^^^^^^^^^^^^^^^^^^^^^^^^
  File "/Users/mehriddinmengturayev/Downloads/shopbot/.venv/lib/python3.13/site-packages/aiogram/client/session/aiohttp.py", line 189, in make_request
    response = self.check_response(
        bot=bot, method=method, status_code=resp.status, content=raw_result
    )
  File "/Users/mehriddinmengturayev/Downloads/shopbot/.venv/lib/python3.13/site-packages/aiogram/client/session/base.py", line 120, in check_response
    raise TelegramBadRequest(method=method, message=description)
aiogram.exceptions.TelegramBadRequest: Telegram server says - Bad Request: message is not modified: specified new message content and reply markup are exactly the same as a current content and reply markup of the message
2026-07-30 20:56:08,465 | ERROR    | app.middlewares.error_handling | Unhandled exception while processing update
Traceback (most recent call last):
  File "/Users/mehriddinmengturayev/Downloads/shopbot/app/middlewares/error_handling.py", line 33, in __call__
    return await handler(event, data)
           ^^^^^^^^^^^^^^^^^^^^^^^^^^
  File "/Users/mehriddinmengturayev/Downloads/shopbot/app/middlewares/throttling.py", line 40, in __call__
    return await handler(event, data)
           ^^^^^^^^^^^^^^^^^^^^^^^^^^
  File "/Users/mehriddinmengturayev/Downloads/shopbot/app/middlewares/db_session.py", line 27, in __call__
    return await handler(event, data)
           ^^^^^^^^^^^^^^^^^^^^^^^^^^
  File "/Users/mehriddinmengturayev/Downloads/shopbot/app/middlewares/user_context.py", line 41, in __call__
    return await handler(event, data)
           ^^^^^^^^^^^^^^^^^^^^^^^^^^
  File "/Users/mehriddinmengturayev/Downloads/shopbot/.venv/lib/python3.13/site-packages/aiogram/dispatcher/event/telegram.py", line 121, in trigger
    return await wrapped_inner(event, kwargs)
           ^^^^^^^^^^^^^^^^^^^^^^^^^^^^^^^^^^
  File "/Users/mehriddinmengturayev/Downloads/shopbot/.venv/lib/python3.13/site-packages/aiogram/dispatcher/event/handler.py", line 43, in call
    return await wrapped()
           ^^^^^^^^^^^^^^^
  File "/Users/mehriddinmengturayev/Downloads/shopbot/.venv/lib/python3.13/site-packages/aiogram/dispatcher/dispatcher.py", line 276, in _listen_update
    return await self.propagate_event(update_type=update_type, event=event, **kwargs)
           ^^^^^^^^^^^^^^^^^^^^^^^^^^^^^^^^^^^^^^^^^^^^^^^^^^^^^^^^^^^^^^^^^^^^^^^^^^
  File "/Users/mehriddinmengturayev/Downloads/shopbot/.venv/lib/python3.13/site-packages/aiogram/dispatcher/router.py", line 146, in propagate_event
    return await observer.wrap_outer_middleware(_wrapped, event=event, data=kwargs)
           ^^^^^^^^^^^^^^^^^^^^^^^^^^^^^^^^^^^^^^^^^^^^^^^^^^^^^^^^^^^^^^^^^^^^^^^^
  File "/Users/mehriddinmengturayev/Downloads/shopbot/.venv/lib/python3.13/site-packages/aiogram/dispatcher/router.py", line 141, in _wrapped
    return await self._propagate_event(
           ^^^^^^^^^^^^^^^^^^^^^^^^^^^^
        observer=observer, update_type=update_type, event=telegram_event, **data
        ^^^^^^^^^^^^^^^^^^^^^^^^^^^^^^^^^^^^^^^^^^^^^^^^^^^^^^^^^^^^^^^^^^^^^^^^
    )
    ^
  File "/Users/mehriddinmengturayev/Downloads/shopbot/.venv/lib/python3.13/site-packages/aiogram/dispatcher/router.py", line 174, in _propagate_event
    response = await router.propagate_event(update_type=update_type, event=event, **kwargs)
               ^^^^^^^^^^^^^^^^^^^^^^^^^^^^^^^^^^^^^^^^^^^^^^^^^^^^^^^^^^^^^^^^^^^^^^^^^^^^
  File "/Users/mehriddinmengturayev/Downloads/shopbot/.venv/lib/python3.13/site-packages/aiogram/dispatcher/router.py", line 146, in propagate_event
    return await observer.wrap_outer_middleware(_wrapped, event=event, data=kwargs)
           ^^^^^^^^^^^^^^^^^^^^^^^^^^^^^^^^^^^^^^^^^^^^^^^^^^^^^^^^^^^^^^^^^^^^^^^^
  File "/Users/mehriddinmengturayev/Downloads/shopbot/.venv/lib/python3.13/site-packages/aiogram/dispatcher/router.py", line 141, in _wrapped
    return await self._propagate_event(
           ^^^^^^^^^^^^^^^^^^^^^^^^^^^^
        observer=observer, update_type=update_type, event=telegram_event, **data
        ^^^^^^^^^^^^^^^^^^^^^^^^^^^^^^^^^^^^^^^^^^^^^^^^^^^^^^^^^^^^^^^^^^^^^^^^
    )
    ^
  File "/Users/mehriddinmengturayev/Downloads/shopbot/.venv/lib/python3.13/site-packages/aiogram/dispatcher/router.py", line 174, in _propagate_event
    response = await router.propagate_event(update_type=update_type, event=event, **kwargs)
               ^^^^^^^^^^^^^^^^^^^^^^^^^^^^^^^^^^^^^^^^^^^^^^^^^^^^^^^^^^^^^^^^^^^^^^^^^^^^
  File "/Users/mehriddinmengturayev/Downloads/shopbot/.venv/lib/python3.13/site-packages/aiogram/dispatcher/router.py", line 146, in propagate_event
    return await observer.wrap_outer_middleware(_wrapped, event=event, data=kwargs)
           ^^^^^^^^^^^^^^^^^^^^^^^^^^^^^^^^^^^^^^^^^^^^^^^^^^^^^^^^^^^^^^^^^^^^^^^^
  File "/Users/mehriddinmengturayev/Downloads/shopbot/.venv/lib/python3.13/site-packages/aiogram/dispatcher/router.py", line 141, in _wrapped
    return await self._propagate_event(
           ^^^^^^^^^^^^^^^^^^^^^^^^^^^^
        observer=observer, update_type=update_type, event=telegram_event, **data
        ^^^^^^^^^^^^^^^^^^^^^^^^^^^^^^^^^^^^^^^^^^^^^^^^^^^^^^^^^^^^^^^^^^^^^^^^
    )
    ^
  File "/Users/mehriddinmengturayev/Downloads/shopbot/.venv/lib/python3.13/site-packages/aiogram/dispatcher/router.py", line 166, in _propagate_event
    response = await observer.trigger(event, **kwargs)
               ^^^^^^^^^^^^^^^^^^^^^^^^^^^^^^^^^^^^^^^
  File "/Users/mehriddinmengturayev/Downloads/shopbot/.venv/lib/python3.13/site-packages/aiogram/dispatcher/event/telegram.py", line 121, in trigger
    return await wrapped_inner(event, kwargs)
           ^^^^^^^^^^^^^^^^^^^^^^^^^^^^^^^^^^
  File "/Users/mehriddinmengturayev/Downloads/shopbot/.venv/lib/python3.13/site-packages/aiogram/dispatcher/event/handler.py", line 43, in call
    return await wrapped()
           ^^^^^^^^^^^^^^^
  File "/Users/mehriddinmengturayev/Downloads/shopbot/app/handlers/user/shop.py", line 78, in back_to_list
    await callback.message.edit_text(
        t(lang, "main_menu_hint"), reply_markup=shop_list_kb([v.product for v in views])
    )
  File "/Users/mehriddinmengturayev/Downloads/shopbot/.venv/lib/python3.13/site-packages/aiogram/methods/base.py", line 84, in emit
    return await bot(self)
           ^^^^^^^^^^^^^^^
  File "/Users/mehriddinmengturayev/Downloads/shopbot/.venv/lib/python3.13/site-packages/aiogram/client/bot.py", line 494, in __call__
    return await self.session(self, method, timeout=request_timeout)
           ^^^^^^^^^^^^^^^^^^^^^^^^^^^^^^^^^^^^^^^^^^^^^^^^^^^^^^^^^
  File "/Users/mehriddinmengturayev/Downloads/shopbot/.venv/lib/python3.13/site-packages/aiogram/client/session/base.py", line 254, in __call__
    return cast(TelegramType, await middleware(bot, method))
                              ^^^^^^^^^^^^^^^^^^^^^^^^^^^^^
  File "/Users/mehriddinmengturayev/Downloads/shopbot/.venv/lib/python3.13/site-packages/aiogram/client/session/aiohttp.py", line 189, in make_request
    response = self.check_response(
        bot=bot, method=method, status_code=resp.status, content=raw_result
    )
  File "/Users/mehriddinmengturayev/Downloads/shopbot/.venv/lib/python3.13/site-packages/aiogram/client/session/base.py", line 120, in check_response
    raise TelegramBadRequest(method=method, message=description)
aiogram.exceptions.TelegramBadRequest: Telegram server says - Bad Request: there is no text in the message to edit
2026-07-30 20:59:45,206 | ERROR    | providers | xrocket create_invoice unexpected error
Traceback (most recent call last):
  File "/Users/mehriddinmengturayev/Downloads/shopbot/.venv/lib/python3.13/site-packages/tenacity/asyncio/__init__.py", line 114, in __call__
    result = await fn(*args, **kwargs)
             ^^^^^^^^^^^^^^^^^^^^^^^^^
  File "/Users/mehriddinmengturayev/Downloads/shopbot/app/services/crypto/xrocket.py", line 47, in _post
    resp.raise_for_status()
    ~~~~~~~~~~~~~~~~~~~~~^^
  File "/Users/mehriddinmengturayev/Downloads/shopbot/.venv/lib/python3.13/site-packages/httpx/_models.py", line 763, in raise_for_status
    raise HTTPStatusError(message, request=request, response=self)
httpx.HTTPStatusError: Client error '404 Not Found' for url 'https://pay.api.xrocket.exchange/api/v1/invoices'
For more information check: https://developer.mozilla.org/en-US/docs/Web/HTTP/Status/404

The above exception was the direct cause of the following exception:

Traceback (most recent call last):
  File "/Users/mehriddinmengturayev/Downloads/shopbot/app/services/crypto/xrocket.py", line 69, in create_invoice
    resp = await self._post("invoices", body)
           ^^^^^^^^^^^^^^^^^^^^^^^^^^^^^^^^^^
  File "/Users/mehriddinmengturayev/Downloads/shopbot/.venv/lib/python3.13/site-packages/tenacity/asyncio/__init__.py", line 189, in async_wrapped
    return await copy(fn, *args, **kwargs)
           ^^^^^^^^^^^^^^^^^^^^^^^^^^^^^^^
  File "/Users/mehriddinmengturayev/Downloads/shopbot/.venv/lib/python3.13/site-packages/tenacity/asyncio/__init__.py", line 111, in __call__
    do = await self.iter(retry_state=retry_state)
         ^^^^^^^^^^^^^^^^^^^^^^^^^^^^^^^^^^^^^^^^
  File "/Users/mehriddinmengturayev/Downloads/shopbot/.venv/lib/python3.13/site-packages/tenacity/asyncio/__init__.py", line 153, in iter
    result = await action(retry_state)
             ^^^^^^^^^^^^^^^^^^^^^^^^^
  File "/Users/mehriddinmengturayev/Downloads/shopbot/.venv/lib/python3.13/site-packages/tenacity/_utils.py", line 99, in inner
    return call(*args, **kwargs)
  File "/Users/mehriddinmengturayev/Downloads/shopbot/.venv/lib/python3.13/site-packages/tenacity/__init__.py", line 419, in exc_check
    raise retry_exc from fut.exception()
tenacity.RetryError: RetryError[<Future at 0x10a5a8b50 state=finished raised HTTPStatusError>]
2026-07-30 21:02:52,270 | ERROR    | providers | xrocket create_invoice unexpected error
Traceback (most recent call last):
  File "/Users/mehriddinmengturayev/Downloads/shopbot/.venv/lib/python3.13/site-packages/tenacity/asyncio/__init__.py", line 114, in __call__
    result = await fn(*args, **kwargs)
             ^^^^^^^^^^^^^^^^^^^^^^^^^
  File "/Users/mehriddinmengturayev/Downloads/shopbot/app/services/crypto/xrocket.py", line 47, in _post
    resp.raise_for_status()
    ~~~~~~~~~~~~~~~~~~~~~^^
  File "/Users/mehriddinmengturayev/Downloads/shopbot/.venv/lib/python3.13/site-packages/httpx/_models.py", line 763, in raise_for_status
    raise HTTPStatusError(message, request=request, response=self)
httpx.HTTPStatusError: Client error '404 Not Found' for url 'https://pay.api.xrocket.exchange/api/v1/invoices'
For more information check: https://developer.mozilla.org/en-US/docs/Web/HTTP/Status/404

The above exception was the direct cause of the following exception:

Traceback (most recent call last):
  File "/Users/mehriddinmengturayev/Downloads/shopbot/app/services/crypto/xrocket.py", line 69, in create_invoice
    resp = await self._post("invoices", body)
           ^^^^^^^^^^^^^^^^^^^^^^^^^^^^^^^^^^
  File "/Users/mehriddinmengturayev/Downloads/shopbot/.venv/lib/python3.13/site-packages/tenacity/asyncio/__init__.py", line 189, in async_wrapped
    return await copy(fn, *args, **kwargs)
           ^^^^^^^^^^^^^^^^^^^^^^^^^^^^^^^
  File "/Users/mehriddinmengturayev/Downloads/shopbot/.venv/lib/python3.13/site-packages/tenacity/asyncio/__init__.py", line 111, in __call__
    do = await self.iter(retry_state=retry_state)
         ^^^^^^^^^^^^^^^^^^^^^^^^^^^^^^^^^^^^^^^^
  File "/Users/mehriddinmengturayev/Downloads/shopbot/.venv/lib/python3.13/site-packages/tenacity/asyncio/__init__.py", line 153, in iter
    result = await action(retry_state)
             ^^^^^^^^^^^^^^^^^^^^^^^^^
  File "/Users/mehriddinmengturayev/Downloads/shopbot/.venv/lib/python3.13/site-packages/tenacity/_utils.py", line 99, in inner
    return call(*args, **kwargs)
  File "/Users/mehriddinmengturayev/Downloads/shopbot/.venv/lib/python3.13/site-packages/tenacity/__init__.py", line 419, in exc_check
    raise retry_exc from fut.exception()
tenacity.RetryError: RetryError[<Future at 0x10da0d6d0 state=finished raised HTTPStatusError>]
2026-07-30 21:13:33,574 | ERROR    | providers | xrocket create_invoice unexpected error
Traceback (most recent call last):
  File "/Users/mehriddinmengturayev/Downloads/shopbot/.venv/lib/python3.13/site-packages/tenacity/asyncio/__init__.py", line 114, in __call__
    result = await fn(*args, **kwargs)
             ^^^^^^^^^^^^^^^^^^^^^^^^^
  File "/Users/mehriddinmengturayev/Downloads/shopbot/app/services/crypto/xrocket.py", line 47, in _post
    return {"Rocket-Pay-Key": self.token, "Accept": "application/json"}
        ^^^^^^^^^^^^^^^^^^^^^^^
  File "/Users/mehriddinmengturayev/Downloads/shopbot/.venv/lib/python3.13/site-packages/httpx/_models.py", line 763, in raise_for_status
    raise HTTPStatusError(message, request=request, response=self)
httpx.HTTPStatusError: Client error '404 Not Found' for url 'https://pay.api.xrocket.exchange/api/v1/invoices'
For more information check: https://developer.mozilla.org/en-US/docs/Web/HTTP/Status/404

The above exception was the direct cause of the following exception:

Traceback (most recent call last):
  File "/Users/mehriddinmengturayev/Downloads/shopbot/app/services/crypto/xrocket.py", line 69, in create_invoice
    "amount": round(amount_usd, 2),
           ^^^^^^^^^^^^^^^^^^^^^^^^
  File "/Users/mehriddinmengturayev/Downloads/shopbot/.venv/lib/python3.13/site-packages/tenacity/asyncio/__init__.py", line 189, in async_wrapped
    return await copy(fn, *args, **kwargs)
           ^^^^^^^^^^^^^^^^^^^^^^^^^^^^^^^
  File "/Users/mehriddinmengturayev/Downloads/shopbot/.venv/lib/python3.13/site-packages/tenacity/asyncio/__init__.py", line 111, in __call__
    do = await self.iter(retry_state=retry_state)
         ^^^^^^^^^^^^^^^^^^^^^^^^^^^^^^^^^^^^^^^^
  File "/Users/mehriddinmengturayev/Downloads/shopbot/.venv/lib/python3.13/site-packages/tenacity/asyncio/__init__.py", line 153, in iter
    result = await action(retry_state)
             ^^^^^^^^^^^^^^^^^^^^^^^^^
  File "/Users/mehriddinmengturayev/Downloads/shopbot/.venv/lib/python3.13/site-packages/tenacity/_utils.py", line 99, in inner
    return call(*args, **kwargs)
  File "/Users/mehriddinmengturayev/Downloads/shopbot/.venv/lib/python3.13/site-packages/tenacity/__init__.py", line 419, in exc_check
    raise retry_exc from fut.exception()
tenacity.RetryError: RetryError[<Future at 0x10afe7250 state=finished raised HTTPStatusError>]
2026-07-30 21:14:10,215 | ERROR    | providers | xrocket create_invoice HTTP error: [Errno 8] nodename nor servname provided, or not known
2026-07-30 21:14:42,021 | ERROR    | providers | xrocket create_invoice HTTP error: [Errno 8] nodename nor servname provided, or not known
2026-07-30 21:15:56,414 | ERROR    | providers | xrocket create_invoice HTTP error: [Errno 8] nodename nor servname provided, or not known
2026-07-30 21:22:07,694 | ERROR    | providers | xrocket create_invoice HTTP error: [Errno 8] nodename nor servname provided, or not known
2026-07-30 21:34:19,246 | ERROR    | aiogram.dispatcher | Failed to fetch updates - TelegramNetworkError: HTTP Client says - Request timeout error
2026-07-30 21:38:32,966 | ERROR    | providers | xrocket create_invoice HTTP error: [Errno 8] nodename nor servname provided, or not known
2026-07-30 22:07:04,483 | ERROR    | providers | cryptobot check_invoice HTTP error: [Errno 8] nodename nor servname provided, or not known
2026-07-30 23:12:40,361 | ERROR    | providers | cryptobot check_invoice HTTP error: [Errno 8] nodename nor servname provided, or not known
2026-07-30 23:29:07,250 | ERROR    | providers | cryptobot check_invoice HTTP error: [Errno 8] nodename nor servname provided, or not known
2026-07-30 23:29:11,209 | ERROR    | aiogram.dispatcher | Failed to fetch updates - TelegramNetworkError: HTTP Client says - Request timeout error
2026-07-30 23:44:10,000 | ERROR    | aiogram.dispatcher | Failed to fetch updates - TelegramNetworkError: HTTP Client says - ClientConnectorError: Cannot connect to host api.telegram.org:443 ssl:default [Network is unreachable]
2026-07-30 23:44:11,172 | ERROR    | aiogram.dispatcher | Failed to fetch updates - TelegramNetworkError: HTTP Client says - ClientConnectorError: Cannot connect to host api.telegram.org:443 ssl:default [Network is unreachable]
2026-07-30 23:44:12,798 | ERROR    | aiogram.dispatcher | Failed to fetch updates - TelegramNetworkError: HTTP Client says - ClientConnectorError: Cannot connect to host api.telegram.org:443 ssl:default [Network is unreachable]
2026-07-30 23:48:57,235 | ERROR    | aiogram.dispatcher | Failed to fetch updates - TelegramNetworkError: HTTP Client says - ClientConnectorError: Cannot connect to host api.telegram.org:443 ssl:default [Network is unreachable]
2026-07-30 23:49:00,008 | ERROR    | aiogram.dispatcher | Failed to fetch updates - TelegramNetworkError: HTTP Client says - ClientConnectorError: Cannot connect to host api.telegram.org:443 ssl:default [Network is unreachable]
2026-07-30 23:49:03,700 | ERROR    | aiogram.dispatcher | Failed to fetch updates - TelegramNetworkError: HTTP Client says - ClientConnectorError: Cannot connect to host api.telegram.org:443 ssl:default [Network is unreachable]
2026-07-31 00:47:05,197 | ERROR    | providers | cryptobot check_invoice HTTP error: [Errno 8] nodename nor servname provided, or not known
2026-07-31 00:47:10,272 | ERROR    | aiogram.dispatcher | Failed to fetch updates - TelegramNetworkError: HTTP Client says - Request timeout error
2026-07-31 00:47:11,276 | ERROR    | aiogram.dispatcher | Failed to fetch updates - TelegramNetworkError: HTTP Client says - ClientConnectorError: Cannot connect to host api.telegram.org:443 ssl:default [Network is unreachable]
2026-07-31 00:47:12,559 | ERROR    | aiogram.dispatcher | Failed to fetch updates - TelegramNetworkError: HTTP Client says - ClientConnectorError: Cannot connect to host api.telegram.org:443 ssl:default [Network is unreachable]
2026-07-31 00:47:14,176 | ERROR    | aiogram.dispatcher | Failed to fetch updates - TelegramNetworkError: HTTP Client says - ClientConnectorError: Cannot connect to host api.telegram.org:443 ssl:default [Network is unreachable]
2026-07-31 00:47:16,295 | ERROR    | aiogram.dispatcher | Failed to fetch updates - TelegramNetworkError: HTTP Client says - ClientConnectorError: Cannot connect to host api.telegram.org:443 ssl:default [Network is unreachable]
2026-07-31 00:47:18,786 | ERROR    | aiogram.dispatcher | Failed to fetch updates - TelegramNetworkError: HTTP Client says - ClientConnectorError: Cannot connect to host api.telegram.org:443 ssl:default [Network is unreachable]
2026-07-31 00:47:21,871 | ERROR    | aiogram.dispatcher | Failed to fetch updates - TelegramNetworkError: HTTP Client says - ClientConnectorError: Cannot connect to host api.telegram.org:443 ssl:default [Network is unreachable]
2026-07-31 00:47:25,948 | ERROR    | aiogram.dispatcher | Failed to fetch updates - TelegramNetworkError: HTTP Client says - ClientConnectorError: Cannot connect to host api.telegram.org:443 ssl:default [Network is unreachable]
2026-07-31 00:47:26,765 | ERROR    | providers | cryptobot check_invoice HTTP error: [Errno 8] nodename nor servname provided, or not known
2026-07-31 01:08:48,355 | ERROR    | providers | reseller_api HTTP error for order=3F0C83122946: Client error '402 Payment Required' for url 'http://2.26.230.116:8080/v1/buy'
For more information check: https://developer.mozilla.org/en-US/docs/Web/HTTP/Status/402 | body={"error": "Insufficient funds", "required": 1.2, "balance": 0.0}
2026-07-31 01:08:48,361 | ERROR    | providers | provider_delivery_failed order=3F0C83122946 error=Client error '402 Payment Required' for url 'http://2.26.230.116:8080/v1/buy'
For more information check: https://developer.mozilla.org/en-US/docs/Web/HTTP/Status/402
2026-07-31 01:08:48,524 | ERROR    | app.middlewares.error_handling | Unhandled exception while processing update
Traceback (most recent call last):
  File "/Users/mehriddinmengturayev/Downloads/shopbot/app/handlers/admin/orders.py", line 64, in approve_order
    result = await delivery.approve_order(callback_data.order_id, admin_id)
             ^^^^^^^^^^^^^^^^^^^^^^^^^^^^^^^^^^^^^^^^^^^^^^^^^^^^^^^^^^^^^^
  File "/Users/mehriddinmengturayev/Downloads/shopbot/app/services/delivery_service.py", line 66, in approve_order
    return await self._run_delivery(order)
           ^^^^^^^^^^^^^^^^^^^^^^^^^^^^^^^
  File "/Users/mehriddinmengturayev/Downloads/shopbot/app/services/delivery_service.py", line 133, in _run_delivery
    raise DeliveryFailedError(
        f"Tashqi provayderdan mahsulot olinmadi: {error_text}"
    )
app.services.exceptions.DeliveryFailedError: Tashqi provayderdan mahsulot olinmadi: Client error '402 Payment Required' for url 'http://2.26.230.116:8080/v1/buy'
For more information check: https://developer.mozilla.org/en-US/docs/Web/HTTP/Status/402

During handling of the above exception, another exception occurred:

Traceback (most recent call last):
  File "/Users/mehriddinmengturayev/Downloads/shopbot/app/middlewares/error_handling.py", line 33, in __call__
    return await handler(event, data)
           ^^^^^^^^^^^^^^^^^^^^^^^^^^
  File "/Users/mehriddinmengturayev/Downloads/shopbot/app/middlewares/throttling.py", line 40, in __call__
    return await handler(event, data)
           ^^^^^^^^^^^^^^^^^^^^^^^^^^
  File "/Users/mehriddinmengturayev/Downloads/shopbot/app/middlewares/db_session.py", line 27, in __call__
    return await handler(event, data)
           ^^^^^^^^^^^^^^^^^^^^^^^^^^
  File "/Users/mehriddinmengturayev/Downloads/shopbot/app/middlewares/user_context.py", line 41, in __call__
    return await handler(event, data)
           ^^^^^^^^^^^^^^^^^^^^^^^^^^
  File "/Users/mehriddinmengturayev/Downloads/shopbot/.venv/lib/python3.13/site-packages/aiogram/dispatcher/event/telegram.py", line 121, in trigger
    return await wrapped_inner(event, kwargs)
           ^^^^^^^^^^^^^^^^^^^^^^^^^^^^^^^^^^
  File "/Users/mehriddinmengturayev/Downloads/shopbot/.venv/lib/python3.13/site-packages/aiogram/dispatcher/event/handler.py", line 43, in call
    return await wrapped()
           ^^^^^^^^^^^^^^^
  File "/Users/mehriddinmengturayev/Downloads/shopbot/.venv/lib/python3.13/site-packages/aiogram/dispatcher/dispatcher.py", line 276, in _listen_update
    return await self.propagate_event(update_type=update_type, event=event, **kwargs)
           ^^^^^^^^^^^^^^^^^^^^^^^^^^^^^^^^^^^^^^^^^^^^^^^^^^^^^^^^^^^^^^^^^^^^^^^^^^
  File "/Users/mehriddinmengturayev/Downloads/shopbot/.venv/lib/python3.13/site-packages/aiogram/dispatcher/router.py", line 146, in propagate_event
    return await observer.wrap_outer_middleware(_wrapped, event=event, data=kwargs)
           ^^^^^^^^^^^^^^^^^^^^^^^^^^^^^^^^^^^^^^^^^^^^^^^^^^^^^^^^^^^^^^^^^^^^^^^^
  File "/Users/mehriddinmengturayev/Downloads/shopbot/.venv/lib/python3.13/site-packages/aiogram/dispatcher/router.py", line 141, in _wrapped
    return await self._propagate_event(
           ^^^^^^^^^^^^^^^^^^^^^^^^^^^^
        observer=observer, update_type=update_type, event=telegram_event, **data
        ^^^^^^^^^^^^^^^^^^^^^^^^^^^^^^^^^^^^^^^^^^^^^^^^^^^^^^^^^^^^^^^^^^^^^^^^
    )
    ^
  File "/Users/mehriddinmengturayev/Downloads/shopbot/.venv/lib/python3.13/site-packages/aiogram/dispatcher/router.py", line 174, in _propagate_event
    response = await router.propagate_event(update_type=update_type, event=event, **kwargs)
               ^^^^^^^^^^^^^^^^^^^^^^^^^^^^^^^^^^^^^^^^^^^^^^^^^^^^^^^^^^^^^^^^^^^^^^^^^^^^
  File "/Users/mehriddinmengturayev/Downloads/shopbot/.venv/lib/python3.13/site-packages/aiogram/dispatcher/router.py", line 146, in propagate_event
    return await observer.wrap_outer_middleware(_wrapped, event=event, data=kwargs)
           ^^^^^^^^^^^^^^^^^^^^^^^^^^^^^^^^^^^^^^^^^^^^^^^^^^^^^^^^^^^^^^^^^^^^^^^^
  File "/Users/mehriddinmengturayev/Downloads/shopbot/.venv/lib/python3.13/site-packages/aiogram/dispatcher/router.py", line 141, in _wrapped
    return await self._propagate_event(
           ^^^^^^^^^^^^^^^^^^^^^^^^^^^^
        observer=observer, update_type=update_type, event=telegram_event, **data
        ^^^^^^^^^^^^^^^^^^^^^^^^^^^^^^^^^^^^^^^^^^^^^^^^^^^^^^^^^^^^^^^^^^^^^^^^
    )
    ^
  File "/Users/mehriddinmengturayev/Downloads/shopbot/.venv/lib/python3.13/site-packages/aiogram/dispatcher/router.py", line 174, in _propagate_event
    response = await router.propagate_event(update_type=update_type, event=event, **kwargs)
               ^^^^^^^^^^^^^^^^^^^^^^^^^^^^^^^^^^^^^^^^^^^^^^^^^^^^^^^^^^^^^^^^^^^^^^^^^^^^
  File "/Users/mehriddinmengturayev/Downloads/shopbot/.venv/lib/python3.13/site-packages/aiogram/dispatcher/router.py", line 146, in propagate_event
    return await observer.wrap_outer_middleware(_wrapped, event=event, data=kwargs)
           ^^^^^^^^^^^^^^^^^^^^^^^^^^^^^^^^^^^^^^^^^^^^^^^^^^^^^^^^^^^^^^^^^^^^^^^^
  File "/Users/mehriddinmengturayev/Downloads/shopbot/.venv/lib/python3.13/site-packages/aiogram/dispatcher/router.py", line 141, in _wrapped
    return await self._propagate_event(
           ^^^^^^^^^^^^^^^^^^^^^^^^^^^^
        observer=observer, update_type=update_type, event=telegram_event, **data
        ^^^^^^^^^^^^^^^^^^^^^^^^^^^^^^^^^^^^^^^^^^^^^^^^^^^^^^^^^^^^^^^^^^^^^^^^
    )
    ^
  File "/Users/mehriddinmengturayev/Downloads/shopbot/.venv/lib/python3.13/site-packages/aiogram/dispatcher/router.py", line 166, in _propagate_event
    response = await observer.trigger(event, **kwargs)
               ^^^^^^^^^^^^^^^^^^^^^^^^^^^^^^^^^^^^^^^
  File "/Users/mehriddinmengturayev/Downloads/shopbot/.venv/lib/python3.13/site-packages/aiogram/dispatcher/event/telegram.py", line 121, in trigger
    return await wrapped_inner(event, kwargs)
           ^^^^^^^^^^^^^^^^^^^^^^^^^^^^^^^^^^
  File "/Users/mehriddinmengturayev/Downloads/shopbot/.venv/lib/python3.13/site-packages/aiogram/dispatcher/event/handler.py", line 43, in call
    return await wrapped()
           ^^^^^^^^^^^^^^^
  File "/Users/mehriddinmengturayev/Downloads/shopbot/app/handlers/admin/orders.py", line 66, in approve_order
    await callback.answer(str(exc), show_alert=True)
  File "/Users/mehriddinmengturayev/Downloads/shopbot/.venv/lib/python3.13/site-packages/aiogram/methods/base.py", line 84, in emit
    return await bot(self)
           ^^^^^^^^^^^^^^^
  File "/Users/mehriddinmengturayev/Downloads/shopbot/.venv/lib/python3.13/site-packages/aiogram/client/bot.py", line 494, in __call__
    return await self.session(self, method, timeout=request_timeout)
           ^^^^^^^^^^^^^^^^^^^^^^^^^^^^^^^^^^^^^^^^^^^^^^^^^^^^^^^^^
  File "/Users/mehriddinmengturayev/Downloads/shopbot/.venv/lib/python3.13/site-packages/aiogram/client/session/base.py", line 254, in __call__
    return cast(TelegramType, await middleware(bot, method))
                              ^^^^^^^^^^^^^^^^^^^^^^^^^^^^^
  File "/Users/mehriddinmengturayev/Downloads/shopbot/.venv/lib/python3.13/site-packages/aiogram/client/session/aiohttp.py", line 189, in make_request
    response = self.check_response(
        bot=bot, method=method, status_code=resp.status, content=raw_result
    )
  File "/Users/mehriddinmengturayev/Downloads/shopbot/.venv/lib/python3.13/site-packages/aiogram/client/session/base.py", line 120, in check_response
    raise TelegramBadRequest(method=method, message=description)
aiogram.exceptions.TelegramBadRequest: Telegram server says - Bad Request: MESSAGE_TOO_LONG
2026-07-31 01:10:16,300 | ERROR    | app.middlewares.error_handling | Unhandled exception while processing update
Traceback (most recent call last):
  File "/Users/mehriddinmengturayev/Downloads/shopbot/.venv/lib/python3.13/site-packages/sqlalchemy/sql/sqltypes.py", line 1625, in _object_value_for_elem
    return self._object_lookup[elem]
           ~~~~~~~~~~~~~~~~~~~^^^^^^
KeyError: 'card'

The above exception was the direct cause of the following exception:

Traceback (most recent call last):
  File "/Users/mehriddinmengturayev/Downloads/shopbot/app/middlewares/error_handling.py", line 33, in __call__
    return await handler(event, data)
           ^^^^^^^^^^^^^^^^^^^^^^^^^^
  File "/Users/mehriddinmengturayev/Downloads/shopbot/app/middlewares/throttling.py", line 40, in __call__
    return await handler(event, data)
           ^^^^^^^^^^^^^^^^^^^^^^^^^^
  File "/Users/mehriddinmengturayev/Downloads/shopbot/app/middlewares/db_session.py", line 27, in __call__
    return await handler(event, data)
           ^^^^^^^^^^^^^^^^^^^^^^^^^^
  File "/Users/mehriddinmengturayev/Downloads/shopbot/app/middlewares/user_context.py", line 41, in __call__
    return await handler(event, data)
           ^^^^^^^^^^^^^^^^^^^^^^^^^^
  File "/Users/mehriddinmengturayev/Downloads/shopbot/.venv/lib/python3.13/site-packages/aiogram/dispatcher/event/telegram.py", line 121, in trigger
    return await wrapped_inner(event, kwargs)
           ^^^^^^^^^^^^^^^^^^^^^^^^^^^^^^^^^^
  File "/Users/mehriddinmengturayev/Downloads/shopbot/.venv/lib/python3.13/site-packages/aiogram/dispatcher/event/handler.py", line 43, in call
    return await wrapped()
           ^^^^^^^^^^^^^^^
  File "/Users/mehriddinmengturayev/Downloads/shopbot/.venv/lib/python3.13/site-packages/aiogram/dispatcher/dispatcher.py", line 276, in _listen_update
    return await self.propagate_event(update_type=update_type, event=event, **kwargs)
           ^^^^^^^^^^^^^^^^^^^^^^^^^^^^^^^^^^^^^^^^^^^^^^^^^^^^^^^^^^^^^^^^^^^^^^^^^^
  File "/Users/mehriddinmengturayev/Downloads/shopbot/.venv/lib/python3.13/site-packages/aiogram/dispatcher/router.py", line 146, in propagate_event
    return await observer.wrap_outer_middleware(_wrapped, event=event, data=kwargs)
           ^^^^^^^^^^^^^^^^^^^^^^^^^^^^^^^^^^^^^^^^^^^^^^^^^^^^^^^^^^^^^^^^^^^^^^^^
  File "/Users/mehriddinmengturayev/Downloads/shopbot/.venv/lib/python3.13/site-packages/aiogram/dispatcher/router.py", line 141, in _wrapped
    return await self._propagate_event(
           ^^^^^^^^^^^^^^^^^^^^^^^^^^^^
        observer=observer, update_type=update_type, event=telegram_event, **data
        ^^^^^^^^^^^^^^^^^^^^^^^^^^^^^^^^^^^^^^^^^^^^^^^^^^^^^^^^^^^^^^^^^^^^^^^^
    )
    ^
  File "/Users/mehriddinmengturayev/Downloads/shopbot/.venv/lib/python3.13/site-packages/aiogram/dispatcher/router.py", line 174, in _propagate_event
    response = await router.propagate_event(update_type=update_type, event=event, **kwargs)
               ^^^^^^^^^^^^^^^^^^^^^^^^^^^^^^^^^^^^^^^^^^^^^^^^^^^^^^^^^^^^^^^^^^^^^^^^^^^^
  File "/Users/mehriddinmengturayev/Downloads/shopbot/.venv/lib/python3.13/site-packages/aiogram/dispatcher/router.py", line 146, in propagate_event
    return await observer.wrap_outer_middleware(_wrapped, event=event, data=kwargs)
           ^^^^^^^^^^^^^^^^^^^^^^^^^^^^^^^^^^^^^^^^^^^^^^^^^^^^^^^^^^^^^^^^^^^^^^^^
  File "/Users/mehriddinmengturayev/Downloads/shopbot/.venv/lib/python3.13/site-packages/aiogram/dispatcher/router.py", line 141, in _wrapped
    return await self._propagate_event(
           ^^^^^^^^^^^^^^^^^^^^^^^^^^^^
        observer=observer, update_type=update_type, event=telegram_event, **data
        ^^^^^^^^^^^^^^^^^^^^^^^^^^^^^^^^^^^^^^^^^^^^^^^^^^^^^^^^^^^^^^^^^^^^^^^^
    )
    ^
  File "/Users/mehriddinmengturayev/Downloads/shopbot/.venv/lib/python3.13/site-packages/aiogram/dispatcher/router.py", line 174, in _propagate_event
    response = await router.propagate_event(update_type=update_type, event=event, **kwargs)
               ^^^^^^^^^^^^^^^^^^^^^^^^^^^^^^^^^^^^^^^^^^^^^^^^^^^^^^^^^^^^^^^^^^^^^^^^^^^^
  File "/Users/mehriddinmengturayev/Downloads/shopbot/.venv/lib/python3.13/site-packages/aiogram/dispatcher/router.py", line 146, in propagate_event
    return await observer.wrap_outer_middleware(_wrapped, event=event, data=kwargs)
           ^^^^^^^^^^^^^^^^^^^^^^^^^^^^^^^^^^^^^^^^^^^^^^^^^^^^^^^^^^^^^^^^^^^^^^^^
  File "/Users/mehriddinmengturayev/Downloads/shopbot/.venv/lib/python3.13/site-packages/aiogram/dispatcher/router.py", line 141, in _wrapped
    return await self._propagate_event(
           ^^^^^^^^^^^^^^^^^^^^^^^^^^^^
        observer=observer, update_type=update_type, event=telegram_event, **data
        ^^^^^^^^^^^^^^^^^^^^^^^^^^^^^^^^^^^^^^^^^^^^^^^^^^^^^^^^^^^^^^^^^^^^^^^^
    )
    ^
  File "/Users/mehriddinmengturayev/Downloads/shopbot/.venv/lib/python3.13/site-packages/aiogram/dispatcher/router.py", line 166, in _propagate_event
    response = await observer.trigger(event, **kwargs)
               ^^^^^^^^^^^^^^^^^^^^^^^^^^^^^^^^^^^^^^^
  File "/Users/mehriddinmengturayev/Downloads/shopbot/.venv/lib/python3.13/site-packages/aiogram/dispatcher/event/telegram.py", line 121, in trigger
    return await wrapped_inner(event, kwargs)
           ^^^^^^^^^^^^^^^^^^^^^^^^^^^^^^^^^^
  File "/Users/mehriddinmengturayev/Downloads/shopbot/.venv/lib/python3.13/site-packages/aiogram/dispatcher/event/handler.py", line 43, in call
    return await wrapped()
           ^^^^^^^^^^^^^^^
  File "/Users/mehriddinmengturayev/Downloads/shopbot/app/handlers/user/orders.py", line 17, in my_orders
    orders = await OrderRepository(session).list_by_user(user.id)
             ^^^^^^^^^^^^^^^^^^^^^^^^^^^^^^^^^^^^^^^^^^^^^^^^^^^^
  File "/Users/mehriddinmengturayev/Downloads/shopbot/app/repositories/order_repo.py", line 74, in list_by_user
    result = await self.session.execute(
             ^^^^^^^^^^^^^^^^^^^^^^^^^^^
    ...<5 lines>...
    )
    ^
  File "/Users/mehriddinmengturayev/Downloads/shopbot/.venv/lib/python3.13/site-packages/sqlalchemy/ext/asyncio/session.py", line 461, in execute
    result = await greenlet_spawn(
             ^^^^^^^^^^^^^^^^^^^^^
    ...<6 lines>...
    )
    ^
  File "/Users/mehriddinmengturayev/Downloads/shopbot/.venv/lib/python3.13/site-packages/sqlalchemy/util/_concurrency_py3k.py", line 203, in greenlet_spawn
    result = context.switch(value)
  File "/Users/mehriddinmengturayev/Downloads/shopbot/.venv/lib/python3.13/site-packages/sqlalchemy/orm/session.py", line 2362, in execute
    return self._execute_internal(
           ~~~~~~~~~~~~~~~~~~~~~~^
        statement,
        ^^^^^^^^^^
    ...<4 lines>...
        _add_event=_add_event,
        ^^^^^^^^^^^^^^^^^^^^^^
    )
    ^
  File "/Users/mehriddinmengturayev/Downloads/shopbot/.venv/lib/python3.13/site-packages/sqlalchemy/orm/session.py", line 2247, in _execute_internal
    result: Result[Any] = compile_state_cls.orm_execute_statement(
                          ~~~~~~~~~~~~~~~~~~~~~~~~~~~~~~~~~~~~~~~^
        self,
        ^^^^^
    ...<4 lines>...
        conn,
        ^^^^^
    )
    ^
  File "/Users/mehriddinmengturayev/Downloads/shopbot/.venv/lib/python3.13/site-packages/sqlalchemy/orm/context.py", line 308, in orm_execute_statement
    return cls.orm_setup_cursor_result(
           ~~~~~~~~~~~~~~~~~~~~~~~~~~~^
        session,
        ^^^^^^^^
    ...<4 lines>...
        result,
        ^^^^^^^
    )
    ^
  File "/Users/mehriddinmengturayev/Downloads/shopbot/.venv/lib/python3.13/site-packages/sqlalchemy/orm/context.py", line 600, in orm_setup_cursor_result
    return loading.instances(result, querycontext)
           ~~~~~~~~~~~~~~~~~^^^^^^^^^^^^^^^^^^^^^^
  File "/Users/mehriddinmengturayev/Downloads/shopbot/.venv/lib/python3.13/site-packages/sqlalchemy/orm/loading.py", line 261, in instances
    _prebuffered = list(chunks(None))
  File "/Users/mehriddinmengturayev/Downloads/shopbot/.venv/lib/python3.13/site-packages/sqlalchemy/orm/loading.py", line 219, in chunks
    fetch = cursor._raw_all_rows()
  File "/Users/mehriddinmengturayev/Downloads/shopbot/.venv/lib/python3.13/site-packages/sqlalchemy/engine/result.py", line 541, in _raw_all_rows
    return [make_row(row) for row in rows]
            ~~~~~~~~^^^^^
  File "lib/sqlalchemy/cyextension/resultproxy.pyx", line 22, in sqlalchemy.cyextension.resultproxy.BaseRow.__init__
  File "lib/sqlalchemy/cyextension/resultproxy.pyx", line 79, in sqlalchemy.cyextension.resultproxy._apply_processors
  File "/Users/mehriddinmengturayev/Downloads/shopbot/.venv/lib/python3.13/site-packages/sqlalchemy/sql/sqltypes.py", line 1745, in process
    value = self._object_value_for_elem(value)
  File "/Users/mehriddinmengturayev/Downloads/shopbot/.venv/lib/python3.13/site-packages/sqlalchemy/sql/sqltypes.py", line 1627, in _object_value_for_elem
    raise LookupError(
    ...<7 lines>...
    ) from err
LookupError: 'card' is not among the defined enum values. Enum name: paymentmethod. Possible values: CARD, CRYPTO
2026-07-31 01:16:45,997 | ERROR    | app.middlewares.error_handling | Unhandled exception while processing update
Traceback (most recent call last):
  File "/Users/mehriddinmengturayev/Downloads/shopbot/.venv/lib/python3.13/site-packages/sqlalchemy/sql/sqltypes.py", line 1625, in _object_value_for_elem
    return self._object_lookup[elem]
           ~~~~~~~~~~~~~~~~~~~^^^^^^
KeyError: 'card'

The above exception was the direct cause of the following exception:

Traceback (most recent call last):
  File "/Users/mehriddinmengturayev/Downloads/shopbot/app/middlewares/error_handling.py", line 33, in __call__
    return await handler(event, data)
           ^^^^^^^^^^^^^^^^^^^^^^^^^^
  File "/Users/mehriddinmengturayev/Downloads/shopbot/app/middlewares/throttling.py", line 40, in __call__
    return await handler(event, data)
           ^^^^^^^^^^^^^^^^^^^^^^^^^^
  File "/Users/mehriddinmengturayev/Downloads/shopbot/app/middlewares/db_session.py", line 27, in __call__
    return await handler(event, data)
           ^^^^^^^^^^^^^^^^^^^^^^^^^^
  File "/Users/mehriddinmengturayev/Downloads/shopbot/app/middlewares/user_context.py", line 41, in __call__
    # English-only now regardless of whatever a user's `language` field
  File "/Users/mehriddinmengturayev/Downloads/shopbot/.venv/lib/python3.13/site-packages/aiogram/dispatcher/event/telegram.py", line 121, in trigger
    return await wrapped_inner(event, kwargs)
           ^^^^^^^^^^^^^^^^^^^^^^^^^^^^^^^^^^
  File "/Users/mehriddinmengturayev/Downloads/shopbot/.venv/lib/python3.13/site-packages/aiogram/dispatcher/event/handler.py", line 43, in call
    return await wrapped()
           ^^^^^^^^^^^^^^^
  File "/Users/mehriddinmengturayev/Downloads/shopbot/.venv/lib/python3.13/site-packages/aiogram/dispatcher/dispatcher.py", line 276, in _listen_update
    return await self.propagate_event(update_type=update_type, event=event, **kwargs)
           ^^^^^^^^^^^^^^^^^^^^^^^^^^^^^^^^^^^^^^^^^^^^^^^^^^^^^^^^^^^^^^^^^^^^^^^^^^
  File "/Users/mehriddinmengturayev/Downloads/shopbot/.venv/lib/python3.13/site-packages/aiogram/dispatcher/router.py", line 146, in propagate_event
    return await observer.wrap_outer_middleware(_wrapped, event=event, data=kwargs)
           ^^^^^^^^^^^^^^^^^^^^^^^^^^^^^^^^^^^^^^^^^^^^^^^^^^^^^^^^^^^^^^^^^^^^^^^^
  File "/Users/mehriddinmengturayev/Downloads/shopbot/.venv/lib/python3.13/site-packages/aiogram/dispatcher/router.py", line 141, in _wrapped
    return await self._propagate_event(
           ^^^^^^^^^^^^^^^^^^^^^^^^^^^^
        observer=observer, update_type=update_type, event=telegram_event, **data
        ^^^^^^^^^^^^^^^^^^^^^^^^^^^^^^^^^^^^^^^^^^^^^^^^^^^^^^^^^^^^^^^^^^^^^^^^
    )
    ^
  File "/Users/mehriddinmengturayev/Downloads/shopbot/.venv/lib/python3.13/site-packages/aiogram/dispatcher/router.py", line 174, in _propagate_event
    response = await router.propagate_event(update_type=update_type, event=event, **kwargs)
               ^^^^^^^^^^^^^^^^^^^^^^^^^^^^^^^^^^^^^^^^^^^^^^^^^^^^^^^^^^^^^^^^^^^^^^^^^^^^
  File "/Users/mehriddinmengturayev/Downloads/shopbot/.venv/lib/python3.13/site-packages/aiogram/dispatcher/router.py", line 146, in propagate_event
    return await observer.wrap_outer_middleware(_wrapped, event=event, data=kwargs)
           ^^^^^^^^^^^^^^^^^^^^^^^^^^^^^^^^^^^^^^^^^^^^^^^^^^^^^^^^^^^^^^^^^^^^^^^^
  File "/Users/mehriddinmengturayev/Downloads/shopbot/.venv/lib/python3.13/site-packages/aiogram/dispatcher/router.py", line 141, in _wrapped
    return await self._propagate_event(
           ^^^^^^^^^^^^^^^^^^^^^^^^^^^^
        observer=observer, update_type=update_type, event=telegram_event, **data
        ^^^^^^^^^^^^^^^^^^^^^^^^^^^^^^^^^^^^^^^^^^^^^^^^^^^^^^^^^^^^^^^^^^^^^^^^
    )
    ^
  File "/Users/mehriddinmengturayev/Downloads/shopbot/.venv/lib/python3.13/site-packages/aiogram/dispatcher/router.py", line 174, in _propagate_event
    response = await router.propagate_event(update_type=update_type, event=event, **kwargs)
               ^^^^^^^^^^^^^^^^^^^^^^^^^^^^^^^^^^^^^^^^^^^^^^^^^^^^^^^^^^^^^^^^^^^^^^^^^^^^
  File "/Users/mehriddinmengturayev/Downloads/shopbot/.venv/lib/python3.13/site-packages/aiogram/dispatcher/router.py", line 146, in propagate_event
    return await observer.wrap_outer_middleware(_wrapped, event=event, data=kwargs)
           ^^^^^^^^^^^^^^^^^^^^^^^^^^^^^^^^^^^^^^^^^^^^^^^^^^^^^^^^^^^^^^^^^^^^^^^^
  File "/Users/mehriddinmengturayev/Downloads/shopbot/.venv/lib/python3.13/site-packages/aiogram/dispatcher/router.py", line 141, in _wrapped
    return await self._propagate_event(
           ^^^^^^^^^^^^^^^^^^^^^^^^^^^^
        observer=observer, update_type=update_type, event=telegram_event, **data
        ^^^^^^^^^^^^^^^^^^^^^^^^^^^^^^^^^^^^^^^^^^^^^^^^^^^^^^^^^^^^^^^^^^^^^^^^
    )
    ^
  File "/Users/mehriddinmengturayev/Downloads/shopbot/.venv/lib/python3.13/site-packages/aiogram/dispatcher/router.py", line 166, in _propagate_event
    response = await observer.trigger(event, **kwargs)
               ^^^^^^^^^^^^^^^^^^^^^^^^^^^^^^^^^^^^^^^
  File "/Users/mehriddinmengturayev/Downloads/shopbot/.venv/lib/python3.13/site-packages/aiogram/dispatcher/event/telegram.py", line 121, in trigger
    return await wrapped_inner(event, kwargs)
           ^^^^^^^^^^^^^^^^^^^^^^^^^^^^^^^^^^
  File "/Users/mehriddinmengturayev/Downloads/shopbot/.venv/lib/python3.13/site-packages/aiogram/dispatcher/event/handler.py", line 43, in call
    return await wrapped()
           ^^^^^^^^^^^^^^^
  File "/Users/mehriddinmengturayev/Downloads/shopbot/app/handlers/user/orders.py", line 17, in my_orders
    orders = await OrderRepository(session).list_by_user(user.id)
             ^^^^^^^^^^^^^^^^^^^^^^^^^^^^^^^^^^^^^^^^^^^^^^^^^^^^
  File "/Users/mehriddinmengturayev/Downloads/shopbot/app/repositories/order_repo.py", line 74, in list_by_user
    result = await self.session.execute(
             ^^^^^^^^^^^^^^^^^^^^^^^^^^^
    ...<5 lines>...
    )
    ^
  File "/Users/mehriddinmengturayev/Downloads/shopbot/.venv/lib/python3.13/site-packages/sqlalchemy/ext/asyncio/session.py", line 461, in execute
    result = await greenlet_spawn(
             ^^^^^^^^^^^^^^^^^^^^^
    ...<6 lines>...
    )
    ^
  File "/Users/mehriddinmengturayev/Downloads/shopbot/.venv/lib/python3.13/site-packages/sqlalchemy/util/_concurrency_py3k.py", line 203, in greenlet_spawn
    result = context.switch(value)
  File "/Users/mehriddinmengturayev/Downloads/shopbot/.venv/lib/python3.13/site-packages/sqlalchemy/orm/session.py", line 2362, in execute
    return self._execute_internal(
           ~~~~~~~~~~~~~~~~~~~~~~^
        statement,
        ^^^^^^^^^^
    ...<4 lines>...
        _add_event=_add_event,
        ^^^^^^^^^^^^^^^^^^^^^^
    )
    ^
  File "/Users/mehriddinmengturayev/Downloads/shopbot/.venv/lib/python3.13/site-packages/sqlalchemy/orm/session.py", line 2247, in _execute_internal
    result: Result[Any] = compile_state_cls.orm_execute_statement(
                          ~~~~~~~~~~~~~~~~~~~~~~~~~~~~~~~~~~~~~~~^
        self,
        ^^^^^
    ...<4 lines>...
        conn,
        ^^^^^
    )
    ^
  File "/Users/mehriddinmengturayev/Downloads/shopbot/.venv/lib/python3.13/site-packages/sqlalchemy/orm/context.py", line 308, in orm_execute_statement
    return cls.orm_setup_cursor_result(
           ~~~~~~~~~~~~~~~~~~~~~~~~~~~^
        session,
        ^^^^^^^^
    ...<4 lines>...
        result,
        ^^^^^^^
    )
    ^
  File "/Users/mehriddinmengturayev/Downloads/shopbot/.venv/lib/python3.13/site-packages/sqlalchemy/orm/context.py", line 600, in orm_setup_cursor_result
    return loading.instances(result, querycontext)
           ~~~~~~~~~~~~~~~~~^^^^^^^^^^^^^^^^^^^^^^
  File "/Users/mehriddinmengturayev/Downloads/shopbot/.venv/lib/python3.13/site-packages/sqlalchemy/orm/loading.py", line 261, in instances
    _prebuffered = list(chunks(None))
  File "/Users/mehriddinmengturayev/Downloads/shopbot/.venv/lib/python3.13/site-packages/sqlalchemy/orm/loading.py", line 219, in chunks
    fetch = cursor._raw_all_rows()
  File "/Users/mehriddinmengturayev/Downloads/shopbot/.venv/lib/python3.13/site-packages/sqlalchemy/engine/result.py", line 541, in _raw_all_rows
    return [make_row(row) for row in rows]
            ~~~~~~~~^^^^^
  File "lib/sqlalchemy/cyextension/resultproxy.pyx", line 22, in sqlalchemy.cyextension.resultproxy.BaseRow.__init__
  File "lib/sqlalchemy/cyextension/resultproxy.pyx", line 79, in sqlalchemy.cyextension.resultproxy._apply_processors
  File "/Users/mehriddinmengturayev/Downloads/shopbot/.venv/lib/python3.13/site-packages/sqlalchemy/sql/sqltypes.py", line 1745, in process
    value = self._object_value_for_elem(value)
  File "/Users/mehriddinmengturayev/Downloads/shopbot/.venv/lib/python3.13/site-packages/sqlalchemy/sql/sqltypes.py", line 1627, in _object_value_for_elem
    raise LookupError(
    ...<7 lines>...
    ) from err
LookupError: 'card' is not among the defined enum values. Enum name: paymentmethod. Possible values: CARD, CRYPTO
2026-07-31 01:16:52,309 | ERROR    | app.middlewares.error_handling | Unhandled exception while processing update
Traceback (most recent call last):
  File "/Users/mehriddinmengturayev/Downloads/shopbot/.venv/lib/python3.13/site-packages/sqlalchemy/sql/sqltypes.py", line 1625, in _object_value_for_elem
    return self._object_lookup[elem]
           ~~~~~~~~~~~~~~~~~~~^^^^^^
KeyError: 'card'

The above exception was the direct cause of the following exception:

Traceback (most recent call last):
  File "/Users/mehriddinmengturayev/Downloads/shopbot/app/middlewares/error_handling.py", line 33, in __call__
    return await handler(event, data)
           ^^^^^^^^^^^^^^^^^^^^^^^^^^
  File "/Users/mehriddinmengturayev/Downloads/shopbot/app/middlewares/throttling.py", line 40, in __call__
    return await handler(event, data)
           ^^^^^^^^^^^^^^^^^^^^^^^^^^
  File "/Users/mehriddinmengturayev/Downloads/shopbot/app/middlewares/db_session.py", line 27, in __call__
    return await handler(event, data)
           ^^^^^^^^^^^^^^^^^^^^^^^^^^
  File "/Users/mehriddinmengturayev/Downloads/shopbot/app/middlewares/user_context.py", line 41, in __call__
    # English-only now regardless of whatever a user's `language` field
  File "/Users/mehriddinmengturayev/Downloads/shopbot/.venv/lib/python3.13/site-packages/aiogram/dispatcher/event/telegram.py", line 121, in trigger
    return await wrapped_inner(event, kwargs)
           ^^^^^^^^^^^^^^^^^^^^^^^^^^^^^^^^^^
  File "/Users/mehriddinmengturayev/Downloads/shopbot/.venv/lib/python3.13/site-packages/aiogram/dispatcher/event/handler.py", line 43, in call
    return await wrapped()
           ^^^^^^^^^^^^^^^
  File "/Users/mehriddinmengturayev/Downloads/shopbot/.venv/lib/python3.13/site-packages/aiogram/dispatcher/dispatcher.py", line 276, in _listen_update
    return await self.propagate_event(update_type=update_type, event=event, **kwargs)
           ^^^^^^^^^^^^^^^^^^^^^^^^^^^^^^^^^^^^^^^^^^^^^^^^^^^^^^^^^^^^^^^^^^^^^^^^^^
  File "/Users/mehriddinmengturayev/Downloads/shopbot/.venv/lib/python3.13/site-packages/aiogram/dispatcher/router.py", line 146, in propagate_event
    return await observer.wrap_outer_middleware(_wrapped, event=event, data=kwargs)
           ^^^^^^^^^^^^^^^^^^^^^^^^^^^^^^^^^^^^^^^^^^^^^^^^^^^^^^^^^^^^^^^^^^^^^^^^
  File "/Users/mehriddinmengturayev/Downloads/shopbot/.venv/lib/python3.13/site-packages/aiogram/dispatcher/router.py", line 141, in _wrapped
    return await self._propagate_event(
           ^^^^^^^^^^^^^^^^^^^^^^^^^^^^
        observer=observer, update_type=update_type, event=telegram_event, **data
        ^^^^^^^^^^^^^^^^^^^^^^^^^^^^^^^^^^^^^^^^^^^^^^^^^^^^^^^^^^^^^^^^^^^^^^^^
    )
    ^
  File "/Users/mehriddinmengturayev/Downloads/shopbot/.venv/lib/python3.13/site-packages/aiogram/dispatcher/router.py", line 174, in _propagate_event
    response = await router.propagate_event(update_type=update_type, event=event, **kwargs)
               ^^^^^^^^^^^^^^^^^^^^^^^^^^^^^^^^^^^^^^^^^^^^^^^^^^^^^^^^^^^^^^^^^^^^^^^^^^^^
  File "/Users/mehriddinmengturayev/Downloads/shopbot/.venv/lib/python3.13/site-packages/aiogram/dispatcher/router.py", line 146, in propagate_event
    return await observer.wrap_outer_middleware(_wrapped, event=event, data=kwargs)
           ^^^^^^^^^^^^^^^^^^^^^^^^^^^^^^^^^^^^^^^^^^^^^^^^^^^^^^^^^^^^^^^^^^^^^^^^
  File "/Users/mehriddinmengturayev/Downloads/shopbot/.venv/lib/python3.13/site-packages/aiogram/dispatcher/router.py", line 141, in _wrapped
    return await self._propagate_event(
           ^^^^^^^^^^^^^^^^^^^^^^^^^^^^
        observer=observer, update_type=update_type, event=telegram_event, **data
        ^^^^^^^^^^^^^^^^^^^^^^^^^^^^^^^^^^^^^^^^^^^^^^^^^^^^^^^^^^^^^^^^^^^^^^^^
    )
    ^
  File "/Users/mehriddinmengturayev/Downloads/shopbot/.venv/lib/python3.13/site-packages/aiogram/dispatcher/router.py", line 174, in _propagate_event
    response = await router.propagate_event(update_type=update_type, event=event, **kwargs)
               ^^^^^^^^^^^^^^^^^^^^^^^^^^^^^^^^^^^^^^^^^^^^^^^^^^^^^^^^^^^^^^^^^^^^^^^^^^^^
  File "/Users/mehriddinmengturayev/Downloads/shopbot/.venv/lib/python3.13/site-packages/aiogram/dispatcher/router.py", line 146, in propagate_event
    return await observer.wrap_outer_middleware(_wrapped, event=event, data=kwargs)
           ^^^^^^^^^^^^^^^^^^^^^^^^^^^^^^^^^^^^^^^^^^^^^^^^^^^^^^^^^^^^^^^^^^^^^^^^
  File "/Users/mehriddinmengturayev/Downloads/shopbot/.venv/lib/python3.13/site-packages/aiogram/dispatcher/router.py", line 141, in _wrapped
    return await self._propagate_event(
           ^^^^^^^^^^^^^^^^^^^^^^^^^^^^
        observer=observer, update_type=update_type, event=telegram_event, **data
        ^^^^^^^^^^^^^^^^^^^^^^^^^^^^^^^^^^^^^^^^^^^^^^^^^^^^^^^^^^^^^^^^^^^^^^^^
    )
    ^
  File "/Users/mehriddinmengturayev/Downloads/shopbot/.venv/lib/python3.13/site-packages/aiogram/dispatcher/router.py", line 166, in _propagate_event
    response = await observer.trigger(event, **kwargs)
               ^^^^^^^^^^^^^^^^^^^^^^^^^^^^^^^^^^^^^^^
  File "/Users/mehriddinmengturayev/Downloads/shopbot/.venv/lib/python3.13/site-packages/aiogram/dispatcher/event/telegram.py", line 121, in trigger
    return await wrapped_inner(event, kwargs)
           ^^^^^^^^^^^^^^^^^^^^^^^^^^^^^^^^^^
  File "/Users/mehriddinmengturayev/Downloads/shopbot/.venv/lib/python3.13/site-packages/aiogram/dispatcher/event/handler.py", line 43, in call
    return await wrapped()
           ^^^^^^^^^^^^^^^
  File "/Users/mehriddinmengturayev/Downloads/shopbot/app/handlers/user/orders.py", line 17, in my_orders
    orders = await OrderRepository(session).list_by_user(user.id)
             ^^^^^^^^^^^^^^^^^^^^^^^^^^^^^^^^^^^^^^^^^^^^^^^^^^^^
  File "/Users/mehriddinmengturayev/Downloads/shopbot/app/repositories/order_repo.py", line 74, in list_by_user
    result = await self.session.execute(
             ^^^^^^^^^^^^^^^^^^^^^^^^^^^
    ...<5 lines>...
    )
    ^
  File "/Users/mehriddinmengturayev/Downloads/shopbot/.venv/lib/python3.13/site-packages/sqlalchemy/ext/asyncio/session.py", line 461, in execute
    result = await greenlet_spawn(
             ^^^^^^^^^^^^^^^^^^^^^
    ...<6 lines>...
    )
    ^
  File "/Users/mehriddinmengturayev/Downloads/shopbot/.venv/lib/python3.13/site-packages/sqlalchemy/util/_concurrency_py3k.py", line 203, in greenlet_spawn
    result = context.switch(value)
  File "/Users/mehriddinmengturayev/Downloads/shopbot/.venv/lib/python3.13/site-packages/sqlalchemy/orm/session.py", line 2362, in execute
    return self._execute_internal(
           ~~~~~~~~~~~~~~~~~~~~~~^
        statement,
        ^^^^^^^^^^
    ...<4 lines>...
        _add_event=_add_event,
        ^^^^^^^^^^^^^^^^^^^^^^
    )
    ^
  File "/Users/mehriddinmengturayev/Downloads/shopbot/.venv/lib/python3.13/site-packages/sqlalchemy/orm/session.py", line 2247, in _execute_internal
    result: Result[Any] = compile_state_cls.orm_execute_statement(
                          ~~~~~~~~~~~~~~~~~~~~~~~~~~~~~~~~~~~~~~~^
        self,
        ^^^^^
    ...<4 lines>...
        conn,
        ^^^^^
    )
    ^
  File "/Users/mehriddinmengturayev/Downloads/shopbot/.venv/lib/python3.13/site-packages/sqlalchemy/orm/context.py", line 308, in orm_execute_statement
    return cls.orm_setup_cursor_result(
           ~~~~~~~~~~~~~~~~~~~~~~~~~~~^
        session,
        ^^^^^^^^
    ...<4 lines>...
        result,
        ^^^^^^^
    )
    ^
  File "/Users/mehriddinmengturayev/Downloads/shopbot/.venv/lib/python3.13/site-packages/sqlalchemy/orm/context.py", line 600, in orm_setup_cursor_result
    return loading.instances(result, querycontext)
           ~~~~~~~~~~~~~~~~~^^^^^^^^^^^^^^^^^^^^^^
  File "/Users/mehriddinmengturayev/Downloads/shopbot/.venv/lib/python3.13/site-packages/sqlalchemy/orm/loading.py", line 261, in instances
    _prebuffered = list(chunks(None))
  File "/Users/mehriddinmengturayev/Downloads/shopbot/.venv/lib/python3.13/site-packages/sqlalchemy/orm/loading.py", line 219, in chunks
    fetch = cursor._raw_all_rows()
  File "/Users/mehriddinmengturayev/Downloads/shopbot/.venv/lib/python3.13/site-packages/sqlalchemy/engine/result.py", line 541, in _raw_all_rows
    return [make_row(row) for row in rows]
            ~~~~~~~~^^^^^
  File "lib/sqlalchemy/cyextension/resultproxy.pyx", line 22, in sqlalchemy.cyextension.resultproxy.BaseRow.__init__
  File "lib/sqlalchemy/cyextension/resultproxy.pyx", line 79, in sqlalchemy.cyextension.resultproxy._apply_processors
  File "/Users/mehriddinmengturayev/Downloads/shopbot/.venv/lib/python3.13/site-packages/sqlalchemy/sql/sqltypes.py", line 1745, in process
    value = self._object_value_for_elem(value)
  File "/Users/mehriddinmengturayev/Downloads/shopbot/.venv/lib/python3.13/site-packages/sqlalchemy/sql/sqltypes.py", line 1627, in _object_value_for_elem
    raise LookupError(
    ...<7 lines>...
    ) from err
LookupError: 'card' is not among the defined enum values. Enum name: paymentmethod. Possible values: CARD, CRYPTO
2026-07-31 01:18:01,940 | ERROR    | app.middlewares.error_handling | Unhandled exception while processing update
Traceback (most recent call last):
  File "/Users/mehriddinmengturayev/Downloads/shopbot/.venv/lib/python3.13/site-packages/sqlalchemy/sql/sqltypes.py", line 1625, in _object_value_for_elem
    return self._object_lookup[elem]
           ~~~~~~~~~~~~~~~~~~~^^^^^^
KeyError: 'card'

The above exception was the direct cause of the following exception:

Traceback (most recent call last):
  File "/Users/mehriddinmengturayev/Downloads/shopbot/app/middlewares/error_handling.py", line 33, in __call__
    return await handler(event, data)
           ^^^^^^^^^^^^^^^^^^^^^^^^^^
  File "/Users/mehriddinmengturayev/Downloads/shopbot/app/middlewares/throttling.py", line 40, in __call__
    return await handler(event, data)
           ^^^^^^^^^^^^^^^^^^^^^^^^^^
  File "/Users/mehriddinmengturayev/Downloads/shopbot/app/middlewares/db_session.py", line 27, in __call__
    return await handler(event, data)
           ^^^^^^^^^^^^^^^^^^^^^^^^^^
  File "/Users/mehriddinmengturayev/Downloads/shopbot/app/middlewares/user_context.py", line 44, in __call__
    return await handler(event, data)
           ^^^^^^^^^^^^^^^^^^^^^^^^^^
  File "/Users/mehriddinmengturayev/Downloads/shopbot/.venv/lib/python3.13/site-packages/aiogram/dispatcher/event/telegram.py", line 121, in trigger
    return await wrapped_inner(event, kwargs)
           ^^^^^^^^^^^^^^^^^^^^^^^^^^^^^^^^^^
  File "/Users/mehriddinmengturayev/Downloads/shopbot/.venv/lib/python3.13/site-packages/aiogram/dispatcher/event/handler.py", line 43, in call
    return await wrapped()
           ^^^^^^^^^^^^^^^
  File "/Users/mehriddinmengturayev/Downloads/shopbot/.venv/lib/python3.13/site-packages/aiogram/dispatcher/dispatcher.py", line 276, in _listen_update
    return await self.propagate_event(update_type=update_type, event=event, **kwargs)
           ^^^^^^^^^^^^^^^^^^^^^^^^^^^^^^^^^^^^^^^^^^^^^^^^^^^^^^^^^^^^^^^^^^^^^^^^^^
  File "/Users/mehriddinmengturayev/Downloads/shopbot/.venv/lib/python3.13/site-packages/aiogram/dispatcher/router.py", line 146, in propagate_event
    return await observer.wrap_outer_middleware(_wrapped, event=event, data=kwargs)
           ^^^^^^^^^^^^^^^^^^^^^^^^^^^^^^^^^^^^^^^^^^^^^^^^^^^^^^^^^^^^^^^^^^^^^^^^
  File "/Users/mehriddinmengturayev/Downloads/shopbot/.venv/lib/python3.13/site-packages/aiogram/dispatcher/router.py", line 141, in _wrapped
    return await self._propagate_event(
           ^^^^^^^^^^^^^^^^^^^^^^^^^^^^
        observer=observer, update_type=update_type, event=telegram_event, **data
        ^^^^^^^^^^^^^^^^^^^^^^^^^^^^^^^^^^^^^^^^^^^^^^^^^^^^^^^^^^^^^^^^^^^^^^^^
    )
    ^
  File "/Users/mehriddinmengturayev/Downloads/shopbot/.venv/lib/python3.13/site-packages/aiogram/dispatcher/router.py", line 174, in _propagate_event
    response = await router.propagate_event(update_type=update_type, event=event, **kwargs)
               ^^^^^^^^^^^^^^^^^^^^^^^^^^^^^^^^^^^^^^^^^^^^^^^^^^^^^^^^^^^^^^^^^^^^^^^^^^^^
  File "/Users/mehriddinmengturayev/Downloads/shopbot/.venv/lib/python3.13/site-packages/aiogram/dispatcher/router.py", line 146, in propagate_event
    return await observer.wrap_outer_middleware(_wrapped, event=event, data=kwargs)
           ^^^^^^^^^^^^^^^^^^^^^^^^^^^^^^^^^^^^^^^^^^^^^^^^^^^^^^^^^^^^^^^^^^^^^^^^
  File "/Users/mehriddinmengturayev/Downloads/shopbot/.venv/lib/python3.13/site-packages/aiogram/dispatcher/router.py", line 141, in _wrapped
    return await self._propagate_event(
           ^^^^^^^^^^^^^^^^^^^^^^^^^^^^
        observer=observer, update_type=update_type, event=telegram_event, **data
        ^^^^^^^^^^^^^^^^^^^^^^^^^^^^^^^^^^^^^^^^^^^^^^^^^^^^^^^^^^^^^^^^^^^^^^^^
    )
    ^
  File "/Users/mehriddinmengturayev/Downloads/shopbot/.venv/lib/python3.13/site-packages/aiogram/dispatcher/router.py", line 174, in _propagate_event
    response = await router.propagate_event(update_type=update_type, event=event, **kwargs)
               ^^^^^^^^^^^^^^^^^^^^^^^^^^^^^^^^^^^^^^^^^^^^^^^^^^^^^^^^^^^^^^^^^^^^^^^^^^^^
  File "/Users/mehriddinmengturayev/Downloads/shopbot/.venv/lib/python3.13/site-packages/aiogram/dispatcher/router.py", line 146, in propagate_event
    return await observer.wrap_outer_middleware(_wrapped, event=event, data=kwargs)
           ^^^^^^^^^^^^^^^^^^^^^^^^^^^^^^^^^^^^^^^^^^^^^^^^^^^^^^^^^^^^^^^^^^^^^^^^
  File "/Users/mehriddinmengturayev/Downloads/shopbot/.venv/lib/python3.13/site-packages/aiogram/dispatcher/router.py", line 141, in _wrapped
    return await self._propagate_event(
           ^^^^^^^^^^^^^^^^^^^^^^^^^^^^
        observer=observer, update_type=update_type, event=telegram_event, **data
        ^^^^^^^^^^^^^^^^^^^^^^^^^^^^^^^^^^^^^^^^^^^^^^^^^^^^^^^^^^^^^^^^^^^^^^^^
    )
    ^
  File "/Users/mehriddinmengturayev/Downloads/shopbot/.venv/lib/python3.13/site-packages/aiogram/dispatcher/router.py", line 166, in _propagate_event
    response = await observer.trigger(event, **kwargs)
               ^^^^^^^^^^^^^^^^^^^^^^^^^^^^^^^^^^^^^^^
  File "/Users/mehriddinmengturayev/Downloads/shopbot/.venv/lib/python3.13/site-packages/aiogram/dispatcher/event/telegram.py", line 121, in trigger
    return await wrapped_inner(event, kwargs)
           ^^^^^^^^^^^^^^^^^^^^^^^^^^^^^^^^^^
  File "/Users/mehriddinmengturayev/Downloads/shopbot/.venv/lib/python3.13/site-packages/aiogram/dispatcher/event/handler.py", line 43, in call
    return await wrapped()
           ^^^^^^^^^^^^^^^
  File "/Users/mehriddinmengturayev/Downloads/shopbot/app/handlers/user/orders.py", line 17, in my_orders
    orders = await OrderRepository(session).list_by_user(user.id)
             ^^^^^^^^^^^^^^^^^^^^^^^^^^^^^^^^^^^^^^^^^^^^^^^^^^^^
  File "/Users/mehriddinmengturayev/Downloads/shopbot/app/repositories/order_repo.py", line 74, in list_by_user
    result = await self.session.execute(
             ^^^^^^^^^^^^^^^^^^^^^^^^^^^
    ...<5 lines>...
    )
    ^
  File "/Users/mehriddinmengturayev/Downloads/shopbot/.venv/lib/python3.13/site-packages/sqlalchemy/ext/asyncio/session.py", line 461, in execute
    result = await greenlet_spawn(
             ^^^^^^^^^^^^^^^^^^^^^
    ...<6 lines>...
    )
    ^
  File "/Users/mehriddinmengturayev/Downloads/shopbot/.venv/lib/python3.13/site-packages/sqlalchemy/util/_concurrency_py3k.py", line 203, in greenlet_spawn
    result = context.switch(value)
  File "/Users/mehriddinmengturayev/Downloads/shopbot/.venv/lib/python3.13/site-packages/sqlalchemy/orm/session.py", line 2362, in execute
    return self._execute_internal(
           ~~~~~~~~~~~~~~~~~~~~~~^
        statement,
        ^^^^^^^^^^
    ...<4 lines>...
        _add_event=_add_event,
        ^^^^^^^^^^^^^^^^^^^^^^
    )
    ^
  File "/Users/mehriddinmengturayev/Downloads/shopbot/.venv/lib/python3.13/site-packages/sqlalchemy/orm/session.py", line 2247, in _execute_internal
    result: Result[Any] = compile_state_cls.orm_execute_statement(
                          ~~~~~~~~~~~~~~~~~~~~~~~~~~~~~~~~~~~~~~~^
        self,
        ^^^^^
    ...<4 lines>...
        conn,
        ^^^^^
    )
    ^
  File "/Users/mehriddinmengturayev/Downloads/shopbot/.venv/lib/python3.13/site-packages/sqlalchemy/orm/context.py", line 308, in orm_execute_statement
    return cls.orm_setup_cursor_result(
           ~~~~~~~~~~~~~~~~~~~~~~~~~~~^
        session,
        ^^^^^^^^
    ...<4 lines>...
        result,
        ^^^^^^^
    )
    ^
  File "/Users/mehriddinmengturayev/Downloads/shopbot/.venv/lib/python3.13/site-packages/sqlalchemy/orm/context.py", line 600, in orm_setup_cursor_result
    return loading.instances(result, querycontext)
           ~~~~~~~~~~~~~~~~~^^^^^^^^^^^^^^^^^^^^^^
  File "/Users/mehriddinmengturayev/Downloads/shopbot/.venv/lib/python3.13/site-packages/sqlalchemy/orm/loading.py", line 261, in instances
    _prebuffered = list(chunks(None))
  File "/Users/mehriddinmengturayev/Downloads/shopbot/.venv/lib/python3.13/site-packages/sqlalchemy/orm/loading.py", line 219, in chunks
    fetch = cursor._raw_all_rows()
  File "/Users/mehriddinmengturayev/Downloads/shopbot/.venv/lib/python3.13/site-packages/sqlalchemy/engine/result.py", line 541, in _raw_all_rows
    return [make_row(row) for row in rows]
            ~~~~~~~~^^^^^
  File "lib/sqlalchemy/cyextension/resultproxy.pyx", line 22, in sqlalchemy.cyextension.resultproxy.BaseRow.__init__
  File "lib/sqlalchemy/cyextension/resultproxy.pyx", line 79, in sqlalchemy.cyextension.resultproxy._apply_processors
  File "/Users/mehriddinmengturayev/Downloads/shopbot/.venv/lib/python3.13/site-packages/sqlalchemy/sql/sqltypes.py", line 1745, in process
    value = self._object_value_for_elem(value)
  File "/Users/mehriddinmengturayev/Downloads/shopbot/.venv/lib/python3.13/site-packages/sqlalchemy/sql/sqltypes.py", line 1627, in _object_value_for_elem
    raise LookupError(
    ...<7 lines>...
    ) from err
LookupError: 'card' is not among the defined enum values. Enum name: paymentmethod. Possible values: CARD, CRYPTO
2026-07-31 01:28:58,540 | ERROR    | app.middlewares.error_handling | Unhandled exception while processing update
Traceback (most recent call last):
  File "/Users/mehriddinmengturayev/Downloads/shopbot/app/middlewares/error_handling.py", line 33, in __call__
    return await handler(event, data)
           ^^^^^^^^^^^^^^^^^^^^^^^^^^
  File "/Users/mehriddinmengturayev/Downloads/shopbot/app/middlewares/throttling.py", line 40, in __call__
    return await handler(event, data)
           ^^^^^^^^^^^^^^^^^^^^^^^^^^
  File "/Users/mehriddinmengturayev/Downloads/shopbot/app/middlewares/db_session.py", line 27, in __call__
    return await handler(event, data)
           ^^^^^^^^^^^^^^^^^^^^^^^^^^
  File "/Users/mehriddinmengturayev/Downloads/shopbot/app/middlewares/user_context.py", line 44, in __call__
    return await handler(event, data)
           ^^^^^^^^^^^^^^^^^^^^^^^^^^
  File "/Users/mehriddinmengturayev/Downloads/shopbot/.venv/lib/python3.13/site-packages/aiogram/dispatcher/event/telegram.py", line 121, in trigger
    return await wrapped_inner(event, kwargs)
           ^^^^^^^^^^^^^^^^^^^^^^^^^^^^^^^^^^
  File "/Users/mehriddinmengturayev/Downloads/shopbot/.venv/lib/python3.13/site-packages/aiogram/dispatcher/event/handler.py", line 43, in call
    return await wrapped()
           ^^^^^^^^^^^^^^^
  File "/Users/mehriddinmengturayev/Downloads/shopbot/.venv/lib/python3.13/site-packages/aiogram/dispatcher/dispatcher.py", line 276, in _listen_update
    return await self.propagate_event(update_type=update_type, event=event, **kwargs)
           ^^^^^^^^^^^^^^^^^^^^^^^^^^^^^^^^^^^^^^^^^^^^^^^^^^^^^^^^^^^^^^^^^^^^^^^^^^
  File "/Users/mehriddinmengturayev/Downloads/shopbot/.venv/lib/python3.13/site-packages/aiogram/dispatcher/router.py", line 146, in propagate_event
    return await observer.wrap_outer_middleware(_wrapped, event=event, data=kwargs)
           ^^^^^^^^^^^^^^^^^^^^^^^^^^^^^^^^^^^^^^^^^^^^^^^^^^^^^^^^^^^^^^^^^^^^^^^^
  File "/Users/mehriddinmengturayev/Downloads/shopbot/.venv/lib/python3.13/site-packages/aiogram/dispatcher/router.py", line 141, in _wrapped
    return await self._propagate_event(
           ^^^^^^^^^^^^^^^^^^^^^^^^^^^^
        observer=observer, update_type=update_type, event=telegram_event, **data
        ^^^^^^^^^^^^^^^^^^^^^^^^^^^^^^^^^^^^^^^^^^^^^^^^^^^^^^^^^^^^^^^^^^^^^^^^
    )
    ^
  File "/Users/mehriddinmengturayev/Downloads/shopbot/.venv/lib/python3.13/site-packages/aiogram/dispatcher/router.py", line 174, in _propagate_event
    response = await router.propagate_event(update_type=update_type, event=event, **kwargs)
               ^^^^^^^^^^^^^^^^^^^^^^^^^^^^^^^^^^^^^^^^^^^^^^^^^^^^^^^^^^^^^^^^^^^^^^^^^^^^
  File "/Users/mehriddinmengturayev/Downloads/shopbot/.venv/lib/python3.13/site-packages/aiogram/dispatcher/router.py", line 146, in propagate_event
    return await observer.wrap_outer_middleware(_wrapped, event=event, data=kwargs)
           ^^^^^^^^^^^^^^^^^^^^^^^^^^^^^^^^^^^^^^^^^^^^^^^^^^^^^^^^^^^^^^^^^^^^^^^^
  File "/Users/mehriddinmengturayev/Downloads/shopbot/.venv/lib/python3.13/site-packages/aiogram/dispatcher/router.py", line 141, in _wrapped
    return await self._propagate_event(
           ^^^^^^^^^^^^^^^^^^^^^^^^^^^^
        observer=observer, update_type=update_type, event=telegram_event, **data
        ^^^^^^^^^^^^^^^^^^^^^^^^^^^^^^^^^^^^^^^^^^^^^^^^^^^^^^^^^^^^^^^^^^^^^^^^
    )
    ^
  File "/Users/mehriddinmengturayev/Downloads/shopbot/.venv/lib/python3.13/site-packages/aiogram/dispatcher/router.py", line 174, in _propagate_event
    response = await router.propagate_event(update_type=update_type, event=event, **kwargs)
               ^^^^^^^^^^^^^^^^^^^^^^^^^^^^^^^^^^^^^^^^^^^^^^^^^^^^^^^^^^^^^^^^^^^^^^^^^^^^
  File "/Users/mehriddinmengturayev/Downloads/shopbot/.venv/lib/python3.13/site-packages/aiogram/dispatcher/router.py", line 146, in propagate_event
    return await observer.wrap_outer_middleware(_wrapped, event=event, data=kwargs)
           ^^^^^^^^^^^^^^^^^^^^^^^^^^^^^^^^^^^^^^^^^^^^^^^^^^^^^^^^^^^^^^^^^^^^^^^^
  File "/Users/mehriddinmengturayev/Downloads/shopbot/.venv/lib/python3.13/site-packages/aiogram/dispatcher/router.py", line 141, in _wrapped
    return await self._propagate_event(
           ^^^^^^^^^^^^^^^^^^^^^^^^^^^^
        observer=observer, update_type=update_type, event=telegram_event, **data
        ^^^^^^^^^^^^^^^^^^^^^^^^^^^^^^^^^^^^^^^^^^^^^^^^^^^^^^^^^^^^^^^^^^^^^^^^
    )
    ^
  File "/Users/mehriddinmengturayev/Downloads/shopbot/.venv/lib/python3.13/site-packages/aiogram/dispatcher/router.py", line 166, in _propagate_event
    response = await observer.trigger(event, **kwargs)
               ^^^^^^^^^^^^^^^^^^^^^^^^^^^^^^^^^^^^^^^
  File "/Users/mehriddinmengturayev/Downloads/shopbot/.venv/lib/python3.13/site-packages/aiogram/dispatcher/event/telegram.py", line 121, in trigger
    return await wrapped_inner(event, kwargs)
           ^^^^^^^^^^^^^^^^^^^^^^^^^^^^^^^^^^
  File "/Users/mehriddinmengturayev/Downloads/shopbot/.venv/lib/python3.13/site-packages/aiogram/dispatcher/event/handler.py", line 43, in call
    return await wrapped()
           ^^^^^^^^^^^^^^^
  File "/Users/mehriddinmengturayev/Downloads/shopbot/app/handlers/admin/orders.py", line 106, in approve_order
    await callback.message.edit_text(callback.message.text + "\n\n✅ TASDIQLANDI VA YETKAZILDI")
                                     ~~~~~~~~~~~~~~~~~~~~~~^~~~~~~~~~~~~~~~~~~~~~~~~~~~~~~~~~~~
TypeError: unsupported operand type(s) for +: 'NoneType' and 'str'
2026-07-31 01:50:38,973 | ERROR    | app.middlewares.error_handling | Unhandled exception while processing update
Traceback (most recent call last):
  File "/Users/mehriddinmengturayev/Downloads/shopbot/app/middlewares/error_handling.py", line 33, in __call__
    return await handler(event, data)
           ^^^^^^^^^^^^^^^^^^^^^^^^^^
  File "/Users/mehriddinmengturayev/Downloads/shopbot/app/middlewares/throttling.py", line 40, in __call__
    return await handler(event, data)
           ^^^^^^^^^^^^^^^^^^^^^^^^^^
  File "/Users/mehriddinmengturayev/Downloads/shopbot/app/middlewares/db_session.py", line 27, in __call__
    return await handler(event, data)
           ^^^^^^^^^^^^^^^^^^^^^^^^^^
  File "/Users/mehriddinmengturayev/Downloads/shopbot/app/middlewares/user_context.py", line 44, in __call__
    return await handler(event, data)
           ^^^^^^^^^^^^^^^^^^^^^^^^^^
  File "/Users/mehriddinmengturayev/Downloads/shopbot/.venv/lib/python3.13/site-packages/aiogram/dispatcher/event/telegram.py", line 121, in trigger
    return await wrapped_inner(event, kwargs)
           ^^^^^^^^^^^^^^^^^^^^^^^^^^^^^^^^^^
  File "/Users/mehriddinmengturayev/Downloads/shopbot/.venv/lib/python3.13/site-packages/aiogram/dispatcher/event/handler.py", line 43, in call
    return await wrapped()
           ^^^^^^^^^^^^^^^
  File "/Users/mehriddinmengturayev/Downloads/shopbot/.venv/lib/python3.13/site-packages/aiogram/dispatcher/dispatcher.py", line 276, in _listen_update
    return await self.propagate_event(update_type=update_type, event=event, **kwargs)
           ^^^^^^^^^^^^^^^^^^^^^^^^^^^^^^^^^^^^^^^^^^^^^^^^^^^^^^^^^^^^^^^^^^^^^^^^^^
  File "/Users/mehriddinmengturayev/Downloads/shopbot/.venv/lib/python3.13/site-packages/aiogram/dispatcher/router.py", line 146, in propagate_event
    return await observer.wrap_outer_middleware(_wrapped, event=event, data=kwargs)
           ^^^^^^^^^^^^^^^^^^^^^^^^^^^^^^^^^^^^^^^^^^^^^^^^^^^^^^^^^^^^^^^^^^^^^^^^
  File "/Users/mehriddinmengturayev/Downloads/shopbot/.venv/lib/python3.13/site-packages/aiogram/dispatcher/router.py", line 141, in _wrapped
    return await self._propagate_event(
           ^^^^^^^^^^^^^^^^^^^^^^^^^^^^
        observer=observer, update_type=update_type, event=telegram_event, **data
        ^^^^^^^^^^^^^^^^^^^^^^^^^^^^^^^^^^^^^^^^^^^^^^^^^^^^^^^^^^^^^^^^^^^^^^^^
    )
    ^
  File "/Users/mehriddinmengturayev/Downloads/shopbot/.venv/lib/python3.13/site-packages/aiogram/dispatcher/router.py", line 174, in _propagate_event
    response = await router.propagate_event(update_type=update_type, event=event, **kwargs)
               ^^^^^^^^^^^^^^^^^^^^^^^^^^^^^^^^^^^^^^^^^^^^^^^^^^^^^^^^^^^^^^^^^^^^^^^^^^^^
  File "/Users/mehriddinmengturayev/Downloads/shopbot/.venv/lib/python3.13/site-packages/aiogram/dispatcher/router.py", line 146, in propagate_event
    return await observer.wrap_outer_middleware(_wrapped, event=event, data=kwargs)
           ^^^^^^^^^^^^^^^^^^^^^^^^^^^^^^^^^^^^^^^^^^^^^^^^^^^^^^^^^^^^^^^^^^^^^^^^
  File "/Users/mehriddinmengturayev/Downloads/shopbot/.venv/lib/python3.13/site-packages/aiogram/dispatcher/router.py", line 141, in _wrapped
    return await self._propagate_event(
           ^^^^^^^^^^^^^^^^^^^^^^^^^^^^
        observer=observer, update_type=update_type, event=telegram_event, **data
        ^^^^^^^^^^^^^^^^^^^^^^^^^^^^^^^^^^^^^^^^^^^^^^^^^^^^^^^^^^^^^^^^^^^^^^^^
    )
    ^
  File "/Users/mehriddinmengturayev/Downloads/shopbot/.venv/lib/python3.13/site-packages/aiogram/dispatcher/router.py", line 174, in _propagate_event
    response = await router.propagate_event(update_type=update_type, event=event, **kwargs)
               ^^^^^^^^^^^^^^^^^^^^^^^^^^^^^^^^^^^^^^^^^^^^^^^^^^^^^^^^^^^^^^^^^^^^^^^^^^^^
  File "/Users/mehriddinmengturayev/Downloads/shopbot/.venv/lib/python3.13/site-packages/aiogram/dispatcher/router.py", line 146, in propagate_event
    return await observer.wrap_outer_middleware(_wrapped, event=event, data=kwargs)
           ^^^^^^^^^^^^^^^^^^^^^^^^^^^^^^^^^^^^^^^^^^^^^^^^^^^^^^^^^^^^^^^^^^^^^^^^
  File "/Users/mehriddinmengturayev/Downloads/shopbot/.venv/lib/python3.13/site-packages/aiogram/dispatcher/router.py", line 141, in _wrapped
    return await self._propagate_event(
           ^^^^^^^^^^^^^^^^^^^^^^^^^^^^
        observer=observer, update_type=update_type, event=telegram_event, **data
        ^^^^^^^^^^^^^^^^^^^^^^^^^^^^^^^^^^^^^^^^^^^^^^^^^^^^^^^^^^^^^^^^^^^^^^^^
    )
    ^
  File "/Users/mehriddinmengturayev/Downloads/shopbot/.venv/lib/python3.13/site-packages/aiogram/dispatcher/router.py", line 166, in _propagate_event
    response = await observer.trigger(event, **kwargs)
               ^^^^^^^^^^^^^^^^^^^^^^^^^^^^^^^^^^^^^^^
  File "/Users/mehriddinmengturayev/Downloads/shopbot/.venv/lib/python3.13/site-packages/aiogram/dispatcher/event/telegram.py", line 121, in trigger
    return await wrapped_inner(event, kwargs)
           ^^^^^^^^^^^^^^^^^^^^^^^^^^^^^^^^^^
  File "/Users/mehriddinmengturayev/Downloads/shopbot/.venv/lib/python3.13/site-packages/aiogram/dispatcher/event/handler.py", line 43, in call
    return await wrapped()
           ^^^^^^^^^^^^^^^
  File "/Users/mehriddinmengturayev/Downloads/shopbot/app/handlers/user/reviews.py", line 38, in show_reviews
    await message.answer(
    ...<2 lines>...
    )
  File "/Users/mehriddinmengturayev/Downloads/shopbot/.venv/lib/python3.13/site-packages/aiogram/methods/base.py", line 84, in emit
    return await bot(self)
           ^^^^^^^^^^^^^^^
  File "/Users/mehriddinmengturayev/Downloads/shopbot/.venv/lib/python3.13/site-packages/aiogram/client/bot.py", line 494, in __call__
    return await self.session(self, method, timeout=request_timeout)
           ^^^^^^^^^^^^^^^^^^^^^^^^^^^^^^^^^^^^^^^^^^^^^^^^^^^^^^^^^
  File "/Users/mehriddinmengturayev/Downloads/shopbot/.venv/lib/python3.13/site-packages/aiogram/client/session/base.py", line 254, in __call__
    return cast(TelegramType, await middleware(bot, method))
                              ^^^^^^^^^^^^^^^^^^^^^^^^^^^^^
  File "/Users/mehriddinmengturayev/Downloads/shopbot/.venv/lib/python3.13/site-packages/aiogram/client/session/aiohttp.py", line 189, in make_request
    response = self.check_response(
        bot=bot, method=method, status_code=resp.status, content=raw_result
    )
  File "/Users/mehriddinmengturayev/Downloads/shopbot/.venv/lib/python3.13/site-packages/aiogram/client/session/base.py", line 120, in check_response
    raise TelegramBadRequest(method=method, message=description)
aiogram.exceptions.TelegramBadRequest: Telegram server says - Bad Request: inline keyboard button URL 'isbotlar @jcjkdjchjd' is invalid: Disallowed character in URL userinfo
2026-07-31 01:50:44,288 | ERROR    | app.middlewares.error_handling | Unhandled exception while processing update
Traceback (most recent call last):
  File "/Users/mehriddinmengturayev/Downloads/shopbot/app/middlewares/error_handling.py", line 33, in __call__
    return await handler(event, data)
           ^^^^^^^^^^^^^^^^^^^^^^^^^^
  File "/Users/mehriddinmengturayev/Downloads/shopbot/app/middlewares/throttling.py", line 40, in __call__
    return await handler(event, data)
           ^^^^^^^^^^^^^^^^^^^^^^^^^^
  File "/Users/mehriddinmengturayev/Downloads/shopbot/app/middlewares/db_session.py", line 27, in __call__
    return await handler(event, data)
           ^^^^^^^^^^^^^^^^^^^^^^^^^^
  File "/Users/mehriddinmengturayev/Downloads/shopbot/app/middlewares/user_context.py", line 44, in __call__
    return await handler(event, data)
           ^^^^^^^^^^^^^^^^^^^^^^^^^^
  File "/Users/mehriddinmengturayev/Downloads/shopbot/.venv/lib/python3.13/site-packages/aiogram/dispatcher/event/telegram.py", line 121, in trigger
    return await wrapped_inner(event, kwargs)
           ^^^^^^^^^^^^^^^^^^^^^^^^^^^^^^^^^^
  File "/Users/mehriddinmengturayev/Downloads/shopbot/.venv/lib/python3.13/site-packages/aiogram/dispatcher/event/handler.py", line 43, in call
    return await wrapped()
           ^^^^^^^^^^^^^^^
  File "/Users/mehriddinmengturayev/Downloads/shopbot/.venv/lib/python3.13/site-packages/aiogram/dispatcher/dispatcher.py", line 276, in _listen_update
    return await self.propagate_event(update_type=update_type, event=event, **kwargs)
           ^^^^^^^^^^^^^^^^^^^^^^^^^^^^^^^^^^^^^^^^^^^^^^^^^^^^^^^^^^^^^^^^^^^^^^^^^^
  File "/Users/mehriddinmengturayev/Downloads/shopbot/.venv/lib/python3.13/site-packages/aiogram/dispatcher/router.py", line 146, in propagate_event
    return await observer.wrap_outer_middleware(_wrapped, event=event, data=kwargs)
           ^^^^^^^^^^^^^^^^^^^^^^^^^^^^^^^^^^^^^^^^^^^^^^^^^^^^^^^^^^^^^^^^^^^^^^^^
  File "/Users/mehriddinmengturayev/Downloads/shopbot/.venv/lib/python3.13/site-packages/aiogram/dispatcher/router.py", line 141, in _wrapped
    return await self._propagate_event(
           ^^^^^^^^^^^^^^^^^^^^^^^^^^^^
        observer=observer, update_type=update_type, event=telegram_event, **data
        ^^^^^^^^^^^^^^^^^^^^^^^^^^^^^^^^^^^^^^^^^^^^^^^^^^^^^^^^^^^^^^^^^^^^^^^^
    )
    ^
  File "/Users/mehriddinmengturayev/Downloads/shopbot/.venv/lib/python3.13/site-packages/aiogram/dispatcher/router.py", line 174, in _propagate_event
    response = await router.propagate_event(update_type=update_type, event=event, **kwargs)
               ^^^^^^^^^^^^^^^^^^^^^^^^^^^^^^^^^^^^^^^^^^^^^^^^^^^^^^^^^^^^^^^^^^^^^^^^^^^^
  File "/Users/mehriddinmengturayev/Downloads/shopbot/.venv/lib/python3.13/site-packages/aiogram/dispatcher/router.py", line 146, in propagate_event
    return await observer.wrap_outer_middleware(_wrapped, event=event, data=kwargs)
           ^^^^^^^^^^^^^^^^^^^^^^^^^^^^^^^^^^^^^^^^^^^^^^^^^^^^^^^^^^^^^^^^^^^^^^^^
  File "/Users/mehriddinmengturayev/Downloads/shopbot/.venv/lib/python3.13/site-packages/aiogram/dispatcher/router.py", line 141, in _wrapped
    return await self._propagate_event(
           ^^^^^^^^^^^^^^^^^^^^^^^^^^^^
        observer=observer, update_type=update_type, event=telegram_event, **data
        ^^^^^^^^^^^^^^^^^^^^^^^^^^^^^^^^^^^^^^^^^^^^^^^^^^^^^^^^^^^^^^^^^^^^^^^^
    )
    ^
  File "/Users/mehriddinmengturayev/Downloads/shopbot/.venv/lib/python3.13/site-packages/aiogram/dispatcher/router.py", line 174, in _propagate_event
    response = await router.propagate_event(update_type=update_type, event=event, **kwargs)
               ^^^^^^^^^^^^^^^^^^^^^^^^^^^^^^^^^^^^^^^^^^^^^^^^^^^^^^^^^^^^^^^^^^^^^^^^^^^^
  File "/Users/mehriddinmengturayev/Downloads/shopbot/.venv/lib/python3.13/site-packages/aiogram/dispatcher/router.py", line 146, in propagate_event
    return await observer.wrap_outer_middleware(_wrapped, event=event, data=kwargs)
           ^^^^^^^^^^^^^^^^^^^^^^^^^^^^^^^^^^^^^^^^^^^^^^^^^^^^^^^^^^^^^^^^^^^^^^^^
  File "/Users/mehriddinmengturayev/Downloads/shopbot/.venv/lib/python3.13/site-packages/aiogram/dispatcher/router.py", line 141, in _wrapped
    return await self._propagate_event(
           ^^^^^^^^^^^^^^^^^^^^^^^^^^^^
        observer=observer, update_type=update_type, event=telegram_event, **data
        ^^^^^^^^^^^^^^^^^^^^^^^^^^^^^^^^^^^^^^^^^^^^^^^^^^^^^^^^^^^^^^^^^^^^^^^^
    )
    ^
  File "/Users/mehriddinmengturayev/Downloads/shopbot/.venv/lib/python3.13/site-packages/aiogram/dispatcher/router.py", line 166, in _propagate_event
    response = await observer.trigger(event, **kwargs)
               ^^^^^^^^^^^^^^^^^^^^^^^^^^^^^^^^^^^^^^^
  File "/Users/mehriddinmengturayev/Downloads/shopbot/.venv/lib/python3.13/site-packages/aiogram/dispatcher/event/telegram.py", line 121, in trigger
    return await wrapped_inner(event, kwargs)
           ^^^^^^^^^^^^^^^^^^^^^^^^^^^^^^^^^^
  File "/Users/mehriddinmengturayev/Downloads/shopbot/.venv/lib/python3.13/site-packages/aiogram/dispatcher/event/handler.py", line 43, in call
    return await wrapped()
           ^^^^^^^^^^^^^^^
  File "/Users/mehriddinmengturayev/Downloads/shopbot/app/handlers/user/reviews.py", line 38, in show_reviews
    await message.answer(
    ...<2 lines>...
    )
  File "/Users/mehriddinmengturayev/Downloads/shopbot/.venv/lib/python3.13/site-packages/aiogram/methods/base.py", line 84, in emit
    return await bot(self)
           ^^^^^^^^^^^^^^^
  File "/Users/mehriddinmengturayev/Downloads/shopbot/.venv/lib/python3.13/site-packages/aiogram/client/bot.py", line 494, in __call__
    return await self.session(self, method, timeout=request_timeout)
           ^^^^^^^^^^^^^^^^^^^^^^^^^^^^^^^^^^^^^^^^^^^^^^^^^^^^^^^^^
  File "/Users/mehriddinmengturayev/Downloads/shopbot/.venv/lib/python3.13/site-packages/aiogram/client/session/base.py", line 254, in __call__
    return cast(TelegramType, await middleware(bot, method))
                              ^^^^^^^^^^^^^^^^^^^^^^^^^^^^^
  File "/Users/mehriddinmengturayev/Downloads/shopbot/.venv/lib/python3.13/site-packages/aiogram/client/session/aiohttp.py", line 189, in make_request
    response = self.check_response(
        bot=bot, method=method, status_code=resp.status, content=raw_result
    )
  File "/Users/mehriddinmengturayev/Downloads/shopbot/.venv/lib/python3.13/site-packages/aiogram/client/session/base.py", line 120, in check_response
    raise TelegramBadRequest(method=method, message=description)
aiogram.exceptions.TelegramBadRequest: Telegram server says - Bad Request: inline keyboard button URL 'isbotlar @jcjkdjchjd' is invalid: Disallowed character in URL userinfo
2026-07-31 02:37:07,882 | ERROR    | app.middlewares.error_handling | Unhandled exception while processing update
Traceback (most recent call last):
  File "/Users/mehriddinmengturayev/Downloads/shopbot/app/middlewares/error_handling.py", line 33, in __call__
    return await handler(event, data)
           ^^^^^^^^^^^^^^^^^^^^^^^^^^
  File "/Users/mehriddinmengturayev/Downloads/shopbot/app/middlewares/throttling.py", line 40, in __call__
    return await handler(event, data)
           ^^^^^^^^^^^^^^^^^^^^^^^^^^
  File "/Users/mehriddinmengturayev/Downloads/shopbot/app/middlewares/db_session.py", line 27, in __call__
    return await handler(event, data)
           ^^^^^^^^^^^^^^^^^^^^^^^^^^
  File "/Users/mehriddinmengturayev/Downloads/shopbot/app/middlewares/user_context.py", line 41, in __call__
    return await handler(event, data)
           ^^^^^^^^^^^^^^^^^^^^^^^^^^
  File "/Users/mehriddinmengturayev/Downloads/shopbot/.venv/lib/python3.13/site-packages/aiogram/dispatcher/event/telegram.py", line 121, in trigger
    return await wrapped_inner(event, kwargs)
           ^^^^^^^^^^^^^^^^^^^^^^^^^^^^^^^^^^
  File "/Users/mehriddinmengturayev/Downloads/shopbot/.venv/lib/python3.13/site-packages/aiogram/dispatcher/event/handler.py", line 43, in call
    return await wrapped()
           ^^^^^^^^^^^^^^^
  File "/Users/mehriddinmengturayev/Downloads/shopbot/.venv/lib/python3.13/site-packages/aiogram/dispatcher/dispatcher.py", line 276, in _listen_update
    return await self.propagate_event(update_type=update_type, event=event, **kwargs)
           ^^^^^^^^^^^^^^^^^^^^^^^^^^^^^^^^^^^^^^^^^^^^^^^^^^^^^^^^^^^^^^^^^^^^^^^^^^
  File "/Users/mehriddinmengturayev/Downloads/shopbot/.venv/lib/python3.13/site-packages/aiogram/dispatcher/router.py", line 146, in propagate_event
    return await observer.wrap_outer_middleware(_wrapped, event=event, data=kwargs)
           ^^^^^^^^^^^^^^^^^^^^^^^^^^^^^^^^^^^^^^^^^^^^^^^^^^^^^^^^^^^^^^^^^^^^^^^^
  File "/Users/mehriddinmengturayev/Downloads/shopbot/.venv/lib/python3.13/site-packages/aiogram/dispatcher/router.py", line 141, in _wrapped
    return await self._propagate_event(
           ^^^^^^^^^^^^^^^^^^^^^^^^^^^^
        observer=observer, update_type=update_type, event=telegram_event, **data
        ^^^^^^^^^^^^^^^^^^^^^^^^^^^^^^^^^^^^^^^^^^^^^^^^^^^^^^^^^^^^^^^^^^^^^^^^
    )
    ^
  File "/Users/mehriddinmengturayev/Downloads/shopbot/.venv/lib/python3.13/site-packages/aiogram/dispatcher/router.py", line 174, in _propagate_event
    response = await router.propagate_event(update_type=update_type, event=event, **kwargs)
               ^^^^^^^^^^^^^^^^^^^^^^^^^^^^^^^^^^^^^^^^^^^^^^^^^^^^^^^^^^^^^^^^^^^^^^^^^^^^
  File "/Users/mehriddinmengturayev/Downloads/shopbot/.venv/lib/python3.13/site-packages/aiogram/dispatcher/router.py", line 146, in propagate_event
    return await observer.wrap_outer_middleware(_wrapped, event=event, data=kwargs)
           ^^^^^^^^^^^^^^^^^^^^^^^^^^^^^^^^^^^^^^^^^^^^^^^^^^^^^^^^^^^^^^^^^^^^^^^^
  File "/Users/mehriddinmengturayev/Downloads/shopbot/.venv/lib/python3.13/site-packages/aiogram/dispatcher/router.py", line 141, in _wrapped
    return await self._propagate_event(
           ^^^^^^^^^^^^^^^^^^^^^^^^^^^^
        observer=observer, update_type=update_type, event=telegram_event, **data
        ^^^^^^^^^^^^^^^^^^^^^^^^^^^^^^^^^^^^^^^^^^^^^^^^^^^^^^^^^^^^^^^^^^^^^^^^
    )
    ^
  File "/Users/mehriddinmengturayev/Downloads/shopbot/.venv/lib/python3.13/site-packages/aiogram/dispatcher/router.py", line 174, in _propagate_event
    response = await router.propagate_event(update_type=update_type, event=event, **kwargs)
               ^^^^^^^^^^^^^^^^^^^^^^^^^^^^^^^^^^^^^^^^^^^^^^^^^^^^^^^^^^^^^^^^^^^^^^^^^^^^
  File "/Users/mehriddinmengturayev/Downloads/shopbot/.venv/lib/python3.13/site-packages/aiogram/dispatcher/router.py", line 146, in propagate_event
    return await observer.wrap_outer_middleware(_wrapped, event=event, data=kwargs)
           ^^^^^^^^^^^^^^^^^^^^^^^^^^^^^^^^^^^^^^^^^^^^^^^^^^^^^^^^^^^^^^^^^^^^^^^^
  File "/Users/mehriddinmengturayev/Downloads/shopbot/.venv/lib/python3.13/site-packages/aiogram/dispatcher/router.py", line 141, in _wrapped
    return await self._propagate_event(
           ^^^^^^^^^^^^^^^^^^^^^^^^^^^^
        observer=observer, update_type=update_type, event=telegram_event, **data
        ^^^^^^^^^^^^^^^^^^^^^^^^^^^^^^^^^^^^^^^^^^^^^^^^^^^^^^^^^^^^^^^^^^^^^^^^
    )
    ^
  File "/Users/mehriddinmengturayev/Downloads/shopbot/.venv/lib/python3.13/site-packages/aiogram/dispatcher/router.py", line 166, in _propagate_event
    response = await observer.trigger(event, **kwargs)
               ^^^^^^^^^^^^^^^^^^^^^^^^^^^^^^^^^^^^^^^
  File "/Users/mehriddinmengturayev/Downloads/shopbot/.venv/lib/python3.13/site-packages/aiogram/dispatcher/event/telegram.py", line 121, in trigger
    return await wrapped_inner(event, kwargs)
           ^^^^^^^^^^^^^^^^^^^^^^^^^^^^^^^^^^
  File "/Users/mehriddinmengturayev/Downloads/shopbot/.venv/lib/python3.13/site-packages/aiogram/dispatcher/event/handler.py", line 43, in call
    return await wrapped()
           ^^^^^^^^^^^^^^^
  File "/Users/mehriddinmengturayev/Downloads/shopbot/app/handlers/user/reviews.py", line 43, in show_reviews
    await message.answer(
    ...<2 lines>...
    )
  File "/Users/mehriddinmengturayev/Downloads/shopbot/.venv/lib/python3.13/site-packages/aiogram/methods/base.py", line 84, in emit
    return await bot(self)
           ^^^^^^^^^^^^^^^
  File "/Users/mehriddinmengturayev/Downloads/shopbot/.venv/lib/python3.13/site-packages/aiogram/client/bot.py", line 494, in __call__
    return await self.session(self, method, timeout=request_timeout)
           ^^^^^^^^^^^^^^^^^^^^^^^^^^^^^^^^^^^^^^^^^^^^^^^^^^^^^^^^^
  File "/Users/mehriddinmengturayev/Downloads/shopbot/.venv/lib/python3.13/site-packages/aiogram/client/session/base.py", line 254, in __call__
    return cast(TelegramType, await middleware(bot, method))
                              ^^^^^^^^^^^^^^^^^^^^^^^^^^^^^
  File "/Users/mehriddinmengturayev/Downloads/shopbot/.venv/lib/python3.13/site-packages/aiogram/client/session/aiohttp.py", line 189, in make_request
    response = self.check_response(
        bot=bot, method=method, status_code=resp.status, content=raw_result
    )
  File "/Users/mehriddinmengturayev/Downloads/shopbot/.venv/lib/python3.13/site-packages/aiogram/client/session/base.py", line 120, in check_response
    raise TelegramBadRequest(method=method, message=description)
aiogram.exceptions.TelegramBadRequest: Telegram server says - Bad Request: inline keyboard button URL 'isbotlar @jcjkdjchjd' is invalid: Disallowed character in URL userinfo
2026-07-31 02:37:12,814 | ERROR    | app.middlewares.error_handling | Unhandled exception while processing update
Traceback (most recent call last):
  File "/Users/mehriddinmengturayev/Downloads/shopbot/app/middlewares/error_handling.py", line 33, in __call__
    return await handler(event, data)
           ^^^^^^^^^^^^^^^^^^^^^^^^^^
  File "/Users/mehriddinmengturayev/Downloads/shopbot/app/middlewares/throttling.py", line 40, in __call__
    return await handler(event, data)
           ^^^^^^^^^^^^^^^^^^^^^^^^^^
  File "/Users/mehriddinmengturayev/Downloads/shopbot/app/middlewares/db_session.py", line 27, in __call__
    return await handler(event, data)
           ^^^^^^^^^^^^^^^^^^^^^^^^^^
  File "/Users/mehriddinmengturayev/Downloads/shopbot/app/middlewares/user_context.py", line 41, in __call__
    return await handler(event, data)
           ^^^^^^^^^^^^^^^^^^^^^^^^^^
  File "/Users/mehriddinmengturayev/Downloads/shopbot/.venv/lib/python3.13/site-packages/aiogram/dispatcher/event/telegram.py", line 121, in trigger
    return await wrapped_inner(event, kwargs)
           ^^^^^^^^^^^^^^^^^^^^^^^^^^^^^^^^^^
  File "/Users/mehriddinmengturayev/Downloads/shopbot/.venv/lib/python3.13/site-packages/aiogram/dispatcher/event/handler.py", line 43, in call
    return await wrapped()
           ^^^^^^^^^^^^^^^
  File "/Users/mehriddinmengturayev/Downloads/shopbot/.venv/lib/python3.13/site-packages/aiogram/dispatcher/dispatcher.py", line 276, in _listen_update
    return await self.propagate_event(update_type=update_type, event=event, **kwargs)
           ^^^^^^^^^^^^^^^^^^^^^^^^^^^^^^^^^^^^^^^^^^^^^^^^^^^^^^^^^^^^^^^^^^^^^^^^^^
  File "/Users/mehriddinmengturayev/Downloads/shopbot/.venv/lib/python3.13/site-packages/aiogram/dispatcher/router.py", line 146, in propagate_event
    return await observer.wrap_outer_middleware(_wrapped, event=event, data=kwargs)
           ^^^^^^^^^^^^^^^^^^^^^^^^^^^^^^^^^^^^^^^^^^^^^^^^^^^^^^^^^^^^^^^^^^^^^^^^
  File "/Users/mehriddinmengturayev/Downloads/shopbot/.venv/lib/python3.13/site-packages/aiogram/dispatcher/router.py", line 141, in _wrapped
    return await self._propagate_event(
           ^^^^^^^^^^^^^^^^^^^^^^^^^^^^
        observer=observer, update_type=update_type, event=telegram_event, **data
        ^^^^^^^^^^^^^^^^^^^^^^^^^^^^^^^^^^^^^^^^^^^^^^^^^^^^^^^^^^^^^^^^^^^^^^^^
    )
    ^
  File "/Users/mehriddinmengturayev/Downloads/shopbot/.venv/lib/python3.13/site-packages/aiogram/dispatcher/router.py", line 174, in _propagate_event
    response = await router.propagate_event(update_type=update_type, event=event, **kwargs)
               ^^^^^^^^^^^^^^^^^^^^^^^^^^^^^^^^^^^^^^^^^^^^^^^^^^^^^^^^^^^^^^^^^^^^^^^^^^^^
  File "/Users/mehriddinmengturayev/Downloads/shopbot/.venv/lib/python3.13/site-packages/aiogram/dispatcher/router.py", line 146, in propagate_event
    return await observer.wrap_outer_middleware(_wrapped, event=event, data=kwargs)
           ^^^^^^^^^^^^^^^^^^^^^^^^^^^^^^^^^^^^^^^^^^^^^^^^^^^^^^^^^^^^^^^^^^^^^^^^
  File "/Users/mehriddinmengturayev/Downloads/shopbot/.venv/lib/python3.13/site-packages/aiogram/dispatcher/router.py", line 141, in _wrapped
    return await self._propagate_event(
           ^^^^^^^^^^^^^^^^^^^^^^^^^^^^
        observer=observer, update_type=update_type, event=telegram_event, **data
        ^^^^^^^^^^^^^^^^^^^^^^^^^^^^^^^^^^^^^^^^^^^^^^^^^^^^^^^^^^^^^^^^^^^^^^^^
    )
    ^
  File "/Users/mehriddinmengturayev/Downloads/shopbot/.venv/lib/python3.13/site-packages/aiogram/dispatcher/router.py", line 174, in _propagate_event
    response = await router.propagate_event(update_type=update_type, event=event, **kwargs)
               ^^^^^^^^^^^^^^^^^^^^^^^^^^^^^^^^^^^^^^^^^^^^^^^^^^^^^^^^^^^^^^^^^^^^^^^^^^^^
  File "/Users/mehriddinmengturayev/Downloads/shopbot/.venv/lib/python3.13/site-packages/aiogram/dispatcher/router.py", line 146, in propagate_event
    return await observer.wrap_outer_middleware(_wrapped, event=event, data=kwargs)
           ^^^^^^^^^^^^^^^^^^^^^^^^^^^^^^^^^^^^^^^^^^^^^^^^^^^^^^^^^^^^^^^^^^^^^^^^
  File "/Users/mehriddinmengturayev/Downloads/shopbot/.venv/lib/python3.13/site-packages/aiogram/dispatcher/router.py", line 141, in _wrapped
    return await self._propagate_event(
           ^^^^^^^^^^^^^^^^^^^^^^^^^^^^
        observer=observer, update_type=update_type, event=telegram_event, **data
        ^^^^^^^^^^^^^^^^^^^^^^^^^^^^^^^^^^^^^^^^^^^^^^^^^^^^^^^^^^^^^^^^^^^^^^^^
    )
    ^
  File "/Users/mehriddinmengturayev/Downloads/shopbot/.venv/lib/python3.13/site-packages/aiogram/dispatcher/router.py", line 166, in _propagate_event
    response = await observer.trigger(event, **kwargs)
               ^^^^^^^^^^^^^^^^^^^^^^^^^^^^^^^^^^^^^^^
  File "/Users/mehriddinmengturayev/Downloads/shopbot/.venv/lib/python3.13/site-packages/aiogram/dispatcher/event/telegram.py", line 121, in trigger
    return await wrapped_inner(event, kwargs)
           ^^^^^^^^^^^^^^^^^^^^^^^^^^^^^^^^^^
  File "/Users/mehriddinmengturayev/Downloads/shopbot/.venv/lib/python3.13/site-packages/aiogram/dispatcher/event/handler.py", line 43, in call
    return await wrapped()
           ^^^^^^^^^^^^^^^
  File "/Users/mehriddinmengturayev/Downloads/shopbot/app/handlers/user/reviews.py", line 43, in show_reviews
    await message.answer(
    ...<2 lines>...
    )
  File "/Users/mehriddinmengturayev/Downloads/shopbot/.venv/lib/python3.13/site-packages/aiogram/methods/base.py", line 84, in emit
    return await bot(self)
           ^^^^^^^^^^^^^^^
  File "/Users/mehriddinmengturayev/Downloads/shopbot/.venv/lib/python3.13/site-packages/aiogram/client/bot.py", line 494, in __call__
    return await self.session(self, method, timeout=request_timeout)
           ^^^^^^^^^^^^^^^^^^^^^^^^^^^^^^^^^^^^^^^^^^^^^^^^^^^^^^^^^
  File "/Users/mehriddinmengturayev/Downloads/shopbot/.venv/lib/python3.13/site-packages/aiogram/client/session/base.py", line 254, in __call__
    return cast(TelegramType, await middleware(bot, method))
                              ^^^^^^^^^^^^^^^^^^^^^^^^^^^^^
  File "/Users/mehriddinmengturayev/Downloads/shopbot/.venv/lib/python3.13/site-packages/aiogram/client/session/aiohttp.py", line 189, in make_request
    response = self.check_response(
        bot=bot, method=method, status_code=resp.status, content=raw_result
    )
  File "/Users/mehriddinmengturayev/Downloads/shopbot/.venv/lib/python3.13/site-packages/aiogram/client/session/base.py", line 120, in check_response
    raise TelegramBadRequest(method=method, message=description)
aiogram.exceptions.TelegramBadRequest: Telegram server says - Bad Request: inline keyboard button URL 'isbotlar @jcjkdjchjd' is invalid: Disallowed character in URL userinfo
2026-07-31 02:38:18,496 | ERROR    | app.middlewares.error_handling | Unhandled exception while processing update
Traceback (most recent call last):
  File "/opt/homebrew/Cellar/python@3.13/3.13.14_1/Frameworks/Python.framework/Versions/3.13/lib/python3.13/asyncio/selector_events.py", line 987, in _read_ready__get_buffer
    nbytes = self._sock.recv_into(buf)
ConnectionResetError: [Errno 54] Connection reset by peer

The above exception was the direct cause of the following exception:

Traceback (most recent call last):
  File "/Users/mehriddinmengturayev/Downloads/shopbot/.venv/lib/python3.13/site-packages/aiogram/client/session/aiohttp.py", line 181, in make_request
    async with session.post(
               ~~~~~~~~~~~~^
        url, data=form, timeout=self.timeout if timeout is None else timeout
        ^^^^^^^^^^^^^^^^^^^^^^^^^^^^^^^^^^^^^^^^^^^^^^^^^^^^^^^^^^^^^^^^^^^^
    ) as resp:
    ^
  File "/Users/mehriddinmengturayev/Downloads/shopbot/.venv/lib/python3.13/site-packages/aiohttp/client.py", line 1360, in __aenter__
    self._resp: _RetType = await self._coro
                           ^^^^^^^^^^^^^^^^
  File "/Users/mehriddinmengturayev/Downloads/shopbot/.venv/lib/python3.13/site-packages/aiohttp/client.py", line 690, in _request
    await resp.start(conn)
  File "/Users/mehriddinmengturayev/Downloads/shopbot/.venv/lib/python3.13/site-packages/aiohttp/client_reqrep.py", line 1059, in start
    message, payload = await protocol.read()  # type: ignore[union-attr]
                       ^^^^^^^^^^^^^^^^^^^^^
  File "/Users/mehriddinmengturayev/Downloads/shopbot/.venv/lib/python3.13/site-packages/aiohttp/streams.py", line 644, in read
    await self._waiter
aiohttp.client_exceptions.ClientOSError: [Errno 54] Connection reset by peer

During handling of the above exception, another exception occurred:

Traceback (most recent call last):
  File "/Users/mehriddinmengturayev/Downloads/shopbot/app/middlewares/error_handling.py", line 33, in __call__
    return await handler(event, data)
           ^^^^^^^^^^^^^^^^^^^^^^^^^^
  File "/Users/mehriddinmengturayev/Downloads/shopbot/app/middlewares/throttling.py", line 40, in __call__
    return await handler(event, data)
           ^^^^^^^^^^^^^^^^^^^^^^^^^^
  File "/Users/mehriddinmengturayev/Downloads/shopbot/app/middlewares/db_session.py", line 27, in __call__
    return await handler(event, data)
           ^^^^^^^^^^^^^^^^^^^^^^^^^^
  File "/Users/mehriddinmengturayev/Downloads/shopbot/app/middlewares/user_context.py", line 41, in __call__
    return await handler(event, data)
           ^^^^^^^^^^^^^^^^^^^^^^^^^^
  File "/Users/mehriddinmengturayev/Downloads/shopbot/.venv/lib/python3.13/site-packages/aiogram/dispatcher/event/telegram.py", line 121, in trigger
    return await wrapped_inner(event, kwargs)
           ^^^^^^^^^^^^^^^^^^^^^^^^^^^^^^^^^^
  File "/Users/mehriddinmengturayev/Downloads/shopbot/.venv/lib/python3.13/site-packages/aiogram/dispatcher/event/handler.py", line 43, in call
    return await wrapped()
           ^^^^^^^^^^^^^^^
  File "/Users/mehriddinmengturayev/Downloads/shopbot/.venv/lib/python3.13/site-packages/aiogram/dispatcher/dispatcher.py", line 276, in _listen_update
    return await self.propagate_event(update_type=update_type, event=event, **kwargs)
           ^^^^^^^^^^^^^^^^^^^^^^^^^^^^^^^^^^^^^^^^^^^^^^^^^^^^^^^^^^^^^^^^^^^^^^^^^^
  File "/Users/mehriddinmengturayev/Downloads/shopbot/.venv/lib/python3.13/site-packages/aiogram/dispatcher/router.py", line 146, in propagate_event
    return await observer.wrap_outer_middleware(_wrapped, event=event, data=kwargs)
           ^^^^^^^^^^^^^^^^^^^^^^^^^^^^^^^^^^^^^^^^^^^^^^^^^^^^^^^^^^^^^^^^^^^^^^^^
  File "/Users/mehriddinmengturayev/Downloads/shopbot/.venv/lib/python3.13/site-packages/aiogram/dispatcher/router.py", line 141, in _wrapped
    return await self._propagate_event(
           ^^^^^^^^^^^^^^^^^^^^^^^^^^^^
        observer=observer, update_type=update_type, event=telegram_event, **data
        ^^^^^^^^^^^^^^^^^^^^^^^^^^^^^^^^^^^^^^^^^^^^^^^^^^^^^^^^^^^^^^^^^^^^^^^^
    )
    ^
  File "/Users/mehriddinmengturayev/Downloads/shopbot/.venv/lib/python3.13/site-packages/aiogram/dispatcher/router.py", line 174, in _propagate_event
    response = await router.propagate_event(update_type=update_type, event=event, **kwargs)
               ^^^^^^^^^^^^^^^^^^^^^^^^^^^^^^^^^^^^^^^^^^^^^^^^^^^^^^^^^^^^^^^^^^^^^^^^^^^^
  File "/Users/mehriddinmengturayev/Downloads/shopbot/.venv/lib/python3.13/site-packages/aiogram/dispatcher/router.py", line 146, in propagate_event
    return await observer.wrap_outer_middleware(_wrapped, event=event, data=kwargs)
           ^^^^^^^^^^^^^^^^^^^^^^^^^^^^^^^^^^^^^^^^^^^^^^^^^^^^^^^^^^^^^^^^^^^^^^^^
  File "/Users/mehriddinmengturayev/Downloads/shopbot/.venv/lib/python3.13/site-packages/aiogram/dispatcher/router.py", line 141, in _wrapped
    return await self._propagate_event(
           ^^^^^^^^^^^^^^^^^^^^^^^^^^^^
        observer=observer, update_type=update_type, event=telegram_event, **data
        ^^^^^^^^^^^^^^^^^^^^^^^^^^^^^^^^^^^^^^^^^^^^^^^^^^^^^^^^^^^^^^^^^^^^^^^^
    )
    ^
  File "/Users/mehriddinmengturayev/Downloads/shopbot/.venv/lib/python3.13/site-packages/aiogram/dispatcher/router.py", line 174, in _propagate_event
    response = await router.propagate_event(update_type=update_type, event=event, **kwargs)
               ^^^^^^^^^^^^^^^^^^^^^^^^^^^^^^^^^^^^^^^^^^^^^^^^^^^^^^^^^^^^^^^^^^^^^^^^^^^^
  File "/Users/mehriddinmengturayev/Downloads/shopbot/.venv/lib/python3.13/site-packages/aiogram/dispatcher/router.py", line 146, in propagate_event
    return await observer.wrap_outer_middleware(_wrapped, event=event, data=kwargs)
           ^^^^^^^^^^^^^^^^^^^^^^^^^^^^^^^^^^^^^^^^^^^^^^^^^^^^^^^^^^^^^^^^^^^^^^^^
  File "/Users/mehriddinmengturayev/Downloads/shopbot/.venv/lib/python3.13/site-packages/aiogram/dispatcher/router.py", line 141, in _wrapped
    return await self._propagate_event(
           ^^^^^^^^^^^^^^^^^^^^^^^^^^^^
        observer=observer, update_type=update_type, event=telegram_event, **data
        ^^^^^^^^^^^^^^^^^^^^^^^^^^^^^^^^^^^^^^^^^^^^^^^^^^^^^^^^^^^^^^^^^^^^^^^^
    )
    ^
  File "/Users/mehriddinmengturayev/Downloads/shopbot/.venv/lib/python3.13/site-packages/aiogram/dispatcher/router.py", line 166, in _propagate_event
    response = await observer.trigger(event, **kwargs)
               ^^^^^^^^^^^^^^^^^^^^^^^^^^^^^^^^^^^^^^^
  File "/Users/mehriddinmengturayev/Downloads/shopbot/.venv/lib/python3.13/site-packages/aiogram/dispatcher/event/telegram.py", line 121, in trigger
    return await wrapped_inner(event, kwargs)
           ^^^^^^^^^^^^^^^^^^^^^^^^^^^^^^^^^^
  File "/Users/mehriddinmengturayev/Downloads/shopbot/.venv/lib/python3.13/site-packages/aiogram/dispatcher/event/handler.py", line 43, in call
    return await wrapped()
           ^^^^^^^^^^^^^^^
  File "/Users/mehriddinmengturayev/Downloads/shopbot/app/handlers/user/shop.py", line 64, in open_shop
    await message.answer(
        t(lang, "main_menu_hint"), reply_markup=shop_list_kb([v.product for v in views], lang)
    )
  File "/Users/mehriddinmengturayev/Downloads/shopbot/.venv/lib/python3.13/site-packages/aiogram/methods/base.py", line 84, in emit
    return await bot(self)
           ^^^^^^^^^^^^^^^
  File "/Users/mehriddinmengturayev/Downloads/shopbot/.venv/lib/python3.13/site-packages/aiogram/client/bot.py", line 494, in __call__
    return await self.session(self, method, timeout=request_timeout)
           ^^^^^^^^^^^^^^^^^^^^^^^^^^^^^^^^^^^^^^^^^^^^^^^^^^^^^^^^^
  File "/Users/mehriddinmengturayev/Downloads/shopbot/.venv/lib/python3.13/site-packages/aiogram/client/session/base.py", line 254, in __call__
    return cast(TelegramType, await middleware(bot, method))
                              ^^^^^^^^^^^^^^^^^^^^^^^^^^^^^
  File "/Users/mehriddinmengturayev/Downloads/shopbot/.venv/lib/python3.13/site-packages/aiogram/client/session/aiohttp.py", line 188, in make_request
    raise TelegramNetworkError(method=method, message=f"{type(e).__name__}: {e}")
aiogram.exceptions.TelegramNetworkError: HTTP Client says - ClientOSError: [Errno 54] Connection reset by peer
2026-07-31 02:40:58,413 | ERROR    | aiogram.dispatcher | Failed to fetch updates - TelegramNetworkError: HTTP Client says - ClientOSError: [Errno 54] Connection reset by peer
2026-07-31 02:47:34,573 | ERROR    | app.middlewares.error_handling | Unhandled exception while processing update
Traceback (most recent call last):
  File "/Users/mehriddinmengturayev/Downloads/shopbot/app/middlewares/error_handling.py", line 33, in __call__
    return await handler(event, data)
           ^^^^^^^^^^^^^^^^^^^^^^^^^^
  File "/Users/mehriddinmengturayev/Downloads/shopbot/app/middlewares/throttling.py", line 40, in __call__
    return await handler(event, data)
           ^^^^^^^^^^^^^^^^^^^^^^^^^^
  File "/Users/mehriddinmengturayev/Downloads/shopbot/app/middlewares/db_session.py", line 27, in __call__
    return await handler(event, data)
           ^^^^^^^^^^^^^^^^^^^^^^^^^^
  File "/Users/mehriddinmengturayev/Downloads/shopbot/app/middlewares/user_context.py", line 41, in __call__
    return await handler(event, data)
           ^^^^^^^^^^^^^^^^^^^^^^^^^^
  File "/Users/mehriddinmengturayev/Downloads/shopbot/.venv/lib/python3.13/site-packages/aiogram/dispatcher/event/telegram.py", line 121, in trigger
    return await wrapped_inner(event, kwargs)
           ^^^^^^^^^^^^^^^^^^^^^^^^^^^^^^^^^^
  File "/Users/mehriddinmengturayev/Downloads/shopbot/.venv/lib/python3.13/site-packages/aiogram/dispatcher/event/handler.py", line 43, in call
    return await wrapped()
           ^^^^^^^^^^^^^^^
  File "/Users/mehriddinmengturayev/Downloads/shopbot/.venv/lib/python3.13/site-packages/aiogram/dispatcher/dispatcher.py", line 276, in _listen_update
    return await self.propagate_event(update_type=update_type, event=event, **kwargs)
           ^^^^^^^^^^^^^^^^^^^^^^^^^^^^^^^^^^^^^^^^^^^^^^^^^^^^^^^^^^^^^^^^^^^^^^^^^^
  File "/Users/mehriddinmengturayev/Downloads/shopbot/.venv/lib/python3.13/site-packages/aiogram/dispatcher/router.py", line 146, in propagate_event
    return await observer.wrap_outer_middleware(_wrapped, event=event, data=kwargs)
           ^^^^^^^^^^^^^^^^^^^^^^^^^^^^^^^^^^^^^^^^^^^^^^^^^^^^^^^^^^^^^^^^^^^^^^^^
  File "/Users/mehriddinmengturayev/Downloads/shopbot/.venv/lib/python3.13/site-packages/aiogram/dispatcher/router.py", line 141, in _wrapped
    return await self._propagate_event(
           ^^^^^^^^^^^^^^^^^^^^^^^^^^^^
        observer=observer, update_type=update_type, event=telegram_event, **data
        ^^^^^^^^^^^^^^^^^^^^^^^^^^^^^^^^^^^^^^^^^^^^^^^^^^^^^^^^^^^^^^^^^^^^^^^^
    )
    ^
  File "/Users/mehriddinmengturayev/Downloads/shopbot/.venv/lib/python3.13/site-packages/aiogram/dispatcher/router.py", line 174, in _propagate_event
    response = await router.propagate_event(update_type=update_type, event=event, **kwargs)
               ^^^^^^^^^^^^^^^^^^^^^^^^^^^^^^^^^^^^^^^^^^^^^^^^^^^^^^^^^^^^^^^^^^^^^^^^^^^^
  File "/Users/mehriddinmengturayev/Downloads/shopbot/.venv/lib/python3.13/site-packages/aiogram/dispatcher/router.py", line 146, in propagate_event
    return await observer.wrap_outer_middleware(_wrapped, event=event, data=kwargs)
           ^^^^^^^^^^^^^^^^^^^^^^^^^^^^^^^^^^^^^^^^^^^^^^^^^^^^^^^^^^^^^^^^^^^^^^^^
  File "/Users/mehriddinmengturayev/Downloads/shopbot/.venv/lib/python3.13/site-packages/aiogram/dispatcher/router.py", line 141, in _wrapped
    return await self._propagate_event(
           ^^^^^^^^^^^^^^^^^^^^^^^^^^^^
        observer=observer, update_type=update_type, event=telegram_event, **data
        ^^^^^^^^^^^^^^^^^^^^^^^^^^^^^^^^^^^^^^^^^^^^^^^^^^^^^^^^^^^^^^^^^^^^^^^^
    )
    ^
  File "/Users/mehriddinmengturayev/Downloads/shopbot/.venv/lib/python3.13/site-packages/aiogram/dispatcher/router.py", line 174, in _propagate_event
    response = await router.propagate_event(update_type=update_type, event=event, **kwargs)
               ^^^^^^^^^^^^^^^^^^^^^^^^^^^^^^^^^^^^^^^^^^^^^^^^^^^^^^^^^^^^^^^^^^^^^^^^^^^^
  File "/Users/mehriddinmengturayev/Downloads/shopbot/.venv/lib/python3.13/site-packages/aiogram/dispatcher/router.py", line 146, in propagate_event
    return await observer.wrap_outer_middleware(_wrapped, event=event, data=kwargs)
           ^^^^^^^^^^^^^^^^^^^^^^^^^^^^^^^^^^^^^^^^^^^^^^^^^^^^^^^^^^^^^^^^^^^^^^^^
  File "/Users/mehriddinmengturayev/Downloads/shopbot/.venv/lib/python3.13/site-packages/aiogram/dispatcher/router.py", line 141, in _wrapped
    return await self._propagate_event(
           ^^^^^^^^^^^^^^^^^^^^^^^^^^^^
        observer=observer, update_type=update_type, event=telegram_event, **data
        ^^^^^^^^^^^^^^^^^^^^^^^^^^^^^^^^^^^^^^^^^^^^^^^^^^^^^^^^^^^^^^^^^^^^^^^^
    )
    ^
  File "/Users/mehriddinmengturayev/Downloads/shopbot/.venv/lib/python3.13/site-packages/aiogram/dispatcher/router.py", line 166, in _propagate_event
    response = await observer.trigger(event, **kwargs)
               ^^^^^^^^^^^^^^^^^^^^^^^^^^^^^^^^^^^^^^^
  File "/Users/mehriddinmengturayev/Downloads/shopbot/.venv/lib/python3.13/site-packages/aiogram/dispatcher/event/telegram.py", line 121, in trigger
    return await wrapped_inner(event, kwargs)
           ^^^^^^^^^^^^^^^^^^^^^^^^^^^^^^^^^^
  File "/Users/mehriddinmengturayev/Downloads/shopbot/.venv/lib/python3.13/site-packages/aiogram/dispatcher/event/handler.py", line 43, in call
    return await wrapped()
           ^^^^^^^^^^^^^^^
  File "/Users/mehriddinmengturayev/Downloads/shopbot/app/handlers/user/reviews.py", line 29, in show_reviews
    await message.answer(
    ...<2 lines>...
    )
  File "/Users/mehriddinmengturayev/Downloads/shopbot/.venv/lib/python3.13/site-packages/aiogram/methods/base.py", line 84, in emit
    return await bot(self)
           ^^^^^^^^^^^^^^^
  File "/Users/mehriddinmengturayev/Downloads/shopbot/.venv/lib/python3.13/site-packages/aiogram/client/bot.py", line 494, in __call__
    return await self.session(self, method, timeout=request_timeout)
           ^^^^^^^^^^^^^^^^^^^^^^^^^^^^^^^^^^^^^^^^^^^^^^^^^^^^^^^^^
  File "/Users/mehriddinmengturayev/Downloads/shopbot/.venv/lib/python3.13/site-packages/aiogram/client/session/base.py", line 254, in __call__
    return cast(TelegramType, await middleware(bot, method))
                              ^^^^^^^^^^^^^^^^^^^^^^^^^^^^^
  File "/Users/mehriddinmengturayev/Downloads/shopbot/.venv/lib/python3.13/site-packages/aiogram/client/session/aiohttp.py", line 189, in make_request
    response = self.check_response(
        bot=bot, method=method, status_code=resp.status, content=raw_result
    )
  File "/Users/mehriddinmengturayev/Downloads/shopbot/.venv/lib/python3.13/site-packages/aiogram/client/session/base.py", line 120, in check_response
    raise TelegramBadRequest(method=method, message=description)
aiogram.exceptions.TelegramBadRequest: Telegram server says - Bad Request: inline keyboard button URL 'isbotlar @jcjkdjchjd' is invalid: Disallowed character in URL userinfo
2026-07-31 02:48:10,023 | ERROR    | app.middlewares.error_handling | Unhandled exception while processing update
Traceback (most recent call last):
  File "/Users/mehriddinmengturayev/Downloads/shopbot/app/middlewares/error_handling.py", line 33, in __call__
    return await handler(event, data)
           ^^^^^^^^^^^^^^^^^^^^^^^^^^
  File "/Users/mehriddinmengturayev/Downloads/shopbot/app/middlewares/throttling.py", line 40, in __call__
    return await handler(event, data)
           ^^^^^^^^^^^^^^^^^^^^^^^^^^
  File "/Users/mehriddinmengturayev/Downloads/shopbot/app/middlewares/db_session.py", line 27, in __call__
    return await handler(event, data)
           ^^^^^^^^^^^^^^^^^^^^^^^^^^
  File "/Users/mehriddinmengturayev/Downloads/shopbot/app/middlewares/user_context.py", line 41, in __call__
    return await handler(event, data)
           ^^^^^^^^^^^^^^^^^^^^^^^^^^
  File "/Users/mehriddinmengturayev/Downloads/shopbot/.venv/lib/python3.13/site-packages/aiogram/dispatcher/event/telegram.py", line 121, in trigger
    return await wrapped_inner(event, kwargs)
           ^^^^^^^^^^^^^^^^^^^^^^^^^^^^^^^^^^
  File "/Users/mehriddinmengturayev/Downloads/shopbot/.venv/lib/python3.13/site-packages/aiogram/dispatcher/event/handler.py", line 43, in call
    return await wrapped()
           ^^^^^^^^^^^^^^^
  File "/Users/mehriddinmengturayev/Downloads/shopbot/.venv/lib/python3.13/site-packages/aiogram/dispatcher/dispatcher.py", line 276, in _listen_update
    return await self.propagate_event(update_type=update_type, event=event, **kwargs)
           ^^^^^^^^^^^^^^^^^^^^^^^^^^^^^^^^^^^^^^^^^^^^^^^^^^^^^^^^^^^^^^^^^^^^^^^^^^
  File "/Users/mehriddinmengturayev/Downloads/shopbot/.venv/lib/python3.13/site-packages/aiogram/dispatcher/router.py", line 146, in propagate_event
    return await observer.wrap_outer_middleware(_wrapped, event=event, data=kwargs)
           ^^^^^^^^^^^^^^^^^^^^^^^^^^^^^^^^^^^^^^^^^^^^^^^^^^^^^^^^^^^^^^^^^^^^^^^^
  File "/Users/mehriddinmengturayev/Downloads/shopbot/.venv/lib/python3.13/site-packages/aiogram/dispatcher/router.py", line 141, in _wrapped
    return await self._propagate_event(
           ^^^^^^^^^^^^^^^^^^^^^^^^^^^^
        observer=observer, update_type=update_type, event=telegram_event, **data
        ^^^^^^^^^^^^^^^^^^^^^^^^^^^^^^^^^^^^^^^^^^^^^^^^^^^^^^^^^^^^^^^^^^^^^^^^
    )
    ^
  File "/Users/mehriddinmengturayev/Downloads/shopbot/.venv/lib/python3.13/site-packages/aiogram/dispatcher/router.py", line 174, in _propagate_event
    response = await router.propagate_event(update_type=update_type, event=event, **kwargs)
               ^^^^^^^^^^^^^^^^^^^^^^^^^^^^^^^^^^^^^^^^^^^^^^^^^^^^^^^^^^^^^^^^^^^^^^^^^^^^
  File "/Users/mehriddinmengturayev/Downloads/shopbot/.venv/lib/python3.13/site-packages/aiogram/dispatcher/router.py", line 146, in propagate_event
    return await observer.wrap_outer_middleware(_wrapped, event=event, data=kwargs)
           ^^^^^^^^^^^^^^^^^^^^^^^^^^^^^^^^^^^^^^^^^^^^^^^^^^^^^^^^^^^^^^^^^^^^^^^^
  File "/Users/mehriddinmengturayev/Downloads/shopbot/.venv/lib/python3.13/site-packages/aiogram/dispatcher/router.py", line 141, in _wrapped
    return await self._propagate_event(
           ^^^^^^^^^^^^^^^^^^^^^^^^^^^^
        observer=observer, update_type=update_type, event=telegram_event, **data
        ^^^^^^^^^^^^^^^^^^^^^^^^^^^^^^^^^^^^^^^^^^^^^^^^^^^^^^^^^^^^^^^^^^^^^^^^
    )
    ^
  File "/Users/mehriddinmengturayev/Downloads/shopbot/.venv/lib/python3.13/site-packages/aiogram/dispatcher/router.py", line 174, in _propagate_event
    response = await router.propagate_event(update_type=update_type, event=event, **kwargs)
               ^^^^^^^^^^^^^^^^^^^^^^^^^^^^^^^^^^^^^^^^^^^^^^^^^^^^^^^^^^^^^^^^^^^^^^^^^^^^
  File "/Users/mehriddinmengturayev/Downloads/shopbot/.venv/lib/python3.13/site-packages/aiogram/dispatcher/router.py", line 146, in propagate_event
    return await observer.wrap_outer_middleware(_wrapped, event=event, data=kwargs)
           ^^^^^^^^^^^^^^^^^^^^^^^^^^^^^^^^^^^^^^^^^^^^^^^^^^^^^^^^^^^^^^^^^^^^^^^^
  File "/Users/mehriddinmengturayev/Downloads/shopbot/.venv/lib/python3.13/site-packages/aiogram/dispatcher/router.py", line 141, in _wrapped
    return await self._propagate_event(
           ^^^^^^^^^^^^^^^^^^^^^^^^^^^^
        observer=observer, update_type=update_type, event=telegram_event, **data
        ^^^^^^^^^^^^^^^^^^^^^^^^^^^^^^^^^^^^^^^^^^^^^^^^^^^^^^^^^^^^^^^^^^^^^^^^
    )
    ^
  File "/Users/mehriddinmengturayev/Downloads/shopbot/.venv/lib/python3.13/site-packages/aiogram/dispatcher/router.py", line 166, in _propagate_event
    response = await observer.trigger(event, **kwargs)
               ^^^^^^^^^^^^^^^^^^^^^^^^^^^^^^^^^^^^^^^
  File "/Users/mehriddinmengturayev/Downloads/shopbot/.venv/lib/python3.13/site-packages/aiogram/dispatcher/event/telegram.py", line 121, in trigger
    return await wrapped_inner(event, kwargs)
           ^^^^^^^^^^^^^^^^^^^^^^^^^^^^^^^^^^
  File "/Users/mehriddinmengturayev/Downloads/shopbot/.venv/lib/python3.13/site-packages/aiogram/dispatcher/event/handler.py", line 43, in call
    return await wrapped()
           ^^^^^^^^^^^^^^^
  File "/Users/mehriddinmengturayev/Downloads/shopbot/app/handlers/user/reviews.py", line 29, in show_reviews
    await message.answer(
    ...<2 lines>...
    )
  File "/Users/mehriddinmengturayev/Downloads/shopbot/.venv/lib/python3.13/site-packages/aiogram/methods/base.py", line 84, in emit
    return await bot(self)
           ^^^^^^^^^^^^^^^
  File "/Users/mehriddinmengturayev/Downloads/shopbot/.venv/lib/python3.13/site-packages/aiogram/client/bot.py", line 494, in __call__
    return await self.session(self, method, timeout=request_timeout)
           ^^^^^^^^^^^^^^^^^^^^^^^^^^^^^^^^^^^^^^^^^^^^^^^^^^^^^^^^^
  File "/Users/mehriddinmengturayev/Downloads/shopbot/.venv/lib/python3.13/site-packages/aiogram/client/session/base.py", line 254, in __call__
    return cast(TelegramType, await middleware(bot, method))
                              ^^^^^^^^^^^^^^^^^^^^^^^^^^^^^
  File "/Users/mehriddinmengturayev/Downloads/shopbot/.venv/lib/python3.13/site-packages/aiogram/client/session/aiohttp.py", line 189, in make_request
    response = self.check_response(
        bot=bot, method=method, status_code=resp.status, content=raw_result
    )
  File "/Users/mehriddinmengturayev/Downloads/shopbot/.venv/lib/python3.13/site-packages/aiogram/client/session/base.py", line 120, in check_response
    raise TelegramBadRequest(method=method, message=description)
aiogram.exceptions.TelegramBadRequest: Telegram server says - Bad Request: inline keyboard button URL 'isbotlar @jcjkdjchjd' is invalid: Disallowed character in URL userinfo
2026-07-31 02:49:28,797 | ERROR    | providers | cryptobot check_invoice HTTP error: [Errno 8] nodename nor servname provided, or not known
2026-07-31 02:49:30,348 | ERROR    | providers | xrocket check_invoice HTTP error: [Errno 8] nodename nor servname provided, or not known
2026-07-31 02:49:31,909 | ERROR    | providers | cryptobot check_invoice HTTP error: [Errno 8] nodename nor servname provided, or not known
2026-07-31 03:03:14,004 | ERROR    | app.middlewares.error_handling | Unhandled exception while processing update
Traceback (most recent call last):
  File "/Users/mehriddinmengturayev/Downloads/shopbot/app/middlewares/error_handling.py", line 33, in __call__
    return await handler(event, data)
           ^^^^^^^^^^^^^^^^^^^^^^^^^^
  File "/Users/mehriddinmengturayev/Downloads/shopbot/app/middlewares/throttling.py", line 40, in __call__
    return await handler(event, data)
           ^^^^^^^^^^^^^^^^^^^^^^^^^^
  File "/Users/mehriddinmengturayev/Downloads/shopbot/app/middlewares/db_session.py", line 27, in __call__
    return await handler(event, data)
           ^^^^^^^^^^^^^^^^^^^^^^^^^^
  File "/Users/mehriddinmengturayev/Downloads/shopbot/app/middlewares/user_context.py", line 41, in __call__
    return await handler(event, data)
           ^^^^^^^^^^^^^^^^^^^^^^^^^^
  File "/Users/mehriddinmengturayev/Downloads/shopbot/.venv/lib/python3.13/site-packages/aiogram/dispatcher/event/telegram.py", line 121, in trigger
    return await wrapped_inner(event, kwargs)
           ^^^^^^^^^^^^^^^^^^^^^^^^^^^^^^^^^^
  File "/Users/mehriddinmengturayev/Downloads/shopbot/.venv/lib/python3.13/site-packages/aiogram/dispatcher/event/handler.py", line 43, in call
    return await wrapped()
           ^^^^^^^^^^^^^^^
  File "/Users/mehriddinmengturayev/Downloads/shopbot/.venv/lib/python3.13/site-packages/aiogram/dispatcher/dispatcher.py", line 276, in _listen_update
    return await self.propagate_event(update_type=update_type, event=event, **kwargs)
           ^^^^^^^^^^^^^^^^^^^^^^^^^^^^^^^^^^^^^^^^^^^^^^^^^^^^^^^^^^^^^^^^^^^^^^^^^^
  File "/Users/mehriddinmengturayev/Downloads/shopbot/.venv/lib/python3.13/site-packages/aiogram/dispatcher/router.py", line 146, in propagate_event
    return await observer.wrap_outer_middleware(_wrapped, event=event, data=kwargs)
           ^^^^^^^^^^^^^^^^^^^^^^^^^^^^^^^^^^^^^^^^^^^^^^^^^^^^^^^^^^^^^^^^^^^^^^^^
  File "/Users/mehriddinmengturayev/Downloads/shopbot/.venv/lib/python3.13/site-packages/aiogram/dispatcher/router.py", line 141, in _wrapped
    return await self._propagate_event(
           ^^^^^^^^^^^^^^^^^^^^^^^^^^^^
        observer=observer, update_type=update_type, event=telegram_event, **data
        ^^^^^^^^^^^^^^^^^^^^^^^^^^^^^^^^^^^^^^^^^^^^^^^^^^^^^^^^^^^^^^^^^^^^^^^^
    )
    ^
  File "/Users/mehriddinmengturayev/Downloads/shopbot/.venv/lib/python3.13/site-packages/aiogram/dispatcher/router.py", line 174, in _propagate_event
    response = await router.propagate_event(update_type=update_type, event=event, **kwargs)
               ^^^^^^^^^^^^^^^^^^^^^^^^^^^^^^^^^^^^^^^^^^^^^^^^^^^^^^^^^^^^^^^^^^^^^^^^^^^^
  File "/Users/mehriddinmengturayev/Downloads/shopbot/.venv/lib/python3.13/site-packages/aiogram/dispatcher/router.py", line 146, in propagate_event
    return await observer.wrap_outer_middleware(_wrapped, event=event, data=kwargs)
           ^^^^^^^^^^^^^^^^^^^^^^^^^^^^^^^^^^^^^^^^^^^^^^^^^^^^^^^^^^^^^^^^^^^^^^^^
  File "/Users/mehriddinmengturayev/Downloads/shopbot/.venv/lib/python3.13/site-packages/aiogram/dispatcher/router.py", line 141, in _wrapped
    return await self._propagate_event(
           ^^^^^^^^^^^^^^^^^^^^^^^^^^^^
        observer=observer, update_type=update_type, event=telegram_event, **data
        ^^^^^^^^^^^^^^^^^^^^^^^^^^^^^^^^^^^^^^^^^^^^^^^^^^^^^^^^^^^^^^^^^^^^^^^^
    )
    ^
  File "/Users/mehriddinmengturayev/Downloads/shopbot/.venv/lib/python3.13/site-packages/aiogram/dispatcher/router.py", line 174, in _propagate_event
    response = await router.propagate_event(update_type=update_type, event=event, **kwargs)
               ^^^^^^^^^^^^^^^^^^^^^^^^^^^^^^^^^^^^^^^^^^^^^^^^^^^^^^^^^^^^^^^^^^^^^^^^^^^^
  File "/Users/mehriddinmengturayev/Downloads/shopbot/.venv/lib/python3.13/site-packages/aiogram/dispatcher/router.py", line 146, in propagate_event
    return await observer.wrap_outer_middleware(_wrapped, event=event, data=kwargs)
           ^^^^^^^^^^^^^^^^^^^^^^^^^^^^^^^^^^^^^^^^^^^^^^^^^^^^^^^^^^^^^^^^^^^^^^^^
  File "/Users/mehriddinmengturayev/Downloads/shopbot/.venv/lib/python3.13/site-packages/aiogram/dispatcher/router.py", line 141, in _wrapped
    return await self._propagate_event(
           ^^^^^^^^^^^^^^^^^^^^^^^^^^^^
        observer=observer, update_type=update_type, event=telegram_event, **data
        ^^^^^^^^^^^^^^^^^^^^^^^^^^^^^^^^^^^^^^^^^^^^^^^^^^^^^^^^^^^^^^^^^^^^^^^^
    )
    ^
  File "/Users/mehriddinmengturayev/Downloads/shopbot/.venv/lib/python3.13/site-packages/aiogram/dispatcher/router.py", line 166, in _propagate_event
    response = await observer.trigger(event, **kwargs)
               ^^^^^^^^^^^^^^^^^^^^^^^^^^^^^^^^^^^^^^^
  File "/Users/mehriddinmengturayev/Downloads/shopbot/.venv/lib/python3.13/site-packages/aiogram/dispatcher/event/telegram.py", line 121, in trigger
    return await wrapped_inner(event, kwargs)
           ^^^^^^^^^^^^^^^^^^^^^^^^^^^^^^^^^^
  File "/Users/mehriddinmengturayev/Downloads/shopbot/.venv/lib/python3.13/site-packages/aiogram/dispatcher/event/handler.py", line 43, in call
    return await wrapped()
           ^^^^^^^^^^^^^^^
  File "/Users/mehriddinmengturayev/Downloads/shopbot/app/handlers/user/reviews.py", line 29, in show_reviews
    await message.answer(
    ...<2 lines>...
    )
  File "/Users/mehriddinmengturayev/Downloads/shopbot/.venv/lib/python3.13/site-packages/aiogram/methods/base.py", line 84, in emit
    return await bot(self)
           ^^^^^^^^^^^^^^^
  File "/Users/mehriddinmengturayev/Downloads/shopbot/.venv/lib/python3.13/site-packages/aiogram/client/bot.py", line 494, in __call__
    return await self.session(self, method, timeout=request_timeout)
           ^^^^^^^^^^^^^^^^^^^^^^^^^^^^^^^^^^^^^^^^^^^^^^^^^^^^^^^^^
  File "/Users/mehriddinmengturayev/Downloads/shopbot/.venv/lib/python3.13/site-packages/aiogram/client/session/base.py", line 254, in __call__
    return cast(TelegramType, await middleware(bot, method))
                              ^^^^^^^^^^^^^^^^^^^^^^^^^^^^^
  File "/Users/mehriddinmengturayev/Downloads/shopbot/.venv/lib/python3.13/site-packages/aiogram/client/session/aiohttp.py", line 189, in make_request
    response = self.check_response(
        bot=bot, method=method, status_code=resp.status, content=raw_result
    )
  File "/Users/mehriddinmengturayev/Downloads/shopbot/.venv/lib/python3.13/site-packages/aiogram/client/session/base.py", line 120, in check_response
    raise TelegramBadRequest(method=method, message=description)
aiogram.exceptions.TelegramBadRequest: Telegram server says - Bad Request: inline keyboard button URL 'isbotlar @jcjkdjchjd' is invalid: Disallowed character in URL userinfo
