2026-07-30 20:38:37,953 | INFO     | providers | Crypto payment poller started (interval=20.0s)
2026-07-30 20:38:37,956 | ERROR    | providers | Crypto poller iteration failed
Traceback (most recent call last):
  File "/Users/mehriddinmengturayev/Downloads/shopbot/.venv/lib/python3.13/site-packages/sqlalchemy/engine/base.py", line 1967, in _exec_single_context
    self.dialect.do_execute(
    ~~~~~~~~~~~~~~~~~~~~~~~^
        cursor, str_statement, effective_parameters, context
        ^^^^^^^^^^^^^^^^^^^^^^^^^^^^^^^^^^^^^^^^^^^^^^^^^^^^
    )
    ^
  File "/Users/mehriddinmengturayev/Downloads/shopbot/.venv/lib/python3.13/site-packages/sqlalchemy/engine/default.py", line 941, in do_execute
    cursor.execute(statement, parameters)
    ~~~~~~~~~~~~~~^^^^^^^^^^^^^^^^^^^^^^^
  File "/Users/mehriddinmengturayev/Downloads/shopbot/.venv/lib/python3.13/site-packages/sqlalchemy/dialects/sqlite/aiosqlite.py", line 147, in execute
    self._adapt_connection._handle_exception(error)
    ~~~~~~~~~~~~~~~~~~~~~~~~~~~~~~~~~~~~~~~~^^^^^^^
  File "/Users/mehriddinmengturayev/Downloads/shopbot/.venv/lib/python3.13/site-packages/sqlalchemy/dialects/sqlite/aiosqlite.py", line 298, in _handle_exception
    raise error
  File "/Users/mehriddinmengturayev/Downloads/shopbot/.venv/lib/python3.13/site-packages/sqlalchemy/dialects/sqlite/aiosqlite.py", line 129, in execute
    self.await_(_cursor.execute(operation, parameters))
    ~~~~~~~~~~~^^^^^^^^^^^^^^^^^^^^^^^^^^^^^^^^^^^^^^^^
  File "/Users/mehriddinmengturayev/Downloads/shopbot/.venv/lib/python3.13/site-packages/sqlalchemy/util/_concurrency_py3k.py", line 132, in await_only
    return current.parent.switch(awaitable)  # type: ignore[no-any-return,attr-defined] # noqa: E501
           ~~~~~~~~~~~~~~~~~~~~~^^^^^^^^^^^
  File "/Users/mehriddinmengturayev/Downloads/shopbot/.venv/lib/python3.13/site-packages/sqlalchemy/util/_concurrency_py3k.py", line 196, in greenlet_spawn
    value = await result
            ^^^^^^^^^^^^
  File "/Users/mehriddinmengturayev/Downloads/shopbot/.venv/lib/python3.13/site-packages/aiosqlite/cursor.py", line 48, in execute
    await self._execute(self._cursor.execute, sql, parameters)
  File "/Users/mehriddinmengturayev/Downloads/shopbot/.venv/lib/python3.13/site-packages/aiosqlite/cursor.py", line 40, in _execute
    return await self._conn._execute(fn, *args, **kwargs)
           ^^^^^^^^^^^^^^^^^^^^^^^^^^^^^^^^^^^^^^^^^^^^^^
  File "/Users/mehriddinmengturayev/Downloads/shopbot/.venv/lib/python3.13/site-packages/aiosqlite/core.py", line 132, in _execute
    return await future
           ^^^^^^^^^^^^
  File "/Users/mehriddinmengturayev/Downloads/shopbot/.venv/lib/python3.13/site-packages/aiosqlite/core.py", line 115, in run
    result = function()
sqlite3.OperationalError: no such column: orders.payment_method

The above exception was the direct cause of the following exception:

Traceback (most recent call last):
  File "/Users/mehriddinmengturayev/Downloads/shopbot/app/services/crypto_poller.py", line 33, in crypto_poller_loop
    await _poll_once(bot)
  File "/Users/mehriddinmengturayev/Downloads/shopbot/app/services/crypto_poller.py", line 44, in _poll_once
    pending = await orders_repo.list_awaiting_crypto_payment()
              ^^^^^^^^^^^^^^^^^^^^^^^^^^^^^^^^^^^^^^^^^^^^^^^^
  File "/Users/mehriddinmengturayev/Downloads/shopbot/app/repositories/order_repo.py", line 47, in list_awaiting_crypto_payment
    result = await self.session.execute(
             ^^^^^^^^^^^^^^^^^^^^^^^^^^^
    ...<3 lines>...
    )
    ^
  File "/Users/mehriddinmengturayev/Downloads/shopbot/.venv/lib/python3.13/site-packages/sqlalchemy/ext/asyncio/session.py", line 461, in execute
    result = await greenlet_spawn(
             ^^^^^^^^^^^^^^^^^^^^^
    ...<6 lines>...
    )
    ^
  File "/Users/mehriddinmengturayev/Downloads/shopbot/.venv/lib/python3.13/site-packages/sqlalchemy/util/_concurrency_py3k.py", line 201, in greenlet_spawn
    result = context.throw(*sys.exc_info())
  File "/Users/mehriddinmengturayev/Downloads/shopbot/.venv/lib/python3.13/site-packages/sqlalchemy/orm/session.py", line 2362, in execute
    return self._execute_internal(
           ~~~~~~~~~~~~~~~~~~~~~~^
        statement,
        ^^^^^^^^^^
    ...<4 lines>...
        _add_event=_add_event,
        ^^^^^^^^^^^^^^^^^^^^^^
    )
    ^
  File "/Users/mehriddinmengturayev/Downloads/shopbot/.venv/lib/python3.13/site-packages/sqlalchemy/orm/session.py", line 2247, in _execute_internal
    result: Result[Any] = compile_state_cls.orm_execute_statement(
                          ~~~~~~~~~~~~~~~~~~~~~~~~~~~~~~~~~~~~~~~^
        self,
        ^^^^^
    ...<4 lines>...
        conn,
        ^^^^^
    )
    ^
  File "/Users/mehriddinmengturayev/Downloads/shopbot/.venv/lib/python3.13/site-packages/sqlalchemy/orm/context.py", line 305, in orm_execute_statement
    result = conn.execute(
        statement, params or {}, execution_options=execution_options
    )
  File "/Users/mehriddinmengturayev/Downloads/shopbot/.venv/lib/python3.13/site-packages/sqlalchemy/engine/base.py", line 1418, in execute
    return meth(
        self,
        distilled_parameters,
        execution_options or NO_OPTIONS,
    )
  File "/Users/mehriddinmengturayev/Downloads/shopbot/.venv/lib/python3.13/site-packages/sqlalchemy/sql/elements.py", line 515, in _execute_on_connection
    return connection._execute_clauseelement(
           ~~~~~~~~~~~~~~~~~~~~~~~~~~~~~~~~~^
        self, distilled_params, execution_options
        ^^^^^^^^^^^^^^^^^^^^^^^^^^^^^^^^^^^^^^^^^
    )
    ^
  File "/Users/mehriddinmengturayev/Downloads/shopbot/.venv/lib/python3.13/site-packages/sqlalchemy/engine/base.py", line 1640, in _execute_clauseelement
    ret = self._execute_context(
        dialect,
    ...<8 lines>...
        cache_hit=cache_hit,
    )
  File "/Users/mehriddinmengturayev/Downloads/shopbot/.venv/lib/python3.13/site-packages/sqlalchemy/engine/base.py", line 1846, in _execute_context
    return self._exec_single_context(
           ~~~~~~~~~~~~~~~~~~~~~~~~~^
        dialect, context, statement, parameters
        ^^^^^^^^^^^^^^^^^^^^^^^^^^^^^^^^^^^^^^^
    )
    ^
  File "/Users/mehriddinmengturayev/Downloads/shopbot/.venv/lib/python3.13/site-packages/sqlalchemy/engine/base.py", line 1986, in _exec_single_context
    self._handle_dbapi_exception(
    ~~~~~~~~~~~~~~~~~~~~~~~~~~~~^
        e, str_statement, effective_parameters, cursor, context
        ^^^^^^^^^^^^^^^^^^^^^^^^^^^^^^^^^^^^^^^^^^^^^^^^^^^^^^^
    )
    ^
  File "/Users/mehriddinmengturayev/Downloads/shopbot/.venv/lib/python3.13/site-packages/sqlalchemy/engine/base.py", line 2355, in _handle_dbapi_exception
    raise sqlalchemy_exception.with_traceback(exc_info[2]) from e
  File "/Users/mehriddinmengturayev/Downloads/shopbot/.venv/lib/python3.13/site-packages/sqlalchemy/engine/base.py", line 1967, in _exec_single_context
    self.dialect.do_execute(
    ~~~~~~~~~~~~~~~~~~~~~~~^
        cursor, str_statement, effective_parameters, context
        ^^^^^^^^^^^^^^^^^^^^^^^^^^^^^^^^^^^^^^^^^^^^^^^^^^^^
    )
    ^
  File "/Users/mehriddinmengturayev/Downloads/shopbot/.venv/lib/python3.13/site-packages/sqlalchemy/engine/default.py", line 941, in do_execute
    cursor.execute(statement, parameters)
    ~~~~~~~~~~~~~~^^^^^^^^^^^^^^^^^^^^^^^
  File "/Users/mehriddinmengturayev/Downloads/shopbot/.venv/lib/python3.13/site-packages/sqlalchemy/dialects/sqlite/aiosqlite.py", line 147, in execute
    self._adapt_connection._handle_exception(error)
    ~~~~~~~~~~~~~~~~~~~~~~~~~~~~~~~~~~~~~~~~^^^^^^^
  File "/Users/mehriddinmengturayev/Downloads/shopbot/.venv/lib/python3.13/site-packages/sqlalchemy/dialects/sqlite/aiosqlite.py", line 298, in _handle_exception
    raise error
  File "/Users/mehriddinmengturayev/Downloads/shopbot/.venv/lib/python3.13/site-packages/sqlalchemy/dialects/sqlite/aiosqlite.py", line 129, in execute
    self.await_(_cursor.execute(operation, parameters))
    ~~~~~~~~~~~^^^^^^^^^^^^^^^^^^^^^^^^^^^^^^^^^^^^^^^^
  File "/Users/mehriddinmengturayev/Downloads/shopbot/.venv/lib/python3.13/site-packages/sqlalchemy/util/_concurrency_py3k.py", line 132, in await_only
    return current.parent.switch(awaitable)  # type: ignore[no-any-return,attr-defined] # noqa: E501
           ~~~~~~~~~~~~~~~~~~~~~^^^^^^^^^^^
  File "/Users/mehriddinmengturayev/Downloads/shopbot/.venv/lib/python3.13/site-packages/sqlalchemy/util/_concurrency_py3k.py", line 196, in greenlet_spawn
    value = await result
            ^^^^^^^^^^^^
  File "/Users/mehriddinmengturayev/Downloads/shopbot/.venv/lib/python3.13/site-packages/aiosqlite/cursor.py", line 48, in execute
    await self._execute(self._cursor.execute, sql, parameters)
  File "/Users/mehriddinmengturayev/Downloads/shopbot/.venv/lib/python3.13/site-packages/aiosqlite/cursor.py", line 40, in _execute
    return await self._conn._execute(fn, *args, **kwargs)
           ^^^^^^^^^^^^^^^^^^^^^^^^^^^^^^^^^^^^^^^^^^^^^^
  File "/Users/mehriddinmengturayev/Downloads/shopbot/.venv/lib/python3.13/site-packages/aiosqlite/core.py", line 132, in _execute
    return await future
           ^^^^^^^^^^^^
  File "/Users/mehriddinmengturayev/Downloads/shopbot/.venv/lib/python3.13/site-packages/aiosqlite/core.py", line 115, in run
    result = function()
sqlalchemy.exc.OperationalError: (sqlite3.OperationalError) no such column: orders.payment_method
[SQL: SELECT orders.id, orders.order_uuid, orders.user_id, orders.product_id, orders.price_at_purchase, orders.currency, orders.status, orders.payment_method, orders.crypto_provider, orders.crypto_invoice_id, orders.crypto_pay_url, orders.decided_by_admin_id, orders.decided_at, orders.rejection_reason, orders.delivered_payload, orders.delivered_at, orders.created_at, orders.updated_at 
FROM orders 
WHERE orders.status = ?]
[parameters: ('AWAITING_CRYPTO_PAYMENT',)]
(Background on this error at: https://sqlalche.me/e/20/e3q8)
2026-07-30 20:38:57,972 | ERROR    | providers | Crypto poller iteration failed
Traceback (most recent call last):
  File "/Users/mehriddinmengturayev/Downloads/shopbot/.venv/lib/python3.13/site-packages/sqlalchemy/engine/base.py", line 1967, in _exec_single_context
    self.dialect.do_execute(
    ~~~~~~~~~~~~~~~~~~~~~~~^
        cursor, str_statement, effective_parameters, context
        ^^^^^^^^^^^^^^^^^^^^^^^^^^^^^^^^^^^^^^^^^^^^^^^^^^^^
    )
    ^
  File "/Users/mehriddinmengturayev/Downloads/shopbot/.venv/lib/python3.13/site-packages/sqlalchemy/engine/default.py", line 941, in do_execute
    cursor.execute(statement, parameters)
    ~~~~~~~~~~~~~~^^^^^^^^^^^^^^^^^^^^^^^
  File "/Users/mehriddinmengturayev/Downloads/shopbot/.venv/lib/python3.13/site-packages/sqlalchemy/dialects/sqlite/aiosqlite.py", line 147, in execute
    self._adapt_connection._handle_exception(error)
    ~~~~~~~~~~~~~~~~~~~~~~~~~~~~~~~~~~~~~~~~^^^^^^^
  File "/Users/mehriddinmengturayev/Downloads/shopbot/.venv/lib/python3.13/site-packages/sqlalchemy/dialects/sqlite/aiosqlite.py", line 298, in _handle_exception
    raise error
  File "/Users/mehriddinmengturayev/Downloads/shopbot/.venv/lib/python3.13/site-packages/sqlalchemy/dialects/sqlite/aiosqlite.py", line 129, in execute
    self.await_(_cursor.execute(operation, parameters))
    ~~~~~~~~~~~^^^^^^^^^^^^^^^^^^^^^^^^^^^^^^^^^^^^^^^^
  File "/Users/mehriddinmengturayev/Downloads/shopbot/.venv/lib/python3.13/site-packages/sqlalchemy/util/_concurrency_py3k.py", line 132, in await_only
    return current.parent.switch(awaitable)  # type: ignore[no-any-return,attr-defined] # noqa: E501
           ~~~~~~~~~~~~~~~~~~~~~^^^^^^^^^^^
  File "/Users/mehriddinmengturayev/Downloads/shopbot/.venv/lib/python3.13/site-packages/sqlalchemy/util/_concurrency_py3k.py", line 196, in greenlet_spawn
    value = await result
            ^^^^^^^^^^^^
  File "/Users/mehriddinmengturayev/Downloads/shopbot/.venv/lib/python3.13/site-packages/aiosqlite/cursor.py", line 48, in execute
    await self._execute(self._cursor.execute, sql, parameters)
  File "/Users/mehriddinmengturayev/Downloads/shopbot/.venv/lib/python3.13/site-packages/aiosqlite/cursor.py", line 40, in _execute
    return await self._conn._execute(fn, *args, **kwargs)
           ^^^^^^^^^^^^^^^^^^^^^^^^^^^^^^^^^^^^^^^^^^^^^^
  File "/Users/mehriddinmengturayev/Downloads/shopbot/.venv/lib/python3.13/site-packages/aiosqlite/core.py", line 132, in _execute
    return await future
           ^^^^^^^^^^^^
  File "/Users/mehriddinmengturayev/Downloads/shopbot/.venv/lib/python3.13/site-packages/aiosqlite/core.py", line 115, in run
    result = function()
sqlite3.OperationalError: no such column: orders.payment_method

The above exception was the direct cause of the following exception:

Traceback (most recent call last):
  File "/Users/mehriddinmengturayev/Downloads/shopbot/app/services/crypto_poller.py", line 33, in crypto_poller_loop
    await _poll_once(bot)
  File "/Users/mehriddinmengturayev/Downloads/shopbot/app/services/crypto_poller.py", line 44, in _poll_once
    pending = await orders_repo.list_awaiting_crypto_payment()
              ^^^^^^^^^^^^^^^^^^^^^^^^^^^^^^^^^^^^^^^^^^^^^^^^
  File "/Users/mehriddinmengturayev/Downloads/shopbot/app/repositories/order_repo.py", line 47, in list_awaiting_crypto_payment
    result = await self.session.execute(
             ^^^^^^^^^^^^^^^^^^^^^^^^^^^
    ...<3 lines>...
    )
    ^
  File "/Users/mehriddinmengturayev/Downloads/shopbot/.venv/lib/python3.13/site-packages/sqlalchemy/ext/asyncio/session.py", line 461, in execute
    result = await greenlet_spawn(
             ^^^^^^^^^^^^^^^^^^^^^
    ...<6 lines>...
    )
    ^
  File "/Users/mehriddinmengturayev/Downloads/shopbot/.venv/lib/python3.13/site-packages/sqlalchemy/util/_concurrency_py3k.py", line 201, in greenlet_spawn
    result = context.throw(*sys.exc_info())
  File "/Users/mehriddinmengturayev/Downloads/shopbot/.venv/lib/python3.13/site-packages/sqlalchemy/orm/session.py", line 2362, in execute
    return self._execute_internal(
           ~~~~~~~~~~~~~~~~~~~~~~^
        statement,
        ^^^^^^^^^^
    ...<4 lines>...
        _add_event=_add_event,
        ^^^^^^^^^^^^^^^^^^^^^^
    )
    ^
  File "/Users/mehriddinmengturayev/Downloads/shopbot/.venv/lib/python3.13/site-packages/sqlalchemy/orm/session.py", line 2247, in _execute_internal
    result: Result[Any] = compile_state_cls.orm_execute_statement(
                          ~~~~~~~~~~~~~~~~~~~~~~~~~~~~~~~~~~~~~~~^
        self,
        ^^^^^
    ...<4 lines>...
        conn,
        ^^^^^
    )
    ^
  File "/Users/mehriddinmengturayev/Downloads/shopbot/.venv/lib/python3.13/site-packages/sqlalchemy/orm/context.py", line 305, in orm_execute_statement
    result = conn.execute(
        statement, params or {}, execution_options=execution_options
    )
  File "/Users/mehriddinmengturayev/Downloads/shopbot/.venv/lib/python3.13/site-packages/sqlalchemy/engine/base.py", line 1418, in execute
    return meth(
        self,
        distilled_parameters,
        execution_options or NO_OPTIONS,
    )
  File "/Users/mehriddinmengturayev/Downloads/shopbot/.venv/lib/python3.13/site-packages/sqlalchemy/sql/elements.py", line 515, in _execute_on_connection
    return connection._execute_clauseelement(
           ~~~~~~~~~~~~~~~~~~~~~~~~~~~~~~~~~^
        self, distilled_params, execution_options
        ^^^^^^^^^^^^^^^^^^^^^^^^^^^^^^^^^^^^^^^^^
    )
    ^
  File "/Users/mehriddinmengturayev/Downloads/shopbot/.venv/lib/python3.13/site-packages/sqlalchemy/engine/base.py", line 1640, in _execute_clauseelement
    ret = self._execute_context(
        dialect,
    ...<8 lines>...
        cache_hit=cache_hit,
    )
  File "/Users/mehriddinmengturayev/Downloads/shopbot/.venv/lib/python3.13/site-packages/sqlalchemy/engine/base.py", line 1846, in _execute_context
    return self._exec_single_context(
           ~~~~~~~~~~~~~~~~~~~~~~~~~^
        dialect, context, statement, parameters
        ^^^^^^^^^^^^^^^^^^^^^^^^^^^^^^^^^^^^^^^
    )
    ^
  File "/Users/mehriddinmengturayev/Downloads/shopbot/.venv/lib/python3.13/site-packages/sqlalchemy/engine/base.py", line 1986, in _exec_single_context
    self._handle_dbapi_exception(
    ~~~~~~~~~~~~~~~~~~~~~~~~~~~~^
        e, str_statement, effective_parameters, cursor, context
        ^^^^^^^^^^^^^^^^^^^^^^^^^^^^^^^^^^^^^^^^^^^^^^^^^^^^^^^
    )
    ^
  File "/Users/mehriddinmengturayev/Downloads/shopbot/.venv/lib/python3.13/site-packages/sqlalchemy/engine/base.py", line 2355, in _handle_dbapi_exception
    raise sqlalchemy_exception.with_traceback(exc_info[2]) from e
  File "/Users/mehriddinmengturayev/Downloads/shopbot/.venv/lib/python3.13/site-packages/sqlalchemy/engine/base.py", line 1967, in _exec_single_context
    self.dialect.do_execute(
    ~~~~~~~~~~~~~~~~~~~~~~~^
        cursor, str_statement, effective_parameters, context
        ^^^^^^^^^^^^^^^^^^^^^^^^^^^^^^^^^^^^^^^^^^^^^^^^^^^^
    )
    ^
  File "/Users/mehriddinmengturayev/Downloads/shopbot/.venv/lib/python3.13/site-packages/sqlalchemy/engine/default.py", line 941, in do_execute
    cursor.execute(statement, parameters)
    ~~~~~~~~~~~~~~^^^^^^^^^^^^^^^^^^^^^^^
  File "/Users/mehriddinmengturayev/Downloads/shopbot/.venv/lib/python3.13/site-packages/sqlalchemy/dialects/sqlite/aiosqlite.py", line 147, in execute
    self._adapt_connection._handle_exception(error)
    ~~~~~~~~~~~~~~~~~~~~~~~~~~~~~~~~~~~~~~~~^^^^^^^
  File "/Users/mehriddinmengturayev/Downloads/shopbot/.venv/lib/python3.13/site-packages/sqlalchemy/dialects/sqlite/aiosqlite.py", line 298, in _handle_exception
    raise error
  File "/Users/mehriddinmengturayev/Downloads/shopbot/.venv/lib/python3.13/site-packages/sqlalchemy/dialects/sqlite/aiosqlite.py", line 129, in execute
    self.await_(_cursor.execute(operation, parameters))
    ~~~~~~~~~~~^^^^^^^^^^^^^^^^^^^^^^^^^^^^^^^^^^^^^^^^
  File "/Users/mehriddinmengturayev/Downloads/shopbot/.venv/lib/python3.13/site-packages/sqlalchemy/util/_concurrency_py3k.py", line 132, in await_only
    return current.parent.switch(awaitable)  # type: ignore[no-any-return,attr-defined] # noqa: E501
           ~~~~~~~~~~~~~~~~~~~~~^^^^^^^^^^^
  File "/Users/mehriddinmengturayev/Downloads/shopbot/.venv/lib/python3.13/site-packages/sqlalchemy/util/_concurrency_py3k.py", line 196, in greenlet_spawn
    value = await result
            ^^^^^^^^^^^^
  File "/Users/mehriddinmengturayev/Downloads/shopbot/.venv/lib/python3.13/site-packages/aiosqlite/cursor.py", line 48, in execute
    await self._execute(self._cursor.execute, sql, parameters)
  File "/Users/mehriddinmengturayev/Downloads/shopbot/.venv/lib/python3.13/site-packages/aiosqlite/cursor.py", line 40, in _execute
    return await self._conn._execute(fn, *args, **kwargs)
           ^^^^^^^^^^^^^^^^^^^^^^^^^^^^^^^^^^^^^^^^^^^^^^
  File "/Users/mehriddinmengturayev/Downloads/shopbot/.venv/lib/python3.13/site-packages/aiosqlite/core.py", line 132, in _execute
    return await future
           ^^^^^^^^^^^^
  File "/Users/mehriddinmengturayev/Downloads/shopbot/.venv/lib/python3.13/site-packages/aiosqlite/core.py", line 115, in run
    result = function()
sqlalchemy.exc.OperationalError: (sqlite3.OperationalError) no such column: orders.payment_method
[SQL: SELECT orders.id, orders.order_uuid, orders.user_id, orders.product_id, orders.price_at_purchase, orders.currency, orders.status, orders.payment_method, orders.crypto_provider, orders.crypto_invoice_id, orders.crypto_pay_url, orders.decided_by_admin_id, orders.decided_at, orders.rejection_reason, orders.delivered_payload, orders.delivered_at, orders.created_at, orders.updated_at 
FROM orders 
WHERE orders.status = ?]
[parameters: ('AWAITING_CRYPTO_PAYMENT',)]
(Background on this error at: https://sqlalche.me/e/20/e3q8)
2026-07-30 20:39:17,991 | ERROR    | providers | Crypto poller iteration failed
Traceback (most recent call last):
  File "/Users/mehriddinmengturayev/Downloads/shopbot/.venv/lib/python3.13/site-packages/sqlalchemy/engine/base.py", line 1967, in _exec_single_context
    self.dialect.do_execute(
    ~~~~~~~~~~~~~~~~~~~~~~~^
        cursor, str_statement, effective_parameters, context
        ^^^^^^^^^^^^^^^^^^^^^^^^^^^^^^^^^^^^^^^^^^^^^^^^^^^^
    )
    ^
  File "/Users/mehriddinmengturayev/Downloads/shopbot/.venv/lib/python3.13/site-packages/sqlalchemy/engine/default.py", line 941, in do_execute
    cursor.execute(statement, parameters)
    ~~~~~~~~~~~~~~^^^^^^^^^^^^^^^^^^^^^^^
  File "/Users/mehriddinmengturayev/Downloads/shopbot/.venv/lib/python3.13/site-packages/sqlalchemy/dialects/sqlite/aiosqlite.py", line 147, in execute
    self._adapt_connection._handle_exception(error)
    ~~~~~~~~~~~~~~~~~~~~~~~~~~~~~~~~~~~~~~~~^^^^^^^
  File "/Users/mehriddinmengturayev/Downloads/shopbot/.venv/lib/python3.13/site-packages/sqlalchemy/dialects/sqlite/aiosqlite.py", line 298, in _handle_exception
    raise error
  File "/Users/mehriddinmengturayev/Downloads/shopbot/.venv/lib/python3.13/site-packages/sqlalchemy/dialects/sqlite/aiosqlite.py", line 129, in execute
    self.await_(_cursor.execute(operation, parameters))
    ~~~~~~~~~~~^^^^^^^^^^^^^^^^^^^^^^^^^^^^^^^^^^^^^^^^
  File "/Users/mehriddinmengturayev/Downloads/shopbot/.venv/lib/python3.13/site-packages/sqlalchemy/util/_concurrency_py3k.py", line 132, in await_only
    return current.parent.switch(awaitable)  # type: ignore[no-any-return,attr-defined] # noqa: E501
           ~~~~~~~~~~~~~~~~~~~~~^^^^^^^^^^^
  File "/Users/mehriddinmengturayev/Downloads/shopbot/.venv/lib/python3.13/site-packages/sqlalchemy/util/_concurrency_py3k.py", line 196, in greenlet_spawn
    value = await result
            ^^^^^^^^^^^^
  File "/Users/mehriddinmengturayev/Downloads/shopbot/.venv/lib/python3.13/site-packages/aiosqlite/cursor.py", line 48, in execute
    await self._execute(self._cursor.execute, sql, parameters)
  File "/Users/mehriddinmengturayev/Downloads/shopbot/.venv/lib/python3.13/site-packages/aiosqlite/cursor.py", line 40, in _execute
    return await self._conn._execute(fn, *args, **kwargs)
           ^^^^^^^^^^^^^^^^^^^^^^^^^^^^^^^^^^^^^^^^^^^^^^
  File "/Users/mehriddinmengturayev/Downloads/shopbot/.venv/lib/python3.13/site-packages/aiosqlite/core.py", line 132, in _execute
    return await future
           ^^^^^^^^^^^^
  File "/Users/mehriddinmengturayev/Downloads/shopbot/.venv/lib/python3.13/site-packages/aiosqlite/core.py", line 115, in run
    result = function()
sqlite3.OperationalError: no such column: orders.payment_method

The above exception was the direct cause of the following exception:

Traceback (most recent call last):
  File "/Users/mehriddinmengturayev/Downloads/shopbot/app/services/crypto_poller.py", line 33, in crypto_poller_loop
    await _poll_once(bot)
  File "/Users/mehriddinmengturayev/Downloads/shopbot/app/services/crypto_poller.py", line 44, in _poll_once
    pending = await orders_repo.list_awaiting_crypto_payment()
              ^^^^^^^^^^^^^^^^^^^^^^^^^^^^^^^^^^^^^^^^^^^^^^^^
  File "/Users/mehriddinmengturayev/Downloads/shopbot/app/repositories/order_repo.py", line 47, in list_awaiting_crypto_payment
    result = await self.session.execute(
             ^^^^^^^^^^^^^^^^^^^^^^^^^^^
    ...<3 lines>...
    )
    ^
  File "/Users/mehriddinmengturayev/Downloads/shopbot/.venv/lib/python3.13/site-packages/sqlalchemy/ext/asyncio/session.py", line 461, in execute
    result = await greenlet_spawn(
             ^^^^^^^^^^^^^^^^^^^^^
    ...<6 lines>...
    )
    ^
  File "/Users/mehriddinmengturayev/Downloads/shopbot/.venv/lib/python3.13/site-packages/sqlalchemy/util/_concurrency_py3k.py", line 201, in greenlet_spawn
    result = context.throw(*sys.exc_info())
  File "/Users/mehriddinmengturayev/Downloads/shopbot/.venv/lib/python3.13/site-packages/sqlalchemy/orm/session.py", line 2362, in execute
    return self._execute_internal(
           ~~~~~~~~~~~~~~~~~~~~~~^
        statement,
        ^^^^^^^^^^
    ...<4 lines>...
        _add_event=_add_event,
        ^^^^^^^^^^^^^^^^^^^^^^
    )
    ^
  File "/Users/mehriddinmengturayev/Downloads/shopbot/.venv/lib/python3.13/site-packages/sqlalchemy/orm/session.py", line 2247, in _execute_internal
    result: Result[Any] = compile_state_cls.orm_execute_statement(
                          ~~~~~~~~~~~~~~~~~~~~~~~~~~~~~~~~~~~~~~~^
        self,
        ^^^^^
    ...<4 lines>...
        conn,
        ^^^^^
    )
    ^
  File "/Users/mehriddinmengturayev/Downloads/shopbot/.venv/lib/python3.13/site-packages/sqlalchemy/orm/context.py", line 305, in orm_execute_statement
    result = conn.execute(
        statement, params or {}, execution_options=execution_options
    )
  File "/Users/mehriddinmengturayev/Downloads/shopbot/.venv/lib/python3.13/site-packages/sqlalchemy/engine/base.py", line 1418, in execute
    return meth(
        self,
        distilled_parameters,
        execution_options or NO_OPTIONS,
    )
  File "/Users/mehriddinmengturayev/Downloads/shopbot/.venv/lib/python3.13/site-packages/sqlalchemy/sql/elements.py", line 515, in _execute_on_connection
    return connection._execute_clauseelement(
           ~~~~~~~~~~~~~~~~~~~~~~~~~~~~~~~~~^
        self, distilled_params, execution_options
        ^^^^^^^^^^^^^^^^^^^^^^^^^^^^^^^^^^^^^^^^^
    )
    ^
  File "/Users/mehriddinmengturayev/Downloads/shopbot/.venv/lib/python3.13/site-packages/sqlalchemy/engine/base.py", line 1640, in _execute_clauseelement
    ret = self._execute_context(
        dialect,
    ...<8 lines>...
        cache_hit=cache_hit,
    )
  File "/Users/mehriddinmengturayev/Downloads/shopbot/.venv/lib/python3.13/site-packages/sqlalchemy/engine/base.py", line 1846, in _execute_context
    return self._exec_single_context(
           ~~~~~~~~~~~~~~~~~~~~~~~~~^
        dialect, context, statement, parameters
        ^^^^^^^^^^^^^^^^^^^^^^^^^^^^^^^^^^^^^^^
    )
    ^
  File "/Users/mehriddinmengturayev/Downloads/shopbot/.venv/lib/python3.13/site-packages/sqlalchemy/engine/base.py", line 1986, in _exec_single_context
    self._handle_dbapi_exception(
    ~~~~~~~~~~~~~~~~~~~~~~~~~~~~^
        e, str_statement, effective_parameters, cursor, context
        ^^^^^^^^^^^^^^^^^^^^^^^^^^^^^^^^^^^^^^^^^^^^^^^^^^^^^^^
    )
    ^
  File "/Users/mehriddinmengturayev/Downloads/shopbot/.venv/lib/python3.13/site-packages/sqlalchemy/engine/base.py", line 2355, in _handle_dbapi_exception
    raise sqlalchemy_exception.with_traceback(exc_info[2]) from e
  File "/Users/mehriddinmengturayev/Downloads/shopbot/.venv/lib/python3.13/site-packages/sqlalchemy/engine/base.py", line 1967, in _exec_single_context
    self.dialect.do_execute(
    ~~~~~~~~~~~~~~~~~~~~~~~^
        cursor, str_statement, effective_parameters, context
        ^^^^^^^^^^^^^^^^^^^^^^^^^^^^^^^^^^^^^^^^^^^^^^^^^^^^
    )
    ^
  File "/Users/mehriddinmengturayev/Downloads/shopbot/.venv/lib/python3.13/site-packages/sqlalchemy/engine/default.py", line 941, in do_execute
    cursor.execute(statement, parameters)
    ~~~~~~~~~~~~~~^^^^^^^^^^^^^^^^^^^^^^^
  File "/Users/mehriddinmengturayev/Downloads/shopbot/.venv/lib/python3.13/site-packages/sqlalchemy/dialects/sqlite/aiosqlite.py", line 147, in execute
    self._adapt_connection._handle_exception(error)
    ~~~~~~~~~~~~~~~~~~~~~~~~~~~~~~~~~~~~~~~~^^^^^^^
  File "/Users/mehriddinmengturayev/Downloads/shopbot/.venv/lib/python3.13/site-packages/sqlalchemy/dialects/sqlite/aiosqlite.py", line 298, in _handle_exception
    raise error
  File "/Users/mehriddinmengturayev/Downloads/shopbot/.venv/lib/python3.13/site-packages/sqlalchemy/dialects/sqlite/aiosqlite.py", line 129, in execute
    self.await_(_cursor.execute(operation, parameters))
    ~~~~~~~~~~~^^^^^^^^^^^^^^^^^^^^^^^^^^^^^^^^^^^^^^^^
  File "/Users/mehriddinmengturayev/Downloads/shopbot/.venv/lib/python3.13/site-packages/sqlalchemy/util/_concurrency_py3k.py", line 132, in await_only
    return current.parent.switch(awaitable)  # type: ignore[no-any-return,attr-defined] # noqa: E501
           ~~~~~~~~~~~~~~~~~~~~~^^^^^^^^^^^
  File "/Users/mehriddinmengturayev/Downloads/shopbot/.venv/lib/python3.13/site-packages/sqlalchemy/util/_concurrency_py3k.py", line 196, in greenlet_spawn
    value = await result
            ^^^^^^^^^^^^
  File "/Users/mehriddinmengturayev/Downloads/shopbot/.venv/lib/python3.13/site-packages/aiosqlite/cursor.py", line 48, in execute
    await self._execute(self._cursor.execute, sql, parameters)
  File "/Users/mehriddinmengturayev/Downloads/shopbot/.venv/lib/python3.13/site-packages/aiosqlite/cursor.py", line 40, in _execute
    return await self._conn._execute(fn, *args, **kwargs)
           ^^^^^^^^^^^^^^^^^^^^^^^^^^^^^^^^^^^^^^^^^^^^^^
  File "/Users/mehriddinmengturayev/Downloads/shopbot/.venv/lib/python3.13/site-packages/aiosqlite/core.py", line 132, in _execute
    return await future
           ^^^^^^^^^^^^
  File "/Users/mehriddinmengturayev/Downloads/shopbot/.venv/lib/python3.13/site-packages/aiosqlite/core.py", line 115, in run
    result = function()
sqlalchemy.exc.OperationalError: (sqlite3.OperationalError) no such column: orders.payment_method
[SQL: SELECT orders.id, orders.order_uuid, orders.user_id, orders.product_id, orders.price_at_purchase, orders.currency, orders.status, orders.payment_method, orders.crypto_provider, orders.crypto_invoice_id, orders.crypto_pay_url, orders.decided_by_admin_id, orders.decided_at, orders.rejection_reason, orders.delivered_payload, orders.delivered_at, orders.created_at, orders.updated_at 
FROM orders 
WHERE orders.status = ?]
[parameters: ('AWAITING_CRYPTO_PAYMENT',)]
(Background on this error at: https://sqlalche.me/e/20/e3q8)
2026-07-30 20:39:38,009 | ERROR    | providers | Crypto poller iteration failed
Traceback (most recent call last):
  File "/Users/mehriddinmengturayev/Downloads/shopbot/.venv/lib/python3.13/site-packages/sqlalchemy/engine/base.py", line 1967, in _exec_single_context
    self.dialect.do_execute(
    ~~~~~~~~~~~~~~~~~~~~~~~^
        cursor, str_statement, effective_parameters, context
        ^^^^^^^^^^^^^^^^^^^^^^^^^^^^^^^^^^^^^^^^^^^^^^^^^^^^
    )
    ^
  File "/Users/mehriddinmengturayev/Downloads/shopbot/.venv/lib/python3.13/site-packages/sqlalchemy/engine/default.py", line 941, in do_execute
    cursor.execute(statement, parameters)
    ~~~~~~~~~~~~~~^^^^^^^^^^^^^^^^^^^^^^^
  File "/Users/mehriddinmengturayev/Downloads/shopbot/.venv/lib/python3.13/site-packages/sqlalchemy/dialects/sqlite/aiosqlite.py", line 147, in execute
    self._adapt_connection._handle_exception(error)
    ~~~~~~~~~~~~~~~~~~~~~~~~~~~~~~~~~~~~~~~~^^^^^^^
  File "/Users/mehriddinmengturayev/Downloads/shopbot/.venv/lib/python3.13/site-packages/sqlalchemy/dialects/sqlite/aiosqlite.py", line 298, in _handle_exception
    raise error
  File "/Users/mehriddinmengturayev/Downloads/shopbot/.venv/lib/python3.13/site-packages/sqlalchemy/dialects/sqlite/aiosqlite.py", line 129, in execute
    self.await_(_cursor.execute(operation, parameters))
    ~~~~~~~~~~~^^^^^^^^^^^^^^^^^^^^^^^^^^^^^^^^^^^^^^^^
  File "/Users/mehriddinmengturayev/Downloads/shopbot/.venv/lib/python3.13/site-packages/sqlalchemy/util/_concurrency_py3k.py", line 132, in await_only
    return current.parent.switch(awaitable)  # type: ignore[no-any-return,attr-defined] # noqa: E501
           ~~~~~~~~~~~~~~~~~~~~~^^^^^^^^^^^
  File "/Users/mehriddinmengturayev/Downloads/shopbot/.venv/lib/python3.13/site-packages/sqlalchemy/util/_concurrency_py3k.py", line 196, in greenlet_spawn
    value = await result
            ^^^^^^^^^^^^
  File "/Users/mehriddinmengturayev/Downloads/shopbot/.venv/lib/python3.13/site-packages/aiosqlite/cursor.py", line 48, in execute
    await self._execute(self._cursor.execute, sql, parameters)
  File "/Users/mehriddinmengturayev/Downloads/shopbot/.venv/lib/python3.13/site-packages/aiosqlite/cursor.py", line 40, in _execute
    return await self._conn._execute(fn, *args, **kwargs)
           ^^^^^^^^^^^^^^^^^^^^^^^^^^^^^^^^^^^^^^^^^^^^^^
  File "/Users/mehriddinmengturayev/Downloads/shopbot/.venv/lib/python3.13/site-packages/aiosqlite/core.py", line 132, in _execute
    return await future
           ^^^^^^^^^^^^
  File "/Users/mehriddinmengturayev/Downloads/shopbot/.venv/lib/python3.13/site-packages/aiosqlite/core.py", line 115, in run
    result = function()
sqlite3.OperationalError: no such column: orders.payment_method

The above exception was the direct cause of the following exception:

Traceback (most recent call last):
  File "/Users/mehriddinmengturayev/Downloads/shopbot/app/services/crypto_poller.py", line 33, in crypto_poller_loop
    await _poll_once(bot)
  File "/Users/mehriddinmengturayev/Downloads/shopbot/app/services/crypto_poller.py", line 44, in _poll_once
    pending = await orders_repo.list_awaiting_crypto_payment()
              ^^^^^^^^^^^^^^^^^^^^^^^^^^^^^^^^^^^^^^^^^^^^^^^^
  File "/Users/mehriddinmengturayev/Downloads/shopbot/app/repositories/order_repo.py", line 47, in list_awaiting_crypto_payment
    result = await self.session.execute(
             ^^^^^^^^^^^^^^^^^^^^^^^^^^^
    ...<3 lines>...
    )
    ^
  File "/Users/mehriddinmengturayev/Downloads/shopbot/.venv/lib/python3.13/site-packages/sqlalchemy/ext/asyncio/session.py", line 461, in execute
    result = await greenlet_spawn(
             ^^^^^^^^^^^^^^^^^^^^^
    ...<6 lines>...
    )
    ^
  File "/Users/mehriddinmengturayev/Downloads/shopbot/.venv/lib/python3.13/site-packages/sqlalchemy/util/_concurrency_py3k.py", line 201, in greenlet_spawn
    result = context.throw(*sys.exc_info())
  File "/Users/mehriddinmengturayev/Downloads/shopbot/.venv/lib/python3.13/site-packages/sqlalchemy/orm/session.py", line 2362, in execute
    return self._execute_internal(
           ~~~~~~~~~~~~~~~~~~~~~~^
        statement,
        ^^^^^^^^^^
    ...<4 lines>...
        _add_event=_add_event,
        ^^^^^^^^^^^^^^^^^^^^^^
    )
    ^
  File "/Users/mehriddinmengturayev/Downloads/shopbot/.venv/lib/python3.13/site-packages/sqlalchemy/orm/session.py", line 2247, in _execute_internal
    result: Result[Any] = compile_state_cls.orm_execute_statement(
                          ~~~~~~~~~~~~~~~~~~~~~~~~~~~~~~~~~~~~~~~^
        self,
        ^^^^^
    ...<4 lines>...
        conn,
        ^^^^^
    )
    ^
  File "/Users/mehriddinmengturayev/Downloads/shopbot/.venv/lib/python3.13/site-packages/sqlalchemy/orm/context.py", line 305, in orm_execute_statement
    result = conn.execute(
        statement, params or {}, execution_options=execution_options
    )
  File "/Users/mehriddinmengturayev/Downloads/shopbot/.venv/lib/python3.13/site-packages/sqlalchemy/engine/base.py", line 1418, in execute
    return meth(
        self,
        distilled_parameters,
        execution_options or NO_OPTIONS,
    )
  File "/Users/mehriddinmengturayev/Downloads/shopbot/.venv/lib/python3.13/site-packages/sqlalchemy/sql/elements.py", line 515, in _execute_on_connection
    return connection._execute_clauseelement(
           ~~~~~~~~~~~~~~~~~~~~~~~~~~~~~~~~~^
        self, distilled_params, execution_options
        ^^^^^^^^^^^^^^^^^^^^^^^^^^^^^^^^^^^^^^^^^
    )
    ^
  File "/Users/mehriddinmengturayev/Downloads/shopbot/.venv/lib/python3.13/site-packages/sqlalchemy/engine/base.py", line 1640, in _execute_clauseelement
    ret = self._execute_context(
        dialect,
    ...<8 lines>...
        cache_hit=cache_hit,
    )
  File "/Users/mehriddinmengturayev/Downloads/shopbot/.venv/lib/python3.13/site-packages/sqlalchemy/engine/base.py", line 1846, in _execute_context
    return self._exec_single_context(
           ~~~~~~~~~~~~~~~~~~~~~~~~~^
        dialect, context, statement, parameters
        ^^^^^^^^^^^^^^^^^^^^^^^^^^^^^^^^^^^^^^^
    )
    ^
  File "/Users/mehriddinmengturayev/Downloads/shopbot/.venv/lib/python3.13/site-packages/sqlalchemy/engine/base.py", line 1986, in _exec_single_context
    self._handle_dbapi_exception(
    ~~~~~~~~~~~~~~~~~~~~~~~~~~~~^
        e, str_statement, effective_parameters, cursor, context
        ^^^^^^^^^^^^^^^^^^^^^^^^^^^^^^^^^^^^^^^^^^^^^^^^^^^^^^^
    )
    ^
  File "/Users/mehriddinmengturayev/Downloads/shopbot/.venv/lib/python3.13/site-packages/sqlalchemy/engine/base.py", line 2355, in _handle_dbapi_exception
    raise sqlalchemy_exception.with_traceback(exc_info[2]) from e
  File "/Users/mehriddinmengturayev/Downloads/shopbot/.venv/lib/python3.13/site-packages/sqlalchemy/engine/base.py", line 1967, in _exec_single_context
    self.dialect.do_execute(
    ~~~~~~~~~~~~~~~~~~~~~~~^
        cursor, str_statement, effective_parameters, context
        ^^^^^^^^^^^^^^^^^^^^^^^^^^^^^^^^^^^^^^^^^^^^^^^^^^^^
    )
    ^
  File "/Users/mehriddinmengturayev/Downloads/shopbot/.venv/lib/python3.13/site-packages/sqlalchemy/engine/default.py", line 941, in do_execute
    cursor.execute(statement, parameters)
    ~~~~~~~~~~~~~~^^^^^^^^^^^^^^^^^^^^^^^
  File "/Users/mehriddinmengturayev/Downloads/shopbot/.venv/lib/python3.13/site-packages/sqlalchemy/dialects/sqlite/aiosqlite.py", line 147, in execute
    self._adapt_connection._handle_exception(error)
    ~~~~~~~~~~~~~~~~~~~~~~~~~~~~~~~~~~~~~~~~^^^^^^^
  File "/Users/mehriddinmengturayev/Downloads/shopbot/.venv/lib/python3.13/site-packages/sqlalchemy/dialects/sqlite/aiosqlite.py", line 298, in _handle_exception
    raise error
  File "/Users/mehriddinmengturayev/Downloads/shopbot/.venv/lib/python3.13/site-packages/sqlalchemy/dialects/sqlite/aiosqlite.py", line 129, in execute
    self.await_(_cursor.execute(operation, parameters))
    ~~~~~~~~~~~^^^^^^^^^^^^^^^^^^^^^^^^^^^^^^^^^^^^^^^^
  File "/Users/mehriddinmengturayev/Downloads/shopbot/.venv/lib/python3.13/site-packages/sqlalchemy/util/_concurrency_py3k.py", line 132, in await_only
    return current.parent.switch(awaitable)  # type: ignore[no-any-return,attr-defined] # noqa: E501
           ~~~~~~~~~~~~~~~~~~~~~^^^^^^^^^^^
  File "/Users/mehriddinmengturayev/Downloads/shopbot/.venv/lib/python3.13/site-packages/sqlalchemy/util/_concurrency_py3k.py", line 196, in greenlet_spawn
    value = await result
            ^^^^^^^^^^^^
  File "/Users/mehriddinmengturayev/Downloads/shopbot/.venv/lib/python3.13/site-packages/aiosqlite/cursor.py", line 48, in execute
    await self._execute(self._cursor.execute, sql, parameters)
  File "/Users/mehriddinmengturayev/Downloads/shopbot/.venv/lib/python3.13/site-packages/aiosqlite/cursor.py", line 40, in _execute
    return await self._conn._execute(fn, *args, **kwargs)
           ^^^^^^^^^^^^^^^^^^^^^^^^^^^^^^^^^^^^^^^^^^^^^^
  File "/Users/mehriddinmengturayev/Downloads/shopbot/.venv/lib/python3.13/site-packages/aiosqlite/core.py", line 132, in _execute
    return await future
           ^^^^^^^^^^^^
  File "/Users/mehriddinmengturayev/Downloads/shopbot/.venv/lib/python3.13/site-packages/aiosqlite/core.py", line 115, in run
    result = function()
sqlalchemy.exc.OperationalError: (sqlite3.OperationalError) no such column: orders.payment_method
[SQL: SELECT orders.id, orders.order_uuid, orders.user_id, orders.product_id, orders.price_at_purchase, orders.currency, orders.status, orders.payment_method, orders.crypto_provider, orders.crypto_invoice_id, orders.crypto_pay_url, orders.decided_by_admin_id, orders.decided_at, orders.rejection_reason, orders.delivered_payload, orders.delivered_at, orders.created_at, orders.updated_at 
FROM orders 
WHERE orders.status = ?]
[parameters: ('AWAITING_CRYPTO_PAYMENT',)]
(Background on this error at: https://sqlalche.me/e/20/e3q8)
2026-07-30 20:39:58,025 | ERROR    | providers | Crypto poller iteration failed
Traceback (most recent call last):
  File "/Users/mehriddinmengturayev/Downloads/shopbot/.venv/lib/python3.13/site-packages/sqlalchemy/engine/base.py", line 1967, in _exec_single_context
    self.dialect.do_execute(
    ~~~~~~~~~~~~~~~~~~~~~~~^
        cursor, str_statement, effective_parameters, context
        ^^^^^^^^^^^^^^^^^^^^^^^^^^^^^^^^^^^^^^^^^^^^^^^^^^^^
    )
    ^
  File "/Users/mehriddinmengturayev/Downloads/shopbot/.venv/lib/python3.13/site-packages/sqlalchemy/engine/default.py", line 941, in do_execute
    cursor.execute(statement, parameters)
    ~~~~~~~~~~~~~~^^^^^^^^^^^^^^^^^^^^^^^
  File "/Users/mehriddinmengturayev/Downloads/shopbot/.venv/lib/python3.13/site-packages/sqlalchemy/dialects/sqlite/aiosqlite.py", line 147, in execute
    self._adapt_connection._handle_exception(error)
    ~~~~~~~~~~~~~~~~~~~~~~~~~~~~~~~~~~~~~~~~^^^^^^^
  File "/Users/mehriddinmengturayev/Downloads/shopbot/.venv/lib/python3.13/site-packages/sqlalchemy/dialects/sqlite/aiosqlite.py", line 298, in _handle_exception
    raise error
  File "/Users/mehriddinmengturayev/Downloads/shopbot/.venv/lib/python3.13/site-packages/sqlalchemy/dialects/sqlite/aiosqlite.py", line 129, in execute
    self.await_(_cursor.execute(operation, parameters))
    ~~~~~~~~~~~^^^^^^^^^^^^^^^^^^^^^^^^^^^^^^^^^^^^^^^^
  File "/Users/mehriddinmengturayev/Downloads/shopbot/.venv/lib/python3.13/site-packages/sqlalchemy/util/_concurrency_py3k.py", line 132, in await_only
    return current.parent.switch(awaitable)  # type: ignore[no-any-return,attr-defined] # noqa: E501
           ~~~~~~~~~~~~~~~~~~~~~^^^^^^^^^^^
  File "/Users/mehriddinmengturayev/Downloads/shopbot/.venv/lib/python3.13/site-packages/sqlalchemy/util/_concurrency_py3k.py", line 196, in greenlet_spawn
    value = await result
            ^^^^^^^^^^^^
  File "/Users/mehriddinmengturayev/Downloads/shopbot/.venv/lib/python3.13/site-packages/aiosqlite/cursor.py", line 48, in execute
    await self._execute(self._cursor.execute, sql, parameters)
  File "/Users/mehriddinmengturayev/Downloads/shopbot/.venv/lib/python3.13/site-packages/aiosqlite/cursor.py", line 40, in _execute
    return await self._conn._execute(fn, *args, **kwargs)
           ^^^^^^^^^^^^^^^^^^^^^^^^^^^^^^^^^^^^^^^^^^^^^^
  File "/Users/mehriddinmengturayev/Downloads/shopbot/.venv/lib/python3.13/site-packages/aiosqlite/core.py", line 132, in _execute
    return await future
           ^^^^^^^^^^^^
  File "/Users/mehriddinmengturayev/Downloads/shopbot/.venv/lib/python3.13/site-packages/aiosqlite/core.py", line 115, in run
    result = function()
sqlite3.OperationalError: no such column: orders.payment_method

The above exception was the direct cause of the following exception:

Traceback (most recent call last):
  File "/Users/mehriddinmengturayev/Downloads/shopbot/app/services/crypto_poller.py", line 33, in crypto_poller_loop
    await _poll_once(bot)
  File "/Users/mehriddinmengturayev/Downloads/shopbot/app/services/crypto_poller.py", line 44, in _poll_once
    pending = await orders_repo.list_awaiting_crypto_payment()
              ^^^^^^^^^^^^^^^^^^^^^^^^^^^^^^^^^^^^^^^^^^^^^^^^
  File "/Users/mehriddinmengturayev/Downloads/shopbot/app/repositories/order_repo.py", line 47, in list_awaiting_crypto_payment
    result = await self.session.execute(
             ^^^^^^^^^^^^^^^^^^^^^^^^^^^
    ...<3 lines>...
    )
    ^
  File "/Users/mehriddinmengturayev/Downloads/shopbot/.venv/lib/python3.13/site-packages/sqlalchemy/ext/asyncio/session.py", line 461, in execute
    result = await greenlet_spawn(
             ^^^^^^^^^^^^^^^^^^^^^
    ...<6 lines>...
    )
    ^
  File "/Users/mehriddinmengturayev/Downloads/shopbot/.venv/lib/python3.13/site-packages/sqlalchemy/util/_concurrency_py3k.py", line 201, in greenlet_spawn
    result = context.throw(*sys.exc_info())
  File "/Users/mehriddinmengturayev/Downloads/shopbot/.venv/lib/python3.13/site-packages/sqlalchemy/orm/session.py", line 2362, in execute
    return self._execute_internal(
           ~~~~~~~~~~~~~~~~~~~~~~^
        statement,
        ^^^^^^^^^^
    ...<4 lines>...
        _add_event=_add_event,
        ^^^^^^^^^^^^^^^^^^^^^^
    )
    ^
  File "/Users/mehriddinmengturayev/Downloads/shopbot/.venv/lib/python3.13/site-packages/sqlalchemy/orm/session.py", line 2247, in _execute_internal
    result: Result[Any] = compile_state_cls.orm_execute_statement(
                          ~~~~~~~~~~~~~~~~~~~~~~~~~~~~~~~~~~~~~~~^
        self,
        ^^^^^
    ...<4 lines>...
        conn,
        ^^^^^
    )
    ^
  File "/Users/mehriddinmengturayev/Downloads/shopbot/.venv/lib/python3.13/site-packages/sqlalchemy/orm/context.py", line 305, in orm_execute_statement
    result = conn.execute(
        statement, params or {}, execution_options=execution_options
    )
  File "/Users/mehriddinmengturayev/Downloads/shopbot/.venv/lib/python3.13/site-packages/sqlalchemy/engine/base.py", line 1418, in execute
    return meth(
        self,
        distilled_parameters,
        execution_options or NO_OPTIONS,
    )
  File "/Users/mehriddinmengturayev/Downloads/shopbot/.venv/lib/python3.13/site-packages/sqlalchemy/sql/elements.py", line 515, in _execute_on_connection
    return connection._execute_clauseelement(
           ~~~~~~~~~~~~~~~~~~~~~~~~~~~~~~~~~^
        self, distilled_params, execution_options
        ^^^^^^^^^^^^^^^^^^^^^^^^^^^^^^^^^^^^^^^^^
    )
    ^
  File "/Users/mehriddinmengturayev/Downloads/shopbot/.venv/lib/python3.13/site-packages/sqlalchemy/engine/base.py", line 1640, in _execute_clauseelement
    ret = self._execute_context(
        dialect,
    ...<8 lines>...
        cache_hit=cache_hit,
    )
  File "/Users/mehriddinmengturayev/Downloads/shopbot/.venv/lib/python3.13/site-packages/sqlalchemy/engine/base.py", line 1846, in _execute_context
    return self._exec_single_context(
           ~~~~~~~~~~~~~~~~~~~~~~~~~^
        dialect, context, statement, parameters
        ^^^^^^^^^^^^^^^^^^^^^^^^^^^^^^^^^^^^^^^
    )
    ^
  File "/Users/mehriddinmengturayev/Downloads/shopbot/.venv/lib/python3.13/site-packages/sqlalchemy/engine/base.py", line 1986, in _exec_single_context
    self._handle_dbapi_exception(
    ~~~~~~~~~~~~~~~~~~~~~~~~~~~~^
        e, str_statement, effective_parameters, cursor, context
        ^^^^^^^^^^^^^^^^^^^^^^^^^^^^^^^^^^^^^^^^^^^^^^^^^^^^^^^
    )
    ^
  File "/Users/mehriddinmengturayev/Downloads/shopbot/.venv/lib/python3.13/site-packages/sqlalchemy/engine/base.py", line 2355, in _handle_dbapi_exception
    raise sqlalchemy_exception.with_traceback(exc_info[2]) from e
  File "/Users/mehriddinmengturayev/Downloads/shopbot/.venv/lib/python3.13/site-packages/sqlalchemy/engine/base.py", line 1967, in _exec_single_context
    self.dialect.do_execute(
    ~~~~~~~~~~~~~~~~~~~~~~~^
        cursor, str_statement, effective_parameters, context
        ^^^^^^^^^^^^^^^^^^^^^^^^^^^^^^^^^^^^^^^^^^^^^^^^^^^^
    )
    ^
  File "/Users/mehriddinmengturayev/Downloads/shopbot/.venv/lib/python3.13/site-packages/sqlalchemy/engine/default.py", line 941, in do_execute
    cursor.execute(statement, parameters)
    ~~~~~~~~~~~~~~^^^^^^^^^^^^^^^^^^^^^^^
  File "/Users/mehriddinmengturayev/Downloads/shopbot/.venv/lib/python3.13/site-packages/sqlalchemy/dialects/sqlite/aiosqlite.py", line 147, in execute
    self._adapt_connection._handle_exception(error)
    ~~~~~~~~~~~~~~~~~~~~~~~~~~~~~~~~~~~~~~~~^^^^^^^
  File "/Users/mehriddinmengturayev/Downloads/shopbot/.venv/lib/python3.13/site-packages/sqlalchemy/dialects/sqlite/aiosqlite.py", line 298, in _handle_exception
    raise error
  File "/Users/mehriddinmengturayev/Downloads/shopbot/.venv/lib/python3.13/site-packages/sqlalchemy/dialects/sqlite/aiosqlite.py", line 129, in execute
    self.await_(_cursor.execute(operation, parameters))
    ~~~~~~~~~~~^^^^^^^^^^^^^^^^^^^^^^^^^^^^^^^^^^^^^^^^
  File "/Users/mehriddinmengturayev/Downloads/shopbot/.venv/lib/python3.13/site-packages/sqlalchemy/util/_concurrency_py3k.py", line 132, in await_only
    return current.parent.switch(awaitable)  # type: ignore[no-any-return,attr-defined] # noqa: E501
           ~~~~~~~~~~~~~~~~~~~~~^^^^^^^^^^^
  File "/Users/mehriddinmengturayev/Downloads/shopbot/.venv/lib/python3.13/site-packages/sqlalchemy/util/_concurrency_py3k.py", line 196, in greenlet_spawn
    value = await result
            ^^^^^^^^^^^^
  File "/Users/mehriddinmengturayev/Downloads/shopbot/.venv/lib/python3.13/site-packages/aiosqlite/cursor.py", line 48, in execute
    await self._execute(self._cursor.execute, sql, parameters)
  File "/Users/mehriddinmengturayev/Downloads/shopbot/.venv/lib/python3.13/site-packages/aiosqlite/cursor.py", line 40, in _execute
    return await self._conn._execute(fn, *args, **kwargs)
           ^^^^^^^^^^^^^^^^^^^^^^^^^^^^^^^^^^^^^^^^^^^^^^
  File "/Users/mehriddinmengturayev/Downloads/shopbot/.venv/lib/python3.13/site-packages/aiosqlite/core.py", line 132, in _execute
    return await future
           ^^^^^^^^^^^^
  File "/Users/mehriddinmengturayev/Downloads/shopbot/.venv/lib/python3.13/site-packages/aiosqlite/core.py", line 115, in run
    result = function()
sqlalchemy.exc.OperationalError: (sqlite3.OperationalError) no such column: orders.payment_method
[SQL: SELECT orders.id, orders.order_uuid, orders.user_id, orders.product_id, orders.price_at_purchase, orders.currency, orders.status, orders.payment_method, orders.crypto_provider, orders.crypto_invoice_id, orders.crypto_pay_url, orders.decided_by_admin_id, orders.decided_at, orders.rejection_reason, orders.delivered_payload, orders.delivered_at, orders.created_at, orders.updated_at 
FROM orders 
WHERE orders.status = ?]
[parameters: ('AWAITING_CRYPTO_PAYMENT',)]
(Background on this error at: https://sqlalche.me/e/20/e3q8)
2026-07-30 20:40:18,044 | ERROR    | providers | Crypto poller iteration failed
Traceback (most recent call last):
  File "/Users/mehriddinmengturayev/Downloads/shopbot/.venv/lib/python3.13/site-packages/sqlalchemy/engine/base.py", line 1967, in _exec_single_context
    self.dialect.do_execute(
    ~~~~~~~~~~~~~~~~~~~~~~~^
        cursor, str_statement, effective_parameters, context
        ^^^^^^^^^^^^^^^^^^^^^^^^^^^^^^^^^^^^^^^^^^^^^^^^^^^^
    )
    ^
  File "/Users/mehriddinmengturayev/Downloads/shopbot/.venv/lib/python3.13/site-packages/sqlalchemy/engine/default.py", line 941, in do_execute
    cursor.execute(statement, parameters)
    ~~~~~~~~~~~~~~^^^^^^^^^^^^^^^^^^^^^^^
  File "/Users/mehriddinmengturayev/Downloads/shopbot/.venv/lib/python3.13/site-packages/sqlalchemy/dialects/sqlite/aiosqlite.py", line 147, in execute
    self._adapt_connection._handle_exception(error)
    ~~~~~~~~~~~~~~~~~~~~~~~~~~~~~~~~~~~~~~~~^^^^^^^
  File "/Users/mehriddinmengturayev/Downloads/shopbot/.venv/lib/python3.13/site-packages/sqlalchemy/dialects/sqlite/aiosqlite.py", line 298, in _handle_exception
    raise error
  File "/Users/mehriddinmengturayev/Downloads/shopbot/.venv/lib/python3.13/site-packages/sqlalchemy/dialects/sqlite/aiosqlite.py", line 129, in execute
    self.await_(_cursor.execute(operation, parameters))
    ~~~~~~~~~~~^^^^^^^^^^^^^^^^^^^^^^^^^^^^^^^^^^^^^^^^
  File "/Users/mehriddinmengturayev/Downloads/shopbot/.venv/lib/python3.13/site-packages/sqlalchemy/util/_concurrency_py3k.py", line 132, in await_only
    return current.parent.switch(awaitable)  # type: ignore[no-any-return,attr-defined] # noqa: E501
           ~~~~~~~~~~~~~~~~~~~~~^^^^^^^^^^^
  File "/Users/mehriddinmengturayev/Downloads/shopbot/.venv/lib/python3.13/site-packages/sqlalchemy/util/_concurrency_py3k.py", line 196, in greenlet_spawn
    value = await result
            ^^^^^^^^^^^^
  File "/Users/mehriddinmengturayev/Downloads/shopbot/.venv/lib/python3.13/site-packages/aiosqlite/cursor.py", line 48, in execute
    await self._execute(self._cursor.execute, sql, parameters)
  File "/Users/mehriddinmengturayev/Downloads/shopbot/.venv/lib/python3.13/site-packages/aiosqlite/cursor.py", line 40, in _execute
    return await self._conn._execute(fn, *args, **kwargs)
           ^^^^^^^^^^^^^^^^^^^^^^^^^^^^^^^^^^^^^^^^^^^^^^
  File "/Users/mehriddinmengturayev/Downloads/shopbot/.venv/lib/python3.13/site-packages/aiosqlite/core.py", line 132, in _execute
    return await future
           ^^^^^^^^^^^^
  File "/Users/mehriddinmengturayev/Downloads/shopbot/.venv/lib/python3.13/site-packages/aiosqlite/core.py", line 115, in run
    result = function()
sqlite3.OperationalError: no such column: orders.payment_method

The above exception was the direct cause of the following exception:

Traceback (most recent call last):
  File "/Users/mehriddinmengturayev/Downloads/shopbot/app/services/crypto_poller.py", line 33, in crypto_poller_loop
    await _poll_once(bot)
  File "/Users/mehriddinmengturayev/Downloads/shopbot/app/services/crypto_poller.py", line 44, in _poll_once
    pending = await orders_repo.list_awaiting_crypto_payment()
              ^^^^^^^^^^^^^^^^^^^^^^^^^^^^^^^^^^^^^^^^^^^^^^^^
  File "/Users/mehriddinmengturayev/Downloads/shopbot/app/repositories/order_repo.py", line 47, in list_awaiting_crypto_payment
    result = await self.session.execute(
             ^^^^^^^^^^^^^^^^^^^^^^^^^^^
    ...<3 lines>...
    )
    ^
  File "/Users/mehriddinmengturayev/Downloads/shopbot/.venv/lib/python3.13/site-packages/sqlalchemy/ext/asyncio/session.py", line 461, in execute
    result = await greenlet_spawn(
             ^^^^^^^^^^^^^^^^^^^^^
    ...<6 lines>...
    )
    ^
  File "/Users/mehriddinmengturayev/Downloads/shopbot/.venv/lib/python3.13/site-packages/sqlalchemy/util/_concurrency_py3k.py", line 201, in greenlet_spawn
    result = context.throw(*sys.exc_info())
  File "/Users/mehriddinmengturayev/Downloads/shopbot/.venv/lib/python3.13/site-packages/sqlalchemy/orm/session.py", line 2362, in execute
    return self._execute_internal(
           ~~~~~~~~~~~~~~~~~~~~~~^
        statement,
        ^^^^^^^^^^
    ...<4 lines>...
        _add_event=_add_event,
        ^^^^^^^^^^^^^^^^^^^^^^
    )
    ^
  File "/Users/mehriddinmengturayev/Downloads/shopbot/.venv/lib/python3.13/site-packages/sqlalchemy/orm/session.py", line 2247, in _execute_internal
    result: Result[Any] = compile_state_cls.orm_execute_statement(
                          ~~~~~~~~~~~~~~~~~~~~~~~~~~~~~~~~~~~~~~~^
        self,
        ^^^^^
    ...<4 lines>...
        conn,
        ^^^^^
    )
    ^
  File "/Users/mehriddinmengturayev/Downloads/shopbot/.venv/lib/python3.13/site-packages/sqlalchemy/orm/context.py", line 305, in orm_execute_statement
    result = conn.execute(
        statement, params or {}, execution_options=execution_options
    )
  File "/Users/mehriddinmengturayev/Downloads/shopbot/.venv/lib/python3.13/site-packages/sqlalchemy/engine/base.py", line 1418, in execute
    return meth(
        self,
        distilled_parameters,
        execution_options or NO_OPTIONS,
    )
  File "/Users/mehriddinmengturayev/Downloads/shopbot/.venv/lib/python3.13/site-packages/sqlalchemy/sql/elements.py", line 515, in _execute_on_connection
    return connection._execute_clauseelement(
           ~~~~~~~~~~~~~~~~~~~~~~~~~~~~~~~~~^
        self, distilled_params, execution_options
        ^^^^^^^^^^^^^^^^^^^^^^^^^^^^^^^^^^^^^^^^^
    )
    ^
  File "/Users/mehriddinmengturayev/Downloads/shopbot/.venv/lib/python3.13/site-packages/sqlalchemy/engine/base.py", line 1640, in _execute_clauseelement
    ret = self._execute_context(
        dialect,
    ...<8 lines>...
        cache_hit=cache_hit,
    )
  File "/Users/mehriddinmengturayev/Downloads/shopbot/.venv/lib/python3.13/site-packages/sqlalchemy/engine/base.py", line 1846, in _execute_context
    return self._exec_single_context(
           ~~~~~~~~~~~~~~~~~~~~~~~~~^
        dialect, context, statement, parameters
        ^^^^^^^^^^^^^^^^^^^^^^^^^^^^^^^^^^^^^^^
    )
    ^
  File "/Users/mehriddinmengturayev/Downloads/shopbot/.venv/lib/python3.13/site-packages/sqlalchemy/engine/base.py", line 1986, in _exec_single_context
    self._handle_dbapi_exception(
    ~~~~~~~~~~~~~~~~~~~~~~~~~~~~^
        e, str_statement, effective_parameters, cursor, context
        ^^^^^^^^^^^^^^^^^^^^^^^^^^^^^^^^^^^^^^^^^^^^^^^^^^^^^^^
    )
    ^
  File "/Users/mehriddinmengturayev/Downloads/shopbot/.venv/lib/python3.13/site-packages/sqlalchemy/engine/base.py", line 2355, in _handle_dbapi_exception
    raise sqlalchemy_exception.with_traceback(exc_info[2]) from e
  File "/Users/mehriddinmengturayev/Downloads/shopbot/.venv/lib/python3.13/site-packages/sqlalchemy/engine/base.py", line 1967, in _exec_single_context
    self.dialect.do_execute(
    ~~~~~~~~~~~~~~~~~~~~~~~^
        cursor, str_statement, effective_parameters, context
        ^^^^^^^^^^^^^^^^^^^^^^^^^^^^^^^^^^^^^^^^^^^^^^^^^^^^
    )
    ^
  File "/Users/mehriddinmengturayev/Downloads/shopbot/.venv/lib/python3.13/site-packages/sqlalchemy/engine/default.py", line 941, in do_execute
    cursor.execute(statement, parameters)
    ~~~~~~~~~~~~~~^^^^^^^^^^^^^^^^^^^^^^^
  File "/Users/mehriddinmengturayev/Downloads/shopbot/.venv/lib/python3.13/site-packages/sqlalchemy/dialects/sqlite/aiosqlite.py", line 147, in execute
    self._adapt_connection._handle_exception(error)
    ~~~~~~~~~~~~~~~~~~~~~~~~~~~~~~~~~~~~~~~~^^^^^^^
  File "/Users/mehriddinmengturayev/Downloads/shopbot/.venv/lib/python3.13/site-packages/sqlalchemy/dialects/sqlite/aiosqlite.py", line 298, in _handle_exception
    raise error
  File "/Users/mehriddinmengturayev/Downloads/shopbot/.venv/lib/python3.13/site-packages/sqlalchemy/dialects/sqlite/aiosqlite.py", line 129, in execute
    self.await_(_cursor.execute(operation, parameters))
    ~~~~~~~~~~~^^^^^^^^^^^^^^^^^^^^^^^^^^^^^^^^^^^^^^^^
  File "/Users/mehriddinmengturayev/Downloads/shopbot/.venv/lib/python3.13/site-packages/sqlalchemy/util/_concurrency_py3k.py", line 132, in await_only
    return current.parent.switch(awaitable)  # type: ignore[no-any-return,attr-defined] # noqa: E501
           ~~~~~~~~~~~~~~~~~~~~~^^^^^^^^^^^
  File "/Users/mehriddinmengturayev/Downloads/shopbot/.venv/lib/python3.13/site-packages/sqlalchemy/util/_concurrency_py3k.py", line 196, in greenlet_spawn
    value = await result
            ^^^^^^^^^^^^
  File "/Users/mehriddinmengturayev/Downloads/shopbot/.venv/lib/python3.13/site-packages/aiosqlite/cursor.py", line 48, in execute
    await self._execute(self._cursor.execute, sql, parameters)
  File "/Users/mehriddinmengturayev/Downloads/shopbot/.venv/lib/python3.13/site-packages/aiosqlite/cursor.py", line 40, in _execute
    return await self._conn._execute(fn, *args, **kwargs)
           ^^^^^^^^^^^^^^^^^^^^^^^^^^^^^^^^^^^^^^^^^^^^^^
  File "/Users/mehriddinmengturayev/Downloads/shopbot/.venv/lib/python3.13/site-packages/aiosqlite/core.py", line 132, in _execute
    return await future
           ^^^^^^^^^^^^
  File "/Users/mehriddinmengturayev/Downloads/shopbot/.venv/lib/python3.13/site-packages/aiosqlite/core.py", line 115, in run
    result = function()
sqlalchemy.exc.OperationalError: (sqlite3.OperationalError) no such column: orders.payment_method
[SQL: SELECT orders.id, orders.order_uuid, orders.user_id, orders.product_id, orders.price_at_purchase, orders.currency, orders.status, orders.payment_method, orders.crypto_provider, orders.crypto_invoice_id, orders.crypto_pay_url, orders.decided_by_admin_id, orders.decided_at, orders.rejection_reason, orders.delivered_payload, orders.delivered_at, orders.created_at, orders.updated_at 
FROM orders 
WHERE orders.status = ?]
[parameters: ('AWAITING_CRYPTO_PAYMENT',)]
(Background on this error at: https://sqlalche.me/e/20/e3q8)
2026-07-30 20:40:38,060 | ERROR    | providers | Crypto poller iteration failed
Traceback (most recent call last):
  File "/Users/mehriddinmengturayev/Downloads/shopbot/.venv/lib/python3.13/site-packages/sqlalchemy/engine/base.py", line 1967, in _exec_single_context
    self.dialect.do_execute(
    ~~~~~~~~~~~~~~~~~~~~~~~^
        cursor, str_statement, effective_parameters, context
        ^^^^^^^^^^^^^^^^^^^^^^^^^^^^^^^^^^^^^^^^^^^^^^^^^^^^
    )
    ^
  File "/Users/mehriddinmengturayev/Downloads/shopbot/.venv/lib/python3.13/site-packages/sqlalchemy/engine/default.py", line 941, in do_execute
    cursor.execute(statement, parameters)
    ~~~~~~~~~~~~~~^^^^^^^^^^^^^^^^^^^^^^^
  File "/Users/mehriddinmengturayev/Downloads/shopbot/.venv/lib/python3.13/site-packages/sqlalchemy/dialects/sqlite/aiosqlite.py", line 147, in execute
    self._adapt_connection._handle_exception(error)
    ~~~~~~~~~~~~~~~~~~~~~~~~~~~~~~~~~~~~~~~~^^^^^^^
  File "/Users/mehriddinmengturayev/Downloads/shopbot/.venv/lib/python3.13/site-packages/sqlalchemy/dialects/sqlite/aiosqlite.py", line 298, in _handle_exception
    raise error
  File "/Users/mehriddinmengturayev/Downloads/shopbot/.venv/lib/python3.13/site-packages/sqlalchemy/dialects/sqlite/aiosqlite.py", line 129, in execute
    self.await_(_cursor.execute(operation, parameters))
    ~~~~~~~~~~~^^^^^^^^^^^^^^^^^^^^^^^^^^^^^^^^^^^^^^^^
  File "/Users/mehriddinmengturayev/Downloads/shopbot/.venv/lib/python3.13/site-packages/sqlalchemy/util/_concurrency_py3k.py", line 132, in await_only
    return current.parent.switch(awaitable)  # type: ignore[no-any-return,attr-defined] # noqa: E501
           ~~~~~~~~~~~~~~~~~~~~~^^^^^^^^^^^
  File "/Users/mehriddinmengturayev/Downloads/shopbot/.venv/lib/python3.13/site-packages/sqlalchemy/util/_concurrency_py3k.py", line 196, in greenlet_spawn
    value = await result
            ^^^^^^^^^^^^
  File "/Users/mehriddinmengturayev/Downloads/shopbot/.venv/lib/python3.13/site-packages/aiosqlite/cursor.py", line 48, in execute
    await self._execute(self._cursor.execute, sql, parameters)
  File "/Users/mehriddinmengturayev/Downloads/shopbot/.venv/lib/python3.13/site-packages/aiosqlite/cursor.py", line 40, in _execute
    return await self._conn._execute(fn, *args, **kwargs)
           ^^^^^^^^^^^^^^^^^^^^^^^^^^^^^^^^^^^^^^^^^^^^^^
  File "/Users/mehriddinmengturayev/Downloads/shopbot/.venv/lib/python3.13/site-packages/aiosqlite/core.py", line 132, in _execute
    return await future
           ^^^^^^^^^^^^
  File "/Users/mehriddinmengturayev/Downloads/shopbot/.venv/lib/python3.13/site-packages/aiosqlite/core.py", line 115, in run
    result = function()
sqlite3.OperationalError: no such column: orders.payment_method

The above exception was the direct cause of the following exception:

Traceback (most recent call last):
  File "/Users/mehriddinmengturayev/Downloads/shopbot/app/services/crypto_poller.py", line 33, in crypto_poller_loop
    await _poll_once(bot)
  File "/Users/mehriddinmengturayev/Downloads/shopbot/app/services/crypto_poller.py", line 44, in _poll_once
    pending = await orders_repo.list_awaiting_crypto_payment()
              ^^^^^^^^^^^^^^^^^^^^^^^^^^^^^^^^^^^^^^^^^^^^^^^^
  File "/Users/mehriddinmengturayev/Downloads/shopbot/app/repositories/order_repo.py", line 47, in list_awaiting_crypto_payment
    result = await self.session.execute(
             ^^^^^^^^^^^^^^^^^^^^^^^^^^^
    ...<3 lines>...
    )
    ^
  File "/Users/mehriddinmengturayev/Downloads/shopbot/.venv/lib/python3.13/site-packages/sqlalchemy/ext/asyncio/session.py", line 461, in execute
    result = await greenlet_spawn(
             ^^^^^^^^^^^^^^^^^^^^^
    ...<6 lines>...
    )
    ^
  File "/Users/mehriddinmengturayev/Downloads/shopbot/.venv/lib/python3.13/site-packages/sqlalchemy/util/_concurrency_py3k.py", line 201, in greenlet_spawn
    result = context.throw(*sys.exc_info())
  File "/Users/mehriddinmengturayev/Downloads/shopbot/.venv/lib/python3.13/site-packages/sqlalchemy/orm/session.py", line 2362, in execute
    return self._execute_internal(
           ~~~~~~~~~~~~~~~~~~~~~~^
        statement,
        ^^^^^^^^^^
    ...<4 lines>...
        _add_event=_add_event,
        ^^^^^^^^^^^^^^^^^^^^^^
    )
    ^
  File "/Users/mehriddinmengturayev/Downloads/shopbot/.venv/lib/python3.13/site-packages/sqlalchemy/orm/session.py", line 2247, in _execute_internal
    result: Result[Any] = compile_state_cls.orm_execute_statement(
                          ~~~~~~~~~~~~~~~~~~~~~~~~~~~~~~~~~~~~~~~^
        self,
        ^^^^^
    ...<4 lines>...
        conn,
        ^^^^^
    )
    ^
  File "/Users/mehriddinmengturayev/Downloads/shopbot/.venv/lib/python3.13/site-packages/sqlalchemy/orm/context.py", line 305, in orm_execute_statement
    result = conn.execute(
        statement, params or {}, execution_options=execution_options
    )
  File "/Users/mehriddinmengturayev/Downloads/shopbot/.venv/lib/python3.13/site-packages/sqlalchemy/engine/base.py", line 1418, in execute
    return meth(
        self,
        distilled_parameters,
        execution_options or NO_OPTIONS,
    )
  File "/Users/mehriddinmengturayev/Downloads/shopbot/.venv/lib/python3.13/site-packages/sqlalchemy/sql/elements.py", line 515, in _execute_on_connection
    return connection._execute_clauseelement(
           ~~~~~~~~~~~~~~~~~~~~~~~~~~~~~~~~~^
        self, distilled_params, execution_options
        ^^^^^^^^^^^^^^^^^^^^^^^^^^^^^^^^^^^^^^^^^
    )
    ^
  File "/Users/mehriddinmengturayev/Downloads/shopbot/.venv/lib/python3.13/site-packages/sqlalchemy/engine/base.py", line 1640, in _execute_clauseelement
    ret = self._execute_context(
        dialect,
    ...<8 lines>...
        cache_hit=cache_hit,
    )
  File "/Users/mehriddinmengturayev/Downloads/shopbot/.venv/lib/python3.13/site-packages/sqlalchemy/engine/base.py", line 1846, in _execute_context
    return self._exec_single_context(
           ~~~~~~~~~~~~~~~~~~~~~~~~~^
        dialect, context, statement, parameters
        ^^^^^^^^^^^^^^^^^^^^^^^^^^^^^^^^^^^^^^^
    )
    ^
  File "/Users/mehriddinmengturayev/Downloads/shopbot/.venv/lib/python3.13/site-packages/sqlalchemy/engine/base.py", line 1986, in _exec_single_context
    self._handle_dbapi_exception(
    ~~~~~~~~~~~~~~~~~~~~~~~~~~~~^
        e, str_statement, effective_parameters, cursor, context
        ^^^^^^^^^^^^^^^^^^^^^^^^^^^^^^^^^^^^^^^^^^^^^^^^^^^^^^^
    )
    ^
  File "/Users/mehriddinmengturayev/Downloads/shopbot/.venv/lib/python3.13/site-packages/sqlalchemy/engine/base.py", line 2355, in _handle_dbapi_exception
    raise sqlalchemy_exception.with_traceback(exc_info[2]) from e
  File "/Users/mehriddinmengturayev/Downloads/shopbot/.venv/lib/python3.13/site-packages/sqlalchemy/engine/base.py", line 1967, in _exec_single_context
    self.dialect.do_execute(
    ~~~~~~~~~~~~~~~~~~~~~~~^
        cursor, str_statement, effective_parameters, context
        ^^^^^^^^^^^^^^^^^^^^^^^^^^^^^^^^^^^^^^^^^^^^^^^^^^^^
    )
    ^
  File "/Users/mehriddinmengturayev/Downloads/shopbot/.venv/lib/python3.13/site-packages/sqlalchemy/engine/default.py", line 941, in do_execute
    cursor.execute(statement, parameters)
    ~~~~~~~~~~~~~~^^^^^^^^^^^^^^^^^^^^^^^
  File "/Users/mehriddinmengturayev/Downloads/shopbot/.venv/lib/python3.13/site-packages/sqlalchemy/dialects/sqlite/aiosqlite.py", line 147, in execute
    self._adapt_connection._handle_exception(error)
    ~~~~~~~~~~~~~~~~~~~~~~~~~~~~~~~~~~~~~~~~^^^^^^^
  File "/Users/mehriddinmengturayev/Downloads/shopbot/.venv/lib/python3.13/site-packages/sqlalchemy/dialects/sqlite/aiosqlite.py", line 298, in _handle_exception
    raise error
  File "/Users/mehriddinmengturayev/Downloads/shopbot/.venv/lib/python3.13/site-packages/sqlalchemy/dialects/sqlite/aiosqlite.py", line 129, in execute
    self.await_(_cursor.execute(operation, parameters))
    ~~~~~~~~~~~^^^^^^^^^^^^^^^^^^^^^^^^^^^^^^^^^^^^^^^^
  File "/Users/mehriddinmengturayev/Downloads/shopbot/.venv/lib/python3.13/site-packages/sqlalchemy/util/_concurrency_py3k.py", line 132, in await_only
    return current.parent.switch(awaitable)  # type: ignore[no-any-return,attr-defined] # noqa: E501
           ~~~~~~~~~~~~~~~~~~~~~^^^^^^^^^^^
  File "/Users/mehriddinmengturayev/Downloads/shopbot/.venv/lib/python3.13/site-packages/sqlalchemy/util/_concurrency_py3k.py", line 196, in greenlet_spawn
    value = await result
            ^^^^^^^^^^^^
  File "/Users/mehriddinmengturayev/Downloads/shopbot/.venv/lib/python3.13/site-packages/aiosqlite/cursor.py", line 48, in execute
    await self._execute(self._cursor.execute, sql, parameters)
  File "/Users/mehriddinmengturayev/Downloads/shopbot/.venv/lib/python3.13/site-packages/aiosqlite/cursor.py", line 40, in _execute
    return await self._conn._execute(fn, *args, **kwargs)
           ^^^^^^^^^^^^^^^^^^^^^^^^^^^^^^^^^^^^^^^^^^^^^^
  File "/Users/mehriddinmengturayev/Downloads/shopbot/.venv/lib/python3.13/site-packages/aiosqlite/core.py", line 132, in _execute
    return await future
           ^^^^^^^^^^^^
  File "/Users/mehriddinmengturayev/Downloads/shopbot/.venv/lib/python3.13/site-packages/aiosqlite/core.py", line 115, in run
    result = function()
sqlalchemy.exc.OperationalError: (sqlite3.OperationalError) no such column: orders.payment_method
[SQL: SELECT orders.id, orders.order_uuid, orders.user_id, orders.product_id, orders.price_at_purchase, orders.currency, orders.status, orders.payment_method, orders.crypto_provider, orders.crypto_invoice_id, orders.crypto_pay_url, orders.decided_by_admin_id, orders.decided_at, orders.rejection_reason, orders.delivered_payload, orders.delivered_at, orders.created_at, orders.updated_at 
FROM orders 
WHERE orders.status = ?]
[parameters: ('AWAITING_CRYPTO_PAYMENT',)]
(Background on this error at: https://sqlalche.me/e/20/e3q8)
2026-07-30 20:40:58,077 | ERROR    | providers | Crypto poller iteration failed
Traceback (most recent call last):
  File "/Users/mehriddinmengturayev/Downloads/shopbot/.venv/lib/python3.13/site-packages/sqlalchemy/engine/base.py", line 1967, in _exec_single_context
    self.dialect.do_execute(
    ~~~~~~~~~~~~~~~~~~~~~~~^
        cursor, str_statement, effective_parameters, context
        ^^^^^^^^^^^^^^^^^^^^^^^^^^^^^^^^^^^^^^^^^^^^^^^^^^^^
    )
    ^
  File "/Users/mehriddinmengturayev/Downloads/shopbot/.venv/lib/python3.13/site-packages/sqlalchemy/engine/default.py", line 941, in do_execute
    cursor.execute(statement, parameters)
    ~~~~~~~~~~~~~~^^^^^^^^^^^^^^^^^^^^^^^
  File "/Users/mehriddinmengturayev/Downloads/shopbot/.venv/lib/python3.13/site-packages/sqlalchemy/dialects/sqlite/aiosqlite.py", line 147, in execute
    self._adapt_connection._handle_exception(error)
    ~~~~~~~~~~~~~~~~~~~~~~~~~~~~~~~~~~~~~~~~^^^^^^^
  File "/Users/mehriddinmengturayev/Downloads/shopbot/.venv/lib/python3.13/site-packages/sqlalchemy/dialects/sqlite/aiosqlite.py", line 298, in _handle_exception
    raise error
  File "/Users/mehriddinmengturayev/Downloads/shopbot/.venv/lib/python3.13/site-packages/sqlalchemy/dialects/sqlite/aiosqlite.py", line 129, in execute
    self.await_(_cursor.execute(operation, parameters))
    ~~~~~~~~~~~^^^^^^^^^^^^^^^^^^^^^^^^^^^^^^^^^^^^^^^^
  File "/Users/mehriddinmengturayev/Downloads/shopbot/.venv/lib/python3.13/site-packages/sqlalchemy/util/_concurrency_py3k.py", line 132, in await_only
    return current.parent.switch(awaitable)  # type: ignore[no-any-return,attr-defined] # noqa: E501
           ~~~~~~~~~~~~~~~~~~~~~^^^^^^^^^^^
  File "/Users/mehriddinmengturayev/Downloads/shopbot/.venv/lib/python3.13/site-packages/sqlalchemy/util/_concurrency_py3k.py", line 196, in greenlet_spawn
    value = await result
            ^^^^^^^^^^^^
  File "/Users/mehriddinmengturayev/Downloads/shopbot/.venv/lib/python3.13/site-packages/aiosqlite/cursor.py", line 48, in execute
    await self._execute(self._cursor.execute, sql, parameters)
  File "/Users/mehriddinmengturayev/Downloads/shopbot/.venv/lib/python3.13/site-packages/aiosqlite/cursor.py", line 40, in _execute
    return await self._conn._execute(fn, *args, **kwargs)
           ^^^^^^^^^^^^^^^^^^^^^^^^^^^^^^^^^^^^^^^^^^^^^^
  File "/Users/mehriddinmengturayev/Downloads/shopbot/.venv/lib/python3.13/site-packages/aiosqlite/core.py", line 132, in _execute
    return await future
           ^^^^^^^^^^^^
  File "/Users/mehriddinmengturayev/Downloads/shopbot/.venv/lib/python3.13/site-packages/aiosqlite/core.py", line 115, in run
    result = function()
sqlite3.OperationalError: no such column: orders.payment_method

The above exception was the direct cause of the following exception:

Traceback (most recent call last):
  File "/Users/mehriddinmengturayev/Downloads/shopbot/app/services/crypto_poller.py", line 33, in crypto_poller_loop
    await _poll_once(bot)
  File "/Users/mehriddinmengturayev/Downloads/shopbot/app/services/crypto_poller.py", line 44, in _poll_once
    pending = await orders_repo.list_awaiting_crypto_payment()
              ^^^^^^^^^^^^^^^^^^^^^^^^^^^^^^^^^^^^^^^^^^^^^^^^
  File "/Users/mehriddinmengturayev/Downloads/shopbot/app/repositories/order_repo.py", line 47, in list_awaiting_crypto_payment
    result = await self.session.execute(
             ^^^^^^^^^^^^^^^^^^^^^^^^^^^
    ...<3 lines>...
    )
    ^
  File "/Users/mehriddinmengturayev/Downloads/shopbot/.venv/lib/python3.13/site-packages/sqlalchemy/ext/asyncio/session.py", line 461, in execute
    result = await greenlet_spawn(
             ^^^^^^^^^^^^^^^^^^^^^
    ...<6 lines>...
    )
    ^
  File "/Users/mehriddinmengturayev/Downloads/shopbot/.venv/lib/python3.13/site-packages/sqlalchemy/util/_concurrency_py3k.py", line 201, in greenlet_spawn
    result = context.throw(*sys.exc_info())
  File "/Users/mehriddinmengturayev/Downloads/shopbot/.venv/lib/python3.13/site-packages/sqlalchemy/orm/session.py", line 2362, in execute
    return self._execute_internal(
           ~~~~~~~~~~~~~~~~~~~~~~^
        statement,
        ^^^^^^^^^^
    ...<4 lines>...
        _add_event=_add_event,
        ^^^^^^^^^^^^^^^^^^^^^^
    )
    ^
  File "/Users/mehriddinmengturayev/Downloads/shopbot/.venv/lib/python3.13/site-packages/sqlalchemy/orm/session.py", line 2247, in _execute_internal
    result: Result[Any] = compile_state_cls.orm_execute_statement(
                          ~~~~~~~~~~~~~~~~~~~~~~~~~~~~~~~~~~~~~~~^
        self,
        ^^^^^
    ...<4 lines>...
        conn,
        ^^^^^
    )
    ^
  File "/Users/mehriddinmengturayev/Downloads/shopbot/.venv/lib/python3.13/site-packages/sqlalchemy/orm/context.py", line 305, in orm_execute_statement
    result = conn.execute(
        statement, params or {}, execution_options=execution_options
    )
  File "/Users/mehriddinmengturayev/Downloads/shopbot/.venv/lib/python3.13/site-packages/sqlalchemy/engine/base.py", line 1418, in execute
    return meth(
        self,
        distilled_parameters,
        execution_options or NO_OPTIONS,
    )
  File "/Users/mehriddinmengturayev/Downloads/shopbot/.venv/lib/python3.13/site-packages/sqlalchemy/sql/elements.py", line 515, in _execute_on_connection
    return connection._execute_clauseelement(
           ~~~~~~~~~~~~~~~~~~~~~~~~~~~~~~~~~^
        self, distilled_params, execution_options
        ^^^^^^^^^^^^^^^^^^^^^^^^^^^^^^^^^^^^^^^^^
    )
    ^
  File "/Users/mehriddinmengturayev/Downloads/shopbot/.venv/lib/python3.13/site-packages/sqlalchemy/engine/base.py", line 1640, in _execute_clauseelement
    ret = self._execute_context(
        dialect,
    ...<8 lines>...
        cache_hit=cache_hit,
    )
  File "/Users/mehriddinmengturayev/Downloads/shopbot/.venv/lib/python3.13/site-packages/sqlalchemy/engine/base.py", line 1846, in _execute_context
    return self._exec_single_context(
           ~~~~~~~~~~~~~~~~~~~~~~~~~^
        dialect, context, statement, parameters
        ^^^^^^^^^^^^^^^^^^^^^^^^^^^^^^^^^^^^^^^
    )
    ^
  File "/Users/mehriddinmengturayev/Downloads/shopbot/.venv/lib/python3.13/site-packages/sqlalchemy/engine/base.py", line 1986, in _exec_single_context
    self._handle_dbapi_exception(
    ~~~~~~~~~~~~~~~~~~~~~~~~~~~~^
        e, str_statement, effective_parameters, cursor, context
        ^^^^^^^^^^^^^^^^^^^^^^^^^^^^^^^^^^^^^^^^^^^^^^^^^^^^^^^
    )
    ^
  File "/Users/mehriddinmengturayev/Downloads/shopbot/.venv/lib/python3.13/site-packages/sqlalchemy/engine/base.py", line 2355, in _handle_dbapi_exception
    raise sqlalchemy_exception.with_traceback(exc_info[2]) from e
  File "/Users/mehriddinmengturayev/Downloads/shopbot/.venv/lib/python3.13/site-packages/sqlalchemy/engine/base.py", line 1967, in _exec_single_context
    self.dialect.do_execute(
    ~~~~~~~~~~~~~~~~~~~~~~~^
        cursor, str_statement, effective_parameters, context
        ^^^^^^^^^^^^^^^^^^^^^^^^^^^^^^^^^^^^^^^^^^^^^^^^^^^^
    )
    ^
  File "/Users/mehriddinmengturayev/Downloads/shopbot/.venv/lib/python3.13/site-packages/sqlalchemy/engine/default.py", line 941, in do_execute
    cursor.execute(statement, parameters)
    ~~~~~~~~~~~~~~^^^^^^^^^^^^^^^^^^^^^^^
  File "/Users/mehriddinmengturayev/Downloads/shopbot/.venv/lib/python3.13/site-packages/sqlalchemy/dialects/sqlite/aiosqlite.py", line 147, in execute
    self._adapt_connection._handle_exception(error)
    ~~~~~~~~~~~~~~~~~~~~~~~~~~~~~~~~~~~~~~~~^^^^^^^
  File "/Users/mehriddinmengturayev/Downloads/shopbot/.venv/lib/python3.13/site-packages/sqlalchemy/dialects/sqlite/aiosqlite.py", line 298, in _handle_exception
    raise error
  File "/Users/mehriddinmengturayev/Downloads/shopbot/.venv/lib/python3.13/site-packages/sqlalchemy/dialects/sqlite/aiosqlite.py", line 129, in execute
    self.await_(_cursor.execute(operation, parameters))
    ~~~~~~~~~~~^^^^^^^^^^^^^^^^^^^^^^^^^^^^^^^^^^^^^^^^
  File "/Users/mehriddinmengturayev/Downloads/shopbot/.venv/lib/python3.13/site-packages/sqlalchemy/util/_concurrency_py3k.py", line 132, in await_only
    return current.parent.switch(awaitable)  # type: ignore[no-any-return,attr-defined] # noqa: E501
           ~~~~~~~~~~~~~~~~~~~~~^^^^^^^^^^^
  File "/Users/mehriddinmengturayev/Downloads/shopbot/.venv/lib/python3.13/site-packages/sqlalchemy/util/_concurrency_py3k.py", line 196, in greenlet_spawn
    value = await result
            ^^^^^^^^^^^^
  File "/Users/mehriddinmengturayev/Downloads/shopbot/.venv/lib/python3.13/site-packages/aiosqlite/cursor.py", line 48, in execute
    await self._execute(self._cursor.execute, sql, parameters)
  File "/Users/mehriddinmengturayev/Downloads/shopbot/.venv/lib/python3.13/site-packages/aiosqlite/cursor.py", line 40, in _execute
    return await self._conn._execute(fn, *args, **kwargs)
           ^^^^^^^^^^^^^^^^^^^^^^^^^^^^^^^^^^^^^^^^^^^^^^
  File "/Users/mehriddinmengturayev/Downloads/shopbot/.venv/lib/python3.13/site-packages/aiosqlite/core.py", line 132, in _execute
    return await future
           ^^^^^^^^^^^^
  File "/Users/mehriddinmengturayev/Downloads/shopbot/.venv/lib/python3.13/site-packages/aiosqlite/core.py", line 115, in run
    result = function()
sqlalchemy.exc.OperationalError: (sqlite3.OperationalError) no such column: orders.payment_method
[SQL: SELECT orders.id, orders.order_uuid, orders.user_id, orders.product_id, orders.price_at_purchase, orders.currency, orders.status, orders.payment_method, orders.crypto_provider, orders.crypto_invoice_id, orders.crypto_pay_url, orders.decided_by_admin_id, orders.decided_at, orders.rejection_reason, orders.delivered_payload, orders.delivered_at, orders.created_at, orders.updated_at 
FROM orders 
WHERE orders.status = ?]
[parameters: ('AWAITING_CRYPTO_PAYMENT',)]
(Background on this error at: https://sqlalche.me/e/20/e3q8)
2026-07-30 20:41:18,096 | ERROR    | providers | Crypto poller iteration failed
Traceback (most recent call last):
  File "/Users/mehriddinmengturayev/Downloads/shopbot/.venv/lib/python3.13/site-packages/sqlalchemy/engine/base.py", line 1967, in _exec_single_context
    self.dialect.do_execute(
    ~~~~~~~~~~~~~~~~~~~~~~~^
        cursor, str_statement, effective_parameters, context
        ^^^^^^^^^^^^^^^^^^^^^^^^^^^^^^^^^^^^^^^^^^^^^^^^^^^^
    )
    ^
  File "/Users/mehriddinmengturayev/Downloads/shopbot/.venv/lib/python3.13/site-packages/sqlalchemy/engine/default.py", line 941, in do_execute
    cursor.execute(statement, parameters)
    ~~~~~~~~~~~~~~^^^^^^^^^^^^^^^^^^^^^^^
  File "/Users/mehriddinmengturayev/Downloads/shopbot/.venv/lib/python3.13/site-packages/sqlalchemy/dialects/sqlite/aiosqlite.py", line 147, in execute
    self._adapt_connection._handle_exception(error)
    ~~~~~~~~~~~~~~~~~~~~~~~~~~~~~~~~~~~~~~~~^^^^^^^
  File "/Users/mehriddinmengturayev/Downloads/shopbot/.venv/lib/python3.13/site-packages/sqlalchemy/dialects/sqlite/aiosqlite.py", line 298, in _handle_exception
    raise error
  File "/Users/mehriddinmengturayev/Downloads/shopbot/.venv/lib/python3.13/site-packages/sqlalchemy/dialects/sqlite/aiosqlite.py", line 129, in execute
    self.await_(_cursor.execute(operation, parameters))
    ~~~~~~~~~~~^^^^^^^^^^^^^^^^^^^^^^^^^^^^^^^^^^^^^^^^
  File "/Users/mehriddinmengturayev/Downloads/shopbot/.venv/lib/python3.13/site-packages/sqlalchemy/util/_concurrency_py3k.py", line 132, in await_only
    return current.parent.switch(awaitable)  # type: ignore[no-any-return,attr-defined] # noqa: E501
           ~~~~~~~~~~~~~~~~~~~~~^^^^^^^^^^^
  File "/Users/mehriddinmengturayev/Downloads/shopbot/.venv/lib/python3.13/site-packages/sqlalchemy/util/_concurrency_py3k.py", line 196, in greenlet_spawn
    value = await result
            ^^^^^^^^^^^^
  File "/Users/mehriddinmengturayev/Downloads/shopbot/.venv/lib/python3.13/site-packages/aiosqlite/cursor.py", line 48, in execute
    await self._execute(self._cursor.execute, sql, parameters)
  File "/Users/mehriddinmengturayev/Downloads/shopbot/.venv/lib/python3.13/site-packages/aiosqlite/cursor.py", line 40, in _execute
    return await self._conn._execute(fn, *args, **kwargs)
           ^^^^^^^^^^^^^^^^^^^^^^^^^^^^^^^^^^^^^^^^^^^^^^
  File "/Users/mehriddinmengturayev/Downloads/shopbot/.venv/lib/python3.13/site-packages/aiosqlite/core.py", line 132, in _execute
    return await future
           ^^^^^^^^^^^^
  File "/Users/mehriddinmengturayev/Downloads/shopbot/.venv/lib/python3.13/site-packages/aiosqlite/core.py", line 115, in run
    result = function()
sqlite3.OperationalError: no such column: orders.payment_method

The above exception was the direct cause of the following exception:

Traceback (most recent call last):
  File "/Users/mehriddinmengturayev/Downloads/shopbot/app/services/crypto_poller.py", line 33, in crypto_poller_loop
    await _poll_once(bot)
  File "/Users/mehriddinmengturayev/Downloads/shopbot/app/services/crypto_poller.py", line 44, in _poll_once
    pending = await orders_repo.list_awaiting_crypto_payment()
              ^^^^^^^^^^^^^^^^^^^^^^^^^^^^^^^^^^^^^^^^^^^^^^^^
  File "/Users/mehriddinmengturayev/Downloads/shopbot/app/repositories/order_repo.py", line 47, in list_awaiting_crypto_payment
    result = await self.session.execute(
             ^^^^^^^^^^^^^^^^^^^^^^^^^^^
    ...<3 lines>...
    )
    ^
  File "/Users/mehriddinmengturayev/Downloads/shopbot/.venv/lib/python3.13/site-packages/sqlalchemy/ext/asyncio/session.py", line 461, in execute
    result = await greenlet_spawn(
             ^^^^^^^^^^^^^^^^^^^^^
    ...<6 lines>...
    )
    ^
  File "/Users/mehriddinmengturayev/Downloads/shopbot/.venv/lib/python3.13/site-packages/sqlalchemy/util/_concurrency_py3k.py", line 201, in greenlet_spawn
    result = context.throw(*sys.exc_info())
  File "/Users/mehriddinmengturayev/Downloads/shopbot/.venv/lib/python3.13/site-packages/sqlalchemy/orm/session.py", line 2362, in execute
    return self._execute_internal(
           ~~~~~~~~~~~~~~~~~~~~~~^
        statement,
        ^^^^^^^^^^
    ...<4 lines>...
        _add_event=_add_event,
        ^^^^^^^^^^^^^^^^^^^^^^
    )
    ^
  File "/Users/mehriddinmengturayev/Downloads/shopbot/.venv/lib/python3.13/site-packages/sqlalchemy/orm/session.py", line 2247, in _execute_internal
    result: Result[Any] = compile_state_cls.orm_execute_statement(
                          ~~~~~~~~~~~~~~~~~~~~~~~~~~~~~~~~~~~~~~~^
        self,
        ^^^^^
    ...<4 lines>...
        conn,
        ^^^^^
    )
    ^
  File "/Users/mehriddinmengturayev/Downloads/shopbot/.venv/lib/python3.13/site-packages/sqlalchemy/orm/context.py", line 305, in orm_execute_statement
    result = conn.execute(
        statement, params or {}, execution_options=execution_options
    )
  File "/Users/mehriddinmengturayev/Downloads/shopbot/.venv/lib/python3.13/site-packages/sqlalchemy/engine/base.py", line 1418, in execute
    return meth(
        self,
        distilled_parameters,
        execution_options or NO_OPTIONS,
    )
  File "/Users/mehriddinmengturayev/Downloads/shopbot/.venv/lib/python3.13/site-packages/sqlalchemy/sql/elements.py", line 515, in _execute_on_connection
    return connection._execute_clauseelement(
           ~~~~~~~~~~~~~~~~~~~~~~~~~~~~~~~~~^
        self, distilled_params, execution_options
        ^^^^^^^^^^^^^^^^^^^^^^^^^^^^^^^^^^^^^^^^^
    )
    ^
  File "/Users/mehriddinmengturayev/Downloads/shopbot/.venv/lib/python3.13/site-packages/sqlalchemy/engine/base.py", line 1640, in _execute_clauseelement
    ret = self._execute_context(
        dialect,
    ...<8 lines>...
        cache_hit=cache_hit,
    )
  File "/Users/mehriddinmengturayev/Downloads/shopbot/.venv/lib/python3.13/site-packages/sqlalchemy/engine/base.py", line 1846, in _execute_context
    return self._exec_single_context(
           ~~~~~~~~~~~~~~~~~~~~~~~~~^
        dialect, context, statement, parameters
        ^^^^^^^^^^^^^^^^^^^^^^^^^^^^^^^^^^^^^^^
    )
    ^
  File "/Users/mehriddinmengturayev/Downloads/shopbot/.venv/lib/python3.13/site-packages/sqlalchemy/engine/base.py", line 1986, in _exec_single_context
    self._handle_dbapi_exception(
    ~~~~~~~~~~~~~~~~~~~~~~~~~~~~^
        e, str_statement, effective_parameters, cursor, context
        ^^^^^^^^^^^^^^^^^^^^^^^^^^^^^^^^^^^^^^^^^^^^^^^^^^^^^^^
    )
    ^
  File "/Users/mehriddinmengturayev/Downloads/shopbot/.venv/lib/python3.13/site-packages/sqlalchemy/engine/base.py", line 2355, in _handle_dbapi_exception
    raise sqlalchemy_exception.with_traceback(exc_info[2]) from e
  File "/Users/mehriddinmengturayev/Downloads/shopbot/.venv/lib/python3.13/site-packages/sqlalchemy/engine/base.py", line 1967, in _exec_single_context
    self.dialect.do_execute(
    ~~~~~~~~~~~~~~~~~~~~~~~^
        cursor, str_statement, effective_parameters, context
        ^^^^^^^^^^^^^^^^^^^^^^^^^^^^^^^^^^^^^^^^^^^^^^^^^^^^
    )
    ^
  File "/Users/mehriddinmengturayev/Downloads/shopbot/.venv/lib/python3.13/site-packages/sqlalchemy/engine/default.py", line 941, in do_execute
    cursor.execute(statement, parameters)
    ~~~~~~~~~~~~~~^^^^^^^^^^^^^^^^^^^^^^^
  File "/Users/mehriddinmengturayev/Downloads/shopbot/.venv/lib/python3.13/site-packages/sqlalchemy/dialects/sqlite/aiosqlite.py", line 147, in execute
    self._adapt_connection._handle_exception(error)
    ~~~~~~~~~~~~~~~~~~~~~~~~~~~~~~~~~~~~~~~~^^^^^^^
  File "/Users/mehriddinmengturayev/Downloads/shopbot/.venv/lib/python3.13/site-packages/sqlalchemy/dialects/sqlite/aiosqlite.py", line 298, in _handle_exception
    raise error
  File "/Users/mehriddinmengturayev/Downloads/shopbot/.venv/lib/python3.13/site-packages/sqlalchemy/dialects/sqlite/aiosqlite.py", line 129, in execute
    self.await_(_cursor.execute(operation, parameters))
    ~~~~~~~~~~~^^^^^^^^^^^^^^^^^^^^^^^^^^^^^^^^^^^^^^^^
  File "/Users/mehriddinmengturayev/Downloads/shopbot/.venv/lib/python3.13/site-packages/sqlalchemy/util/_concurrency_py3k.py", line 132, in await_only
    return current.parent.switch(awaitable)  # type: ignore[no-any-return,attr-defined] # noqa: E501
           ~~~~~~~~~~~~~~~~~~~~~^^^^^^^^^^^
  File "/Users/mehriddinmengturayev/Downloads/shopbot/.venv/lib/python3.13/site-packages/sqlalchemy/util/_concurrency_py3k.py", line 196, in greenlet_spawn
    value = await result
            ^^^^^^^^^^^^
  File "/Users/mehriddinmengturayev/Downloads/shopbot/.venv/lib/python3.13/site-packages/aiosqlite/cursor.py", line 48, in execute
    await self._execute(self._cursor.execute, sql, parameters)
  File "/Users/mehriddinmengturayev/Downloads/shopbot/.venv/lib/python3.13/site-packages/aiosqlite/cursor.py", line 40, in _execute
    return await self._conn._execute(fn, *args, **kwargs)
           ^^^^^^^^^^^^^^^^^^^^^^^^^^^^^^^^^^^^^^^^^^^^^^
  File "/Users/mehriddinmengturayev/Downloads/shopbot/.venv/lib/python3.13/site-packages/aiosqlite/core.py", line 132, in _execute
    return await future
           ^^^^^^^^^^^^
  File "/Users/mehriddinmengturayev/Downloads/shopbot/.venv/lib/python3.13/site-packages/aiosqlite/core.py", line 115, in run
    result = function()
sqlalchemy.exc.OperationalError: (sqlite3.OperationalError) no such column: orders.payment_method
[SQL: SELECT orders.id, orders.order_uuid, orders.user_id, orders.product_id, orders.price_at_purchase, orders.currency, orders.status, orders.payment_method, orders.crypto_provider, orders.crypto_invoice_id, orders.crypto_pay_url, orders.decided_by_admin_id, orders.decided_at, orders.rejection_reason, orders.delivered_payload, orders.delivered_at, orders.created_at, orders.updated_at 
FROM orders 
WHERE orders.status = ?]
[parameters: ('AWAITING_CRYPTO_PAYMENT',)]
(Background on this error at: https://sqlalche.me/e/20/e3q8)
2026-07-30 20:41:38,112 | ERROR    | providers | Crypto poller iteration failed
Traceback (most recent call last):
  File "/Users/mehriddinmengturayev/Downloads/shopbot/.venv/lib/python3.13/site-packages/sqlalchemy/engine/base.py", line 1967, in _exec_single_context
    self.dialect.do_execute(
    ~~~~~~~~~~~~~~~~~~~~~~~^
        cursor, str_statement, effective_parameters, context
        ^^^^^^^^^^^^^^^^^^^^^^^^^^^^^^^^^^^^^^^^^^^^^^^^^^^^
    )
    ^
  File "/Users/mehriddinmengturayev/Downloads/shopbot/.venv/lib/python3.13/site-packages/sqlalchemy/engine/default.py", line 941, in do_execute
    cursor.execute(statement, parameters)
    ~~~~~~~~~~~~~~^^^^^^^^^^^^^^^^^^^^^^^
  File "/Users/mehriddinmengturayev/Downloads/shopbot/.venv/lib/python3.13/site-packages/sqlalchemy/dialects/sqlite/aiosqlite.py", line 147, in execute
    self._adapt_connection._handle_exception(error)
    ~~~~~~~~~~~~~~~~~~~~~~~~~~~~~~~~~~~~~~~~^^^^^^^
  File "/Users/mehriddinmengturayev/Downloads/shopbot/.venv/lib/python3.13/site-packages/sqlalchemy/dialects/sqlite/aiosqlite.py", line 298, in _handle_exception
    raise error
  File "/Users/mehriddinmengturayev/Downloads/shopbot/.venv/lib/python3.13/site-packages/sqlalchemy/dialects/sqlite/aiosqlite.py", line 129, in execute
    self.await_(_cursor.execute(operation, parameters))
    ~~~~~~~~~~~^^^^^^^^^^^^^^^^^^^^^^^^^^^^^^^^^^^^^^^^
  File "/Users/mehriddinmengturayev/Downloads/shopbot/.venv/lib/python3.13/site-packages/sqlalchemy/util/_concurrency_py3k.py", line 132, in await_only
    return current.parent.switch(awaitable)  # type: ignore[no-any-return,attr-defined] # noqa: E501
           ~~~~~~~~~~~~~~~~~~~~~^^^^^^^^^^^
  File "/Users/mehriddinmengturayev/Downloads/shopbot/.venv/lib/python3.13/site-packages/sqlalchemy/util/_concurrency_py3k.py", line 196, in greenlet_spawn
    value = await result
            ^^^^^^^^^^^^
  File "/Users/mehriddinmengturayev/Downloads/shopbot/.venv/lib/python3.13/site-packages/aiosqlite/cursor.py", line 48, in execute
    await self._execute(self._cursor.execute, sql, parameters)
  File "/Users/mehriddinmengturayev/Downloads/shopbot/.venv/lib/python3.13/site-packages/aiosqlite/cursor.py", line 40, in _execute
    return await self._conn._execute(fn, *args, **kwargs)
           ^^^^^^^^^^^^^^^^^^^^^^^^^^^^^^^^^^^^^^^^^^^^^^
  File "/Users/mehriddinmengturayev/Downloads/shopbot/.venv/lib/python3.13/site-packages/aiosqlite/core.py", line 132, in _execute
    return await future
           ^^^^^^^^^^^^
  File "/Users/mehriddinmengturayev/Downloads/shopbot/.venv/lib/python3.13/site-packages/aiosqlite/core.py", line 115, in run
    result = function()
sqlite3.OperationalError: no such column: orders.payment_method

The above exception was the direct cause of the following exception:

Traceback (most recent call last):
  File "/Users/mehriddinmengturayev/Downloads/shopbot/app/services/crypto_poller.py", line 33, in crypto_poller_loop
    await _poll_once(bot)
  File "/Users/mehriddinmengturayev/Downloads/shopbot/app/services/crypto_poller.py", line 44, in _poll_once
    pending = await orders_repo.list_awaiting_crypto_payment()
              ^^^^^^^^^^^^^^^^^^^^^^^^^^^^^^^^^^^^^^^^^^^^^^^^
  File "/Users/mehriddinmengturayev/Downloads/shopbot/app/repositories/order_repo.py", line 47, in list_awaiting_crypto_payment
    result = await self.session.execute(
             ^^^^^^^^^^^^^^^^^^^^^^^^^^^
    ...<3 lines>...
    )
    ^
  File "/Users/mehriddinmengturayev/Downloads/shopbot/.venv/lib/python3.13/site-packages/sqlalchemy/ext/asyncio/session.py", line 461, in execute
    result = await greenlet_spawn(
             ^^^^^^^^^^^^^^^^^^^^^
    ...<6 lines>...
    )
    ^
  File "/Users/mehriddinmengturayev/Downloads/shopbot/.venv/lib/python3.13/site-packages/sqlalchemy/util/_concurrency_py3k.py", line 201, in greenlet_spawn
    result = context.throw(*sys.exc_info())
  File "/Users/mehriddinmengturayev/Downloads/shopbot/.venv/lib/python3.13/site-packages/sqlalchemy/orm/session.py", line 2362, in execute
    return self._execute_internal(
           ~~~~~~~~~~~~~~~~~~~~~~^
        statement,
        ^^^^^^^^^^
    ...<4 lines>...
        _add_event=_add_event,
        ^^^^^^^^^^^^^^^^^^^^^^
    )
    ^
  File "/Users/mehriddinmengturayev/Downloads/shopbot/.venv/lib/python3.13/site-packages/sqlalchemy/orm/session.py", line 2247, in _execute_internal
    result: Result[Any] = compile_state_cls.orm_execute_statement(
                          ~~~~~~~~~~~~~~~~~~~~~~~~~~~~~~~~~~~~~~~^
        self,
        ^^^^^
    ...<4 lines>...
        conn,
        ^^^^^
    )
    ^
  File "/Users/mehriddinmengturayev/Downloads/shopbot/.venv/lib/python3.13/site-packages/sqlalchemy/orm/context.py", line 305, in orm_execute_statement
    result = conn.execute(
        statement, params or {}, execution_options=execution_options
    )
  File "/Users/mehriddinmengturayev/Downloads/shopbot/.venv/lib/python3.13/site-packages/sqlalchemy/engine/base.py", line 1418, in execute
    return meth(
        self,
        distilled_parameters,
        execution_options or NO_OPTIONS,
    )
  File "/Users/mehriddinmengturayev/Downloads/shopbot/.venv/lib/python3.13/site-packages/sqlalchemy/sql/elements.py", line 515, in _execute_on_connection
    return connection._execute_clauseelement(
           ~~~~~~~~~~~~~~~~~~~~~~~~~~~~~~~~~^
        self, distilled_params, execution_options
        ^^^^^^^^^^^^^^^^^^^^^^^^^^^^^^^^^^^^^^^^^
    )
    ^
  File "/Users/mehriddinmengturayev/Downloads/shopbot/.venv/lib/python3.13/site-packages/sqlalchemy/engine/base.py", line 1640, in _execute_clauseelement
    ret = self._execute_context(
        dialect,
    ...<8 lines>...
        cache_hit=cache_hit,
    )
  File "/Users/mehriddinmengturayev/Downloads/shopbot/.venv/lib/python3.13/site-packages/sqlalchemy/engine/base.py", line 1846, in _execute_context
    return self._exec_single_context(
           ~~~~~~~~~~~~~~~~~~~~~~~~~^
        dialect, context, statement, parameters
        ^^^^^^^^^^^^^^^^^^^^^^^^^^^^^^^^^^^^^^^
    )
    ^
  File "/Users/mehriddinmengturayev/Downloads/shopbot/.venv/lib/python3.13/site-packages/sqlalchemy/engine/base.py", line 1986, in _exec_single_context
    self._handle_dbapi_exception(
    ~~~~~~~~~~~~~~~~~~~~~~~~~~~~^
        e, str_statement, effective_parameters, cursor, context
        ^^^^^^^^^^^^^^^^^^^^^^^^^^^^^^^^^^^^^^^^^^^^^^^^^^^^^^^
    )
    ^
  File "/Users/mehriddinmengturayev/Downloads/shopbot/.venv/lib/python3.13/site-packages/sqlalchemy/engine/base.py", line 2355, in _handle_dbapi_exception
    raise sqlalchemy_exception.with_traceback(exc_info[2]) from e
  File "/Users/mehriddinmengturayev/Downloads/shopbot/.venv/lib/python3.13/site-packages/sqlalchemy/engine/base.py", line 1967, in _exec_single_context
    self.dialect.do_execute(
    ~~~~~~~~~~~~~~~~~~~~~~~^
        cursor, str_statement, effective_parameters, context
        ^^^^^^^^^^^^^^^^^^^^^^^^^^^^^^^^^^^^^^^^^^^^^^^^^^^^
    )
    ^
  File "/Users/mehriddinmengturayev/Downloads/shopbot/.venv/lib/python3.13/site-packages/sqlalchemy/engine/default.py", line 941, in do_execute
    cursor.execute(statement, parameters)
    ~~~~~~~~~~~~~~^^^^^^^^^^^^^^^^^^^^^^^
  File "/Users/mehriddinmengturayev/Downloads/shopbot/.venv/lib/python3.13/site-packages/sqlalchemy/dialects/sqlite/aiosqlite.py", line 147, in execute
    self._adapt_connection._handle_exception(error)
    ~~~~~~~~~~~~~~~~~~~~~~~~~~~~~~~~~~~~~~~~^^^^^^^
  File "/Users/mehriddinmengturayev/Downloads/shopbot/.venv/lib/python3.13/site-packages/sqlalchemy/dialects/sqlite/aiosqlite.py", line 298, in _handle_exception
    raise error
  File "/Users/mehriddinmengturayev/Downloads/shopbot/.venv/lib/python3.13/site-packages/sqlalchemy/dialects/sqlite/aiosqlite.py", line 129, in execute
    self.await_(_cursor.execute(operation, parameters))
    ~~~~~~~~~~~^^^^^^^^^^^^^^^^^^^^^^^^^^^^^^^^^^^^^^^^
  File "/Users/mehriddinmengturayev/Downloads/shopbot/.venv/lib/python3.13/site-packages/sqlalchemy/util/_concurrency_py3k.py", line 132, in await_only
    return current.parent.switch(awaitable)  # type: ignore[no-any-return,attr-defined] # noqa: E501
           ~~~~~~~~~~~~~~~~~~~~~^^^^^^^^^^^
  File "/Users/mehriddinmengturayev/Downloads/shopbot/.venv/lib/python3.13/site-packages/sqlalchemy/util/_concurrency_py3k.py", line 196, in greenlet_spawn
    value = await result
            ^^^^^^^^^^^^
  File "/Users/mehriddinmengturayev/Downloads/shopbot/.venv/lib/python3.13/site-packages/aiosqlite/cursor.py", line 48, in execute
    await self._execute(self._cursor.execute, sql, parameters)
  File "/Users/mehriddinmengturayev/Downloads/shopbot/.venv/lib/python3.13/site-packages/aiosqlite/cursor.py", line 40, in _execute
    return await self._conn._execute(fn, *args, **kwargs)
           ^^^^^^^^^^^^^^^^^^^^^^^^^^^^^^^^^^^^^^^^^^^^^^
  File "/Users/mehriddinmengturayev/Downloads/shopbot/.venv/lib/python3.13/site-packages/aiosqlite/core.py", line 132, in _execute
    return await future
           ^^^^^^^^^^^^
  File "/Users/mehriddinmengturayev/Downloads/shopbot/.venv/lib/python3.13/site-packages/aiosqlite/core.py", line 115, in run
    result = function()
sqlalchemy.exc.OperationalError: (sqlite3.OperationalError) no such column: orders.payment_method
[SQL: SELECT orders.id, orders.order_uuid, orders.user_id, orders.product_id, orders.price_at_purchase, orders.currency, orders.status, orders.payment_method, orders.crypto_provider, orders.crypto_invoice_id, orders.crypto_pay_url, orders.decided_by_admin_id, orders.decided_at, orders.rejection_reason, orders.delivered_payload, orders.delivered_at, orders.created_at, orders.updated_at 
FROM orders 
WHERE orders.status = ?]
[parameters: ('AWAITING_CRYPTO_PAYMENT',)]
(Background on this error at: https://sqlalche.me/e/20/e3q8)
2026-07-30 20:41:58,129 | ERROR    | providers | Crypto poller iteration failed
Traceback (most recent call last):
  File "/Users/mehriddinmengturayev/Downloads/shopbot/.venv/lib/python3.13/site-packages/sqlalchemy/engine/base.py", line 1967, in _exec_single_context
    self.dialect.do_execute(
    ~~~~~~~~~~~~~~~~~~~~~~~^
        cursor, str_statement, effective_parameters, context
        ^^^^^^^^^^^^^^^^^^^^^^^^^^^^^^^^^^^^^^^^^^^^^^^^^^^^
    )
    ^
  File "/Users/mehriddinmengturayev/Downloads/shopbot/.venv/lib/python3.13/site-packages/sqlalchemy/engine/default.py", line 941, in do_execute
    cursor.execute(statement, parameters)
    ~~~~~~~~~~~~~~^^^^^^^^^^^^^^^^^^^^^^^
  File "/Users/mehriddinmengturayev/Downloads/shopbot/.venv/lib/python3.13/site-packages/sqlalchemy/dialects/sqlite/aiosqlite.py", line 147, in execute
    self._adapt_connection._handle_exception(error)
    ~~~~~~~~~~~~~~~~~~~~~~~~~~~~~~~~~~~~~~~~^^^^^^^
  File "/Users/mehriddinmengturayev/Downloads/shopbot/.venv/lib/python3.13/site-packages/sqlalchemy/dialects/sqlite/aiosqlite.py", line 298, in _handle_exception
    raise error
  File "/Users/mehriddinmengturayev/Downloads/shopbot/.venv/lib/python3.13/site-packages/sqlalchemy/dialects/sqlite/aiosqlite.py", line 129, in execute
    self.await_(_cursor.execute(operation, parameters))
    ~~~~~~~~~~~^^^^^^^^^^^^^^^^^^^^^^^^^^^^^^^^^^^^^^^^
  File "/Users/mehriddinmengturayev/Downloads/shopbot/.venv/lib/python3.13/site-packages/sqlalchemy/util/_concurrency_py3k.py", line 132, in await_only
    return current.parent.switch(awaitable)  # type: ignore[no-any-return,attr-defined] # noqa: E501
           ~~~~~~~~~~~~~~~~~~~~~^^^^^^^^^^^
  File "/Users/mehriddinmengturayev/Downloads/shopbot/.venv/lib/python3.13/site-packages/sqlalchemy/util/_concurrency_py3k.py", line 196, in greenlet_spawn
    value = await result
            ^^^^^^^^^^^^
  File "/Users/mehriddinmengturayev/Downloads/shopbot/.venv/lib/python3.13/site-packages/aiosqlite/cursor.py", line 48, in execute
    await self._execute(self._cursor.execute, sql, parameters)
  File "/Users/mehriddinmengturayev/Downloads/shopbot/.venv/lib/python3.13/site-packages/aiosqlite/cursor.py", line 40, in _execute
    return await self._conn._execute(fn, *args, **kwargs)
           ^^^^^^^^^^^^^^^^^^^^^^^^^^^^^^^^^^^^^^^^^^^^^^
  File "/Users/mehriddinmengturayev/Downloads/shopbot/.venv/lib/python3.13/site-packages/aiosqlite/core.py", line 132, in _execute
    return await future
           ^^^^^^^^^^^^
  File "/Users/mehriddinmengturayev/Downloads/shopbot/.venv/lib/python3.13/site-packages/aiosqlite/core.py", line 115, in run
    result = function()
sqlite3.OperationalError: no such column: orders.payment_method

The above exception was the direct cause of the following exception:

Traceback (most recent call last):
  File "/Users/mehriddinmengturayev/Downloads/shopbot/app/services/crypto_poller.py", line 33, in crypto_poller_loop
    await _poll_once(bot)
  File "/Users/mehriddinmengturayev/Downloads/shopbot/app/services/crypto_poller.py", line 44, in _poll_once
    pending = await orders_repo.list_awaiting_crypto_payment()
              ^^^^^^^^^^^^^^^^^^^^^^^^^^^^^^^^^^^^^^^^^^^^^^^^
  File "/Users/mehriddinmengturayev/Downloads/shopbot/app/repositories/order_repo.py", line 47, in list_awaiting_crypto_payment
    result = await self.session.execute(
             ^^^^^^^^^^^^^^^^^^^^^^^^^^^
    ...<3 lines>...
    )
    ^
  File "/Users/mehriddinmengturayev/Downloads/shopbot/.venv/lib/python3.13/site-packages/sqlalchemy/ext/asyncio/session.py", line 461, in execute
    result = await greenlet_spawn(
             ^^^^^^^^^^^^^^^^^^^^^
    ...<6 lines>...
    )
    ^
  File "/Users/mehriddinmengturayev/Downloads/shopbot/.venv/lib/python3.13/site-packages/sqlalchemy/util/_concurrency_py3k.py", line 201, in greenlet_spawn
    result = context.throw(*sys.exc_info())
  File "/Users/mehriddinmengturayev/Downloads/shopbot/.venv/lib/python3.13/site-packages/sqlalchemy/orm/session.py", line 2362, in execute
    return self._execute_internal(
           ~~~~~~~~~~~~~~~~~~~~~~^
        statement,
        ^^^^^^^^^^
    ...<4 lines>...
        _add_event=_add_event,
        ^^^^^^^^^^^^^^^^^^^^^^
    )
    ^
  File "/Users/mehriddinmengturayev/Downloads/shopbot/.venv/lib/python3.13/site-packages/sqlalchemy/orm/session.py", line 2247, in _execute_internal
    result: Result[Any] = compile_state_cls.orm_execute_statement(
                          ~~~~~~~~~~~~~~~~~~~~~~~~~~~~~~~~~~~~~~~^
        self,
        ^^^^^
    ...<4 lines>...
        conn,
        ^^^^^
    )
    ^
  File "/Users/mehriddinmengturayev/Downloads/shopbot/.venv/lib/python3.13/site-packages/sqlalchemy/orm/context.py", line 305, in orm_execute_statement
    result = conn.execute(
        statement, params or {}, execution_options=execution_options
    )
  File "/Users/mehriddinmengturayev/Downloads/shopbot/.venv/lib/python3.13/site-packages/sqlalchemy/engine/base.py", line 1418, in execute
    return meth(
        self,
        distilled_parameters,
        execution_options or NO_OPTIONS,
    )
  File "/Users/mehriddinmengturayev/Downloads/shopbot/.venv/lib/python3.13/site-packages/sqlalchemy/sql/elements.py", line 515, in _execute_on_connection
    return connection._execute_clauseelement(
           ~~~~~~~~~~~~~~~~~~~~~~~~~~~~~~~~~^
        self, distilled_params, execution_options
        ^^^^^^^^^^^^^^^^^^^^^^^^^^^^^^^^^^^^^^^^^
    )
    ^
  File "/Users/mehriddinmengturayev/Downloads/shopbot/.venv/lib/python3.13/site-packages/sqlalchemy/engine/base.py", line 1640, in _execute_clauseelement
    ret = self._execute_context(
        dialect,
    ...<8 lines>...
        cache_hit=cache_hit,
    )
  File "/Users/mehriddinmengturayev/Downloads/shopbot/.venv/lib/python3.13/site-packages/sqlalchemy/engine/base.py", line 1846, in _execute_context
    return self._exec_single_context(
           ~~~~~~~~~~~~~~~~~~~~~~~~~^
        dialect, context, statement, parameters
        ^^^^^^^^^^^^^^^^^^^^^^^^^^^^^^^^^^^^^^^
    )
    ^
  File "/Users/mehriddinmengturayev/Downloads/shopbot/.venv/lib/python3.13/site-packages/sqlalchemy/engine/base.py", line 1986, in _exec_single_context
    self._handle_dbapi_exception(
    ~~~~~~~~~~~~~~~~~~~~~~~~~~~~^
        e, str_statement, effective_parameters, cursor, context
        ^^^^^^^^^^^^^^^^^^^^^^^^^^^^^^^^^^^^^^^^^^^^^^^^^^^^^^^
    )
    ^
  File "/Users/mehriddinmengturayev/Downloads/shopbot/.venv/lib/python3.13/site-packages/sqlalchemy/engine/base.py", line 2355, in _handle_dbapi_exception
    raise sqlalchemy_exception.with_traceback(exc_info[2]) from e
  File "/Users/mehriddinmengturayev/Downloads/shopbot/.venv/lib/python3.13/site-packages/sqlalchemy/engine/base.py", line 1967, in _exec_single_context
    self.dialect.do_execute(
    ~~~~~~~~~~~~~~~~~~~~~~~^
        cursor, str_statement, effective_parameters, context
        ^^^^^^^^^^^^^^^^^^^^^^^^^^^^^^^^^^^^^^^^^^^^^^^^^^^^
    )
    ^
  File "/Users/mehriddinmengturayev/Downloads/shopbot/.venv/lib/python3.13/site-packages/sqlalchemy/engine/default.py", line 941, in do_execute
    cursor.execute(statement, parameters)
    ~~~~~~~~~~~~~~^^^^^^^^^^^^^^^^^^^^^^^
  File "/Users/mehriddinmengturayev/Downloads/shopbot/.venv/lib/python3.13/site-packages/sqlalchemy/dialects/sqlite/aiosqlite.py", line 147, in execute
    self._adapt_connection._handle_exception(error)
    ~~~~~~~~~~~~~~~~~~~~~~~~~~~~~~~~~~~~~~~~^^^^^^^
  File "/Users/mehriddinmengturayev/Downloads/shopbot/.venv/lib/python3.13/site-packages/sqlalchemy/dialects/sqlite/aiosqlite.py", line 298, in _handle_exception
    raise error
  File "/Users/mehriddinmengturayev/Downloads/shopbot/.venv/lib/python3.13/site-packages/sqlalchemy/dialects/sqlite/aiosqlite.py", line 129, in execute
    self.await_(_cursor.execute(operation, parameters))
    ~~~~~~~~~~~^^^^^^^^^^^^^^^^^^^^^^^^^^^^^^^^^^^^^^^^
  File "/Users/mehriddinmengturayev/Downloads/shopbot/.venv/lib/python3.13/site-packages/sqlalchemy/util/_concurrency_py3k.py", line 132, in await_only
    return current.parent.switch(awaitable)  # type: ignore[no-any-return,attr-defined] # noqa: E501
           ~~~~~~~~~~~~~~~~~~~~~^^^^^^^^^^^
  File "/Users/mehriddinmengturayev/Downloads/shopbot/.venv/lib/python3.13/site-packages/sqlalchemy/util/_concurrency_py3k.py", line 196, in greenlet_spawn
    value = await result
            ^^^^^^^^^^^^
  File "/Users/mehriddinmengturayev/Downloads/shopbot/.venv/lib/python3.13/site-packages/aiosqlite/cursor.py", line 48, in execute
    await self._execute(self._cursor.execute, sql, parameters)
  File "/Users/mehriddinmengturayev/Downloads/shopbot/.venv/lib/python3.13/site-packages/aiosqlite/cursor.py", line 40, in _execute
    return await self._conn._execute(fn, *args, **kwargs)
           ^^^^^^^^^^^^^^^^^^^^^^^^^^^^^^^^^^^^^^^^^^^^^^
  File "/Users/mehriddinmengturayev/Downloads/shopbot/.venv/lib/python3.13/site-packages/aiosqlite/core.py", line 132, in _execute
    return await future
           ^^^^^^^^^^^^
  File "/Users/mehriddinmengturayev/Downloads/shopbot/.venv/lib/python3.13/site-packages/aiosqlite/core.py", line 115, in run
    result = function()
sqlalchemy.exc.OperationalError: (sqlite3.OperationalError) no such column: orders.payment_method
[SQL: SELECT orders.id, orders.order_uuid, orders.user_id, orders.product_id, orders.price_at_purchase, orders.currency, orders.status, orders.payment_method, orders.crypto_provider, orders.crypto_invoice_id, orders.crypto_pay_url, orders.decided_by_admin_id, orders.decided_at, orders.rejection_reason, orders.delivered_payload, orders.delivered_at, orders.created_at, orders.updated_at 
FROM orders 
WHERE orders.status = ?]
[parameters: ('AWAITING_CRYPTO_PAYMENT',)]
(Background on this error at: https://sqlalche.me/e/20/e3q8)
2026-07-30 20:42:18,146 | ERROR    | providers | Crypto poller iteration failed
Traceback (most recent call last):
  File "/Users/mehriddinmengturayev/Downloads/shopbot/.venv/lib/python3.13/site-packages/sqlalchemy/engine/base.py", line 1967, in _exec_single_context
    self.dialect.do_execute(
    ~~~~~~~~~~~~~~~~~~~~~~~^
        cursor, str_statement, effective_parameters, context
        ^^^^^^^^^^^^^^^^^^^^^^^^^^^^^^^^^^^^^^^^^^^^^^^^^^^^
    )
    ^
  File "/Users/mehriddinmengturayev/Downloads/shopbot/.venv/lib/python3.13/site-packages/sqlalchemy/engine/default.py", line 941, in do_execute
    cursor.execute(statement, parameters)
    ~~~~~~~~~~~~~~^^^^^^^^^^^^^^^^^^^^^^^
  File "/Users/mehriddinmengturayev/Downloads/shopbot/.venv/lib/python3.13/site-packages/sqlalchemy/dialects/sqlite/aiosqlite.py", line 147, in execute
    self._adapt_connection._handle_exception(error)
    ~~~~~~~~~~~~~~~~~~~~~~~~~~~~~~~~~~~~~~~~^^^^^^^
  File "/Users/mehriddinmengturayev/Downloads/shopbot/.venv/lib/python3.13/site-packages/sqlalchemy/dialects/sqlite/aiosqlite.py", line 298, in _handle_exception
    raise error
  File "/Users/mehriddinmengturayev/Downloads/shopbot/.venv/lib/python3.13/site-packages/sqlalchemy/dialects/sqlite/aiosqlite.py", line 129, in execute
    self.await_(_cursor.execute(operation, parameters))
    ~~~~~~~~~~~^^^^^^^^^^^^^^^^^^^^^^^^^^^^^^^^^^^^^^^^
  File "/Users/mehriddinmengturayev/Downloads/shopbot/.venv/lib/python3.13/site-packages/sqlalchemy/util/_concurrency_py3k.py", line 132, in await_only
    return current.parent.switch(awaitable)  # type: ignore[no-any-return,attr-defined] # noqa: E501
           ~~~~~~~~~~~~~~~~~~~~~^^^^^^^^^^^
  File "/Users/mehriddinmengturayev/Downloads/shopbot/.venv/lib/python3.13/site-packages/sqlalchemy/util/_concurrency_py3k.py", line 196, in greenlet_spawn
    value = await result
            ^^^^^^^^^^^^
  File "/Users/mehriddinmengturayev/Downloads/shopbot/.venv/lib/python3.13/site-packages/aiosqlite/cursor.py", line 48, in execute
    await self._execute(self._cursor.execute, sql, parameters)
  File "/Users/mehriddinmengturayev/Downloads/shopbot/.venv/lib/python3.13/site-packages/aiosqlite/cursor.py", line 40, in _execute
    return await self._conn._execute(fn, *args, **kwargs)
           ^^^^^^^^^^^^^^^^^^^^^^^^^^^^^^^^^^^^^^^^^^^^^^
  File "/Users/mehriddinmengturayev/Downloads/shopbot/.venv/lib/python3.13/site-packages/aiosqlite/core.py", line 132, in _execute
    return await future
           ^^^^^^^^^^^^
  File "/Users/mehriddinmengturayev/Downloads/shopbot/.venv/lib/python3.13/site-packages/aiosqlite/core.py", line 115, in run
    result = function()
sqlite3.OperationalError: no such column: orders.payment_method

The above exception was the direct cause of the following exception:

Traceback (most recent call last):
  File "/Users/mehriddinmengturayev/Downloads/shopbot/app/services/crypto_poller.py", line 33, in crypto_poller_loop
    await _poll_once(bot)
  File "/Users/mehriddinmengturayev/Downloads/shopbot/app/services/crypto_poller.py", line 44, in _poll_once
    pending = await orders_repo.list_awaiting_crypto_payment()
              ^^^^^^^^^^^^^^^^^^^^^^^^^^^^^^^^^^^^^^^^^^^^^^^^
  File "/Users/mehriddinmengturayev/Downloads/shopbot/app/repositories/order_repo.py", line 47, in list_awaiting_crypto_payment
    result = await self.session.execute(
             ^^^^^^^^^^^^^^^^^^^^^^^^^^^
    ...<3 lines>...
    )
    ^
  File "/Users/mehriddinmengturayev/Downloads/shopbot/.venv/lib/python3.13/site-packages/sqlalchemy/ext/asyncio/session.py", line 461, in execute
    result = await greenlet_spawn(
             ^^^^^^^^^^^^^^^^^^^^^
    ...<6 lines>...
    )
    ^
  File "/Users/mehriddinmengturayev/Downloads/shopbot/.venv/lib/python3.13/site-packages/sqlalchemy/util/_concurrency_py3k.py", line 201, in greenlet_spawn
    result = context.throw(*sys.exc_info())
  File "/Users/mehriddinmengturayev/Downloads/shopbot/.venv/lib/python3.13/site-packages/sqlalchemy/orm/session.py", line 2362, in execute
    return self._execute_internal(
           ~~~~~~~~~~~~~~~~~~~~~~^
        statement,
        ^^^^^^^^^^
    ...<4 lines>...
        _add_event=_add_event,
        ^^^^^^^^^^^^^^^^^^^^^^
    )
    ^
  File "/Users/mehriddinmengturayev/Downloads/shopbot/.venv/lib/python3.13/site-packages/sqlalchemy/orm/session.py", line 2247, in _execute_internal
    result: Result[Any] = compile_state_cls.orm_execute_statement(
                          ~~~~~~~~~~~~~~~~~~~~~~~~~~~~~~~~~~~~~~~^
        self,
        ^^^^^
    ...<4 lines>...
        conn,
        ^^^^^
    )
    ^
  File "/Users/mehriddinmengturayev/Downloads/shopbot/.venv/lib/python3.13/site-packages/sqlalchemy/orm/context.py", line 305, in orm_execute_statement
    result = conn.execute(
        statement, params or {}, execution_options=execution_options
    )
  File "/Users/mehriddinmengturayev/Downloads/shopbot/.venv/lib/python3.13/site-packages/sqlalchemy/engine/base.py", line 1418, in execute
    return meth(
        self,
        distilled_parameters,
        execution_options or NO_OPTIONS,
    )
  File "/Users/mehriddinmengturayev/Downloads/shopbot/.venv/lib/python3.13/site-packages/sqlalchemy/sql/elements.py", line 515, in _execute_on_connection
    return connection._execute_clauseelement(
           ~~~~~~~~~~~~~~~~~~~~~~~~~~~~~~~~~^
        self, distilled_params, execution_options
        ^^^^^^^^^^^^^^^^^^^^^^^^^^^^^^^^^^^^^^^^^
    )
    ^
  File "/Users/mehriddinmengturayev/Downloads/shopbot/.venv/lib/python3.13/site-packages/sqlalchemy/engine/base.py", line 1640, in _execute_clauseelement
    ret = self._execute_context(
        dialect,
    ...<8 lines>...
        cache_hit=cache_hit,
    )
  File "/Users/mehriddinmengturayev/Downloads/shopbot/.venv/lib/python3.13/site-packages/sqlalchemy/engine/base.py", line 1846, in _execute_context
    return self._exec_single_context(
           ~~~~~~~~~~~~~~~~~~~~~~~~~^
        dialect, context, statement, parameters
        ^^^^^^^^^^^^^^^^^^^^^^^^^^^^^^^^^^^^^^^
    )
    ^
  File "/Users/mehriddinmengturayev/Downloads/shopbot/.venv/lib/python3.13/site-packages/sqlalchemy/engine/base.py", line 1986, in _exec_single_context
    self._handle_dbapi_exception(
    ~~~~~~~~~~~~~~~~~~~~~~~~~~~~^
        e, str_statement, effective_parameters, cursor, context
        ^^^^^^^^^^^^^^^^^^^^^^^^^^^^^^^^^^^^^^^^^^^^^^^^^^^^^^^
    )
    ^
  File "/Users/mehriddinmengturayev/Downloads/shopbot/.venv/lib/python3.13/site-packages/sqlalchemy/engine/base.py", line 2355, in _handle_dbapi_exception
    raise sqlalchemy_exception.with_traceback(exc_info[2]) from e
  File "/Users/mehriddinmengturayev/Downloads/shopbot/.venv/lib/python3.13/site-packages/sqlalchemy/engine/base.py", line 1967, in _exec_single_context
    self.dialect.do_execute(
    ~~~~~~~~~~~~~~~~~~~~~~~^
        cursor, str_statement, effective_parameters, context
        ^^^^^^^^^^^^^^^^^^^^^^^^^^^^^^^^^^^^^^^^^^^^^^^^^^^^
    )
    ^
  File "/Users/mehriddinmengturayev/Downloads/shopbot/.venv/lib/python3.13/site-packages/sqlalchemy/engine/default.py", line 941, in do_execute
    cursor.execute(statement, parameters)
    ~~~~~~~~~~~~~~^^^^^^^^^^^^^^^^^^^^^^^
  File "/Users/mehriddinmengturayev/Downloads/shopbot/.venv/lib/python3.13/site-packages/sqlalchemy/dialects/sqlite/aiosqlite.py", line 147, in execute
    self._adapt_connection._handle_exception(error)
    ~~~~~~~~~~~~~~~~~~~~~~~~~~~~~~~~~~~~~~~~^^^^^^^
  File "/Users/mehriddinmengturayev/Downloads/shopbot/.venv/lib/python3.13/site-packages/sqlalchemy/dialects/sqlite/aiosqlite.py", line 298, in _handle_exception
    raise error
  File "/Users/mehriddinmengturayev/Downloads/shopbot/.venv/lib/python3.13/site-packages/sqlalchemy/dialects/sqlite/aiosqlite.py", line 129, in execute
    self.await_(_cursor.execute(operation, parameters))
    ~~~~~~~~~~~^^^^^^^^^^^^^^^^^^^^^^^^^^^^^^^^^^^^^^^^
  File "/Users/mehriddinmengturayev/Downloads/shopbot/.venv/lib/python3.13/site-packages/sqlalchemy/util/_concurrency_py3k.py", line 132, in await_only
    return current.parent.switch(awaitable)  # type: ignore[no-any-return,attr-defined] # noqa: E501
           ~~~~~~~~~~~~~~~~~~~~~^^^^^^^^^^^
  File "/Users/mehriddinmengturayev/Downloads/shopbot/.venv/lib/python3.13/site-packages/sqlalchemy/util/_concurrency_py3k.py", line 196, in greenlet_spawn
    value = await result
            ^^^^^^^^^^^^
  File "/Users/mehriddinmengturayev/Downloads/shopbot/.venv/lib/python3.13/site-packages/aiosqlite/cursor.py", line 48, in execute
    await self._execute(self._cursor.execute, sql, parameters)
  File "/Users/mehriddinmengturayev/Downloads/shopbot/.venv/lib/python3.13/site-packages/aiosqlite/cursor.py", line 40, in _execute
    return await self._conn._execute(fn, *args, **kwargs)
           ^^^^^^^^^^^^^^^^^^^^^^^^^^^^^^^^^^^^^^^^^^^^^^
  File "/Users/mehriddinmengturayev/Downloads/shopbot/.venv/lib/python3.13/site-packages/aiosqlite/core.py", line 132, in _execute
    return await future
           ^^^^^^^^^^^^
  File "/Users/mehriddinmengturayev/Downloads/shopbot/.venv/lib/python3.13/site-packages/aiosqlite/core.py", line 115, in run
    result = function()
sqlalchemy.exc.OperationalError: (sqlite3.OperationalError) no such column: orders.payment_method
[SQL: SELECT orders.id, orders.order_uuid, orders.user_id, orders.product_id, orders.price_at_purchase, orders.currency, orders.status, orders.payment_method, orders.crypto_provider, orders.crypto_invoice_id, orders.crypto_pay_url, orders.decided_by_admin_id, orders.decided_at, orders.rejection_reason, orders.delivered_payload, orders.delivered_at, orders.created_at, orders.updated_at 
FROM orders 
WHERE orders.status = ?]
[parameters: ('AWAITING_CRYPTO_PAYMENT',)]
(Background on this error at: https://sqlalche.me/e/20/e3q8)
2026-07-30 20:42:38,164 | ERROR    | providers | Crypto poller iteration failed
Traceback (most recent call last):
  File "/Users/mehriddinmengturayev/Downloads/shopbot/.venv/lib/python3.13/site-packages/sqlalchemy/engine/base.py", line 1967, in _exec_single_context
    self.dialect.do_execute(
    ~~~~~~~~~~~~~~~~~~~~~~~^
        cursor, str_statement, effective_parameters, context
        ^^^^^^^^^^^^^^^^^^^^^^^^^^^^^^^^^^^^^^^^^^^^^^^^^^^^
    )
    ^
  File "/Users/mehriddinmengturayev/Downloads/shopbot/.venv/lib/python3.13/site-packages/sqlalchemy/engine/default.py", line 941, in do_execute
    cursor.execute(statement, parameters)
    ~~~~~~~~~~~~~~^^^^^^^^^^^^^^^^^^^^^^^
  File "/Users/mehriddinmengturayev/Downloads/shopbot/.venv/lib/python3.13/site-packages/sqlalchemy/dialects/sqlite/aiosqlite.py", line 147, in execute
    self._adapt_connection._handle_exception(error)
    ~~~~~~~~~~~~~~~~~~~~~~~~~~~~~~~~~~~~~~~~^^^^^^^
  File "/Users/mehriddinmengturayev/Downloads/shopbot/.venv/lib/python3.13/site-packages/sqlalchemy/dialects/sqlite/aiosqlite.py", line 298, in _handle_exception
    raise error
  File "/Users/mehriddinmengturayev/Downloads/shopbot/.venv/lib/python3.13/site-packages/sqlalchemy/dialects/sqlite/aiosqlite.py", line 129, in execute
    self.await_(_cursor.execute(operation, parameters))
    ~~~~~~~~~~~^^^^^^^^^^^^^^^^^^^^^^^^^^^^^^^^^^^^^^^^
  File "/Users/mehriddinmengturayev/Downloads/shopbot/.venv/lib/python3.13/site-packages/sqlalchemy/util/_concurrency_py3k.py", line 132, in await_only
    return current.parent.switch(awaitable)  # type: ignore[no-any-return,attr-defined] # noqa: E501
           ~~~~~~~~~~~~~~~~~~~~~^^^^^^^^^^^
  File "/Users/mehriddinmengturayev/Downloads/shopbot/.venv/lib/python3.13/site-packages/sqlalchemy/util/_concurrency_py3k.py", line 196, in greenlet_spawn
    value = await result
            ^^^^^^^^^^^^
  File "/Users/mehriddinmengturayev/Downloads/shopbot/.venv/lib/python3.13/site-packages/aiosqlite/cursor.py", line 48, in execute
    await self._execute(self._cursor.execute, sql, parameters)
  File "/Users/mehriddinmengturayev/Downloads/shopbot/.venv/lib/python3.13/site-packages/aiosqlite/cursor.py", line 40, in _execute
    return await self._conn._execute(fn, *args, **kwargs)
           ^^^^^^^^^^^^^^^^^^^^^^^^^^^^^^^^^^^^^^^^^^^^^^
  File "/Users/mehriddinmengturayev/Downloads/shopbot/.venv/lib/python3.13/site-packages/aiosqlite/core.py", line 132, in _execute
    return await future
           ^^^^^^^^^^^^
  File "/Users/mehriddinmengturayev/Downloads/shopbot/.venv/lib/python3.13/site-packages/aiosqlite/core.py", line 115, in run
    result = function()
sqlite3.OperationalError: no such column: orders.payment_method

The above exception was the direct cause of the following exception:

Traceback (most recent call last):
  File "/Users/mehriddinmengturayev/Downloads/shopbot/app/services/crypto_poller.py", line 33, in crypto_poller_loop
    await _poll_once(bot)
  File "/Users/mehriddinmengturayev/Downloads/shopbot/app/services/crypto_poller.py", line 44, in _poll_once
    pending = await orders_repo.list_awaiting_crypto_payment()
              ^^^^^^^^^^^^^^^^^^^^^^^^^^^^^^^^^^^^^^^^^^^^^^^^
  File "/Users/mehriddinmengturayev/Downloads/shopbot/app/repositories/order_repo.py", line 47, in list_awaiting_crypto_payment
    result = await self.session.execute(
             ^^^^^^^^^^^^^^^^^^^^^^^^^^^
    ...<3 lines>...
    )
    ^
  File "/Users/mehriddinmengturayev/Downloads/shopbot/.venv/lib/python3.13/site-packages/sqlalchemy/ext/asyncio/session.py", line 461, in execute
    result = await greenlet_spawn(
             ^^^^^^^^^^^^^^^^^^^^^
    ...<6 lines>...
    )
    ^
  File "/Users/mehriddinmengturayev/Downloads/shopbot/.venv/lib/python3.13/site-packages/sqlalchemy/util/_concurrency_py3k.py", line 201, in greenlet_spawn
    result = context.throw(*sys.exc_info())
  File "/Users/mehriddinmengturayev/Downloads/shopbot/.venv/lib/python3.13/site-packages/sqlalchemy/orm/session.py", line 2362, in execute
    return self._execute_internal(
           ~~~~~~~~~~~~~~~~~~~~~~^
        statement,
        ^^^^^^^^^^
    ...<4 lines>...
        _add_event=_add_event,
        ^^^^^^^^^^^^^^^^^^^^^^
    )
    ^
  File "/Users/mehriddinmengturayev/Downloads/shopbot/.venv/lib/python3.13/site-packages/sqlalchemy/orm/session.py", line 2247, in _execute_internal
    result: Result[Any] = compile_state_cls.orm_execute_statement(
                          ~~~~~~~~~~~~~~~~~~~~~~~~~~~~~~~~~~~~~~~^
        self,
        ^^^^^
    ...<4 lines>...
        conn,
        ^^^^^
    )
    ^
  File "/Users/mehriddinmengturayev/Downloads/shopbot/.venv/lib/python3.13/site-packages/sqlalchemy/orm/context.py", line 305, in orm_execute_statement
    result = conn.execute(
        statement, params or {}, execution_options=execution_options
    )
  File "/Users/mehriddinmengturayev/Downloads/shopbot/.venv/lib/python3.13/site-packages/sqlalchemy/engine/base.py", line 1418, in execute
    return meth(
        self,
        distilled_parameters,
        execution_options or NO_OPTIONS,
    )
  File "/Users/mehriddinmengturayev/Downloads/shopbot/.venv/lib/python3.13/site-packages/sqlalchemy/sql/elements.py", line 515, in _execute_on_connection
    return connection._execute_clauseelement(
           ~~~~~~~~~~~~~~~~~~~~~~~~~~~~~~~~~^
        self, distilled_params, execution_options
        ^^^^^^^^^^^^^^^^^^^^^^^^^^^^^^^^^^^^^^^^^
    )
    ^
  File "/Users/mehriddinmengturayev/Downloads/shopbot/.venv/lib/python3.13/site-packages/sqlalchemy/engine/base.py", line 1640, in _execute_clauseelement
    ret = self._execute_context(
        dialect,
    ...<8 lines>...
        cache_hit=cache_hit,
    )
  File "/Users/mehriddinmengturayev/Downloads/shopbot/.venv/lib/python3.13/site-packages/sqlalchemy/engine/base.py", line 1846, in _execute_context
    return self._exec_single_context(
           ~~~~~~~~~~~~~~~~~~~~~~~~~^
        dialect, context, statement, parameters
        ^^^^^^^^^^^^^^^^^^^^^^^^^^^^^^^^^^^^^^^
    )
    ^
  File "/Users/mehriddinmengturayev/Downloads/shopbot/.venv/lib/python3.13/site-packages/sqlalchemy/engine/base.py", line 1986, in _exec_single_context
    self._handle_dbapi_exception(
    ~~~~~~~~~~~~~~~~~~~~~~~~~~~~^
        e, str_statement, effective_parameters, cursor, context
        ^^^^^^^^^^^^^^^^^^^^^^^^^^^^^^^^^^^^^^^^^^^^^^^^^^^^^^^
    )
    ^
  File "/Users/mehriddinmengturayev/Downloads/shopbot/.venv/lib/python3.13/site-packages/sqlalchemy/engine/base.py", line 2355, in _handle_dbapi_exception
    raise sqlalchemy_exception.with_traceback(exc_info[2]) from e
  File "/Users/mehriddinmengturayev/Downloads/shopbot/.venv/lib/python3.13/site-packages/sqlalchemy/engine/base.py", line 1967, in _exec_single_context
    self.dialect.do_execute(
    ~~~~~~~~~~~~~~~~~~~~~~~^
        cursor, str_statement, effective_parameters, context
        ^^^^^^^^^^^^^^^^^^^^^^^^^^^^^^^^^^^^^^^^^^^^^^^^^^^^
    )
    ^
  File "/Users/mehriddinmengturayev/Downloads/shopbot/.venv/lib/python3.13/site-packages/sqlalchemy/engine/default.py", line 941, in do_execute
    cursor.execute(statement, parameters)
    ~~~~~~~~~~~~~~^^^^^^^^^^^^^^^^^^^^^^^
  File "/Users/mehriddinmengturayev/Downloads/shopbot/.venv/lib/python3.13/site-packages/sqlalchemy/dialects/sqlite/aiosqlite.py", line 147, in execute
    self._adapt_connection._handle_exception(error)
    ~~~~~~~~~~~~~~~~~~~~~~~~~~~~~~~~~~~~~~~~^^^^^^^
  File "/Users/mehriddinmengturayev/Downloads/shopbot/.venv/lib/python3.13/site-packages/sqlalchemy/dialects/sqlite/aiosqlite.py", line 298, in _handle_exception
    raise error
  File "/Users/mehriddinmengturayev/Downloads/shopbot/.venv/lib/python3.13/site-packages/sqlalchemy/dialects/sqlite/aiosqlite.py", line 129, in execute
    self.await_(_cursor.execute(operation, parameters))
    ~~~~~~~~~~~^^^^^^^^^^^^^^^^^^^^^^^^^^^^^^^^^^^^^^^^
  File "/Users/mehriddinmengturayev/Downloads/shopbot/.venv/lib/python3.13/site-packages/sqlalchemy/util/_concurrency_py3k.py", line 132, in await_only
    return current.parent.switch(awaitable)  # type: ignore[no-any-return,attr-defined] # noqa: E501
           ~~~~~~~~~~~~~~~~~~~~~^^^^^^^^^^^
  File "/Users/mehriddinmengturayev/Downloads/shopbot/.venv/lib/python3.13/site-packages/sqlalchemy/util/_concurrency_py3k.py", line 196, in greenlet_spawn
    value = await result
            ^^^^^^^^^^^^
  File "/Users/mehriddinmengturayev/Downloads/shopbot/.venv/lib/python3.13/site-packages/aiosqlite/cursor.py", line 48, in execute
    await self._execute(self._cursor.execute, sql, parameters)
  File "/Users/mehriddinmengturayev/Downloads/shopbot/.venv/lib/python3.13/site-packages/aiosqlite/cursor.py", line 40, in _execute
    return await self._conn._execute(fn, *args, **kwargs)
           ^^^^^^^^^^^^^^^^^^^^^^^^^^^^^^^^^^^^^^^^^^^^^^
  File "/Users/mehriddinmengturayev/Downloads/shopbot/.venv/lib/python3.13/site-packages/aiosqlite/core.py", line 132, in _execute
    return await future
           ^^^^^^^^^^^^
  File "/Users/mehriddinmengturayev/Downloads/shopbot/.venv/lib/python3.13/site-packages/aiosqlite/core.py", line 115, in run
    result = function()
sqlalchemy.exc.OperationalError: (sqlite3.OperationalError) no such column: orders.payment_method
[SQL: SELECT orders.id, orders.order_uuid, orders.user_id, orders.product_id, orders.price_at_purchase, orders.currency, orders.status, orders.payment_method, orders.crypto_provider, orders.crypto_invoice_id, orders.crypto_pay_url, orders.decided_by_admin_id, orders.decided_at, orders.rejection_reason, orders.delivered_payload, orders.delivered_at, orders.created_at, orders.updated_at 
FROM orders 
WHERE orders.status = ?]
[parameters: ('AWAITING_CRYPTO_PAYMENT',)]
(Background on this error at: https://sqlalche.me/e/20/e3q8)
2026-07-30 20:42:58,183 | ERROR    | providers | Crypto poller iteration failed
Traceback (most recent call last):
  File "/Users/mehriddinmengturayev/Downloads/shopbot/.venv/lib/python3.13/site-packages/sqlalchemy/engine/base.py", line 1967, in _exec_single_context
    self.dialect.do_execute(
    ~~~~~~~~~~~~~~~~~~~~~~~^
        cursor, str_statement, effective_parameters, context
        ^^^^^^^^^^^^^^^^^^^^^^^^^^^^^^^^^^^^^^^^^^^^^^^^^^^^
    )
    ^
  File "/Users/mehriddinmengturayev/Downloads/shopbot/.venv/lib/python3.13/site-packages/sqlalchemy/engine/default.py", line 941, in do_execute
    cursor.execute(statement, parameters)
    ~~~~~~~~~~~~~~^^^^^^^^^^^^^^^^^^^^^^^
  File "/Users/mehriddinmengturayev/Downloads/shopbot/.venv/lib/python3.13/site-packages/sqlalchemy/dialects/sqlite/aiosqlite.py", line 147, in execute
    self._adapt_connection._handle_exception(error)
    ~~~~~~~~~~~~~~~~~~~~~~~~~~~~~~~~~~~~~~~~^^^^^^^
  File "/Users/mehriddinmengturayev/Downloads/shopbot/.venv/lib/python3.13/site-packages/sqlalchemy/dialects/sqlite/aiosqlite.py", line 298, in _handle_exception
    raise error
  File "/Users/mehriddinmengturayev/Downloads/shopbot/.venv/lib/python3.13/site-packages/sqlalchemy/dialects/sqlite/aiosqlite.py", line 129, in execute
    self.await_(_cursor.execute(operation, parameters))
    ~~~~~~~~~~~^^^^^^^^^^^^^^^^^^^^^^^^^^^^^^^^^^^^^^^^
  File "/Users/mehriddinmengturayev/Downloads/shopbot/.venv/lib/python3.13/site-packages/sqlalchemy/util/_concurrency_py3k.py", line 132, in await_only
    return current.parent.switch(awaitable)  # type: ignore[no-any-return,attr-defined] # noqa: E501
           ~~~~~~~~~~~~~~~~~~~~~^^^^^^^^^^^
  File "/Users/mehriddinmengturayev/Downloads/shopbot/.venv/lib/python3.13/site-packages/sqlalchemy/util/_concurrency_py3k.py", line 196, in greenlet_spawn
    value = await result
            ^^^^^^^^^^^^
  File "/Users/mehriddinmengturayev/Downloads/shopbot/.venv/lib/python3.13/site-packages/aiosqlite/cursor.py", line 48, in execute
    await self._execute(self._cursor.execute, sql, parameters)
  File "/Users/mehriddinmengturayev/Downloads/shopbot/.venv/lib/python3.13/site-packages/aiosqlite/cursor.py", line 40, in _execute
    return await self._conn._execute(fn, *args, **kwargs)
           ^^^^^^^^^^^^^^^^^^^^^^^^^^^^^^^^^^^^^^^^^^^^^^
  File "/Users/mehriddinmengturayev/Downloads/shopbot/.venv/lib/python3.13/site-packages/aiosqlite/core.py", line 132, in _execute
    return await future
           ^^^^^^^^^^^^
  File "/Users/mehriddinmengturayev/Downloads/shopbot/.venv/lib/python3.13/site-packages/aiosqlite/core.py", line 115, in run
    result = function()
sqlite3.OperationalError: no such column: orders.payment_method

The above exception was the direct cause of the following exception:

Traceback (most recent call last):
  File "/Users/mehriddinmengturayev/Downloads/shopbot/app/services/crypto_poller.py", line 33, in crypto_poller_loop
    await _poll_once(bot)
  File "/Users/mehriddinmengturayev/Downloads/shopbot/app/services/crypto_poller.py", line 44, in _poll_once
    pending = await orders_repo.list_awaiting_crypto_payment()
              ^^^^^^^^^^^^^^^^^^^^^^^^^^^^^^^^^^^^^^^^^^^^^^^^
  File "/Users/mehriddinmengturayev/Downloads/shopbot/app/repositories/order_repo.py", line 47, in list_awaiting_crypto_payment
    result = await self.session.execute(
             ^^^^^^^^^^^^^^^^^^^^^^^^^^^
    ...<3 lines>...
    )
    ^
  File "/Users/mehriddinmengturayev/Downloads/shopbot/.venv/lib/python3.13/site-packages/sqlalchemy/ext/asyncio/session.py", line 461, in execute
    result = await greenlet_spawn(
             ^^^^^^^^^^^^^^^^^^^^^
    ...<6 lines>...
    )
    ^
  File "/Users/mehriddinmengturayev/Downloads/shopbot/.venv/lib/python3.13/site-packages/sqlalchemy/util/_concurrency_py3k.py", line 201, in greenlet_spawn
    result = context.throw(*sys.exc_info())
  File "/Users/mehriddinmengturayev/Downloads/shopbot/.venv/lib/python3.13/site-packages/sqlalchemy/orm/session.py", line 2362, in execute
    return self._execute_internal(
           ~~~~~~~~~~~~~~~~~~~~~~^
        statement,
        ^^^^^^^^^^
    ...<4 lines>...
        _add_event=_add_event,
        ^^^^^^^^^^^^^^^^^^^^^^
    )
    ^
  File "/Users/mehriddinmengturayev/Downloads/shopbot/.venv/lib/python3.13/site-packages/sqlalchemy/orm/session.py", line 2247, in _execute_internal
    result: Result[Any] = compile_state_cls.orm_execute_statement(
                          ~~~~~~~~~~~~~~~~~~~~~~~~~~~~~~~~~~~~~~~^
        self,
        ^^^^^
    ...<4 lines>...
        conn,
        ^^^^^
    )
    ^
  File "/Users/mehriddinmengturayev/Downloads/shopbot/.venv/lib/python3.13/site-packages/sqlalchemy/orm/context.py", line 305, in orm_execute_statement
    result = conn.execute(
        statement, params or {}, execution_options=execution_options
    )
  File "/Users/mehriddinmengturayev/Downloads/shopbot/.venv/lib/python3.13/site-packages/sqlalchemy/engine/base.py", line 1418, in execute
    return meth(
        self,
        distilled_parameters,
        execution_options or NO_OPTIONS,
    )
  File "/Users/mehriddinmengturayev/Downloads/shopbot/.venv/lib/python3.13/site-packages/sqlalchemy/sql/elements.py", line 515, in _execute_on_connection
    return connection._execute_clauseelement(
           ~~~~~~~~~~~~~~~~~~~~~~~~~~~~~~~~~^
        self, distilled_params, execution_options
        ^^^^^^^^^^^^^^^^^^^^^^^^^^^^^^^^^^^^^^^^^
    )
    ^
  File "/Users/mehriddinmengturayev/Downloads/shopbot/.venv/lib/python3.13/site-packages/sqlalchemy/engine/base.py", line 1640, in _execute_clauseelement
    ret = self._execute_context(
        dialect,
    ...<8 lines>...
        cache_hit=cache_hit,
    )
  File "/Users/mehriddinmengturayev/Downloads/shopbot/.venv/lib/python3.13/site-packages/sqlalchemy/engine/base.py", line 1846, in _execute_context
    return self._exec_single_context(
           ~~~~~~~~~~~~~~~~~~~~~~~~~^
        dialect, context, statement, parameters
        ^^^^^^^^^^^^^^^^^^^^^^^^^^^^^^^^^^^^^^^
    )
    ^
  File "/Users/mehriddinmengturayev/Downloads/shopbot/.venv/lib/python3.13/site-packages/sqlalchemy/engine/base.py", line 1986, in _exec_single_context
    self._handle_dbapi_exception(
    ~~~~~~~~~~~~~~~~~~~~~~~~~~~~^
        e, str_statement, effective_parameters, cursor, context
        ^^^^^^^^^^^^^^^^^^^^^^^^^^^^^^^^^^^^^^^^^^^^^^^^^^^^^^^
    )
    ^
  File "/Users/mehriddinmengturayev/Downloads/shopbot/.venv/lib/python3.13/site-packages/sqlalchemy/engine/base.py", line 2355, in _handle_dbapi_exception
    raise sqlalchemy_exception.with_traceback(exc_info[2]) from e
  File "/Users/mehriddinmengturayev/Downloads/shopbot/.venv/lib/python3.13/site-packages/sqlalchemy/engine/base.py", line 1967, in _exec_single_context
    self.dialect.do_execute(
    ~~~~~~~~~~~~~~~~~~~~~~~^
        cursor, str_statement, effective_parameters, context
        ^^^^^^^^^^^^^^^^^^^^^^^^^^^^^^^^^^^^^^^^^^^^^^^^^^^^
    )
    ^
  File "/Users/mehriddinmengturayev/Downloads/shopbot/.venv/lib/python3.13/site-packages/sqlalchemy/engine/default.py", line 941, in do_execute
    cursor.execute(statement, parameters)
    ~~~~~~~~~~~~~~^^^^^^^^^^^^^^^^^^^^^^^
  File "/Users/mehriddinmengturayev/Downloads/shopbot/.venv/lib/python3.13/site-packages/sqlalchemy/dialects/sqlite/aiosqlite.py", line 147, in execute
    self._adapt_connection._handle_exception(error)
    ~~~~~~~~~~~~~~~~~~~~~~~~~~~~~~~~~~~~~~~~^^^^^^^
  File "/Users/mehriddinmengturayev/Downloads/shopbot/.venv/lib/python3.13/site-packages/sqlalchemy/dialects/sqlite/aiosqlite.py", line 298, in _handle_exception
    raise error
  File "/Users/mehriddinmengturayev/Downloads/shopbot/.venv/lib/python3.13/site-packages/sqlalchemy/dialects/sqlite/aiosqlite.py", line 129, in execute
    self.await_(_cursor.execute(operation, parameters))
    ~~~~~~~~~~~^^^^^^^^^^^^^^^^^^^^^^^^^^^^^^^^^^^^^^^^
  File "/Users/mehriddinmengturayev/Downloads/shopbot/.venv/lib/python3.13/site-packages/sqlalchemy/util/_concurrency_py3k.py", line 132, in await_only
    return current.parent.switch(awaitable)  # type: ignore[no-any-return,attr-defined] # noqa: E501
           ~~~~~~~~~~~~~~~~~~~~~^^^^^^^^^^^
  File "/Users/mehriddinmengturayev/Downloads/shopbot/.venv/lib/python3.13/site-packages/sqlalchemy/util/_concurrency_py3k.py", line 196, in greenlet_spawn
    value = await result
            ^^^^^^^^^^^^
  File "/Users/mehriddinmengturayev/Downloads/shopbot/.venv/lib/python3.13/site-packages/aiosqlite/cursor.py", line 48, in execute
    await self._execute(self._cursor.execute, sql, parameters)
  File "/Users/mehriddinmengturayev/Downloads/shopbot/.venv/lib/python3.13/site-packages/aiosqlite/cursor.py", line 40, in _execute
    return await self._conn._execute(fn, *args, **kwargs)
           ^^^^^^^^^^^^^^^^^^^^^^^^^^^^^^^^^^^^^^^^^^^^^^
  File "/Users/mehriddinmengturayev/Downloads/shopbot/.venv/lib/python3.13/site-packages/aiosqlite/core.py", line 132, in _execute
    return await future
           ^^^^^^^^^^^^
  File "/Users/mehriddinmengturayev/Downloads/shopbot/.venv/lib/python3.13/site-packages/aiosqlite/core.py", line 115, in run
    result = function()
sqlalchemy.exc.OperationalError: (sqlite3.OperationalError) no such column: orders.payment_method
[SQL: SELECT orders.id, orders.order_uuid, orders.user_id, orders.product_id, orders.price_at_purchase, orders.currency, orders.status, orders.payment_method, orders.crypto_provider, orders.crypto_invoice_id, orders.crypto_pay_url, orders.decided_by_admin_id, orders.decided_at, orders.rejection_reason, orders.delivered_payload, orders.delivered_at, orders.created_at, orders.updated_at 
FROM orders 
WHERE orders.status = ?]
[parameters: ('AWAITING_CRYPTO_PAYMENT',)]
(Background on this error at: https://sqlalche.me/e/20/e3q8)
2026-07-30 20:43:18,202 | ERROR    | providers | Crypto poller iteration failed
Traceback (most recent call last):
  File "/Users/mehriddinmengturayev/Downloads/shopbot/.venv/lib/python3.13/site-packages/sqlalchemy/engine/base.py", line 1967, in _exec_single_context
    self.dialect.do_execute(
    ~~~~~~~~~~~~~~~~~~~~~~~^
        cursor, str_statement, effective_parameters, context
        ^^^^^^^^^^^^^^^^^^^^^^^^^^^^^^^^^^^^^^^^^^^^^^^^^^^^
    )
    ^
  File "/Users/mehriddinmengturayev/Downloads/shopbot/.venv/lib/python3.13/site-packages/sqlalchemy/engine/default.py", line 941, in do_execute
    cursor.execute(statement, parameters)
    ~~~~~~~~~~~~~~^^^^^^^^^^^^^^^^^^^^^^^
  File "/Users/mehriddinmengturayev/Downloads/shopbot/.venv/lib/python3.13/site-packages/sqlalchemy/dialects/sqlite/aiosqlite.py", line 147, in execute
    self._adapt_connection._handle_exception(error)
    ~~~~~~~~~~~~~~~~~~~~~~~~~~~~~~~~~~~~~~~~^^^^^^^
  File "/Users/mehriddinmengturayev/Downloads/shopbot/.venv/lib/python3.13/site-packages/sqlalchemy/dialects/sqlite/aiosqlite.py", line 298, in _handle_exception
    raise error
  File "/Users/mehriddinmengturayev/Downloads/shopbot/.venv/lib/python3.13/site-packages/sqlalchemy/dialects/sqlite/aiosqlite.py", line 129, in execute
    self.await_(_cursor.execute(operation, parameters))
    ~~~~~~~~~~~^^^^^^^^^^^^^^^^^^^^^^^^^^^^^^^^^^^^^^^^
  File "/Users/mehriddinmengturayev/Downloads/shopbot/.venv/lib/python3.13/site-packages/sqlalchemy/util/_concurrency_py3k.py", line 132, in await_only
    return current.parent.switch(awaitable)  # type: ignore[no-any-return,attr-defined] # noqa: E501
           ~~~~~~~~~~~~~~~~~~~~~^^^^^^^^^^^
  File "/Users/mehriddinmengturayev/Downloads/shopbot/.venv/lib/python3.13/site-packages/sqlalchemy/util/_concurrency_py3k.py", line 196, in greenlet_spawn
    value = await result
            ^^^^^^^^^^^^
  File "/Users/mehriddinmengturayev/Downloads/shopbot/.venv/lib/python3.13/site-packages/aiosqlite/cursor.py", line 48, in execute
    await self._execute(self._cursor.execute, sql, parameters)
  File "/Users/mehriddinmengturayev/Downloads/shopbot/.venv/lib/python3.13/site-packages/aiosqlite/cursor.py", line 40, in _execute
    return await self._conn._execute(fn, *args, **kwargs)
           ^^^^^^^^^^^^^^^^^^^^^^^^^^^^^^^^^^^^^^^^^^^^^^
  File "/Users/mehriddinmengturayev/Downloads/shopbot/.venv/lib/python3.13/site-packages/aiosqlite/core.py", line 132, in _execute
    return await future
           ^^^^^^^^^^^^
  File "/Users/mehriddinmengturayev/Downloads/shopbot/.venv/lib/python3.13/site-packages/aiosqlite/core.py", line 115, in run
    result = function()
sqlite3.OperationalError: no such column: orders.payment_method

The above exception was the direct cause of the following exception:

Traceback (most recent call last):
  File "/Users/mehriddinmengturayev/Downloads/shopbot/app/services/crypto_poller.py", line 33, in crypto_poller_loop
    await _poll_once(bot)
  File "/Users/mehriddinmengturayev/Downloads/shopbot/app/services/crypto_poller.py", line 44, in _poll_once
    pending = await orders_repo.list_awaiting_crypto_payment()
              ^^^^^^^^^^^^^^^^^^^^^^^^^^^^^^^^^^^^^^^^^^^^^^^^
  File "/Users/mehriddinmengturayev/Downloads/shopbot/app/repositories/order_repo.py", line 47, in list_awaiting_crypto_payment
    result = await self.session.execute(
             ^^^^^^^^^^^^^^^^^^^^^^^^^^^
    ...<3 lines>...
    )
    ^
  File "/Users/mehriddinmengturayev/Downloads/shopbot/.venv/lib/python3.13/site-packages/sqlalchemy/ext/asyncio/session.py", line 461, in execute
    result = await greenlet_spawn(
             ^^^^^^^^^^^^^^^^^^^^^
    ...<6 lines>...
    )
    ^
  File "/Users/mehriddinmengturayev/Downloads/shopbot/.venv/lib/python3.13/site-packages/sqlalchemy/util/_concurrency_py3k.py", line 201, in greenlet_spawn
    result = context.throw(*sys.exc_info())
  File "/Users/mehriddinmengturayev/Downloads/shopbot/.venv/lib/python3.13/site-packages/sqlalchemy/orm/session.py", line 2362, in execute
    return self._execute_internal(
           ~~~~~~~~~~~~~~~~~~~~~~^
        statement,
        ^^^^^^^^^^
    ...<4 lines>...
        _add_event=_add_event,
        ^^^^^^^^^^^^^^^^^^^^^^
    )
    ^
  File "/Users/mehriddinmengturayev/Downloads/shopbot/.venv/lib/python3.13/site-packages/sqlalchemy/orm/session.py", line 2247, in _execute_internal
    result: Result[Any] = compile_state_cls.orm_execute_statement(
                          ~~~~~~~~~~~~~~~~~~~~~~~~~~~~~~~~~~~~~~~^
        self,
        ^^^^^
    ...<4 lines>...
        conn,
        ^^^^^
    )
    ^
  File "/Users/mehriddinmengturayev/Downloads/shopbot/.venv/lib/python3.13/site-packages/sqlalchemy/orm/context.py", line 305, in orm_execute_statement
    result = conn.execute(
        statement, params or {}, execution_options=execution_options
    )
  File "/Users/mehriddinmengturayev/Downloads/shopbot/.venv/lib/python3.13/site-packages/sqlalchemy/engine/base.py", line 1418, in execute
    return meth(
        self,
        distilled_parameters,
        execution_options or NO_OPTIONS,
    )
  File "/Users/mehriddinmengturayev/Downloads/shopbot/.venv/lib/python3.13/site-packages/sqlalchemy/sql/elements.py", line 515, in _execute_on_connection
    return connection._execute_clauseelement(
           ~~~~~~~~~~~~~~~~~~~~~~~~~~~~~~~~~^
        self, distilled_params, execution_options
        ^^^^^^^^^^^^^^^^^^^^^^^^^^^^^^^^^^^^^^^^^
    )
    ^
  File "/Users/mehriddinmengturayev/Downloads/shopbot/.venv/lib/python3.13/site-packages/sqlalchemy/engine/base.py", line 1640, in _execute_clauseelement
    ret = self._execute_context(
        dialect,
    ...<8 lines>...
        cache_hit=cache_hit,
    )
  File "/Users/mehriddinmengturayev/Downloads/shopbot/.venv/lib/python3.13/site-packages/sqlalchemy/engine/base.py", line 1846, in _execute_context
    return self._exec_single_context(
           ~~~~~~~~~~~~~~~~~~~~~~~~~^
        dialect, context, statement, parameters
        ^^^^^^^^^^^^^^^^^^^^^^^^^^^^^^^^^^^^^^^
    )
    ^
  File "/Users/mehriddinmengturayev/Downloads/shopbot/.venv/lib/python3.13/site-packages/sqlalchemy/engine/base.py", line 1986, in _exec_single_context
    self._handle_dbapi_exception(
    ~~~~~~~~~~~~~~~~~~~~~~~~~~~~^
        e, str_statement, effective_parameters, cursor, context
        ^^^^^^^^^^^^^^^^^^^^^^^^^^^^^^^^^^^^^^^^^^^^^^^^^^^^^^^
    )
    ^
  File "/Users/mehriddinmengturayev/Downloads/shopbot/.venv/lib/python3.13/site-packages/sqlalchemy/engine/base.py", line 2355, in _handle_dbapi_exception
    raise sqlalchemy_exception.with_traceback(exc_info[2]) from e
  File "/Users/mehriddinmengturayev/Downloads/shopbot/.venv/lib/python3.13/site-packages/sqlalchemy/engine/base.py", line 1967, in _exec_single_context
    self.dialect.do_execute(
    ~~~~~~~~~~~~~~~~~~~~~~~^
        cursor, str_statement, effective_parameters, context
        ^^^^^^^^^^^^^^^^^^^^^^^^^^^^^^^^^^^^^^^^^^^^^^^^^^^^
    )
    ^
  File "/Users/mehriddinmengturayev/Downloads/shopbot/.venv/lib/python3.13/site-packages/sqlalchemy/engine/default.py", line 941, in do_execute
    cursor.execute(statement, parameters)
    ~~~~~~~~~~~~~~^^^^^^^^^^^^^^^^^^^^^^^
  File "/Users/mehriddinmengturayev/Downloads/shopbot/.venv/lib/python3.13/site-packages/sqlalchemy/dialects/sqlite/aiosqlite.py", line 147, in execute
    self._adapt_connection._handle_exception(error)
    ~~~~~~~~~~~~~~~~~~~~~~~~~~~~~~~~~~~~~~~~^^^^^^^
  File "/Users/mehriddinmengturayev/Downloads/shopbot/.venv/lib/python3.13/site-packages/sqlalchemy/dialects/sqlite/aiosqlite.py", line 298, in _handle_exception
    raise error
  File "/Users/mehriddinmengturayev/Downloads/shopbot/.venv/lib/python3.13/site-packages/sqlalchemy/dialects/sqlite/aiosqlite.py", line 129, in execute
    self.await_(_cursor.execute(operation, parameters))
    ~~~~~~~~~~~^^^^^^^^^^^^^^^^^^^^^^^^^^^^^^^^^^^^^^^^
  File "/Users/mehriddinmengturayev/Downloads/shopbot/.venv/lib/python3.13/site-packages/sqlalchemy/util/_concurrency_py3k.py", line 132, in await_only
    return current.parent.switch(awaitable)  # type: ignore[no-any-return,attr-defined] # noqa: E501
           ~~~~~~~~~~~~~~~~~~~~~^^^^^^^^^^^
  File "/Users/mehriddinmengturayev/Downloads/shopbot/.venv/lib/python3.13/site-packages/sqlalchemy/util/_concurrency_py3k.py", line 196, in greenlet_spawn
    value = await result
            ^^^^^^^^^^^^
  File "/Users/mehriddinmengturayev/Downloads/shopbot/.venv/lib/python3.13/site-packages/aiosqlite/cursor.py", line 48, in execute
    await self._execute(self._cursor.execute, sql, parameters)
  File "/Users/mehriddinmengturayev/Downloads/shopbot/.venv/lib/python3.13/site-packages/aiosqlite/cursor.py", line 40, in _execute
    return await self._conn._execute(fn, *args, **kwargs)
           ^^^^^^^^^^^^^^^^^^^^^^^^^^^^^^^^^^^^^^^^^^^^^^
  File "/Users/mehriddinmengturayev/Downloads/shopbot/.venv/lib/python3.13/site-packages/aiosqlite/core.py", line 132, in _execute
    return await future
           ^^^^^^^^^^^^
  File "/Users/mehriddinmengturayev/Downloads/shopbot/.venv/lib/python3.13/site-packages/aiosqlite/core.py", line 115, in run
    result = function()
sqlalchemy.exc.OperationalError: (sqlite3.OperationalError) no such column: orders.payment_method
[SQL: SELECT orders.id, orders.order_uuid, orders.user_id, orders.product_id, orders.price_at_purchase, orders.currency, orders.status, orders.payment_method, orders.crypto_provider, orders.crypto_invoice_id, orders.crypto_pay_url, orders.decided_by_admin_id, orders.decided_at, orders.rejection_reason, orders.delivered_payload, orders.delivered_at, orders.created_at, orders.updated_at 
FROM orders 
WHERE orders.status = ?]
[parameters: ('AWAITING_CRYPTO_PAYMENT',)]
(Background on this error at: https://sqlalche.me/e/20/e3q8)
2026-07-30 20:43:38,224 | ERROR    | providers | Crypto poller iteration failed
Traceback (most recent call last):
  File "/Users/mehriddinmengturayev/Downloads/shopbot/.venv/lib/python3.13/site-packages/sqlalchemy/engine/base.py", line 1967, in _exec_single_context
    self.dialect.do_execute(
    ~~~~~~~~~~~~~~~~~~~~~~~^
        cursor, str_statement, effective_parameters, context
        ^^^^^^^^^^^^^^^^^^^^^^^^^^^^^^^^^^^^^^^^^^^^^^^^^^^^
    )
    ^
  File "/Users/mehriddinmengturayev/Downloads/shopbot/.venv/lib/python3.13/site-packages/sqlalchemy/engine/default.py", line 941, in do_execute
    cursor.execute(statement, parameters)
    ~~~~~~~~~~~~~~^^^^^^^^^^^^^^^^^^^^^^^
  File "/Users/mehriddinmengturayev/Downloads/shopbot/.venv/lib/python3.13/site-packages/sqlalchemy/dialects/sqlite/aiosqlite.py", line 147, in execute
    self._adapt_connection._handle_exception(error)
    ~~~~~~~~~~~~~~~~~~~~~~~~~~~~~~~~~~~~~~~~^^^^^^^
  File "/Users/mehriddinmengturayev/Downloads/shopbot/.venv/lib/python3.13/site-packages/sqlalchemy/dialects/sqlite/aiosqlite.py", line 298, in _handle_exception
    raise error
  File "/Users/mehriddinmengturayev/Downloads/shopbot/.venv/lib/python3.13/site-packages/sqlalchemy/dialects/sqlite/aiosqlite.py", line 129, in execute
    self.await_(_cursor.execute(operation, parameters))
    ~~~~~~~~~~~^^^^^^^^^^^^^^^^^^^^^^^^^^^^^^^^^^^^^^^^
  File "/Users/mehriddinmengturayev/Downloads/shopbot/.venv/lib/python3.13/site-packages/sqlalchemy/util/_concurrency_py3k.py", line 132, in await_only
    return current.parent.switch(awaitable)  # type: ignore[no-any-return,attr-defined] # noqa: E501
           ~~~~~~~~~~~~~~~~~~~~~^^^^^^^^^^^
  File "/Users/mehriddinmengturayev/Downloads/shopbot/.venv/lib/python3.13/site-packages/sqlalchemy/util/_concurrency_py3k.py", line 196, in greenlet_spawn
    value = await result
            ^^^^^^^^^^^^
  File "/Users/mehriddinmengturayev/Downloads/shopbot/.venv/lib/python3.13/site-packages/aiosqlite/cursor.py", line 48, in execute
    await self._execute(self._cursor.execute, sql, parameters)
  File "/Users/mehriddinmengturayev/Downloads/shopbot/.venv/lib/python3.13/site-packages/aiosqlite/cursor.py", line 40, in _execute
    return await self._conn._execute(fn, *args, **kwargs)
           ^^^^^^^^^^^^^^^^^^^^^^^^^^^^^^^^^^^^^^^^^^^^^^
  File "/Users/mehriddinmengturayev/Downloads/shopbot/.venv/lib/python3.13/site-packages/aiosqlite/core.py", line 132, in _execute
    return await future
           ^^^^^^^^^^^^
  File "/Users/mehriddinmengturayev/Downloads/shopbot/.venv/lib/python3.13/site-packages/aiosqlite/core.py", line 115, in run
    result = function()
sqlite3.OperationalError: no such column: orders.payment_method

The above exception was the direct cause of the following exception:

Traceback (most recent call last):
  File "/Users/mehriddinmengturayev/Downloads/shopbot/app/services/crypto_poller.py", line 33, in crypto_poller_loop
    await _poll_once(bot)
  File "/Users/mehriddinmengturayev/Downloads/shopbot/app/services/crypto_poller.py", line 44, in _poll_once
    pending = await orders_repo.list_awaiting_crypto_payment()
              ^^^^^^^^^^^^^^^^^^^^^^^^^^^^^^^^^^^^^^^^^^^^^^^^
  File "/Users/mehriddinmengturayev/Downloads/shopbot/app/repositories/order_repo.py", line 47, in list_awaiting_crypto_payment
    result = await self.session.execute(
             ^^^^^^^^^^^^^^^^^^^^^^^^^^^
    ...<3 lines>...
    )
    ^
  File "/Users/mehriddinmengturayev/Downloads/shopbot/.venv/lib/python3.13/site-packages/sqlalchemy/ext/asyncio/session.py", line 461, in execute
    result = await greenlet_spawn(
             ^^^^^^^^^^^^^^^^^^^^^
    ...<6 lines>...
    )
    ^
  File "/Users/mehriddinmengturayev/Downloads/shopbot/.venv/lib/python3.13/site-packages/sqlalchemy/util/_concurrency_py3k.py", line 201, in greenlet_spawn
    result = context.throw(*sys.exc_info())
  File "/Users/mehriddinmengturayev/Downloads/shopbot/.venv/lib/python3.13/site-packages/sqlalchemy/orm/session.py", line 2362, in execute
    return self._execute_internal(
           ~~~~~~~~~~~~~~~~~~~~~~^
        statement,
        ^^^^^^^^^^
    ...<4 lines>...
        _add_event=_add_event,
        ^^^^^^^^^^^^^^^^^^^^^^
    )
    ^
  File "/Users/mehriddinmengturayev/Downloads/shopbot/.venv/lib/python3.13/site-packages/sqlalchemy/orm/session.py", line 2247, in _execute_internal
    result: Result[Any] = compile_state_cls.orm_execute_statement(
                          ~~~~~~~~~~~~~~~~~~~~~~~~~~~~~~~~~~~~~~~^
        self,
        ^^^^^
    ...<4 lines>...
        conn,
        ^^^^^
    )
    ^
  File "/Users/mehriddinmengturayev/Downloads/shopbot/.venv/lib/python3.13/site-packages/sqlalchemy/orm/context.py", line 305, in orm_execute_statement
    result = conn.execute(
        statement, params or {}, execution_options=execution_options
    )
  File "/Users/mehriddinmengturayev/Downloads/shopbot/.venv/lib/python3.13/site-packages/sqlalchemy/engine/base.py", line 1418, in execute
    return meth(
        self,
        distilled_parameters,
        execution_options or NO_OPTIONS,
    )
  File "/Users/mehriddinmengturayev/Downloads/shopbot/.venv/lib/python3.13/site-packages/sqlalchemy/sql/elements.py", line 515, in _execute_on_connection
    return connection._execute_clauseelement(
           ~~~~~~~~~~~~~~~~~~~~~~~~~~~~~~~~~^
        self, distilled_params, execution_options
        ^^^^^^^^^^^^^^^^^^^^^^^^^^^^^^^^^^^^^^^^^
    )
    ^
  File "/Users/mehriddinmengturayev/Downloads/shopbot/.venv/lib/python3.13/site-packages/sqlalchemy/engine/base.py", line 1640, in _execute_clauseelement
    ret = self._execute_context(
        dialect,
    ...<8 lines>...
        cache_hit=cache_hit,
    )
  File "/Users/mehriddinmengturayev/Downloads/shopbot/.venv/lib/python3.13/site-packages/sqlalchemy/engine/base.py", line 1846, in _execute_context
    return self._exec_single_context(
           ~~~~~~~~~~~~~~~~~~~~~~~~~^
        dialect, context, statement, parameters
        ^^^^^^^^^^^^^^^^^^^^^^^^^^^^^^^^^^^^^^^
    )
    ^
  File "/Users/mehriddinmengturayev/Downloads/shopbot/.venv/lib/python3.13/site-packages/sqlalchemy/engine/base.py", line 1986, in _exec_single_context
    self._handle_dbapi_exception(
    ~~~~~~~~~~~~~~~~~~~~~~~~~~~~^
        e, str_statement, effective_parameters, cursor, context
        ^^^^^^^^^^^^^^^^^^^^^^^^^^^^^^^^^^^^^^^^^^^^^^^^^^^^^^^
    )
    ^
  File "/Users/mehriddinmengturayev/Downloads/shopbot/.venv/lib/python3.13/site-packages/sqlalchemy/engine/base.py", line 2355, in _handle_dbapi_exception
    raise sqlalchemy_exception.with_traceback(exc_info[2]) from e
  File "/Users/mehriddinmengturayev/Downloads/shopbot/.venv/lib/python3.13/site-packages/sqlalchemy/engine/base.py", line 1967, in _exec_single_context
    self.dialect.do_execute(
    ~~~~~~~~~~~~~~~~~~~~~~~^
        cursor, str_statement, effective_parameters, context
        ^^^^^^^^^^^^^^^^^^^^^^^^^^^^^^^^^^^^^^^^^^^^^^^^^^^^
    )
    ^
  File "/Users/mehriddinmengturayev/Downloads/shopbot/.venv/lib/python3.13/site-packages/sqlalchemy/engine/default.py", line 941, in do_execute
    cursor.execute(statement, parameters)
    ~~~~~~~~~~~~~~^^^^^^^^^^^^^^^^^^^^^^^
  File "/Users/mehriddinmengturayev/Downloads/shopbot/.venv/lib/python3.13/site-packages/sqlalchemy/dialects/sqlite/aiosqlite.py", line 147, in execute
    self._adapt_connection._handle_exception(error)
    ~~~~~~~~~~~~~~~~~~~~~~~~~~~~~~~~~~~~~~~~^^^^^^^
  File "/Users/mehriddinmengturayev/Downloads/shopbot/.venv/lib/python3.13/site-packages/sqlalchemy/dialects/sqlite/aiosqlite.py", line 298, in _handle_exception
    raise error
  File "/Users/mehriddinmengturayev/Downloads/shopbot/.venv/lib/python3.13/site-packages/sqlalchemy/dialects/sqlite/aiosqlite.py", line 129, in execute
    self.await_(_cursor.execute(operation, parameters))
    ~~~~~~~~~~~^^^^^^^^^^^^^^^^^^^^^^^^^^^^^^^^^^^^^^^^
  File "/Users/mehriddinmengturayev/Downloads/shopbot/.venv/lib/python3.13/site-packages/sqlalchemy/util/_concurrency_py3k.py", line 132, in await_only
    return current.parent.switch(awaitable)  # type: ignore[no-any-return,attr-defined] # noqa: E501
           ~~~~~~~~~~~~~~~~~~~~~^^^^^^^^^^^
  File "/Users/mehriddinmengturayev/Downloads/shopbot/.venv/lib/python3.13/site-packages/sqlalchemy/util/_concurrency_py3k.py", line 196, in greenlet_spawn
    value = await result
            ^^^^^^^^^^^^
  File "/Users/mehriddinmengturayev/Downloads/shopbot/.venv/lib/python3.13/site-packages/aiosqlite/cursor.py", line 48, in execute
    await self._execute(self._cursor.execute, sql, parameters)
  File "/Users/mehriddinmengturayev/Downloads/shopbot/.venv/lib/python3.13/site-packages/aiosqlite/cursor.py", line 40, in _execute
    return await self._conn._execute(fn, *args, **kwargs)
           ^^^^^^^^^^^^^^^^^^^^^^^^^^^^^^^^^^^^^^^^^^^^^^
  File "/Users/mehriddinmengturayev/Downloads/shopbot/.venv/lib/python3.13/site-packages/aiosqlite/core.py", line 132, in _execute
    return await future
           ^^^^^^^^^^^^
  File "/Users/mehriddinmengturayev/Downloads/shopbot/.venv/lib/python3.13/site-packages/aiosqlite/core.py", line 115, in run
    result = function()
sqlalchemy.exc.OperationalError: (sqlite3.OperationalError) no such column: orders.payment_method
[SQL: SELECT orders.id, orders.order_uuid, orders.user_id, orders.product_id, orders.price_at_purchase, orders.currency, orders.status, orders.payment_method, orders.crypto_provider, orders.crypto_invoice_id, orders.crypto_pay_url, orders.decided_by_admin_id, orders.decided_at, orders.rejection_reason, orders.delivered_payload, orders.delivered_at, orders.created_at, orders.updated_at 
FROM orders 
WHERE orders.status = ?]
[parameters: ('AWAITING_CRYPTO_PAYMENT',)]
(Background on this error at: https://sqlalche.me/e/20/e3q8)
2026-07-30 20:43:58,242 | ERROR    | providers | Crypto poller iteration failed
Traceback (most recent call last):
  File "/Users/mehriddinmengturayev/Downloads/shopbot/.venv/lib/python3.13/site-packages/sqlalchemy/engine/base.py", line 1967, in _exec_single_context
    self.dialect.do_execute(
    ~~~~~~~~~~~~~~~~~~~~~~~^
        cursor, str_statement, effective_parameters, context
        ^^^^^^^^^^^^^^^^^^^^^^^^^^^^^^^^^^^^^^^^^^^^^^^^^^^^
    )
    ^
  File "/Users/mehriddinmengturayev/Downloads/shopbot/.venv/lib/python3.13/site-packages/sqlalchemy/engine/default.py", line 941, in do_execute
    cursor.execute(statement, parameters)
    ~~~~~~~~~~~~~~^^^^^^^^^^^^^^^^^^^^^^^
  File "/Users/mehriddinmengturayev/Downloads/shopbot/.venv/lib/python3.13/site-packages/sqlalchemy/dialects/sqlite/aiosqlite.py", line 147, in execute
    self._adapt_connection._handle_exception(error)
    ~~~~~~~~~~~~~~~~~~~~~~~~~~~~~~~~~~~~~~~~^^^^^^^
  File "/Users/mehriddinmengturayev/Downloads/shopbot/.venv/lib/python3.13/site-packages/sqlalchemy/dialects/sqlite/aiosqlite.py", line 298, in _handle_exception
    raise error
  File "/Users/mehriddinmengturayev/Downloads/shopbot/.venv/lib/python3.13/site-packages/sqlalchemy/dialects/sqlite/aiosqlite.py", line 129, in execute
    self.await_(_cursor.execute(operation, parameters))
    ~~~~~~~~~~~^^^^^^^^^^^^^^^^^^^^^^^^^^^^^^^^^^^^^^^^
  File "/Users/mehriddinmengturayev/Downloads/shopbot/.venv/lib/python3.13/site-packages/sqlalchemy/util/_concurrency_py3k.py", line 132, in await_only
    return current.parent.switch(awaitable)  # type: ignore[no-any-return,attr-defined] # noqa: E501
           ~~~~~~~~~~~~~~~~~~~~~^^^^^^^^^^^
  File "/Users/mehriddinmengturayev/Downloads/shopbot/.venv/lib/python3.13/site-packages/sqlalchemy/util/_concurrency_py3k.py", line 196, in greenlet_spawn
    value = await result
            ^^^^^^^^^^^^
  File "/Users/mehriddinmengturayev/Downloads/shopbot/.venv/lib/python3.13/site-packages/aiosqlite/cursor.py", line 48, in execute
    await self._execute(self._cursor.execute, sql, parameters)
  File "/Users/mehriddinmengturayev/Downloads/shopbot/.venv/lib/python3.13/site-packages/aiosqlite/cursor.py", line 40, in _execute
    return await self._conn._execute(fn, *args, **kwargs)
           ^^^^^^^^^^^^^^^^^^^^^^^^^^^^^^^^^^^^^^^^^^^^^^
  File "/Users/mehriddinmengturayev/Downloads/shopbot/.venv/lib/python3.13/site-packages/aiosqlite/core.py", line 132, in _execute
    return await future
           ^^^^^^^^^^^^
  File "/Users/mehriddinmengturayev/Downloads/shopbot/.venv/lib/python3.13/site-packages/aiosqlite/core.py", line 115, in run
    result = function()
sqlite3.OperationalError: no such column: orders.payment_method

The above exception was the direct cause of the following exception:

Traceback (most recent call last):
  File "/Users/mehriddinmengturayev/Downloads/shopbot/app/services/crypto_poller.py", line 33, in crypto_poller_loop
    await _poll_once(bot)
  File "/Users/mehriddinmengturayev/Downloads/shopbot/app/services/crypto_poller.py", line 44, in _poll_once
    pending = await orders_repo.list_awaiting_crypto_payment()
              ^^^^^^^^^^^^^^^^^^^^^^^^^^^^^^^^^^^^^^^^^^^^^^^^
  File "/Users/mehriddinmengturayev/Downloads/shopbot/app/repositories/order_repo.py", line 47, in list_awaiting_crypto_payment
    result = await self.session.execute(
             ^^^^^^^^^^^^^^^^^^^^^^^^^^^
    ...<3 lines>...
    )
    ^
  File "/Users/mehriddinmengturayev/Downloads/shopbot/.venv/lib/python3.13/site-packages/sqlalchemy/ext/asyncio/session.py", line 461, in execute
    result = await greenlet_spawn(
             ^^^^^^^^^^^^^^^^^^^^^
    ...<6 lines>...
    )
    ^
  File "/Users/mehriddinmengturayev/Downloads/shopbot/.venv/lib/python3.13/site-packages/sqlalchemy/util/_concurrency_py3k.py", line 201, in greenlet_spawn
    result = context.throw(*sys.exc_info())
  File "/Users/mehriddinmengturayev/Downloads/shopbot/.venv/lib/python3.13/site-packages/sqlalchemy/orm/session.py", line 2362, in execute
    return self._execute_internal(
           ~~~~~~~~~~~~~~~~~~~~~~^
        statement,
        ^^^^^^^^^^
    ...<4 lines>...
        _add_event=_add_event,
        ^^^^^^^^^^^^^^^^^^^^^^
    )
    ^
  File "/Users/mehriddinmengturayev/Downloads/shopbot/.venv/lib/python3.13/site-packages/sqlalchemy/orm/session.py", line 2247, in _execute_internal
    result: Result[Any] = compile_state_cls.orm_execute_statement(
                          ~~~~~~~~~~~~~~~~~~~~~~~~~~~~~~~~~~~~~~~^
        self,
        ^^^^^
    ...<4 lines>...
        conn,
        ^^^^^
    )
    ^
  File "/Users/mehriddinmengturayev/Downloads/shopbot/.venv/lib/python3.13/site-packages/sqlalchemy/orm/context.py", line 305, in orm_execute_statement
    result = conn.execute(
        statement, params or {}, execution_options=execution_options
    )
  File "/Users/mehriddinmengturayev/Downloads/shopbot/.venv/lib/python3.13/site-packages/sqlalchemy/engine/base.py", line 1418, in execute
    return meth(
        self,
        distilled_parameters,
        execution_options or NO_OPTIONS,
    )
  File "/Users/mehriddinmengturayev/Downloads/shopbot/.venv/lib/python3.13/site-packages/sqlalchemy/sql/elements.py", line 515, in _execute_on_connection
    return connection._execute_clauseelement(
           ~~~~~~~~~~~~~~~~~~~~~~~~~~~~~~~~~^
        self, distilled_params, execution_options
        ^^^^^^^^^^^^^^^^^^^^^^^^^^^^^^^^^^^^^^^^^
    )
    ^
  File "/Users/mehriddinmengturayev/Downloads/shopbot/.venv/lib/python3.13/site-packages/sqlalchemy/engine/base.py", line 1640, in _execute_clauseelement
    ret = self._execute_context(
        dialect,
    ...<8 lines>...
        cache_hit=cache_hit,
    )
  File "/Users/mehriddinmengturayev/Downloads/shopbot/.venv/lib/python3.13/site-packages/sqlalchemy/engine/base.py", line 1846, in _execute_context
    return self._exec_single_context(
           ~~~~~~~~~~~~~~~~~~~~~~~~~^
        dialect, context, statement, parameters
        ^^^^^^^^^^^^^^^^^^^^^^^^^^^^^^^^^^^^^^^
    )
    ^
  File "/Users/mehriddinmengturayev/Downloads/shopbot/.venv/lib/python3.13/site-packages/sqlalchemy/engine/base.py", line 1986, in _exec_single_context
    self._handle_dbapi_exception(
    ~~~~~~~~~~~~~~~~~~~~~~~~~~~~^
        e, str_statement, effective_parameters, cursor, context
        ^^^^^^^^^^^^^^^^^^^^^^^^^^^^^^^^^^^^^^^^^^^^^^^^^^^^^^^
    )
    ^
  File "/Users/mehriddinmengturayev/Downloads/shopbot/.venv/lib/python3.13/site-packages/sqlalchemy/engine/base.py", line 2355, in _handle_dbapi_exception
    raise sqlalchemy_exception.with_traceback(exc_info[2]) from e
  File "/Users/mehriddinmengturayev/Downloads/shopbot/.venv/lib/python3.13/site-packages/sqlalchemy/engine/base.py", line 1967, in _exec_single_context
    self.dialect.do_execute(
    ~~~~~~~~~~~~~~~~~~~~~~~^
        cursor, str_statement, effective_parameters, context
        ^^^^^^^^^^^^^^^^^^^^^^^^^^^^^^^^^^^^^^^^^^^^^^^^^^^^
    )
    ^
  File "/Users/mehriddinmengturayev/Downloads/shopbot/.venv/lib/python3.13/site-packages/sqlalchemy/engine/default.py", line 941, in do_execute
    cursor.execute(statement, parameters)
    ~~~~~~~~~~~~~~^^^^^^^^^^^^^^^^^^^^^^^
  File "/Users/mehriddinmengturayev/Downloads/shopbot/.venv/lib/python3.13/site-packages/sqlalchemy/dialects/sqlite/aiosqlite.py", line 147, in execute
    self._adapt_connection._handle_exception(error)
    ~~~~~~~~~~~~~~~~~~~~~~~~~~~~~~~~~~~~~~~~^^^^^^^
  File "/Users/mehriddinmengturayev/Downloads/shopbot/.venv/lib/python3.13/site-packages/sqlalchemy/dialects/sqlite/aiosqlite.py", line 298, in _handle_exception
    raise error
  File "/Users/mehriddinmengturayev/Downloads/shopbot/.venv/lib/python3.13/site-packages/sqlalchemy/dialects/sqlite/aiosqlite.py", line 129, in execute
    self.await_(_cursor.execute(operation, parameters))
    ~~~~~~~~~~~^^^^^^^^^^^^^^^^^^^^^^^^^^^^^^^^^^^^^^^^
  File "/Users/mehriddinmengturayev/Downloads/shopbot/.venv/lib/python3.13/site-packages/sqlalchemy/util/_concurrency_py3k.py", line 132, in await_only
    return current.parent.switch(awaitable)  # type: ignore[no-any-return,attr-defined] # noqa: E501
           ~~~~~~~~~~~~~~~~~~~~~^^^^^^^^^^^
  File "/Users/mehriddinmengturayev/Downloads/shopbot/.venv/lib/python3.13/site-packages/sqlalchemy/util/_concurrency_py3k.py", line 196, in greenlet_spawn
    value = await result
            ^^^^^^^^^^^^
  File "/Users/mehriddinmengturayev/Downloads/shopbot/.venv/lib/python3.13/site-packages/aiosqlite/cursor.py", line 48, in execute
    await self._execute(self._cursor.execute, sql, parameters)
  File "/Users/mehriddinmengturayev/Downloads/shopbot/.venv/lib/python3.13/site-packages/aiosqlite/cursor.py", line 40, in _execute
    return await self._conn._execute(fn, *args, **kwargs)
           ^^^^^^^^^^^^^^^^^^^^^^^^^^^^^^^^^^^^^^^^^^^^^^
  File "/Users/mehriddinmengturayev/Downloads/shopbot/.venv/lib/python3.13/site-packages/aiosqlite/core.py", line 132, in _execute
    return await future
           ^^^^^^^^^^^^
  File "/Users/mehriddinmengturayev/Downloads/shopbot/.venv/lib/python3.13/site-packages/aiosqlite/core.py", line 115, in run
    result = function()
sqlalchemy.exc.OperationalError: (sqlite3.OperationalError) no such column: orders.payment_method
[SQL: SELECT orders.id, orders.order_uuid, orders.user_id, orders.product_id, orders.price_at_purchase, orders.currency, orders.status, orders.payment_method, orders.crypto_provider, orders.crypto_invoice_id, orders.crypto_pay_url, orders.decided_by_admin_id, orders.decided_at, orders.rejection_reason, orders.delivered_payload, orders.delivered_at, orders.created_at, orders.updated_at 
FROM orders 
WHERE orders.status = ?]
[parameters: ('AWAITING_CRYPTO_PAYMENT',)]
(Background on this error at: https://sqlalche.me/e/20/e3q8)
2026-07-30 20:44:18,260 | ERROR    | providers | Crypto poller iteration failed
Traceback (most recent call last):
  File "/Users/mehriddinmengturayev/Downloads/shopbot/.venv/lib/python3.13/site-packages/sqlalchemy/engine/base.py", line 1967, in _exec_single_context
    self.dialect.do_execute(
    ~~~~~~~~~~~~~~~~~~~~~~~^
        cursor, str_statement, effective_parameters, context
        ^^^^^^^^^^^^^^^^^^^^^^^^^^^^^^^^^^^^^^^^^^^^^^^^^^^^
    )
    ^
  File "/Users/mehriddinmengturayev/Downloads/shopbot/.venv/lib/python3.13/site-packages/sqlalchemy/engine/default.py", line 941, in do_execute
    cursor.execute(statement, parameters)
    ~~~~~~~~~~~~~~^^^^^^^^^^^^^^^^^^^^^^^
  File "/Users/mehriddinmengturayev/Downloads/shopbot/.venv/lib/python3.13/site-packages/sqlalchemy/dialects/sqlite/aiosqlite.py", line 147, in execute
    self._adapt_connection._handle_exception(error)
    ~~~~~~~~~~~~~~~~~~~~~~~~~~~~~~~~~~~~~~~~^^^^^^^
  File "/Users/mehriddinmengturayev/Downloads/shopbot/.venv/lib/python3.13/site-packages/sqlalchemy/dialects/sqlite/aiosqlite.py", line 298, in _handle_exception
    raise error
  File "/Users/mehriddinmengturayev/Downloads/shopbot/.venv/lib/python3.13/site-packages/sqlalchemy/dialects/sqlite/aiosqlite.py", line 129, in execute
    self.await_(_cursor.execute(operation, parameters))
    ~~~~~~~~~~~^^^^^^^^^^^^^^^^^^^^^^^^^^^^^^^^^^^^^^^^
  File "/Users/mehriddinmengturayev/Downloads/shopbot/.venv/lib/python3.13/site-packages/sqlalchemy/util/_concurrency_py3k.py", line 132, in await_only
    return current.parent.switch(awaitable)  # type: ignore[no-any-return,attr-defined] # noqa: E501
           ~~~~~~~~~~~~~~~~~~~~~^^^^^^^^^^^
  File "/Users/mehriddinmengturayev/Downloads/shopbot/.venv/lib/python3.13/site-packages/sqlalchemy/util/_concurrency_py3k.py", line 196, in greenlet_spawn
    value = await result
            ^^^^^^^^^^^^
  File "/Users/mehriddinmengturayev/Downloads/shopbot/.venv/lib/python3.13/site-packages/aiosqlite/cursor.py", line 48, in execute
    await self._execute(self._cursor.execute, sql, parameters)
  File "/Users/mehriddinmengturayev/Downloads/shopbot/.venv/lib/python3.13/site-packages/aiosqlite/cursor.py", line 40, in _execute
    return await self._conn._execute(fn, *args, **kwargs)
           ^^^^^^^^^^^^^^^^^^^^^^^^^^^^^^^^^^^^^^^^^^^^^^
  File "/Users/mehriddinmengturayev/Downloads/shopbot/.venv/lib/python3.13/site-packages/aiosqlite/core.py", line 132, in _execute
    return await future
           ^^^^^^^^^^^^
  File "/Users/mehriddinmengturayev/Downloads/shopbot/.venv/lib/python3.13/site-packages/aiosqlite/core.py", line 115, in run
    result = function()
sqlite3.OperationalError: no such column: orders.payment_method

The above exception was the direct cause of the following exception:

Traceback (most recent call last):
  File "/Users/mehriddinmengturayev/Downloads/shopbot/app/services/crypto_poller.py", line 33, in crypto_poller_loop
    await _poll_once(bot)
  File "/Users/mehriddinmengturayev/Downloads/shopbot/app/services/crypto_poller.py", line 44, in _poll_once
    pending = await orders_repo.list_awaiting_crypto_payment()
              ^^^^^^^^^^^^^^^^^^^^^^^^^^^^^^^^^^^^^^^^^^^^^^^^
  File "/Users/mehriddinmengturayev/Downloads/shopbot/app/repositories/order_repo.py", line 47, in list_awaiting_crypto_payment
    result = await self.session.execute(
             ^^^^^^^^^^^^^^^^^^^^^^^^^^^
    ...<3 lines>...
    )
    ^
  File "/Users/mehriddinmengturayev/Downloads/shopbot/.venv/lib/python3.13/site-packages/sqlalchemy/ext/asyncio/session.py", line 461, in execute
    result = await greenlet_spawn(
             ^^^^^^^^^^^^^^^^^^^^^
    ...<6 lines>...
    )
    ^
  File "/Users/mehriddinmengturayev/Downloads/shopbot/.venv/lib/python3.13/site-packages/sqlalchemy/util/_concurrency_py3k.py", line 201, in greenlet_spawn
    result = context.throw(*sys.exc_info())
  File "/Users/mehriddinmengturayev/Downloads/shopbot/.venv/lib/python3.13/site-packages/sqlalchemy/orm/session.py", line 2362, in execute
    return self._execute_internal(
           ~~~~~~~~~~~~~~~~~~~~~~^
        statement,
        ^^^^^^^^^^
    ...<4 lines>...
        _add_event=_add_event,
        ^^^^^^^^^^^^^^^^^^^^^^
    )
    ^
  File "/Users/mehriddinmengturayev/Downloads/shopbot/.venv/lib/python3.13/site-packages/sqlalchemy/orm/session.py", line 2247, in _execute_internal
    result: Result[Any] = compile_state_cls.orm_execute_statement(
                          ~~~~~~~~~~~~~~~~~~~~~~~~~~~~~~~~~~~~~~~^
        self,
        ^^^^^
    ...<4 lines>...
        conn,
        ^^^^^
    )
    ^
  File "/Users/mehriddinmengturayev/Downloads/shopbot/.venv/lib/python3.13/site-packages/sqlalchemy/orm/context.py", line 305, in orm_execute_statement
    result = conn.execute(
        statement, params or {}, execution_options=execution_options
    )
  File "/Users/mehriddinmengturayev/Downloads/shopbot/.venv/lib/python3.13/site-packages/sqlalchemy/engine/base.py", line 1418, in execute
    return meth(
        self,
        distilled_parameters,
        execution_options or NO_OPTIONS,
    )
  File "/Users/mehriddinmengturayev/Downloads/shopbot/.venv/lib/python3.13/site-packages/sqlalchemy/sql/elements.py", line 515, in _execute_on_connection
    return connection._execute_clauseelement(
           ~~~~~~~~~~~~~~~~~~~~~~~~~~~~~~~~~^
        self, distilled_params, execution_options
        ^^^^^^^^^^^^^^^^^^^^^^^^^^^^^^^^^^^^^^^^^
    )
    ^
  File "/Users/mehriddinmengturayev/Downloads/shopbot/.venv/lib/python3.13/site-packages/sqlalchemy/engine/base.py", line 1640, in _execute_clauseelement
    ret = self._execute_context(
        dialect,
    ...<8 lines>...
        cache_hit=cache_hit,
    )
  File "/Users/mehriddinmengturayev/Downloads/shopbot/.venv/lib/python3.13/site-packages/sqlalchemy/engine/base.py", line 1846, in _execute_context
    return self._exec_single_context(
           ~~~~~~~~~~~~~~~~~~~~~~~~~^
        dialect, context, statement, parameters
        ^^^^^^^^^^^^^^^^^^^^^^^^^^^^^^^^^^^^^^^
    )
    ^
  File "/Users/mehriddinmengturayev/Downloads/shopbot/.venv/lib/python3.13/site-packages/sqlalchemy/engine/base.py", line 1986, in _exec_single_context
    self._handle_dbapi_exception(
    ~~~~~~~~~~~~~~~~~~~~~~~~~~~~^
        e, str_statement, effective_parameters, cursor, context
        ^^^^^^^^^^^^^^^^^^^^^^^^^^^^^^^^^^^^^^^^^^^^^^^^^^^^^^^
    )
    ^
  File "/Users/mehriddinmengturayev/Downloads/shopbot/.venv/lib/python3.13/site-packages/sqlalchemy/engine/base.py", line 2355, in _handle_dbapi_exception
    raise sqlalchemy_exception.with_traceback(exc_info[2]) from e
  File "/Users/mehriddinmengturayev/Downloads/shopbot/.venv/lib/python3.13/site-packages/sqlalchemy/engine/base.py", line 1967, in _exec_single_context
    self.dialect.do_execute(
    ~~~~~~~~~~~~~~~~~~~~~~~^
        cursor, str_statement, effective_parameters, context
        ^^^^^^^^^^^^^^^^^^^^^^^^^^^^^^^^^^^^^^^^^^^^^^^^^^^^
    )
    ^
  File "/Users/mehriddinmengturayev/Downloads/shopbot/.venv/lib/python3.13/site-packages/sqlalchemy/engine/default.py", line 941, in do_execute
    cursor.execute(statement, parameters)
    ~~~~~~~~~~~~~~^^^^^^^^^^^^^^^^^^^^^^^
  File "/Users/mehriddinmengturayev/Downloads/shopbot/.venv/lib/python3.13/site-packages/sqlalchemy/dialects/sqlite/aiosqlite.py", line 147, in execute
    self._adapt_connection._handle_exception(error)
    ~~~~~~~~~~~~~~~~~~~~~~~~~~~~~~~~~~~~~~~~^^^^^^^
  File "/Users/mehriddinmengturayev/Downloads/shopbot/.venv/lib/python3.13/site-packages/sqlalchemy/dialects/sqlite/aiosqlite.py", line 298, in _handle_exception
    raise error
  File "/Users/mehriddinmengturayev/Downloads/shopbot/.venv/lib/python3.13/site-packages/sqlalchemy/dialects/sqlite/aiosqlite.py", line 129, in execute
    self.await_(_cursor.execute(operation, parameters))
    ~~~~~~~~~~~^^^^^^^^^^^^^^^^^^^^^^^^^^^^^^^^^^^^^^^^
  File "/Users/mehriddinmengturayev/Downloads/shopbot/.venv/lib/python3.13/site-packages/sqlalchemy/util/_concurrency_py3k.py", line 132, in await_only
    return current.parent.switch(awaitable)  # type: ignore[no-any-return,attr-defined] # noqa: E501
           ~~~~~~~~~~~~~~~~~~~~~^^^^^^^^^^^
  File "/Users/mehriddinmengturayev/Downloads/shopbot/.venv/lib/python3.13/site-packages/sqlalchemy/util/_concurrency_py3k.py", line 196, in greenlet_spawn
    value = await result
            ^^^^^^^^^^^^
  File "/Users/mehriddinmengturayev/Downloads/shopbot/.venv/lib/python3.13/site-packages/aiosqlite/cursor.py", line 48, in execute
    await self._execute(self._cursor.execute, sql, parameters)
  File "/Users/mehriddinmengturayev/Downloads/shopbot/.venv/lib/python3.13/site-packages/aiosqlite/cursor.py", line 40, in _execute
    return await self._conn._execute(fn, *args, **kwargs)
           ^^^^^^^^^^^^^^^^^^^^^^^^^^^^^^^^^^^^^^^^^^^^^^
  File "/Users/mehriddinmengturayev/Downloads/shopbot/.venv/lib/python3.13/site-packages/aiosqlite/core.py", line 132, in _execute
    return await future
           ^^^^^^^^^^^^
  File "/Users/mehriddinmengturayev/Downloads/shopbot/.venv/lib/python3.13/site-packages/aiosqlite/core.py", line 115, in run
    result = function()
sqlalchemy.exc.OperationalError: (sqlite3.OperationalError) no such column: orders.payment_method
[SQL: SELECT orders.id, orders.order_uuid, orders.user_id, orders.product_id, orders.price_at_purchase, orders.currency, orders.status, orders.payment_method, orders.crypto_provider, orders.crypto_invoice_id, orders.crypto_pay_url, orders.decided_by_admin_id, orders.decided_at, orders.rejection_reason, orders.delivered_payload, orders.delivered_at, orders.created_at, orders.updated_at 
FROM orders 
WHERE orders.status = ?]
[parameters: ('AWAITING_CRYPTO_PAYMENT',)]
(Background on this error at: https://sqlalche.me/e/20/e3q8)
2026-07-30 20:44:38,277 | ERROR    | providers | Crypto poller iteration failed
Traceback (most recent call last):
  File "/Users/mehriddinmengturayev/Downloads/shopbot/.venv/lib/python3.13/site-packages/sqlalchemy/engine/base.py", line 1967, in _exec_single_context
    self.dialect.do_execute(
    ~~~~~~~~~~~~~~~~~~~~~~~^
        cursor, str_statement, effective_parameters, context
        ^^^^^^^^^^^^^^^^^^^^^^^^^^^^^^^^^^^^^^^^^^^^^^^^^^^^
    )
    ^
  File "/Users/mehriddinmengturayev/Downloads/shopbot/.venv/lib/python3.13/site-packages/sqlalchemy/engine/default.py", line 941, in do_execute
    cursor.execute(statement, parameters)
    ~~~~~~~~~~~~~~^^^^^^^^^^^^^^^^^^^^^^^
  File "/Users/mehriddinmengturayev/Downloads/shopbot/.venv/lib/python3.13/site-packages/sqlalchemy/dialects/sqlite/aiosqlite.py", line 147, in execute
    self._adapt_connection._handle_exception(error)
    ~~~~~~~~~~~~~~~~~~~~~~~~~~~~~~~~~~~~~~~~^^^^^^^
  File "/Users/mehriddinmengturayev/Downloads/shopbot/.venv/lib/python3.13/site-packages/sqlalchemy/dialects/sqlite/aiosqlite.py", line 298, in _handle_exception
    raise error
  File "/Users/mehriddinmengturayev/Downloads/shopbot/.venv/lib/python3.13/site-packages/sqlalchemy/dialects/sqlite/aiosqlite.py", line 129, in execute
    self.await_(_cursor.execute(operation, parameters))
    ~~~~~~~~~~~^^^^^^^^^^^^^^^^^^^^^^^^^^^^^^^^^^^^^^^^
  File "/Users/mehriddinmengturayev/Downloads/shopbot/.venv/lib/python3.13/site-packages/sqlalchemy/util/_concurrency_py3k.py", line 132, in await_only
    return current.parent.switch(awaitable)  # type: ignore[no-any-return,attr-defined] # noqa: E501
           ~~~~~~~~~~~~~~~~~~~~~^^^^^^^^^^^
  File "/Users/mehriddinmengturayev/Downloads/shopbot/.venv/lib/python3.13/site-packages/sqlalchemy/util/_concurrency_py3k.py", line 196, in greenlet_spawn
    value = await result
            ^^^^^^^^^^^^
  File "/Users/mehriddinmengturayev/Downloads/shopbot/.venv/lib/python3.13/site-packages/aiosqlite/cursor.py", line 48, in execute
    await self._execute(self._cursor.execute, sql, parameters)
  File "/Users/mehriddinmengturayev/Downloads/shopbot/.venv/lib/python3.13/site-packages/aiosqlite/cursor.py", line 40, in _execute
    return await self._conn._execute(fn, *args, **kwargs)
           ^^^^^^^^^^^^^^^^^^^^^^^^^^^^^^^^^^^^^^^^^^^^^^
  File "/Users/mehriddinmengturayev/Downloads/shopbot/.venv/lib/python3.13/site-packages/aiosqlite/core.py", line 132, in _execute
    return await future
           ^^^^^^^^^^^^
  File "/Users/mehriddinmengturayev/Downloads/shopbot/.venv/lib/python3.13/site-packages/aiosqlite/core.py", line 115, in run
    result = function()
sqlite3.OperationalError: no such column: orders.payment_method

The above exception was the direct cause of the following exception:

Traceback (most recent call last):
  File "/Users/mehriddinmengturayev/Downloads/shopbot/app/services/crypto_poller.py", line 33, in crypto_poller_loop
    await _poll_once(bot)
  File "/Users/mehriddinmengturayev/Downloads/shopbot/app/services/crypto_poller.py", line 44, in _poll_once
    pending = await orders_repo.list_awaiting_crypto_payment()
              ^^^^^^^^^^^^^^^^^^^^^^^^^^^^^^^^^^^^^^^^^^^^^^^^
  File "/Users/mehriddinmengturayev/Downloads/shopbot/app/repositories/order_repo.py", line 47, in list_awaiting_crypto_payment
    result = await self.session.execute(
             ^^^^^^^^^^^^^^^^^^^^^^^^^^^
    ...<3 lines>...
    )
    ^
  File "/Users/mehriddinmengturayev/Downloads/shopbot/.venv/lib/python3.13/site-packages/sqlalchemy/ext/asyncio/session.py", line 461, in execute
    result = await greenlet_spawn(
             ^^^^^^^^^^^^^^^^^^^^^
    ...<6 lines>...
    )
    ^
  File "/Users/mehriddinmengturayev/Downloads/shopbot/.venv/lib/python3.13/site-packages/sqlalchemy/util/_concurrency_py3k.py", line 201, in greenlet_spawn
    result = context.throw(*sys.exc_info())
  File "/Users/mehriddinmengturayev/Downloads/shopbot/.venv/lib/python3.13/site-packages/sqlalchemy/orm/session.py", line 2362, in execute
    return self._execute_internal(
           ~~~~~~~~~~~~~~~~~~~~~~^
        statement,
        ^^^^^^^^^^
    ...<4 lines>...
        _add_event=_add_event,
        ^^^^^^^^^^^^^^^^^^^^^^
    )
    ^
  File "/Users/mehriddinmengturayev/Downloads/shopbot/.venv/lib/python3.13/site-packages/sqlalchemy/orm/session.py", line 2247, in _execute_internal
    result: Result[Any] = compile_state_cls.orm_execute_statement(
                          ~~~~~~~~~~~~~~~~~~~~~~~~~~~~~~~~~~~~~~~^
        self,
        ^^^^^
    ...<4 lines>...
        conn,
        ^^^^^
    )
    ^
  File "/Users/mehriddinmengturayev/Downloads/shopbot/.venv/lib/python3.13/site-packages/sqlalchemy/orm/context.py", line 305, in orm_execute_statement
    result = conn.execute(
        statement, params or {}, execution_options=execution_options
    )
  File "/Users/mehriddinmengturayev/Downloads/shopbot/.venv/lib/python3.13/site-packages/sqlalchemy/engine/base.py", line 1418, in execute
    return meth(
        self,
        distilled_parameters,
        execution_options or NO_OPTIONS,
    )
  File "/Users/mehriddinmengturayev/Downloads/shopbot/.venv/lib/python3.13/site-packages/sqlalchemy/sql/elements.py", line 515, in _execute_on_connection
    return connection._execute_clauseelement(
           ~~~~~~~~~~~~~~~~~~~~~~~~~~~~~~~~~^
        self, distilled_params, execution_options
        ^^^^^^^^^^^^^^^^^^^^^^^^^^^^^^^^^^^^^^^^^
    )
    ^
  File "/Users/mehriddinmengturayev/Downloads/shopbot/.venv/lib/python3.13/site-packages/sqlalchemy/engine/base.py", line 1640, in _execute_clauseelement
    ret = self._execute_context(
        dialect,
    ...<8 lines>...
        cache_hit=cache_hit,
    )
  File "/Users/mehriddinmengturayev/Downloads/shopbot/.venv/lib/python3.13/site-packages/sqlalchemy/engine/base.py", line 1846, in _execute_context
    return self._exec_single_context(
           ~~~~~~~~~~~~~~~~~~~~~~~~~^
        dialect, context, statement, parameters
        ^^^^^^^^^^^^^^^^^^^^^^^^^^^^^^^^^^^^^^^
    )
    ^
  File "/Users/mehriddinmengturayev/Downloads/shopbot/.venv/lib/python3.13/site-packages/sqlalchemy/engine/base.py", line 1986, in _exec_single_context
    self._handle_dbapi_exception(
    ~~~~~~~~~~~~~~~~~~~~~~~~~~~~^
        e, str_statement, effective_parameters, cursor, context
        ^^^^^^^^^^^^^^^^^^^^^^^^^^^^^^^^^^^^^^^^^^^^^^^^^^^^^^^
    )
    ^
  File "/Users/mehriddinmengturayev/Downloads/shopbot/.venv/lib/python3.13/site-packages/sqlalchemy/engine/base.py", line 2355, in _handle_dbapi_exception
    raise sqlalchemy_exception.with_traceback(exc_info[2]) from e
  File "/Users/mehriddinmengturayev/Downloads/shopbot/.venv/lib/python3.13/site-packages/sqlalchemy/engine/base.py", line 1967, in _exec_single_context
    self.dialect.do_execute(
    ~~~~~~~~~~~~~~~~~~~~~~~^
        cursor, str_statement, effective_parameters, context
        ^^^^^^^^^^^^^^^^^^^^^^^^^^^^^^^^^^^^^^^^^^^^^^^^^^^^
    )
    ^
  File "/Users/mehriddinmengturayev/Downloads/shopbot/.venv/lib/python3.13/site-packages/sqlalchemy/engine/default.py", line 941, in do_execute
    cursor.execute(statement, parameters)
    ~~~~~~~~~~~~~~^^^^^^^^^^^^^^^^^^^^^^^
  File "/Users/mehriddinmengturayev/Downloads/shopbot/.venv/lib/python3.13/site-packages/sqlalchemy/dialects/sqlite/aiosqlite.py", line 147, in execute
    self._adapt_connection._handle_exception(error)
    ~~~~~~~~~~~~~~~~~~~~~~~~~~~~~~~~~~~~~~~~^^^^^^^
  File "/Users/mehriddinmengturayev/Downloads/shopbot/.venv/lib/python3.13/site-packages/sqlalchemy/dialects/sqlite/aiosqlite.py", line 298, in _handle_exception
    raise error
  File "/Users/mehriddinmengturayev/Downloads/shopbot/.venv/lib/python3.13/site-packages/sqlalchemy/dialects/sqlite/aiosqlite.py", line 129, in execute
    self.await_(_cursor.execute(operation, parameters))
    ~~~~~~~~~~~^^^^^^^^^^^^^^^^^^^^^^^^^^^^^^^^^^^^^^^^
  File "/Users/mehriddinmengturayev/Downloads/shopbot/.venv/lib/python3.13/site-packages/sqlalchemy/util/_concurrency_py3k.py", line 132, in await_only
    return current.parent.switch(awaitable)  # type: ignore[no-any-return,attr-defined] # noqa: E501
           ~~~~~~~~~~~~~~~~~~~~~^^^^^^^^^^^
  File "/Users/mehriddinmengturayev/Downloads/shopbot/.venv/lib/python3.13/site-packages/sqlalchemy/util/_concurrency_py3k.py", line 196, in greenlet_spawn
    value = await result
            ^^^^^^^^^^^^
  File "/Users/mehriddinmengturayev/Downloads/shopbot/.venv/lib/python3.13/site-packages/aiosqlite/cursor.py", line 48, in execute
    await self._execute(self._cursor.execute, sql, parameters)
  File "/Users/mehriddinmengturayev/Downloads/shopbot/.venv/lib/python3.13/site-packages/aiosqlite/cursor.py", line 40, in _execute
    return await self._conn._execute(fn, *args, **kwargs)
           ^^^^^^^^^^^^^^^^^^^^^^^^^^^^^^^^^^^^^^^^^^^^^^
  File "/Users/mehriddinmengturayev/Downloads/shopbot/.venv/lib/python3.13/site-packages/aiosqlite/core.py", line 132, in _execute
    return await future
           ^^^^^^^^^^^^
  File "/Users/mehriddinmengturayev/Downloads/shopbot/.venv/lib/python3.13/site-packages/aiosqlite/core.py", line 115, in run
    result = function()
sqlalchemy.exc.OperationalError: (sqlite3.OperationalError) no such column: orders.payment_method
[SQL: SELECT orders.id, orders.order_uuid, orders.user_id, orders.product_id, orders.price_at_purchase, orders.currency, orders.status, orders.payment_method, orders.crypto_provider, orders.crypto_invoice_id, orders.crypto_pay_url, orders.decided_by_admin_id, orders.decided_at, orders.rejection_reason, orders.delivered_payload, orders.delivered_at, orders.created_at, orders.updated_at 
FROM orders 
WHERE orders.status = ?]
[parameters: ('AWAITING_CRYPTO_PAYMENT',)]
(Background on this error at: https://sqlalche.me/e/20/e3q8)
2026-07-30 20:44:58,295 | ERROR    | providers | Crypto poller iteration failed
Traceback (most recent call last):
  File "/Users/mehriddinmengturayev/Downloads/shopbot/.venv/lib/python3.13/site-packages/sqlalchemy/engine/base.py", line 1967, in _exec_single_context
    self.dialect.do_execute(
    ~~~~~~~~~~~~~~~~~~~~~~~^
        cursor, str_statement, effective_parameters, context
        ^^^^^^^^^^^^^^^^^^^^^^^^^^^^^^^^^^^^^^^^^^^^^^^^^^^^
    )
    ^
  File "/Users/mehriddinmengturayev/Downloads/shopbot/.venv/lib/python3.13/site-packages/sqlalchemy/engine/default.py", line 941, in do_execute
    cursor.execute(statement, parameters)
    ~~~~~~~~~~~~~~^^^^^^^^^^^^^^^^^^^^^^^
  File "/Users/mehriddinmengturayev/Downloads/shopbot/.venv/lib/python3.13/site-packages/sqlalchemy/dialects/sqlite/aiosqlite.py", line 147, in execute
    self._adapt_connection._handle_exception(error)
    ~~~~~~~~~~~~~~~~~~~~~~~~~~~~~~~~~~~~~~~~^^^^^^^
  File "/Users/mehriddinmengturayev/Downloads/shopbot/.venv/lib/python3.13/site-packages/sqlalchemy/dialects/sqlite/aiosqlite.py", line 298, in _handle_exception
    raise error
  File "/Users/mehriddinmengturayev/Downloads/shopbot/.venv/lib/python3.13/site-packages/sqlalchemy/dialects/sqlite/aiosqlite.py", line 129, in execute
    self.await_(_cursor.execute(operation, parameters))
    ~~~~~~~~~~~^^^^^^^^^^^^^^^^^^^^^^^^^^^^^^^^^^^^^^^^
  File "/Users/mehriddinmengturayev/Downloads/shopbot/.venv/lib/python3.13/site-packages/sqlalchemy/util/_concurrency_py3k.py", line 132, in await_only
    return current.parent.switch(awaitable)  # type: ignore[no-any-return,attr-defined] # noqa: E501
           ~~~~~~~~~~~~~~~~~~~~~^^^^^^^^^^^
  File "/Users/mehriddinmengturayev/Downloads/shopbot/.venv/lib/python3.13/site-packages/sqlalchemy/util/_concurrency_py3k.py", line 196, in greenlet_spawn
    value = await result
            ^^^^^^^^^^^^
  File "/Users/mehriddinmengturayev/Downloads/shopbot/.venv/lib/python3.13/site-packages/aiosqlite/cursor.py", line 48, in execute
    await self._execute(self._cursor.execute, sql, parameters)
  File "/Users/mehriddinmengturayev/Downloads/shopbot/.venv/lib/python3.13/site-packages/aiosqlite/cursor.py", line 40, in _execute
    return await self._conn._execute(fn, *args, **kwargs)
           ^^^^^^^^^^^^^^^^^^^^^^^^^^^^^^^^^^^^^^^^^^^^^^
  File "/Users/mehriddinmengturayev/Downloads/shopbot/.venv/lib/python3.13/site-packages/aiosqlite/core.py", line 132, in _execute
    return await future
           ^^^^^^^^^^^^
  File "/Users/mehriddinmengturayev/Downloads/shopbot/.venv/lib/python3.13/site-packages/aiosqlite/core.py", line 115, in run
    result = function()
sqlite3.OperationalError: no such column: orders.payment_method

The above exception was the direct cause of the following exception:

Traceback (most recent call last):
  File "/Users/mehriddinmengturayev/Downloads/shopbot/app/services/crypto_poller.py", line 33, in crypto_poller_loop
    await _poll_once(bot)
  File "/Users/mehriddinmengturayev/Downloads/shopbot/app/services/crypto_poller.py", line 44, in _poll_once
    pending = await orders_repo.list_awaiting_crypto_payment()
              ^^^^^^^^^^^^^^^^^^^^^^^^^^^^^^^^^^^^^^^^^^^^^^^^
  File "/Users/mehriddinmengturayev/Downloads/shopbot/app/repositories/order_repo.py", line 47, in list_awaiting_crypto_payment
    result = await self.session.execute(
             ^^^^^^^^^^^^^^^^^^^^^^^^^^^
    ...<3 lines>...
    )
    ^
  File "/Users/mehriddinmengturayev/Downloads/shopbot/.venv/lib/python3.13/site-packages/sqlalchemy/ext/asyncio/session.py", line 461, in execute
    result = await greenlet_spawn(
             ^^^^^^^^^^^^^^^^^^^^^
    ...<6 lines>...
    )
    ^
  File "/Users/mehriddinmengturayev/Downloads/shopbot/.venv/lib/python3.13/site-packages/sqlalchemy/util/_concurrency_py3k.py", line 201, in greenlet_spawn
    result = context.throw(*sys.exc_info())
  File "/Users/mehriddinmengturayev/Downloads/shopbot/.venv/lib/python3.13/site-packages/sqlalchemy/orm/session.py", line 2362, in execute
    return self._execute_internal(
           ~~~~~~~~~~~~~~~~~~~~~~^
        statement,
        ^^^^^^^^^^
    ...<4 lines>...
        _add_event=_add_event,
        ^^^^^^^^^^^^^^^^^^^^^^
    )
    ^
  File "/Users/mehriddinmengturayev/Downloads/shopbot/.venv/lib/python3.13/site-packages/sqlalchemy/orm/session.py", line 2247, in _execute_internal
    result: Result[Any] = compile_state_cls.orm_execute_statement(
                          ~~~~~~~~~~~~~~~~~~~~~~~~~~~~~~~~~~~~~~~^
        self,
        ^^^^^
    ...<4 lines>...
        conn,
        ^^^^^
    )
    ^
  File "/Users/mehriddinmengturayev/Downloads/shopbot/.venv/lib/python3.13/site-packages/sqlalchemy/orm/context.py", line 305, in orm_execute_statement
    result = conn.execute(
        statement, params or {}, execution_options=execution_options
    )
  File "/Users/mehriddinmengturayev/Downloads/shopbot/.venv/lib/python3.13/site-packages/sqlalchemy/engine/base.py", line 1418, in execute
    return meth(
        self,
        distilled_parameters,
        execution_options or NO_OPTIONS,
    )
  File "/Users/mehriddinmengturayev/Downloads/shopbot/.venv/lib/python3.13/site-packages/sqlalchemy/sql/elements.py", line 515, in _execute_on_connection
    return connection._execute_clauseelement(
           ~~~~~~~~~~~~~~~~~~~~~~~~~~~~~~~~~^
        self, distilled_params, execution_options
        ^^^^^^^^^^^^^^^^^^^^^^^^^^^^^^^^^^^^^^^^^
    )
    ^
  File "/Users/mehriddinmengturayev/Downloads/shopbot/.venv/lib/python3.13/site-packages/sqlalchemy/engine/base.py", line 1640, in _execute_clauseelement
    ret = self._execute_context(
        dialect,
    ...<8 lines>...
        cache_hit=cache_hit,
    )
  File "/Users/mehriddinmengturayev/Downloads/shopbot/.venv/lib/python3.13/site-packages/sqlalchemy/engine/base.py", line 1846, in _execute_context
    return self._exec_single_context(
           ~~~~~~~~~~~~~~~~~~~~~~~~~^
        dialect, context, statement, parameters
        ^^^^^^^^^^^^^^^^^^^^^^^^^^^^^^^^^^^^^^^
    )
    ^
  File "/Users/mehriddinmengturayev/Downloads/shopbot/.venv/lib/python3.13/site-packages/sqlalchemy/engine/base.py", line 1986, in _exec_single_context
    self._handle_dbapi_exception(
    ~~~~~~~~~~~~~~~~~~~~~~~~~~~~^
        e, str_statement, effective_parameters, cursor, context
        ^^^^^^^^^^^^^^^^^^^^^^^^^^^^^^^^^^^^^^^^^^^^^^^^^^^^^^^
    )
    ^
  File "/Users/mehriddinmengturayev/Downloads/shopbot/.venv/lib/python3.13/site-packages/sqlalchemy/engine/base.py", line 2355, in _handle_dbapi_exception
    raise sqlalchemy_exception.with_traceback(exc_info[2]) from e
  File "/Users/mehriddinmengturayev/Downloads/shopbot/.venv/lib/python3.13/site-packages/sqlalchemy/engine/base.py", line 1967, in _exec_single_context
    self.dialect.do_execute(
    ~~~~~~~~~~~~~~~~~~~~~~~^
        cursor, str_statement, effective_parameters, context
        ^^^^^^^^^^^^^^^^^^^^^^^^^^^^^^^^^^^^^^^^^^^^^^^^^^^^
    )
    ^
  File "/Users/mehriddinmengturayev/Downloads/shopbot/.venv/lib/python3.13/site-packages/sqlalchemy/engine/default.py", line 941, in do_execute
    cursor.execute(statement, parameters)
    ~~~~~~~~~~~~~~^^^^^^^^^^^^^^^^^^^^^^^
  File "/Users/mehriddinmengturayev/Downloads/shopbot/.venv/lib/python3.13/site-packages/sqlalchemy/dialects/sqlite/aiosqlite.py", line 147, in execute
    self._adapt_connection._handle_exception(error)
    ~~~~~~~~~~~~~~~~~~~~~~~~~~~~~~~~~~~~~~~~^^^^^^^
  File "/Users/mehriddinmengturayev/Downloads/shopbot/.venv/lib/python3.13/site-packages/sqlalchemy/dialects/sqlite/aiosqlite.py", line 298, in _handle_exception
    raise error
  File "/Users/mehriddinmengturayev/Downloads/shopbot/.venv/lib/python3.13/site-packages/sqlalchemy/dialects/sqlite/aiosqlite.py", line 129, in execute
    self.await_(_cursor.execute(operation, parameters))
    ~~~~~~~~~~~^^^^^^^^^^^^^^^^^^^^^^^^^^^^^^^^^^^^^^^^
  File "/Users/mehriddinmengturayev/Downloads/shopbot/.venv/lib/python3.13/site-packages/sqlalchemy/util/_concurrency_py3k.py", line 132, in await_only
    return current.parent.switch(awaitable)  # type: ignore[no-any-return,attr-defined] # noqa: E501
           ~~~~~~~~~~~~~~~~~~~~~^^^^^^^^^^^
  File "/Users/mehriddinmengturayev/Downloads/shopbot/.venv/lib/python3.13/site-packages/sqlalchemy/util/_concurrency_py3k.py", line 196, in greenlet_spawn
    value = await result
            ^^^^^^^^^^^^
  File "/Users/mehriddinmengturayev/Downloads/shopbot/.venv/lib/python3.13/site-packages/aiosqlite/cursor.py", line 48, in execute
    await self._execute(self._cursor.execute, sql, parameters)
  File "/Users/mehriddinmengturayev/Downloads/shopbot/.venv/lib/python3.13/site-packages/aiosqlite/cursor.py", line 40, in _execute
    return await self._conn._execute(fn, *args, **kwargs)
           ^^^^^^^^^^^^^^^^^^^^^^^^^^^^^^^^^^^^^^^^^^^^^^
  File "/Users/mehriddinmengturayev/Downloads/shopbot/.venv/lib/python3.13/site-packages/aiosqlite/core.py", line 132, in _execute
    return await future
           ^^^^^^^^^^^^
  File "/Users/mehriddinmengturayev/Downloads/shopbot/.venv/lib/python3.13/site-packages/aiosqlite/core.py", line 115, in run
    result = function()
sqlalchemy.exc.OperationalError: (sqlite3.OperationalError) no such column: orders.payment_method
[SQL: SELECT orders.id, orders.order_uuid, orders.user_id, orders.product_id, orders.price_at_purchase, orders.currency, orders.status, orders.payment_method, orders.crypto_provider, orders.crypto_invoice_id, orders.crypto_pay_url, orders.decided_by_admin_id, orders.decided_at, orders.rejection_reason, orders.delivered_payload, orders.delivered_at, orders.created_at, orders.updated_at 
FROM orders 
WHERE orders.status = ?]
[parameters: ('AWAITING_CRYPTO_PAYMENT',)]
(Background on this error at: https://sqlalche.me/e/20/e3q8)
2026-07-30 20:45:18,313 | ERROR    | providers | Crypto poller iteration failed
Traceback (most recent call last):
  File "/Users/mehriddinmengturayev/Downloads/shopbot/.venv/lib/python3.13/site-packages/sqlalchemy/engine/base.py", line 1967, in _exec_single_context
    self.dialect.do_execute(
    ~~~~~~~~~~~~~~~~~~~~~~~^
        cursor, str_statement, effective_parameters, context
        ^^^^^^^^^^^^^^^^^^^^^^^^^^^^^^^^^^^^^^^^^^^^^^^^^^^^
    )
    ^
  File "/Users/mehriddinmengturayev/Downloads/shopbot/.venv/lib/python3.13/site-packages/sqlalchemy/engine/default.py", line 941, in do_execute
    cursor.execute(statement, parameters)
    ~~~~~~~~~~~~~~^^^^^^^^^^^^^^^^^^^^^^^
  File "/Users/mehriddinmengturayev/Downloads/shopbot/.venv/lib/python3.13/site-packages/sqlalchemy/dialects/sqlite/aiosqlite.py", line 147, in execute
    self._adapt_connection._handle_exception(error)
    ~~~~~~~~~~~~~~~~~~~~~~~~~~~~~~~~~~~~~~~~^^^^^^^
  File "/Users/mehriddinmengturayev/Downloads/shopbot/.venv/lib/python3.13/site-packages/sqlalchemy/dialects/sqlite/aiosqlite.py", line 298, in _handle_exception
    raise error
  File "/Users/mehriddinmengturayev/Downloads/shopbot/.venv/lib/python3.13/site-packages/sqlalchemy/dialects/sqlite/aiosqlite.py", line 129, in execute
    self.await_(_cursor.execute(operation, parameters))
    ~~~~~~~~~~~^^^^^^^^^^^^^^^^^^^^^^^^^^^^^^^^^^^^^^^^
  File "/Users/mehriddinmengturayev/Downloads/shopbot/.venv/lib/python3.13/site-packages/sqlalchemy/util/_concurrency_py3k.py", line 132, in await_only
    return current.parent.switch(awaitable)  # type: ignore[no-any-return,attr-defined] # noqa: E501
           ~~~~~~~~~~~~~~~~~~~~~^^^^^^^^^^^
  File "/Users/mehriddinmengturayev/Downloads/shopbot/.venv/lib/python3.13/site-packages/sqlalchemy/util/_concurrency_py3k.py", line 196, in greenlet_spawn
    value = await result
            ^^^^^^^^^^^^
  File "/Users/mehriddinmengturayev/Downloads/shopbot/.venv/lib/python3.13/site-packages/aiosqlite/cursor.py", line 48, in execute
    await self._execute(self._cursor.execute, sql, parameters)
  File "/Users/mehriddinmengturayev/Downloads/shopbot/.venv/lib/python3.13/site-packages/aiosqlite/cursor.py", line 40, in _execute
    return await self._conn._execute(fn, *args, **kwargs)
           ^^^^^^^^^^^^^^^^^^^^^^^^^^^^^^^^^^^^^^^^^^^^^^
  File "/Users/mehriddinmengturayev/Downloads/shopbot/.venv/lib/python3.13/site-packages/aiosqlite/core.py", line 132, in _execute
    return await future
           ^^^^^^^^^^^^
  File "/Users/mehriddinmengturayev/Downloads/shopbot/.venv/lib/python3.13/site-packages/aiosqlite/core.py", line 115, in run
    result = function()
sqlite3.OperationalError: no such column: orders.payment_method

The above exception was the direct cause of the following exception:

Traceback (most recent call last):
  File "/Users/mehriddinmengturayev/Downloads/shopbot/app/services/crypto_poller.py", line 33, in crypto_poller_loop
    await _poll_once(bot)
  File "/Users/mehriddinmengturayev/Downloads/shopbot/app/services/crypto_poller.py", line 44, in _poll_once
    pending = await orders_repo.list_awaiting_crypto_payment()
              ^^^^^^^^^^^^^^^^^^^^^^^^^^^^^^^^^^^^^^^^^^^^^^^^
  File "/Users/mehriddinmengturayev/Downloads/shopbot/app/repositories/order_repo.py", line 47, in list_awaiting_crypto_payment
    result = await self.session.execute(
             ^^^^^^^^^^^^^^^^^^^^^^^^^^^
    ...<3 lines>...
    )
    ^
  File "/Users/mehriddinmengturayev/Downloads/shopbot/.venv/lib/python3.13/site-packages/sqlalchemy/ext/asyncio/session.py", line 461, in execute
    result = await greenlet_spawn(
             ^^^^^^^^^^^^^^^^^^^^^
    ...<6 lines>...
    )
    ^
  File "/Users/mehriddinmengturayev/Downloads/shopbot/.venv/lib/python3.13/site-packages/sqlalchemy/util/_concurrency_py3k.py", line 201, in greenlet_spawn
    result = context.throw(*sys.exc_info())
  File "/Users/mehriddinmengturayev/Downloads/shopbot/.venv/lib/python3.13/site-packages/sqlalchemy/orm/session.py", line 2362, in execute
    return self._execute_internal(
           ~~~~~~~~~~~~~~~~~~~~~~^
        statement,
        ^^^^^^^^^^
    ...<4 lines>...
        _add_event=_add_event,
        ^^^^^^^^^^^^^^^^^^^^^^
    )
    ^
  File "/Users/mehriddinmengturayev/Downloads/shopbot/.venv/lib/python3.13/site-packages/sqlalchemy/orm/session.py", line 2247, in _execute_internal
    result: Result[Any] = compile_state_cls.orm_execute_statement(
                          ~~~~~~~~~~~~~~~~~~~~~~~~~~~~~~~~~~~~~~~^
        self,
        ^^^^^
    ...<4 lines>...
        conn,
        ^^^^^
    )
    ^
  File "/Users/mehriddinmengturayev/Downloads/shopbot/.venv/lib/python3.13/site-packages/sqlalchemy/orm/context.py", line 305, in orm_execute_statement
    result = conn.execute(
        statement, params or {}, execution_options=execution_options
    )
  File "/Users/mehriddinmengturayev/Downloads/shopbot/.venv/lib/python3.13/site-packages/sqlalchemy/engine/base.py", line 1418, in execute
    return meth(
        self,
        distilled_parameters,
        execution_options or NO_OPTIONS,
    )
  File "/Users/mehriddinmengturayev/Downloads/shopbot/.venv/lib/python3.13/site-packages/sqlalchemy/sql/elements.py", line 515, in _execute_on_connection
    return connection._execute_clauseelement(
           ~~~~~~~~~~~~~~~~~~~~~~~~~~~~~~~~~^
        self, distilled_params, execution_options
        ^^^^^^^^^^^^^^^^^^^^^^^^^^^^^^^^^^^^^^^^^
    )
    ^
  File "/Users/mehriddinmengturayev/Downloads/shopbot/.venv/lib/python3.13/site-packages/sqlalchemy/engine/base.py", line 1640, in _execute_clauseelement
    ret = self._execute_context(
        dialect,
    ...<8 lines>...
        cache_hit=cache_hit,
    )
  File "/Users/mehriddinmengturayev/Downloads/shopbot/.venv/lib/python3.13/site-packages/sqlalchemy/engine/base.py", line 1846, in _execute_context
    return self._exec_single_context(
           ~~~~~~~~~~~~~~~~~~~~~~~~~^
        dialect, context, statement, parameters
        ^^^^^^^^^^^^^^^^^^^^^^^^^^^^^^^^^^^^^^^
    )
    ^
  File "/Users/mehriddinmengturayev/Downloads/shopbot/.venv/lib/python3.13/site-packages/sqlalchemy/engine/base.py", line 1986, in _exec_single_context
    self._handle_dbapi_exception(
    ~~~~~~~~~~~~~~~~~~~~~~~~~~~~^
        e, str_statement, effective_parameters, cursor, context
        ^^^^^^^^^^^^^^^^^^^^^^^^^^^^^^^^^^^^^^^^^^^^^^^^^^^^^^^
    )
    ^
  File "/Users/mehriddinmengturayev/Downloads/shopbot/.venv/lib/python3.13/site-packages/sqlalchemy/engine/base.py", line 2355, in _handle_dbapi_exception
    raise sqlalchemy_exception.with_traceback(exc_info[2]) from e
  File "/Users/mehriddinmengturayev/Downloads/shopbot/.venv/lib/python3.13/site-packages/sqlalchemy/engine/base.py", line 1967, in _exec_single_context
    self.dialect.do_execute(
    ~~~~~~~~~~~~~~~~~~~~~~~^
        cursor, str_statement, effective_parameters, context
        ^^^^^^^^^^^^^^^^^^^^^^^^^^^^^^^^^^^^^^^^^^^^^^^^^^^^
    )
    ^
  File "/Users/mehriddinmengturayev/Downloads/shopbot/.venv/lib/python3.13/site-packages/sqlalchemy/engine/default.py", line 941, in do_execute
    cursor.execute(statement, parameters)
    ~~~~~~~~~~~~~~^^^^^^^^^^^^^^^^^^^^^^^
  File "/Users/mehriddinmengturayev/Downloads/shopbot/.venv/lib/python3.13/site-packages/sqlalchemy/dialects/sqlite/aiosqlite.py", line 147, in execute
    self._adapt_connection._handle_exception(error)
    ~~~~~~~~~~~~~~~~~~~~~~~~~~~~~~~~~~~~~~~~^^^^^^^
  File "/Users/mehriddinmengturayev/Downloads/shopbot/.venv/lib/python3.13/site-packages/sqlalchemy/dialects/sqlite/aiosqlite.py", line 298, in _handle_exception
    raise error
  File "/Users/mehriddinmengturayev/Downloads/shopbot/.venv/lib/python3.13/site-packages/sqlalchemy/dialects/sqlite/aiosqlite.py", line 129, in execute
    self.await_(_cursor.execute(operation, parameters))
    ~~~~~~~~~~~^^^^^^^^^^^^^^^^^^^^^^^^^^^^^^^^^^^^^^^^
  File "/Users/mehriddinmengturayev/Downloads/shopbot/.venv/lib/python3.13/site-packages/sqlalchemy/util/_concurrency_py3k.py", line 132, in await_only
    return current.parent.switch(awaitable)  # type: ignore[no-any-return,attr-defined] # noqa: E501
           ~~~~~~~~~~~~~~~~~~~~~^^^^^^^^^^^
  File "/Users/mehriddinmengturayev/Downloads/shopbot/.venv/lib/python3.13/site-packages/sqlalchemy/util/_concurrency_py3k.py", line 196, in greenlet_spawn
    value = await result
            ^^^^^^^^^^^^
  File "/Users/mehriddinmengturayev/Downloads/shopbot/.venv/lib/python3.13/site-packages/aiosqlite/cursor.py", line 48, in execute
    await self._execute(self._cursor.execute, sql, parameters)
  File "/Users/mehriddinmengturayev/Downloads/shopbot/.venv/lib/python3.13/site-packages/aiosqlite/cursor.py", line 40, in _execute
    return await self._conn._execute(fn, *args, **kwargs)
           ^^^^^^^^^^^^^^^^^^^^^^^^^^^^^^^^^^^^^^^^^^^^^^
  File "/Users/mehriddinmengturayev/Downloads/shopbot/.venv/lib/python3.13/site-packages/aiosqlite/core.py", line 132, in _execute
    return await future
           ^^^^^^^^^^^^
  File "/Users/mehriddinmengturayev/Downloads/shopbot/.venv/lib/python3.13/site-packages/aiosqlite/core.py", line 115, in run
    result = function()
sqlalchemy.exc.OperationalError: (sqlite3.OperationalError) no such column: orders.payment_method
[SQL: SELECT orders.id, orders.order_uuid, orders.user_id, orders.product_id, orders.price_at_purchase, orders.currency, orders.status, orders.payment_method, orders.crypto_provider, orders.crypto_invoice_id, orders.crypto_pay_url, orders.decided_by_admin_id, orders.decided_at, orders.rejection_reason, orders.delivered_payload, orders.delivered_at, orders.created_at, orders.updated_at 
FROM orders 
WHERE orders.status = ?]
[parameters: ('AWAITING_CRYPTO_PAYMENT',)]
(Background on this error at: https://sqlalche.me/e/20/e3q8)
2026-07-30 20:45:38,328 | ERROR    | providers | Crypto poller iteration failed
Traceback (most recent call last):
  File "/Users/mehriddinmengturayev/Downloads/shopbot/.venv/lib/python3.13/site-packages/sqlalchemy/engine/base.py", line 1967, in _exec_single_context
    self.dialect.do_execute(
    ~~~~~~~~~~~~~~~~~~~~~~~^
        cursor, str_statement, effective_parameters, context
        ^^^^^^^^^^^^^^^^^^^^^^^^^^^^^^^^^^^^^^^^^^^^^^^^^^^^
    )
    ^
  File "/Users/mehriddinmengturayev/Downloads/shopbot/.venv/lib/python3.13/site-packages/sqlalchemy/engine/default.py", line 941, in do_execute
    cursor.execute(statement, parameters)
    ~~~~~~~~~~~~~~^^^^^^^^^^^^^^^^^^^^^^^
  File "/Users/mehriddinmengturayev/Downloads/shopbot/.venv/lib/python3.13/site-packages/sqlalchemy/dialects/sqlite/aiosqlite.py", line 147, in execute
    self._adapt_connection._handle_exception(error)
    ~~~~~~~~~~~~~~~~~~~~~~~~~~~~~~~~~~~~~~~~^^^^^^^
  File "/Users/mehriddinmengturayev/Downloads/shopbot/.venv/lib/python3.13/site-packages/sqlalchemy/dialects/sqlite/aiosqlite.py", line 298, in _handle_exception
    raise error
  File "/Users/mehriddinmengturayev/Downloads/shopbot/.venv/lib/python3.13/site-packages/sqlalchemy/dialects/sqlite/aiosqlite.py", line 129, in execute
    self.await_(_cursor.execute(operation, parameters))
    ~~~~~~~~~~~^^^^^^^^^^^^^^^^^^^^^^^^^^^^^^^^^^^^^^^^
  File "/Users/mehriddinmengturayev/Downloads/shopbot/.venv/lib/python3.13/site-packages/sqlalchemy/util/_concurrency_py3k.py", line 132, in await_only
    return current.parent.switch(awaitable)  # type: ignore[no-any-return,attr-defined] # noqa: E501
           ~~~~~~~~~~~~~~~~~~~~~^^^^^^^^^^^
  File "/Users/mehriddinmengturayev/Downloads/shopbot/.venv/lib/python3.13/site-packages/sqlalchemy/util/_concurrency_py3k.py", line 196, in greenlet_spawn
    value = await result
            ^^^^^^^^^^^^
  File "/Users/mehriddinmengturayev/Downloads/shopbot/.venv/lib/python3.13/site-packages/aiosqlite/cursor.py", line 48, in execute
    await self._execute(self._cursor.execute, sql, parameters)
  File "/Users/mehriddinmengturayev/Downloads/shopbot/.venv/lib/python3.13/site-packages/aiosqlite/cursor.py", line 40, in _execute
    return await self._conn._execute(fn, *args, **kwargs)
           ^^^^^^^^^^^^^^^^^^^^^^^^^^^^^^^^^^^^^^^^^^^^^^
  File "/Users/mehriddinmengturayev/Downloads/shopbot/.venv/lib/python3.13/site-packages/aiosqlite/core.py", line 132, in _execute
    return await future
           ^^^^^^^^^^^^
  File "/Users/mehriddinmengturayev/Downloads/shopbot/.venv/lib/python3.13/site-packages/aiosqlite/core.py", line 115, in run
    result = function()
sqlite3.OperationalError: no such column: orders.payment_method

The above exception was the direct cause of the following exception:

Traceback (most recent call last):
  File "/Users/mehriddinmengturayev/Downloads/shopbot/app/services/crypto_poller.py", line 33, in crypto_poller_loop
    await _poll_once(bot)
  File "/Users/mehriddinmengturayev/Downloads/shopbot/app/services/crypto_poller.py", line 44, in _poll_once
    pending = await orders_repo.list_awaiting_crypto_payment()
              ^^^^^^^^^^^^^^^^^^^^^^^^^^^^^^^^^^^^^^^^^^^^^^^^
  File "/Users/mehriddinmengturayev/Downloads/shopbot/app/repositories/order_repo.py", line 47, in list_awaiting_crypto_payment
    result = await self.session.execute(
             ^^^^^^^^^^^^^^^^^^^^^^^^^^^
    ...<3 lines>...
    )
    ^
  File "/Users/mehriddinmengturayev/Downloads/shopbot/.venv/lib/python3.13/site-packages/sqlalchemy/ext/asyncio/session.py", line 461, in execute
    result = await greenlet_spawn(
             ^^^^^^^^^^^^^^^^^^^^^
    ...<6 lines>...
    )
    ^
  File "/Users/mehriddinmengturayev/Downloads/shopbot/.venv/lib/python3.13/site-packages/sqlalchemy/util/_concurrency_py3k.py", line 201, in greenlet_spawn
    result = context.throw(*sys.exc_info())
  File "/Users/mehriddinmengturayev/Downloads/shopbot/.venv/lib/python3.13/site-packages/sqlalchemy/orm/session.py", line 2362, in execute
    return self._execute_internal(
           ~~~~~~~~~~~~~~~~~~~~~~^
        statement,
        ^^^^^^^^^^
    ...<4 lines>...
        _add_event=_add_event,
        ^^^^^^^^^^^^^^^^^^^^^^
    )
    ^
  File "/Users/mehriddinmengturayev/Downloads/shopbot/.venv/lib/python3.13/site-packages/sqlalchemy/orm/session.py", line 2247, in _execute_internal
    result: Result[Any] = compile_state_cls.orm_execute_statement(
                          ~~~~~~~~~~~~~~~~~~~~~~~~~~~~~~~~~~~~~~~^
        self,
        ^^^^^
    ...<4 lines>...
        conn,
        ^^^^^
    )
    ^
  File "/Users/mehriddinmengturayev/Downloads/shopbot/.venv/lib/python3.13/site-packages/sqlalchemy/orm/context.py", line 305, in orm_execute_statement
    result = conn.execute(
        statement, params or {}, execution_options=execution_options
    )
  File "/Users/mehriddinmengturayev/Downloads/shopbot/.venv/lib/python3.13/site-packages/sqlalchemy/engine/base.py", line 1418, in execute
    return meth(
        self,
        distilled_parameters,
        execution_options or NO_OPTIONS,
    )
  File "/Users/mehriddinmengturayev/Downloads/shopbot/.venv/lib/python3.13/site-packages/sqlalchemy/sql/elements.py", line 515, in _execute_on_connection
    return connection._execute_clauseelement(
           ~~~~~~~~~~~~~~~~~~~~~~~~~~~~~~~~~^
        self, distilled_params, execution_options
        ^^^^^^^^^^^^^^^^^^^^^^^^^^^^^^^^^^^^^^^^^
    )
    ^
  File "/Users/mehriddinmengturayev/Downloads/shopbot/.venv/lib/python3.13/site-packages/sqlalchemy/engine/base.py", line 1640, in _execute_clauseelement
    ret = self._execute_context(
        dialect,
    ...<8 lines>...
        cache_hit=cache_hit,
    )
  File "/Users/mehriddinmengturayev/Downloads/shopbot/.venv/lib/python3.13/site-packages/sqlalchemy/engine/base.py", line 1846, in _execute_context
    return self._exec_single_context(
           ~~~~~~~~~~~~~~~~~~~~~~~~~^
        dialect, context, statement, parameters
        ^^^^^^^^^^^^^^^^^^^^^^^^^^^^^^^^^^^^^^^
    )
    ^
  File "/Users/mehriddinmengturayev/Downloads/shopbot/.venv/lib/python3.13/site-packages/sqlalchemy/engine/base.py", line 1986, in _exec_single_context
    self._handle_dbapi_exception(
    ~~~~~~~~~~~~~~~~~~~~~~~~~~~~^
        e, str_statement, effective_parameters, cursor, context
        ^^^^^^^^^^^^^^^^^^^^^^^^^^^^^^^^^^^^^^^^^^^^^^^^^^^^^^^
    )
    ^
  File "/Users/mehriddinmengturayev/Downloads/shopbot/.venv/lib/python3.13/site-packages/sqlalchemy/engine/base.py", line 2355, in _handle_dbapi_exception
    raise sqlalchemy_exception.with_traceback(exc_info[2]) from e
  File "/Users/mehriddinmengturayev/Downloads/shopbot/.venv/lib/python3.13/site-packages/sqlalchemy/engine/base.py", line 1967, in _exec_single_context
    self.dialect.do_execute(
    ~~~~~~~~~~~~~~~~~~~~~~~^
        cursor, str_statement, effective_parameters, context
        ^^^^^^^^^^^^^^^^^^^^^^^^^^^^^^^^^^^^^^^^^^^^^^^^^^^^
    )
    ^
  File "/Users/mehriddinmengturayev/Downloads/shopbot/.venv/lib/python3.13/site-packages/sqlalchemy/engine/default.py", line 941, in do_execute
    cursor.execute(statement, parameters)
    ~~~~~~~~~~~~~~^^^^^^^^^^^^^^^^^^^^^^^
  File "/Users/mehriddinmengturayev/Downloads/shopbot/.venv/lib/python3.13/site-packages/sqlalchemy/dialects/sqlite/aiosqlite.py", line 147, in execute
    self._adapt_connection._handle_exception(error)
    ~~~~~~~~~~~~~~~~~~~~~~~~~~~~~~~~~~~~~~~~^^^^^^^
  File "/Users/mehriddinmengturayev/Downloads/shopbot/.venv/lib/python3.13/site-packages/sqlalchemy/dialects/sqlite/aiosqlite.py", line 298, in _handle_exception
    raise error
  File "/Users/mehriddinmengturayev/Downloads/shopbot/.venv/lib/python3.13/site-packages/sqlalchemy/dialects/sqlite/aiosqlite.py", line 129, in execute
    self.await_(_cursor.execute(operation, parameters))
    ~~~~~~~~~~~^^^^^^^^^^^^^^^^^^^^^^^^^^^^^^^^^^^^^^^^
  File "/Users/mehriddinmengturayev/Downloads/shopbot/.venv/lib/python3.13/site-packages/sqlalchemy/util/_concurrency_py3k.py", line 132, in await_only
    return current.parent.switch(awaitable)  # type: ignore[no-any-return,attr-defined] # noqa: E501
           ~~~~~~~~~~~~~~~~~~~~~^^^^^^^^^^^
  File "/Users/mehriddinmengturayev/Downloads/shopbot/.venv/lib/python3.13/site-packages/sqlalchemy/util/_concurrency_py3k.py", line 196, in greenlet_spawn
    value = await result
            ^^^^^^^^^^^^
  File "/Users/mehriddinmengturayev/Downloads/shopbot/.venv/lib/python3.13/site-packages/aiosqlite/cursor.py", line 48, in execute
    await self._execute(self._cursor.execute, sql, parameters)
  File "/Users/mehriddinmengturayev/Downloads/shopbot/.venv/lib/python3.13/site-packages/aiosqlite/cursor.py", line 40, in _execute
    return await self._conn._execute(fn, *args, **kwargs)
           ^^^^^^^^^^^^^^^^^^^^^^^^^^^^^^^^^^^^^^^^^^^^^^
  File "/Users/mehriddinmengturayev/Downloads/shopbot/.venv/lib/python3.13/site-packages/aiosqlite/core.py", line 132, in _execute
    return await future
           ^^^^^^^^^^^^
  File "/Users/mehriddinmengturayev/Downloads/shopbot/.venv/lib/python3.13/site-packages/aiosqlite/core.py", line 115, in run
    result = function()
sqlalchemy.exc.OperationalError: (sqlite3.OperationalError) no such column: orders.payment_method
[SQL: SELECT orders.id, orders.order_uuid, orders.user_id, orders.product_id, orders.price_at_purchase, orders.currency, orders.status, orders.payment_method, orders.crypto_provider, orders.crypto_invoice_id, orders.crypto_pay_url, orders.decided_by_admin_id, orders.decided_at, orders.rejection_reason, orders.delivered_payload, orders.delivered_at, orders.created_at, orders.updated_at 
FROM orders 
WHERE orders.status = ?]
[parameters: ('AWAITING_CRYPTO_PAYMENT',)]
(Background on this error at: https://sqlalche.me/e/20/e3q8)
2026-07-30 20:45:58,346 | ERROR    | providers | Crypto poller iteration failed
Traceback (most recent call last):
  File "/Users/mehriddinmengturayev/Downloads/shopbot/.venv/lib/python3.13/site-packages/sqlalchemy/engine/base.py", line 1967, in _exec_single_context
    self.dialect.do_execute(
    ~~~~~~~~~~~~~~~~~~~~~~~^
        cursor, str_statement, effective_parameters, context
        ^^^^^^^^^^^^^^^^^^^^^^^^^^^^^^^^^^^^^^^^^^^^^^^^^^^^
    )
    ^
  File "/Users/mehriddinmengturayev/Downloads/shopbot/.venv/lib/python3.13/site-packages/sqlalchemy/engine/default.py", line 941, in do_execute
    cursor.execute(statement, parameters)
    ~~~~~~~~~~~~~~^^^^^^^^^^^^^^^^^^^^^^^
  File "/Users/mehriddinmengturayev/Downloads/shopbot/.venv/lib/python3.13/site-packages/sqlalchemy/dialects/sqlite/aiosqlite.py", line 147, in execute
    self._adapt_connection._handle_exception(error)
    ~~~~~~~~~~~~~~~~~~~~~~~~~~~~~~~~~~~~~~~~^^^^^^^
  File "/Users/mehriddinmengturayev/Downloads/shopbot/.venv/lib/python3.13/site-packages/sqlalchemy/dialects/sqlite/aiosqlite.py", line 298, in _handle_exception
    raise error
  File "/Users/mehriddinmengturayev/Downloads/shopbot/.venv/lib/python3.13/site-packages/sqlalchemy/dialects/sqlite/aiosqlite.py", line 129, in execute
    self.await_(_cursor.execute(operation, parameters))
    ~~~~~~~~~~~^^^^^^^^^^^^^^^^^^^^^^^^^^^^^^^^^^^^^^^^
  File "/Users/mehriddinmengturayev/Downloads/shopbot/.venv/lib/python3.13/site-packages/sqlalchemy/util/_concurrency_py3k.py", line 132, in await_only
    return current.parent.switch(awaitable)  # type: ignore[no-any-return,attr-defined] # noqa: E501
           ~~~~~~~~~~~~~~~~~~~~~^^^^^^^^^^^
  File "/Users/mehriddinmengturayev/Downloads/shopbot/.venv/lib/python3.13/site-packages/sqlalchemy/util/_concurrency_py3k.py", line 196, in greenlet_spawn
    value = await result
            ^^^^^^^^^^^^
  File "/Users/mehriddinmengturayev/Downloads/shopbot/.venv/lib/python3.13/site-packages/aiosqlite/cursor.py", line 48, in execute
    await self._execute(self._cursor.execute, sql, parameters)
  File "/Users/mehriddinmengturayev/Downloads/shopbot/.venv/lib/python3.13/site-packages/aiosqlite/cursor.py", line 40, in _execute
    return await self._conn._execute(fn, *args, **kwargs)
           ^^^^^^^^^^^^^^^^^^^^^^^^^^^^^^^^^^^^^^^^^^^^^^
  File "/Users/mehriddinmengturayev/Downloads/shopbot/.venv/lib/python3.13/site-packages/aiosqlite/core.py", line 132, in _execute
    return await future
           ^^^^^^^^^^^^
  File "/Users/mehriddinmengturayev/Downloads/shopbot/.venv/lib/python3.13/site-packages/aiosqlite/core.py", line 115, in run
    result = function()
sqlite3.OperationalError: no such column: orders.payment_method

The above exception was the direct cause of the following exception:

Traceback (most recent call last):
  File "/Users/mehriddinmengturayev/Downloads/shopbot/app/services/crypto_poller.py", line 33, in crypto_poller_loop
    await _poll_once(bot)
  File "/Users/mehriddinmengturayev/Downloads/shopbot/app/services/crypto_poller.py", line 44, in _poll_once
    pending = await orders_repo.list_awaiting_crypto_payment()
              ^^^^^^^^^^^^^^^^^^^^^^^^^^^^^^^^^^^^^^^^^^^^^^^^
  File "/Users/mehriddinmengturayev/Downloads/shopbot/app/repositories/order_repo.py", line 47, in list_awaiting_crypto_payment
    result = await self.session.execute(
             ^^^^^^^^^^^^^^^^^^^^^^^^^^^
    ...<3 lines>...
    )
    ^
  File "/Users/mehriddinmengturayev/Downloads/shopbot/.venv/lib/python3.13/site-packages/sqlalchemy/ext/asyncio/session.py", line 461, in execute
    result = await greenlet_spawn(
             ^^^^^^^^^^^^^^^^^^^^^
    ...<6 lines>...
    )
    ^
  File "/Users/mehriddinmengturayev/Downloads/shopbot/.venv/lib/python3.13/site-packages/sqlalchemy/util/_concurrency_py3k.py", line 201, in greenlet_spawn
    result = context.throw(*sys.exc_info())
  File "/Users/mehriddinmengturayev/Downloads/shopbot/.venv/lib/python3.13/site-packages/sqlalchemy/orm/session.py", line 2362, in execute
    return self._execute_internal(
           ~~~~~~~~~~~~~~~~~~~~~~^
        statement,
        ^^^^^^^^^^
    ...<4 lines>...
        _add_event=_add_event,
        ^^^^^^^^^^^^^^^^^^^^^^
    )
    ^
  File "/Users/mehriddinmengturayev/Downloads/shopbot/.venv/lib/python3.13/site-packages/sqlalchemy/orm/session.py", line 2247, in _execute_internal
    result: Result[Any] = compile_state_cls.orm_execute_statement(
                          ~~~~~~~~~~~~~~~~~~~~~~~~~~~~~~~~~~~~~~~^
        self,
        ^^^^^
    ...<4 lines>...
        conn,
        ^^^^^
    )
    ^
  File "/Users/mehriddinmengturayev/Downloads/shopbot/.venv/lib/python3.13/site-packages/sqlalchemy/orm/context.py", line 305, in orm_execute_statement
    result = conn.execute(
        statement, params or {}, execution_options=execution_options
    )
  File "/Users/mehriddinmengturayev/Downloads/shopbot/.venv/lib/python3.13/site-packages/sqlalchemy/engine/base.py", line 1418, in execute
    return meth(
        self,
        distilled_parameters,
        execution_options or NO_OPTIONS,
    )
  File "/Users/mehriddinmengturayev/Downloads/shopbot/.venv/lib/python3.13/site-packages/sqlalchemy/sql/elements.py", line 515, in _execute_on_connection
    return connection._execute_clauseelement(
           ~~~~~~~~~~~~~~~~~~~~~~~~~~~~~~~~~^
        self, distilled_params, execution_options
        ^^^^^^^^^^^^^^^^^^^^^^^^^^^^^^^^^^^^^^^^^
    )
    ^
  File "/Users/mehriddinmengturayev/Downloads/shopbot/.venv/lib/python3.13/site-packages/sqlalchemy/engine/base.py", line 1640, in _execute_clauseelement
    ret = self._execute_context(
        dialect,
    ...<8 lines>...
        cache_hit=cache_hit,
    )
  File "/Users/mehriddinmengturayev/Downloads/shopbot/.venv/lib/python3.13/site-packages/sqlalchemy/engine/base.py", line 1846, in _execute_context
    return self._exec_single_context(
           ~~~~~~~~~~~~~~~~~~~~~~~~~^
        dialect, context, statement, parameters
        ^^^^^^^^^^^^^^^^^^^^^^^^^^^^^^^^^^^^^^^
    )
    ^
  File "/Users/mehriddinmengturayev/Downloads/shopbot/.venv/lib/python3.13/site-packages/sqlalchemy/engine/base.py", line 1986, in _exec_single_context
    self._handle_dbapi_exception(
    ~~~~~~~~~~~~~~~~~~~~~~~~~~~~^
        e, str_statement, effective_parameters, cursor, context
        ^^^^^^^^^^^^^^^^^^^^^^^^^^^^^^^^^^^^^^^^^^^^^^^^^^^^^^^
    )
    ^
  File "/Users/mehriddinmengturayev/Downloads/shopbot/.venv/lib/python3.13/site-packages/sqlalchemy/engine/base.py", line 2355, in _handle_dbapi_exception
    raise sqlalchemy_exception.with_traceback(exc_info[2]) from e
  File "/Users/mehriddinmengturayev/Downloads/shopbot/.venv/lib/python3.13/site-packages/sqlalchemy/engine/base.py", line 1967, in _exec_single_context
    self.dialect.do_execute(
    ~~~~~~~~~~~~~~~~~~~~~~~^
        cursor, str_statement, effective_parameters, context
        ^^^^^^^^^^^^^^^^^^^^^^^^^^^^^^^^^^^^^^^^^^^^^^^^^^^^
    )
    ^
  File "/Users/mehriddinmengturayev/Downloads/shopbot/.venv/lib/python3.13/site-packages/sqlalchemy/engine/default.py", line 941, in do_execute
    cursor.execute(statement, parameters)
    ~~~~~~~~~~~~~~^^^^^^^^^^^^^^^^^^^^^^^
  File "/Users/mehriddinmengturayev/Downloads/shopbot/.venv/lib/python3.13/site-packages/sqlalchemy/dialects/sqlite/aiosqlite.py", line 147, in execute
    self._adapt_connection._handle_exception(error)
    ~~~~~~~~~~~~~~~~~~~~~~~~~~~~~~~~~~~~~~~~^^^^^^^
  File "/Users/mehriddinmengturayev/Downloads/shopbot/.venv/lib/python3.13/site-packages/sqlalchemy/dialects/sqlite/aiosqlite.py", line 298, in _handle_exception
    raise error
  File "/Users/mehriddinmengturayev/Downloads/shopbot/.venv/lib/python3.13/site-packages/sqlalchemy/dialects/sqlite/aiosqlite.py", line 129, in execute
    self.await_(_cursor.execute(operation, parameters))
    ~~~~~~~~~~~^^^^^^^^^^^^^^^^^^^^^^^^^^^^^^^^^^^^^^^^
  File "/Users/mehriddinmengturayev/Downloads/shopbot/.venv/lib/python3.13/site-packages/sqlalchemy/util/_concurrency_py3k.py", line 132, in await_only
    return current.parent.switch(awaitable)  # type: ignore[no-any-return,attr-defined] # noqa: E501
           ~~~~~~~~~~~~~~~~~~~~~^^^^^^^^^^^
  File "/Users/mehriddinmengturayev/Downloads/shopbot/.venv/lib/python3.13/site-packages/sqlalchemy/util/_concurrency_py3k.py", line 196, in greenlet_spawn
    value = await result
            ^^^^^^^^^^^^
  File "/Users/mehriddinmengturayev/Downloads/shopbot/.venv/lib/python3.13/site-packages/aiosqlite/cursor.py", line 48, in execute
    await self._execute(self._cursor.execute, sql, parameters)
  File "/Users/mehriddinmengturayev/Downloads/shopbot/.venv/lib/python3.13/site-packages/aiosqlite/cursor.py", line 40, in _execute
    return await self._conn._execute(fn, *args, **kwargs)
           ^^^^^^^^^^^^^^^^^^^^^^^^^^^^^^^^^^^^^^^^^^^^^^
  File "/Users/mehriddinmengturayev/Downloads/shopbot/.venv/lib/python3.13/site-packages/aiosqlite/core.py", line 132, in _execute
    return await future
           ^^^^^^^^^^^^
  File "/Users/mehriddinmengturayev/Downloads/shopbot/.venv/lib/python3.13/site-packages/aiosqlite/core.py", line 115, in run
    result = function()
sqlalchemy.exc.OperationalError: (sqlite3.OperationalError) no such column: orders.payment_method
[SQL: SELECT orders.id, orders.order_uuid, orders.user_id, orders.product_id, orders.price_at_purchase, orders.currency, orders.status, orders.payment_method, orders.crypto_provider, orders.crypto_invoice_id, orders.crypto_pay_url, orders.decided_by_admin_id, orders.decided_at, orders.rejection_reason, orders.delivered_payload, orders.delivered_at, orders.created_at, orders.updated_at 
FROM orders 
WHERE orders.status = ?]
[parameters: ('AWAITING_CRYPTO_PAYMENT',)]
(Background on this error at: https://sqlalche.me/e/20/e3q8)
2026-07-30 20:46:18,373 | ERROR    | providers | Crypto poller iteration failed
Traceback (most recent call last):
  File "/Users/mehriddinmengturayev/Downloads/shopbot/.venv/lib/python3.13/site-packages/sqlalchemy/engine/base.py", line 1967, in _exec_single_context
    self.dialect.do_execute(
    ~~~~~~~~~~~~~~~~~~~~~~~^
        cursor, str_statement, effective_parameters, context
        ^^^^^^^^^^^^^^^^^^^^^^^^^^^^^^^^^^^^^^^^^^^^^^^^^^^^
    )
    ^
  File "/Users/mehriddinmengturayev/Downloads/shopbot/.venv/lib/python3.13/site-packages/sqlalchemy/engine/default.py", line 941, in do_execute
    cursor.execute(statement, parameters)
    ~~~~~~~~~~~~~~^^^^^^^^^^^^^^^^^^^^^^^
  File "/Users/mehriddinmengturayev/Downloads/shopbot/.venv/lib/python3.13/site-packages/sqlalchemy/dialects/sqlite/aiosqlite.py", line 147, in execute
    self._adapt_connection._handle_exception(error)
    ~~~~~~~~~~~~~~~~~~~~~~~~~~~~~~~~~~~~~~~~^^^^^^^
  File "/Users/mehriddinmengturayev/Downloads/shopbot/.venv/lib/python3.13/site-packages/sqlalchemy/dialects/sqlite/aiosqlite.py", line 298, in _handle_exception
    raise error
  File "/Users/mehriddinmengturayev/Downloads/shopbot/.venv/lib/python3.13/site-packages/sqlalchemy/dialects/sqlite/aiosqlite.py", line 129, in execute
    self.await_(_cursor.execute(operation, parameters))
    ~~~~~~~~~~~^^^^^^^^^^^^^^^^^^^^^^^^^^^^^^^^^^^^^^^^
  File "/Users/mehriddinmengturayev/Downloads/shopbot/.venv/lib/python3.13/site-packages/sqlalchemy/util/_concurrency_py3k.py", line 132, in await_only
    return current.parent.switch(awaitable)  # type: ignore[no-any-return,attr-defined] # noqa: E501
           ~~~~~~~~~~~~~~~~~~~~~^^^^^^^^^^^
  File "/Users/mehriddinmengturayev/Downloads/shopbot/.venv/lib/python3.13/site-packages/sqlalchemy/util/_concurrency_py3k.py", line 196, in greenlet_spawn
    value = await result
            ^^^^^^^^^^^^
  File "/Users/mehriddinmengturayev/Downloads/shopbot/.venv/lib/python3.13/site-packages/aiosqlite/cursor.py", line 48, in execute
    await self._execute(self._cursor.execute, sql, parameters)
  File "/Users/mehriddinmengturayev/Downloads/shopbot/.venv/lib/python3.13/site-packages/aiosqlite/cursor.py", line 40, in _execute
    return await self._conn._execute(fn, *args, **kwargs)
           ^^^^^^^^^^^^^^^^^^^^^^^^^^^^^^^^^^^^^^^^^^^^^^
  File "/Users/mehriddinmengturayev/Downloads/shopbot/.venv/lib/python3.13/site-packages/aiosqlite/core.py", line 132, in _execute
    return await future
           ^^^^^^^^^^^^
  File "/Users/mehriddinmengturayev/Downloads/shopbot/.venv/lib/python3.13/site-packages/aiosqlite/core.py", line 115, in run
    result = function()
sqlite3.OperationalError: no such column: orders.payment_method

The above exception was the direct cause of the following exception:

Traceback (most recent call last):
  File "/Users/mehriddinmengturayev/Downloads/shopbot/app/services/crypto_poller.py", line 33, in crypto_poller_loop
    await _poll_once(bot)
  File "/Users/mehriddinmengturayev/Downloads/shopbot/app/services/crypto_poller.py", line 44, in _poll_once
    pending = await orders_repo.list_awaiting_crypto_payment()
              ^^^^^^^^^^^^^^^^^^^^^^^^^^^^^^^^^^^^^^^^^^^^^^^^
  File "/Users/mehriddinmengturayev/Downloads/shopbot/app/repositories/order_repo.py", line 47, in list_awaiting_crypto_payment
    result = await self.session.execute(
             ^^^^^^^^^^^^^^^^^^^^^^^^^^^
    ...<3 lines>...
    )
    ^
  File "/Users/mehriddinmengturayev/Downloads/shopbot/.venv/lib/python3.13/site-packages/sqlalchemy/ext/asyncio/session.py", line 461, in execute
    result = await greenlet_spawn(
             ^^^^^^^^^^^^^^^^^^^^^
    ...<6 lines>...
    )
    ^
  File "/Users/mehriddinmengturayev/Downloads/shopbot/.venv/lib/python3.13/site-packages/sqlalchemy/util/_concurrency_py3k.py", line 201, in greenlet_spawn
    result = context.throw(*sys.exc_info())
  File "/Users/mehriddinmengturayev/Downloads/shopbot/.venv/lib/python3.13/site-packages/sqlalchemy/orm/session.py", line 2362, in execute
    return self._execute_internal(
           ~~~~~~~~~~~~~~~~~~~~~~^
        statement,
        ^^^^^^^^^^
    ...<4 lines>...
        _add_event=_add_event,
        ^^^^^^^^^^^^^^^^^^^^^^
    )
    ^
  File "/Users/mehriddinmengturayev/Downloads/shopbot/.venv/lib/python3.13/site-packages/sqlalchemy/orm/session.py", line 2247, in _execute_internal
    result: Result[Any] = compile_state_cls.orm_execute_statement(
                          ~~~~~~~~~~~~~~~~~~~~~~~~~~~~~~~~~~~~~~~^
        self,
        ^^^^^
    ...<4 lines>...
        conn,
        ^^^^^
    )
    ^
  File "/Users/mehriddinmengturayev/Downloads/shopbot/.venv/lib/python3.13/site-packages/sqlalchemy/orm/context.py", line 305, in orm_execute_statement
    result = conn.execute(
        statement, params or {}, execution_options=execution_options
    )
  File "/Users/mehriddinmengturayev/Downloads/shopbot/.venv/lib/python3.13/site-packages/sqlalchemy/engine/base.py", line 1418, in execute
    return meth(
        self,
        distilled_parameters,
        execution_options or NO_OPTIONS,
    )
  File "/Users/mehriddinmengturayev/Downloads/shopbot/.venv/lib/python3.13/site-packages/sqlalchemy/sql/elements.py", line 515, in _execute_on_connection
    return connection._execute_clauseelement(
           ~~~~~~~~~~~~~~~~~~~~~~~~~~~~~~~~~^
        self, distilled_params, execution_options
        ^^^^^^^^^^^^^^^^^^^^^^^^^^^^^^^^^^^^^^^^^
    )
    ^
  File "/Users/mehriddinmengturayev/Downloads/shopbot/.venv/lib/python3.13/site-packages/sqlalchemy/engine/base.py", line 1640, in _execute_clauseelement
    ret = self._execute_context(
        dialect,
    ...<8 lines>...
        cache_hit=cache_hit,
    )
  File "/Users/mehriddinmengturayev/Downloads/shopbot/.venv/lib/python3.13/site-packages/sqlalchemy/engine/base.py", line 1846, in _execute_context
    return self._exec_single_context(
           ~~~~~~~~~~~~~~~~~~~~~~~~~^
        dialect, context, statement, parameters
        ^^^^^^^^^^^^^^^^^^^^^^^^^^^^^^^^^^^^^^^
    )
    ^
  File "/Users/mehriddinmengturayev/Downloads/shopbot/.venv/lib/python3.13/site-packages/sqlalchemy/engine/base.py", line 1986, in _exec_single_context
    self._handle_dbapi_exception(
    ~~~~~~~~~~~~~~~~~~~~~~~~~~~~^
        e, str_statement, effective_parameters, cursor, context
        ^^^^^^^^^^^^^^^^^^^^^^^^^^^^^^^^^^^^^^^^^^^^^^^^^^^^^^^
    )
    ^
  File "/Users/mehriddinmengturayev/Downloads/shopbot/.venv/lib/python3.13/site-packages/sqlalchemy/engine/base.py", line 2355, in _handle_dbapi_exception
    raise sqlalchemy_exception.with_traceback(exc_info[2]) from e
  File "/Users/mehriddinmengturayev/Downloads/shopbot/.venv/lib/python3.13/site-packages/sqlalchemy/engine/base.py", line 1967, in _exec_single_context
    self.dialect.do_execute(
    ~~~~~~~~~~~~~~~~~~~~~~~^
        cursor, str_statement, effective_parameters, context
        ^^^^^^^^^^^^^^^^^^^^^^^^^^^^^^^^^^^^^^^^^^^^^^^^^^^^
    )
    ^
  File "/Users/mehriddinmengturayev/Downloads/shopbot/.venv/lib/python3.13/site-packages/sqlalchemy/engine/default.py", line 941, in do_execute
    cursor.execute(statement, parameters)
    ~~~~~~~~~~~~~~^^^^^^^^^^^^^^^^^^^^^^^
  File "/Users/mehriddinmengturayev/Downloads/shopbot/.venv/lib/python3.13/site-packages/sqlalchemy/dialects/sqlite/aiosqlite.py", line 147, in execute
    self._adapt_connection._handle_exception(error)
    ~~~~~~~~~~~~~~~~~~~~~~~~~~~~~~~~~~~~~~~~^^^^^^^
  File "/Users/mehriddinmengturayev/Downloads/shopbot/.venv/lib/python3.13/site-packages/sqlalchemy/dialects/sqlite/aiosqlite.py", line 298, in _handle_exception
    raise error
  File "/Users/mehriddinmengturayev/Downloads/shopbot/.venv/lib/python3.13/site-packages/sqlalchemy/dialects/sqlite/aiosqlite.py", line 129, in execute
    self.await_(_cursor.execute(operation, parameters))
    ~~~~~~~~~~~^^^^^^^^^^^^^^^^^^^^^^^^^^^^^^^^^^^^^^^^
  File "/Users/mehriddinmengturayev/Downloads/shopbot/.venv/lib/python3.13/site-packages/sqlalchemy/util/_concurrency_py3k.py", line 132, in await_only
    return current.parent.switch(awaitable)  # type: ignore[no-any-return,attr-defined] # noqa: E501
           ~~~~~~~~~~~~~~~~~~~~~^^^^^^^^^^^
  File "/Users/mehriddinmengturayev/Downloads/shopbot/.venv/lib/python3.13/site-packages/sqlalchemy/util/_concurrency_py3k.py", line 196, in greenlet_spawn
    value = await result
            ^^^^^^^^^^^^
  File "/Users/mehriddinmengturayev/Downloads/shopbot/.venv/lib/python3.13/site-packages/aiosqlite/cursor.py", line 48, in execute
    await self._execute(self._cursor.execute, sql, parameters)
  File "/Users/mehriddinmengturayev/Downloads/shopbot/.venv/lib/python3.13/site-packages/aiosqlite/cursor.py", line 40, in _execute
    return await self._conn._execute(fn, *args, **kwargs)
           ^^^^^^^^^^^^^^^^^^^^^^^^^^^^^^^^^^^^^^^^^^^^^^
  File "/Users/mehriddinmengturayev/Downloads/shopbot/.venv/lib/python3.13/site-packages/aiosqlite/core.py", line 132, in _execute
    return await future
           ^^^^^^^^^^^^
  File "/Users/mehriddinmengturayev/Downloads/shopbot/.venv/lib/python3.13/site-packages/aiosqlite/core.py", line 115, in run
    result = function()
sqlalchemy.exc.OperationalError: (sqlite3.OperationalError) no such column: orders.payment_method
[SQL: SELECT orders.id, orders.order_uuid, orders.user_id, orders.product_id, orders.price_at_purchase, orders.currency, orders.status, orders.payment_method, orders.crypto_provider, orders.crypto_invoice_id, orders.crypto_pay_url, orders.decided_by_admin_id, orders.decided_at, orders.rejection_reason, orders.delivered_payload, orders.delivered_at, orders.created_at, orders.updated_at 
FROM orders 
WHERE orders.status = ?]
[parameters: ('AWAITING_CRYPTO_PAYMENT',)]
(Background on this error at: https://sqlalche.me/e/20/e3q8)
2026-07-30 20:46:38,388 | ERROR    | providers | Crypto poller iteration failed
Traceback (most recent call last):
  File "/Users/mehriddinmengturayev/Downloads/shopbot/.venv/lib/python3.13/site-packages/sqlalchemy/engine/base.py", line 1967, in _exec_single_context
    self.dialect.do_execute(
    ~~~~~~~~~~~~~~~~~~~~~~~^
        cursor, str_statement, effective_parameters, context
        ^^^^^^^^^^^^^^^^^^^^^^^^^^^^^^^^^^^^^^^^^^^^^^^^^^^^
    )
    ^
  File "/Users/mehriddinmengturayev/Downloads/shopbot/.venv/lib/python3.13/site-packages/sqlalchemy/engine/default.py", line 941, in do_execute
    cursor.execute(statement, parameters)
    ~~~~~~~~~~~~~~^^^^^^^^^^^^^^^^^^^^^^^
  File "/Users/mehriddinmengturayev/Downloads/shopbot/.venv/lib/python3.13/site-packages/sqlalchemy/dialects/sqlite/aiosqlite.py", line 147, in execute
    self._adapt_connection._handle_exception(error)
    ~~~~~~~~~~~~~~~~~~~~~~~~~~~~~~~~~~~~~~~~^^^^^^^
  File "/Users/mehriddinmengturayev/Downloads/shopbot/.venv/lib/python3.13/site-packages/sqlalchemy/dialects/sqlite/aiosqlite.py", line 298, in _handle_exception
    raise error
  File "/Users/mehriddinmengturayev/Downloads/shopbot/.venv/lib/python3.13/site-packages/sqlalchemy/dialects/sqlite/aiosqlite.py", line 129, in execute
    self.await_(_cursor.execute(operation, parameters))
    ~~~~~~~~~~~^^^^^^^^^^^^^^^^^^^^^^^^^^^^^^^^^^^^^^^^
  File "/Users/mehriddinmengturayev/Downloads/shopbot/.venv/lib/python3.13/site-packages/sqlalchemy/util/_concurrency_py3k.py", line 132, in await_only
    return current.parent.switch(awaitable)  # type: ignore[no-any-return,attr-defined] # noqa: E501
           ~~~~~~~~~~~~~~~~~~~~~^^^^^^^^^^^
  File "/Users/mehriddinmengturayev/Downloads/shopbot/.venv/lib/python3.13/site-packages/sqlalchemy/util/_concurrency_py3k.py", line 196, in greenlet_spawn
    value = await result
            ^^^^^^^^^^^^
  File "/Users/mehriddinmengturayev/Downloads/shopbot/.venv/lib/python3.13/site-packages/aiosqlite/cursor.py", line 48, in execute
    await self._execute(self._cursor.execute, sql, parameters)
  File "/Users/mehriddinmengturayev/Downloads/shopbot/.venv/lib/python3.13/site-packages/aiosqlite/cursor.py", line 40, in _execute
    return await self._conn._execute(fn, *args, **kwargs)
           ^^^^^^^^^^^^^^^^^^^^^^^^^^^^^^^^^^^^^^^^^^^^^^
  File "/Users/mehriddinmengturayev/Downloads/shopbot/.venv/lib/python3.13/site-packages/aiosqlite/core.py", line 132, in _execute
    return await future
           ^^^^^^^^^^^^
  File "/Users/mehriddinmengturayev/Downloads/shopbot/.venv/lib/python3.13/site-packages/aiosqlite/core.py", line 115, in run
    result = function()
sqlite3.OperationalError: no such column: orders.payment_method

The above exception was the direct cause of the following exception:

Traceback (most recent call last):
  File "/Users/mehriddinmengturayev/Downloads/shopbot/app/services/crypto_poller.py", line 33, in crypto_poller_loop
    await _poll_once(bot)
  File "/Users/mehriddinmengturayev/Downloads/shopbot/app/services/crypto_poller.py", line 44, in _poll_once
    pending = await orders_repo.list_awaiting_crypto_payment()
              ^^^^^^^^^^^^^^^^^^^^^^^^^^^^^^^^^^^^^^^^^^^^^^^^
  File "/Users/mehriddinmengturayev/Downloads/shopbot/app/repositories/order_repo.py", line 47, in list_awaiting_crypto_payment
    result = await self.session.execute(
             ^^^^^^^^^^^^^^^^^^^^^^^^^^^
    ...<3 lines>...
    )
    ^
  File "/Users/mehriddinmengturayev/Downloads/shopbot/.venv/lib/python3.13/site-packages/sqlalchemy/ext/asyncio/session.py", line 461, in execute
    result = await greenlet_spawn(
             ^^^^^^^^^^^^^^^^^^^^^
    ...<6 lines>...
    )
    ^
  File "/Users/mehriddinmengturayev/Downloads/shopbot/.venv/lib/python3.13/site-packages/sqlalchemy/util/_concurrency_py3k.py", line 201, in greenlet_spawn
    result = context.throw(*sys.exc_info())
  File "/Users/mehriddinmengturayev/Downloads/shopbot/.venv/lib/python3.13/site-packages/sqlalchemy/orm/session.py", line 2362, in execute
    return self._execute_internal(
           ~~~~~~~~~~~~~~~~~~~~~~^
        statement,
        ^^^^^^^^^^
    ...<4 lines>...
        _add_event=_add_event,
        ^^^^^^^^^^^^^^^^^^^^^^
    )
    ^
  File "/Users/mehriddinmengturayev/Downloads/shopbot/.venv/lib/python3.13/site-packages/sqlalchemy/orm/session.py", line 2247, in _execute_internal
    result: Result[Any] = compile_state_cls.orm_execute_statement(
                          ~~~~~~~~~~~~~~~~~~~~~~~~~~~~~~~~~~~~~~~^
        self,
        ^^^^^
    ...<4 lines>...
        conn,
        ^^^^^
    )
    ^
  File "/Users/mehriddinmengturayev/Downloads/shopbot/.venv/lib/python3.13/site-packages/sqlalchemy/orm/context.py", line 305, in orm_execute_statement
    result = conn.execute(
        statement, params or {}, execution_options=execution_options
    )
  File "/Users/mehriddinmengturayev/Downloads/shopbot/.venv/lib/python3.13/site-packages/sqlalchemy/engine/base.py", line 1418, in execute
    return meth(
        self,
        distilled_parameters,
        execution_options or NO_OPTIONS,
    )
  File "/Users/mehriddinmengturayev/Downloads/shopbot/.venv/lib/python3.13/site-packages/sqlalchemy/sql/elements.py", line 515, in _execute_on_connection
    return connection._execute_clauseelement(
           ~~~~~~~~~~~~~~~~~~~~~~~~~~~~~~~~~^
        self, distilled_params, execution_options
        ^^^^^^^^^^^^^^^^^^^^^^^^^^^^^^^^^^^^^^^^^
    )
    ^
  File "/Users/mehriddinmengturayev/Downloads/shopbot/.venv/lib/python3.13/site-packages/sqlalchemy/engine/base.py", line 1640, in _execute_clauseelement
    ret = self._execute_context(
        dialect,
    ...<8 lines>...
        cache_hit=cache_hit,
    )
  File "/Users/mehriddinmengturayev/Downloads/shopbot/.venv/lib/python3.13/site-packages/sqlalchemy/engine/base.py", line 1846, in _execute_context
    return self._exec_single_context(
           ~~~~~~~~~~~~~~~~~~~~~~~~~^
        dialect, context, statement, parameters
        ^^^^^^^^^^^^^^^^^^^^^^^^^^^^^^^^^^^^^^^
    )
    ^
  File "/Users/mehriddinmengturayev/Downloads/shopbot/.venv/lib/python3.13/site-packages/sqlalchemy/engine/base.py", line 1986, in _exec_single_context
    self._handle_dbapi_exception(
    ~~~~~~~~~~~~~~~~~~~~~~~~~~~~^
        e, str_statement, effective_parameters, cursor, context
        ^^^^^^^^^^^^^^^^^^^^^^^^^^^^^^^^^^^^^^^^^^^^^^^^^^^^^^^
    )
    ^
  File "/Users/mehriddinmengturayev/Downloads/shopbot/.venv/lib/python3.13/site-packages/sqlalchemy/engine/base.py", line 2355, in _handle_dbapi_exception
    raise sqlalchemy_exception.with_traceback(exc_info[2]) from e
  File "/Users/mehriddinmengturayev/Downloads/shopbot/.venv/lib/python3.13/site-packages/sqlalchemy/engine/base.py", line 1967, in _exec_single_context
    self.dialect.do_execute(
    ~~~~~~~~~~~~~~~~~~~~~~~^
        cursor, str_statement, effective_parameters, context
        ^^^^^^^^^^^^^^^^^^^^^^^^^^^^^^^^^^^^^^^^^^^^^^^^^^^^
    )
    ^
  File "/Users/mehriddinmengturayev/Downloads/shopbot/.venv/lib/python3.13/site-packages/sqlalchemy/engine/default.py", line 941, in do_execute
    cursor.execute(statement, parameters)
    ~~~~~~~~~~~~~~^^^^^^^^^^^^^^^^^^^^^^^
  File "/Users/mehriddinmengturayev/Downloads/shopbot/.venv/lib/python3.13/site-packages/sqlalchemy/dialects/sqlite/aiosqlite.py", line 147, in execute
    self._adapt_connection._handle_exception(error)
    ~~~~~~~~~~~~~~~~~~~~~~~~~~~~~~~~~~~~~~~~^^^^^^^
  File "/Users/mehriddinmengturayev/Downloads/shopbot/.venv/lib/python3.13/site-packages/sqlalchemy/dialects/sqlite/aiosqlite.py", line 298, in _handle_exception
    raise error
  File "/Users/mehriddinmengturayev/Downloads/shopbot/.venv/lib/python3.13/site-packages/sqlalchemy/dialects/sqlite/aiosqlite.py", line 129, in execute
    self.await_(_cursor.execute(operation, parameters))
    ~~~~~~~~~~~^^^^^^^^^^^^^^^^^^^^^^^^^^^^^^^^^^^^^^^^
  File "/Users/mehriddinmengturayev/Downloads/shopbot/.venv/lib/python3.13/site-packages/sqlalchemy/util/_concurrency_py3k.py", line 132, in await_only
    return current.parent.switch(awaitable)  # type: ignore[no-any-return,attr-defined] # noqa: E501
           ~~~~~~~~~~~~~~~~~~~~~^^^^^^^^^^^
  File "/Users/mehriddinmengturayev/Downloads/shopbot/.venv/lib/python3.13/site-packages/sqlalchemy/util/_concurrency_py3k.py", line 196, in greenlet_spawn
    value = await result
            ^^^^^^^^^^^^
  File "/Users/mehriddinmengturayev/Downloads/shopbot/.venv/lib/python3.13/site-packages/aiosqlite/cursor.py", line 48, in execute
    await self._execute(self._cursor.execute, sql, parameters)
  File "/Users/mehriddinmengturayev/Downloads/shopbot/.venv/lib/python3.13/site-packages/aiosqlite/cursor.py", line 40, in _execute
    return await self._conn._execute(fn, *args, **kwargs)
           ^^^^^^^^^^^^^^^^^^^^^^^^^^^^^^^^^^^^^^^^^^^^^^
  File "/Users/mehriddinmengturayev/Downloads/shopbot/.venv/lib/python3.13/site-packages/aiosqlite/core.py", line 132, in _execute
    return await future
           ^^^^^^^^^^^^
  File "/Users/mehriddinmengturayev/Downloads/shopbot/.venv/lib/python3.13/site-packages/aiosqlite/core.py", line 115, in run
    result = function()
sqlalchemy.exc.OperationalError: (sqlite3.OperationalError) no such column: orders.payment_method
[SQL: SELECT orders.id, orders.order_uuid, orders.user_id, orders.product_id, orders.price_at_purchase, orders.currency, orders.status, orders.payment_method, orders.crypto_provider, orders.crypto_invoice_id, orders.crypto_pay_url, orders.decided_by_admin_id, orders.decided_at, orders.rejection_reason, orders.delivered_payload, orders.delivered_at, orders.created_at, orders.updated_at 
FROM orders 
WHERE orders.status = ?]
[parameters: ('AWAITING_CRYPTO_PAYMENT',)]
(Background on this error at: https://sqlalche.me/e/20/e3q8)
2026-07-30 20:46:42,836 | INFO     | providers | Crypto payment poller started (interval=20.0s)
2026-07-30 20:58:19,918 | INFO     | providers | Crypto payment poller started (interval=20.0s)
2026-07-30 20:59:45,206 | ERROR    | providers | xrocket create_invoice unexpected error
Traceback (most recent call last):
  File "/Users/mehriddinmengturayev/Downloads/shopbot/.venv/lib/python3.13/site-packages/tenacity/asyncio/__init__.py", line 114, in __call__
    result = await fn(*args, **kwargs)
             ^^^^^^^^^^^^^^^^^^^^^^^^^
  File "/Users/mehriddinmengturayev/Downloads/shopbot/app/services/crypto/xrocket.py", line 47, in _post
    resp.raise_for_status()
    ~~~~~~~~~~~~~~~~~~~~~^^
  File "/Users/mehriddinmengturayev/Downloads/shopbot/.venv/lib/python3.13/site-packages/httpx/_models.py", line 763, in raise_for_status
    raise HTTPStatusError(message, request=request, response=self)
httpx.HTTPStatusError: Client error '404 Not Found' for url 'https://pay.api.xrocket.exchange/api/v1/invoices'
For more information check: https://developer.mozilla.org/en-US/docs/Web/HTTP/Status/404

The above exception was the direct cause of the following exception:

Traceback (most recent call last):
  File "/Users/mehriddinmengturayev/Downloads/shopbot/app/services/crypto/xrocket.py", line 69, in create_invoice
    resp = await self._post("invoices", body)
           ^^^^^^^^^^^^^^^^^^^^^^^^^^^^^^^^^^
  File "/Users/mehriddinmengturayev/Downloads/shopbot/.venv/lib/python3.13/site-packages/tenacity/asyncio/__init__.py", line 189, in async_wrapped
    return await copy(fn, *args, **kwargs)
           ^^^^^^^^^^^^^^^^^^^^^^^^^^^^^^^
  File "/Users/mehriddinmengturayev/Downloads/shopbot/.venv/lib/python3.13/site-packages/tenacity/asyncio/__init__.py", line 111, in __call__
    do = await self.iter(retry_state=retry_state)
         ^^^^^^^^^^^^^^^^^^^^^^^^^^^^^^^^^^^^^^^^
  File "/Users/mehriddinmengturayev/Downloads/shopbot/.venv/lib/python3.13/site-packages/tenacity/asyncio/__init__.py", line 153, in iter
    result = await action(retry_state)
             ^^^^^^^^^^^^^^^^^^^^^^^^^
  File "/Users/mehriddinmengturayev/Downloads/shopbot/.venv/lib/python3.13/site-packages/tenacity/_utils.py", line 99, in inner
    return call(*args, **kwargs)
  File "/Users/mehriddinmengturayev/Downloads/shopbot/.venv/lib/python3.13/site-packages/tenacity/__init__.py", line 419, in exc_check
    raise retry_exc from fut.exception()
tenacity.RetryError: RetryError[<Future at 0x10a5a8b50 state=finished raised HTTPStatusError>]
2026-07-30 21:01:58,499 | INFO     | providers | Crypto payment poller started (interval=20.0s)
2026-07-30 21:02:52,270 | ERROR    | providers | xrocket create_invoice unexpected error
Traceback (most recent call last):
  File "/Users/mehriddinmengturayev/Downloads/shopbot/.venv/lib/python3.13/site-packages/tenacity/asyncio/__init__.py", line 114, in __call__
    result = await fn(*args, **kwargs)
             ^^^^^^^^^^^^^^^^^^^^^^^^^
  File "/Users/mehriddinmengturayev/Downloads/shopbot/app/services/crypto/xrocket.py", line 47, in _post
    resp.raise_for_status()
    ~~~~~~~~~~~~~~~~~~~~~^^
  File "/Users/mehriddinmengturayev/Downloads/shopbot/.venv/lib/python3.13/site-packages/httpx/_models.py", line 763, in raise_for_status
    raise HTTPStatusError(message, request=request, response=self)
httpx.HTTPStatusError: Client error '404 Not Found' for url 'https://pay.api.xrocket.exchange/api/v1/invoices'
For more information check: https://developer.mozilla.org/en-US/docs/Web/HTTP/Status/404

The above exception was the direct cause of the following exception:

Traceback (most recent call last):
  File "/Users/mehriddinmengturayev/Downloads/shopbot/app/services/crypto/xrocket.py", line 69, in create_invoice
    resp = await self._post("invoices", body)
           ^^^^^^^^^^^^^^^^^^^^^^^^^^^^^^^^^^
  File "/Users/mehriddinmengturayev/Downloads/shopbot/.venv/lib/python3.13/site-packages/tenacity/asyncio/__init__.py", line 189, in async_wrapped
    return await copy(fn, *args, **kwargs)
           ^^^^^^^^^^^^^^^^^^^^^^^^^^^^^^^
  File "/Users/mehriddinmengturayev/Downloads/shopbot/.venv/lib/python3.13/site-packages/tenacity/asyncio/__init__.py", line 111, in __call__
    do = await self.iter(retry_state=retry_state)
         ^^^^^^^^^^^^^^^^^^^^^^^^^^^^^^^^^^^^^^^^
  File "/Users/mehriddinmengturayev/Downloads/shopbot/.venv/lib/python3.13/site-packages/tenacity/asyncio/__init__.py", line 153, in iter
    result = await action(retry_state)
             ^^^^^^^^^^^^^^^^^^^^^^^^^
  File "/Users/mehriddinmengturayev/Downloads/shopbot/.venv/lib/python3.13/site-packages/tenacity/_utils.py", line 99, in inner
    return call(*args, **kwargs)
  File "/Users/mehriddinmengturayev/Downloads/shopbot/.venv/lib/python3.13/site-packages/tenacity/__init__.py", line 419, in exc_check
    raise retry_exc from fut.exception()
tenacity.RetryError: RetryError[<Future at 0x10da0d6d0 state=finished raised HTTPStatusError>]
2026-07-30 21:13:33,574 | ERROR    | providers | xrocket create_invoice unexpected error
Traceback (most recent call last):
  File "/Users/mehriddinmengturayev/Downloads/shopbot/.venv/lib/python3.13/site-packages/tenacity/asyncio/__init__.py", line 114, in __call__
    result = await fn(*args, **kwargs)
             ^^^^^^^^^^^^^^^^^^^^^^^^^
  File "/Users/mehriddinmengturayev/Downloads/shopbot/app/services/crypto/xrocket.py", line 47, in _post
    return {"Rocket-Pay-Key": self.token, "Accept": "application/json"}
        ^^^^^^^^^^^^^^^^^^^^^^^
  File "/Users/mehriddinmengturayev/Downloads/shopbot/.venv/lib/python3.13/site-packages/httpx/_models.py", line 763, in raise_for_status
    raise HTTPStatusError(message, request=request, response=self)
httpx.HTTPStatusError: Client error '404 Not Found' for url 'https://pay.api.xrocket.exchange/api/v1/invoices'
For more information check: https://developer.mozilla.org/en-US/docs/Web/HTTP/Status/404

The above exception was the direct cause of the following exception:

Traceback (most recent call last):
  File "/Users/mehriddinmengturayev/Downloads/shopbot/app/services/crypto/xrocket.py", line 69, in create_invoice
    "amount": round(amount_usd, 2),
           ^^^^^^^^^^^^^^^^^^^^^^^^
  File "/Users/mehriddinmengturayev/Downloads/shopbot/.venv/lib/python3.13/site-packages/tenacity/asyncio/__init__.py", line 189, in async_wrapped
    return await copy(fn, *args, **kwargs)
           ^^^^^^^^^^^^^^^^^^^^^^^^^^^^^^^
  File "/Users/mehriddinmengturayev/Downloads/shopbot/.venv/lib/python3.13/site-packages/tenacity/asyncio/__init__.py", line 111, in __call__
    do = await self.iter(retry_state=retry_state)
         ^^^^^^^^^^^^^^^^^^^^^^^^^^^^^^^^^^^^^^^^
  File "/Users/mehriddinmengturayev/Downloads/shopbot/.venv/lib/python3.13/site-packages/tenacity/asyncio/__init__.py", line 153, in iter
    result = await action(retry_state)
             ^^^^^^^^^^^^^^^^^^^^^^^^^
  File "/Users/mehriddinmengturayev/Downloads/shopbot/.venv/lib/python3.13/site-packages/tenacity/_utils.py", line 99, in inner
    return call(*args, **kwargs)
  File "/Users/mehriddinmengturayev/Downloads/shopbot/.venv/lib/python3.13/site-packages/tenacity/__init__.py", line 419, in exc_check
    raise retry_exc from fut.exception()
tenacity.RetryError: RetryError[<Future at 0x10afe7250 state=finished raised HTTPStatusError>]
2026-07-30 21:13:41,097 | INFO     | providers | Crypto payment poller started (interval=20.0s)
2026-07-30 21:14:10,215 | ERROR    | providers | xrocket create_invoice HTTP error: [Errno 8] nodename nor servname provided, or not known
2026-07-30 21:14:42,021 | ERROR    | providers | xrocket create_invoice HTTP error: [Errno 8] nodename nor servname provided, or not known
2026-07-30 21:15:56,414 | ERROR    | providers | xrocket create_invoice HTTP error: [Errno 8] nodename nor servname provided, or not known
2026-07-30 21:22:07,694 | ERROR    | providers | xrocket create_invoice HTTP error: [Errno 8] nodename nor servname provided, or not known
2026-07-30 21:38:32,966 | ERROR    | providers | xrocket create_invoice HTTP error: [Errno 8] nodename nor servname provided, or not known
2026-07-30 22:07:04,483 | ERROR    | providers | cryptobot check_invoice HTTP error: [Errno 8] nodename nor servname provided, or not known
2026-07-30 23:12:40,361 | ERROR    | providers | cryptobot check_invoice HTTP error: [Errno 8] nodename nor servname provided, or not known
2026-07-30 23:29:07,250 | ERROR    | providers | cryptobot check_invoice HTTP error: [Errno 8] nodename nor servname provided, or not known
2026-07-31 00:47:05,197 | ERROR    | providers | cryptobot check_invoice HTTP error: [Errno 8] nodename nor servname provided, or not known
2026-07-31 00:47:26,765 | ERROR    | providers | cryptobot check_invoice HTTP error: [Errno 8] nodename nor servname provided, or not known
2026-07-31 00:48:06,232 | INFO     | providers | Crypto payment poller started (interval=20.0s)
2026-07-31 01:02:55,004 | INFO     | providers | Crypto payment poller started (interval=20.0s)
2026-07-31 01:08:48,355 | ERROR    | providers | reseller_api HTTP error for order=3F0C83122946: Client error '402 Payment Required' for url 'http://2.26.230.116:8080/v1/buy'
For more information check: https://developer.mozilla.org/en-US/docs/Web/HTTP/Status/402 | body={"error": "Insufficient funds", "required": 1.2, "balance": 0.0}
2026-07-31 01:08:48,361 | ERROR    | providers | provider_delivery_failed order=3F0C83122946 error=Client error '402 Payment Required' for url 'http://2.26.230.116:8080/v1/buy'
For more information check: https://developer.mozilla.org/en-US/docs/Web/HTTP/Status/402
2026-07-31 01:15:46,839 | INFO     | providers | Crypto payment poller started (interval=20.0s)
2026-07-31 01:17:49,220 | INFO     | providers | Crypto payment poller started (interval=20.0s)
2026-07-31 01:25:29,515 | INFO     | providers | Crypto payment poller started (interval=20.0s)
2026-07-31 01:31:07,187 | INFO     | providers | Crypto payment poller started (interval=20.0s)
2026-07-31 01:48:16,082 | INFO     | providers | Crypto payment poller started (interval=20.0s)
2026-07-31 02:01:58,033 | INFO     | providers | Crypto payment poller started (interval=20.0s)
2026-07-31 02:31:41,597 | INFO     | providers | Crypto payment poller started (interval=20.0s)
2026-07-31 02:47:05,815 | INFO     | providers | Crypto payment poller started (interval=20.0s)
2026-07-31 02:49:28,797 | ERROR    | providers | cryptobot check_invoice HTTP error: [Errno 8] nodename nor servname provided, or not known
2026-07-31 02:49:30,348 | ERROR    | providers | xrocket check_invoice HTTP error: [Errno 8] nodename nor servname provided, or not known
2026-07-31 02:49:31,909 | ERROR    | providers | cryptobot check_invoice HTTP error: [Errno 8] nodename nor servname provided, or not known
2026-07-31 02:58:03,872 | INFO     | providers | Crypto payment poller started (interval=20.0s)
2026-07-31 03:11:39,246 | INFO     | providers | Crypto payment poller started (interval=20.0s)
